id,invoice_id,ledger_date,account_code,recorded_taxable_amount,recorded_gst_amount,recorded_total_amount
ACC-INV1023,INV1023,2025-04-12,2000-AP,50000,9000,59000
ACC-INV1042,INV1042,2025-04-12,2000-AP,42372.88,7627.12,50000
ACC-INV1098,INV1098,2025-04-11,2000-AP,21186.44,3813.56,25000
ACC-INV1102,INV1102,2025-04-10,2000-AP,27118.64,4881.36,32000
ACC-INV1134,INV1134,2025-04-09,2000-AP,15254.24,2745.76,18000
ACC-INV1187,INV1187,2025-04-08,2000-AP,35169.49,6330.51,41500
ACC-INV1108,INV1108,2025-04-07,2000-AP,30000,5400,35400
ACC-INV1200,INV1200,2025-04-01,2000-AP,850000,42500,892500
ACC-INV1201,INV1201,2025-04-02,2000-AP,2637,316.44,2953.44
ACC-INV1202,INV1202,2025-04-03,2000-AP,2774,499.32,3273.32
ACC-INV1203,INV1203,2025-04-04,2000-AP,2911,815.08,3726.08
ACC-INV1204,INV1204,2025-04-05,2000-AP,3048,152.4,3200.4
ACC-INV1205,INV1205,2025-04-06,2000-AP,3185,382.2,3567.2
ACC-INV1206,INV1206,2025-04-07,2000-AP,3322,597.96,3919.96
ACC-INV1207,INV1207,2025-04-08,2000-AP,3459,968.52,4427.52
ACC-INV1208,INV1208,2025-04-09,2000-AP,3596,179.8,3775.8
ACC-INV1209,INV1209,2025-04-10,2000-AP,3733,447.96,4180.96
ACC-INV1210,INV1210,2025-04-11,2000-AP,3870,696.6,4566.6
ACC-INV1211,INV1211,2025-04-12,2000-AP,4007,1121.96,5128.96
ACC-INV1213,INV1213,2025-04-14,2000-AP,4281,513.72,4794.72
ACC-INV1214,INV1214,2025-04-15,2000-AP,4418,795.24,5213.24
ACC-INV1215,INV1215,2025-04-16,2000-AP,4555,1275.4,5830.4
ACC-INV1216,INV1216,2025-04-17,2000-AP,4692,234.6,4926.6
ACC-INV1217,INV1217,2025-04-18,2000-AP,4829,579.48,5408.48
ACC-INV1218,INV1218,2025-04-19,2000-AP,4966,893.88,5859.88
ACC-INV1219,INV1219,2025-04-20,2000-AP,5103,1428.84,6531.84
ACC-INV1220,INV1220,2025-04-21,2000-AP,5240,262,5502
ACC-INV1221,INV1221,2025-04-22,2000-AP,5377,645.24,6022.24
ACC-INV1222,INV1222,2025-04-23,2000-AP,5514,992.52,6506.52
ACC-INV1223,INV1223,2025-04-24,2000-AP,5651,1582.28,7233.28
ACC-INV1224,INV1224,2025-04-25,2000-AP,5788,289.4,6077.4
ACC-INV1225,INV1225,2025-04-26,2000-AP,5925,711,6636
ACC-INV1227,INV1227,2025-04-28,2000-AP,6199,1735.72,7934.72
ACC-INV1228,INV1228,2025-04-01,2000-AP,6336,316.8,6652.8
ACC-INV1229,INV1229,2025-04-02,2000-AP,6473,776.76,7249.76
ACC-INV1230,INV1230,2025-04-03,2000-AP,6610,1189.8,7799.8
ACC-INV1231,INV1231,2025-04-04,2000-AP,6747,1889.16,8636.16
ACC-INV1232,INV1232,2025-04-05,2000-AP,6884,344.2,7228.2
ACC-INV1233,INV1233,2025-04-06,2000-AP,7021,842.52,7863.52
ACC-INV1234,INV1234,2025-04-07,2000-AP,7158,1288.44,8446.44
ACC-INV1235,INV1235,2025-04-08,2000-AP,7295,2042.6,9337.6
ACC-INV1236,INV1236,2025-04-09,2000-AP,7432,371.6,7803.6
ACC-INV1237,INV1237,2025-04-10,2000-AP,7569,908.28,8477.28
ACC-INV1238,INV1238,2025-04-11,2000-AP,7706,1387.08,9093.08
ACC-INV1239,INV1239,2025-04-12,2000-AP,7843,2196.04,10039.04
ACC-INV1240,INV1240,2025-04-13,2000-AP,7980,399,8379
ACC-INV1241,INV1241,2025-04-14,2000-AP,8117,974.04,9091.04
ACC-INV1242,INV1242,2025-04-15,2000-AP,8254,1485.72,9739.72
ACC-INV1243,INV1243,2025-04-16,2000-AP,8391,2349.48,10740.48
ACC-INV1244,INV1244,2025-04-17,2000-AP,8528,426.4,8954.4
ACC-INV1245,INV1245,2025-04-18,2000-AP,8665,1039.8,9704.8
ACC-INV1246,INV1246,2025-04-19,2000-AP,8802,1584.36,10386.36
ACC-INV1247,INV1247,2025-04-20,2000-AP,8939,2502.92,11441.92
ACC-INV1248,INV1248,2025-04-21,2000-AP,9076,453.8,9529.8
ACC-INV1249,INV1249,2025-04-22,2000-AP,9213,1105.56,10318.56
ACC-INV1250,INV1250,2025-04-23,2000-AP,9350,1683,11033
ACC-INV1251,INV1251,2025-04-24,2000-AP,9487,2656.36,12143.36
ACC-INV1252,INV1252,2025-04-25,2000-AP,9624,481.2,10105.2
ACC-INV1254,INV1254,2025-04-27,2000-AP,9898,1781.64,11679.64
ACC-INV1255,INV1255,2025-04-28,2000-AP,10035,2809.8,12844.8
ACC-INV1256,INV1256,2025-04-01,2000-AP,10172,508.6,10680.6
ACC-INV1257,INV1257,2025-04-02,2000-AP,10309,1237.08,11546.08
ACC-INV1258,INV1258,2025-04-03,2000-AP,10446,1880.28,12326.28
ACC-INV1259,INV1259,2025-04-04,2000-AP,10583,2963.24,13546.24
ACC-INV1260,INV1260,2025-04-05,2000-AP,10720,536,11256
ACC-INV1261,INV1261,2025-04-06,2000-AP,10857,1302.84,12159.84
ACC-INV1262,INV1262,2025-04-07,2000-AP,10994,1978.92,12972.92
ACC-INV1263,INV1263,2025-04-08,2000-AP,11131,3116.68,14247.68
ACC-INV1264,INV1264,2025-04-09,2000-AP,11268,563.4,11831.4
ACC-INV1265,INV1265,2025-04-10,2000-AP,11405,1368.6,12773.6
ACC-INV1266,INV1266,2025-04-11,2000-AP,11542,2077.56,13619.56
ACC-INV1268,INV1268,2025-04-13,2000-AP,11816,590.8,12406.8
ACC-INV1269,INV1269,2025-04-14,2000-AP,11953,1434.36,13387.36
ACC-INV1270,INV1270,2025-04-15,2000-AP,12090,2176.2,14266.2
ACC-INV1271,INV1271,2025-04-16,2000-AP,12227,3423.56,15650.56
ACC-INV1272,INV1272,2025-04-17,2000-AP,12364,618.2,12982.2
ACC-INV1273,INV1273,2025-04-18,2000-AP,12501,1500.12,14001.12
ACC-INV1274,INV1274,2025-04-19,2000-AP,12638,2274.84,14912.84
ACC-INV1275,INV1275,2025-04-20,2000-AP,12775,3577,16352
ACC-INV1276,INV1276,2025-04-21,2000-AP,12912,645.6,13557.6
ACC-INV1277,INV1277,2025-04-22,2000-AP,13049,1565.88,14614.88
ACC-INV1278,INV1278,2025-04-23,2000-AP,13186,2373.48,15559.48
ACC-INV1279,INV1279,2025-04-24,2000-AP,13323,3730.44,17053.44
ACC-INV1280,INV1280,2025-04-25,2000-AP,13460,673,14133
ACC-INV1282,INV1282,2025-04-27,2000-AP,13734,2472.12,16206.12
ACC-INV1283,INV1283,2025-04-28,2000-AP,13871,3883.88,17754.88
ACC-INV1284,INV1284,2025-04-01,2000-AP,14008,700.4,14708.4
ACC-INV1285,INV1285,2025-04-02,2000-AP,14145,1697.4,15842.4
ACC-INV1286,INV1286,2025-04-03,2000-AP,14282,2570.76,16852.76
ACC-INV1287,INV1287,2025-04-04,2000-AP,14419,4037.32,18456.32
ACC-INV1288,INV1288,2025-04-05,2000-AP,14556,727.8,15283.8
ACC-INV1289,INV1289,2025-04-06,2000-AP,14693,1763.16,16456.16
ACC-INV1290,INV1290,2025-04-07,2000-AP,14830,2669.4,17499.4
ACC-INV1291,INV1291,2025-04-08,2000-AP,14967,4190.76,19157.76
ACC-INV1292,INV1292,2025-04-09,2000-AP,15104,755.2,15859.2
ACC-INV1293,INV1293,2025-04-10,2000-AP,15241,1828.92,17069.92
ACC-INV1295,INV1295,2025-04-12,2000-AP,15515,4344.2,19859.2
ACC-INV1296,INV1296,2025-04-13,2000-AP,15652,782.6,16434.6
ACC-INV1297,INV1297,2025-04-14,2000-AP,15789,1894.68,17683.68
ACC-INV1298,INV1298,2025-04-15,2000-AP,15926,2866.68,18792.68
ACC-INV1299,INV1299,2025-04-16,2000-AP,16063,4497.64,20560.64
ACC-INV1300,INV1300,2025-04-17,2000-AP,16200,810,17010
ACC-INV1301,INV1301,2025-04-18,2000-AP,16337,1960.44,18297.44
ACC-INV1302,INV1302,2025-04-19,2000-AP,16474,2965.32,19439.32
ACC-INV1303,INV1303,2025-04-20,2000-AP,16611,4651.08,21262.08
ACC-INV1304,INV1304,2025-04-21,2000-AP,16748,837.4,17585.4
ACC-INV1305,INV1305,2025-04-22,2000-AP,16885,2026.2,18911.2
ACC-INV1306,INV1306,2025-04-23,2000-AP,17022,3063.96,20085.96
ACC-INV1307,INV1307,2025-04-24,2000-AP,17159,4804.52,21963.52
ACC-INV1309,INV1309,2025-04-26,2000-AP,17433,2091.96,19524.96
ACC-INV1310,INV1310,2025-04-27,2000-AP,17570,3162.6,20732.6
ACC-INV1311,INV1311,2025-04-28,2000-AP,17707,4957.96,22664.96
ACC-INV1312,INV1312,2025-04-01,2000-AP,17844,892.2,18736.2
ACC-INV1313,INV1313,2025-04-02,2000-AP,17981,2157.72,20138.72
ACC-INV1314,INV1314,2025-04-03,2000-AP,18118,3261.24,21379.24
ACC-INV1315,INV1315,2025-04-04,2000-AP,18255,5111.4,23366.4
ACC-INV1316,INV1316,2025-04-05,2000-AP,18392,919.6,19311.6
ACC-INV1317,INV1317,2025-04-06,2000-AP,18529,2223.48,20752.48
ACC-INV1318,INV1318,2025-04-07,2000-AP,18666,3359.88,22025.88
ACC-INV1319,INV1319,2025-04-08,2000-AP,18803,5264.84,24067.84
ACC-INV1320,INV1320,2025-04-09,2000-AP,18940,947,19887
ACC-INV1321,INV1321,2025-04-10,2000-AP,19077,2289.24,21366.24
ACC-INV1323,INV1323,2025-04-12,2000-AP,19351,5418.28,24769.28
ACC-INV1324,INV1324,2025-04-13,2000-AP,19488,974.4,20462.4
ACC-INV1325,INV1325,2025-04-14,2000-AP,19625,2355,21980
ACC-INV1326,INV1326,2025-04-15,2000-AP,19762,3557.16,23319.16
ACC-INV1327,INV1327,2025-04-16,2000-AP,19899,5571.72,25470.72
ACC-INV1328,INV1328,2025-04-17,2000-AP,20036,1001.8,21037.8
ACC-INV1329,INV1329,2025-04-18,2000-AP,20173,2420.76,22593.76
ACC-INV1330,INV1330,2025-04-19,2000-AP,20310,3655.8,23965.8
ACC-INV1331,INV1331,2025-04-20,2000-AP,20447,5725.16,26172.16
ACC-INV1332,INV1332,2025-04-21,2000-AP,20584,1029.2,21613.2
ACC-INV1333,INV1333,2025-04-22,2000-AP,20721,2486.52,23207.52
ACC-INV1334,INV1334,2025-04-23,2000-AP,20858,3754.44,24612.44
ACC-INV1336,INV1336,2025-04-25,2000-AP,21132,1056.6,22188.6
ACC-INV1337,INV1337,2025-04-26,2000-AP,21269,2552.28,23821.28
ACC-INV1338,INV1338,2025-04-27,2000-AP,21406,3853.08,25259.08
ACC-INV1339,INV1339,2025-04-28,2000-AP,21543,6032.04,27575.04
ACC-INV1340,INV1340,2025-04-01,2000-AP,21680,1084,22764
ACC-INV1341,INV1341,2025-04-02,2000-AP,21817,2618.04,24435.04
ACC-INV1342,INV1342,2025-04-03,2000-AP,21954,3951.72,25905.72
ACC-INV1343,INV1343,2025-04-04,2000-AP,22091,6185.48,28276.48
ACC-INV1344,INV1344,2025-04-05,2000-AP,22228,1111.4,23339.4
ACC-INV1345,INV1345,2025-04-06,2000-AP,22365,2683.8,25048.8
ACC-INV1346,INV1346,2025-04-07,2000-AP,22502,4050.36,26552.36
ACC-INV1347,INV1347,2025-04-08,2000-AP,22639,6338.92,28977.92
ACC-INV1348,INV1348,2025-04-09,2000-AP,22776,1138.8,23914.8
ACC-INV1350,INV1350,2025-04-11,2000-AP,23050,4149,27199
ACC-INV1351,INV1351,2025-04-12,2000-AP,23187,6492.36,29679.36
ACC-INV1352,INV1352,2025-04-13,2000-AP,23324,1166.2,24490.2
ACC-INV1353,INV1353,2025-04-14,2000-AP,23461,2815.32,26276.32
ACC-INV1354,INV1354,2025-04-15,2000-AP,23598,4247.64,27845.64
ACC-INV1355,INV1355,2025-04-16,2000-AP,23735,6645.8,30380.8
ACC-INV1356,INV1356,2025-04-17,2000-AP,23872,1193.6,25065.6
ACC-INV1357,INV1357,2025-04-18,2000-AP,24009,2881.08,26890.08
ACC-INV1358,INV1358,2025-04-19,2000-AP,24146,4346.28,28492.28
ACC-INV1359,INV1359,2025-04-20,2000-AP,24283,6799.24,31082.24
ACC-INV1360,INV1360,2025-04-21,2000-AP,24420,1221,25641
ACC-INV1361,INV1361,2025-04-22,2000-AP,24557,2946.84,27503.84
ACC-INV1362,INV1362,2025-04-23,2000-AP,24694,4444.92,29138.92
ACC-INV1364,INV1364,2025-04-25,2000-AP,24968,1248.4,26216.4
ACC-INV1365,INV1365,2025-04-26,2000-AP,25105,3012.6,28117.6
ACC-INV1366,INV1366,2025-04-27,2000-AP,25242,4543.56,29785.56
ACC-INV1367,INV1367,2025-04-28,2000-AP,25379,7106.12,32485.12
ACC-INV1368,INV1368,2025-04-01,2000-AP,25516,1275.8,26791.8
ACC-INV1369,INV1369,2025-04-02,2000-AP,25653,3078.36,28731.36
ACC-INV1370,INV1370,2025-04-03,2000-AP,25790,4642.2,30432.2
ACC-INV1371,INV1371,2025-04-04,2000-AP,25927,7259.56,33186.56
ACC-INV1372,INV1372,2025-04-05,2000-AP,26064,1303.2,27367.2
ACC-INV1373,INV1373,2025-04-06,2000-AP,26201,3144.12,29345.12
ACC-INV1374,INV1374,2025-04-07,2000-AP,26338,4740.84,31078.84
ACC-INV1375,INV1375,2025-04-08,2000-AP,26475,7413,33888
ACC-INV1376,INV1376,2025-04-09,2000-AP,26612,1330.6,27942.6
ACC-INV1377,INV1377,2025-04-10,2000-AP,26749,3209.88,29958.88
ACC-INV1378,INV1378,2025-04-11,2000-AP,26886,4839.48,31725.48
ACC-INV1379,INV1379,2025-04-12,2000-AP,27023,7566.44,34589.44
ACC-INV1380,INV1380,2025-04-13,2000-AP,27160,1358,28518
ACC-INV1381,INV1381,2025-04-14,2000-AP,27297,3275.64,30572.64
ACC-INV1382,INV1382,2025-04-15,2000-AP,27434,4938.12,32372.12
ACC-INV1383,INV1383,2025-04-16,2000-AP,27571,7719.88,35290.88
ACC-INV1384,INV1384,2025-04-17,2000-AP,27708,1385.4,29093.4
ACC-INV1385,INV1385,2025-04-18,2000-AP,27845,3341.4,31186.4
ACC-INV1386,INV1386,2025-04-19,2000-AP,27982,5036.76,33018.76
ACC-INV1387,INV1387,2025-04-20,2000-AP,28119,7873.32,35992.32
ACC-INV1388,INV1388,2025-04-21,2000-AP,28256,1412.8,29668.8
ACC-INV1389,INV1389,2025-04-22,2000-AP,28393,3407.16,31800.16
ACC-INV1391,INV1391,2025-04-24,2000-AP,28667,8026.76,36693.76
ACC-INV1392,INV1392,2025-04-25,2000-AP,28804,1440.2,30244.2
ACC-INV1393,INV1393,2025-04-26,2000-AP,28941,3472.92,32413.92
ACC-INV1394,INV1394,2025-04-27,2000-AP,29078,5234.04,34312.04
ACC-INV1395,INV1395,2025-04-28,2000-AP,29215,8180.2,37395.2
ACC-INV1396,INV1396,2025-04-01,2000-AP,29352,1467.6,30819.6
ACC-INV1397,INV1397,2025-04-02,2000-AP,29489,3538.68,33027.68
ACC-INV1398,INV1398,2025-04-03,2000-AP,29626,5332.68,34958.68
ACC-INV1399,INV1399,2025-04-04,2000-AP,29763,8333.64,38096.64
ACC-INV1400,INV1400,2025-04-05,2000-AP,29900,1495,31395
ACC-INV1401,INV1401,2025-04-06,2000-AP,30037,3604.44,33641.44
ACC-INV1402,INV1402,2025-04-07,2000-AP,30174,5431.32,35605.32
ACC-INV1403,INV1403,2025-04-08,2000-AP,30311,8487.08,38798.08
ACC-INV1405,INV1405,2025-04-10,2000-AP,30585,3670.2,34255.2
ACC-INV1406,INV1406,2025-04-11,2000-AP,30722,5529.96,36251.96
ACC-INV1407,INV1407,2025-04-12,2000-AP,30859,8640.52,39499.52
ACC-INV1408,INV1408,2025-04-13,2000-AP,30996,1549.8,32545.8
ACC-INV1409,INV1409,2025-04-14,2000-AP,31133,3735.96,34868.96
ACC-INV1410,INV1410,2025-04-15,2000-AP,31270,5628.6,36898.6
ACC-INV1411,INV1411,2025-04-16,2000-AP,31407,8793.96,40200.96
ACC-INV1412,INV1412,2025-04-17,2000-AP,31544,1577.2,33121.2
ACC-INV1413,INV1413,2025-04-18,2000-AP,31681,3801.72,35482.72
ACC-INV1414,INV1414,2025-04-19,2000-AP,31818,5727.24,37545.24
ACC-INV1415,INV1415,2025-04-20,2000-AP,31955,8947.4,40902.4
ACC-INV1416,INV1416,2025-04-21,2000-AP,32092,1604.6,33696.6
ACC-INV1417,INV1417,2025-04-22,2000-AP,32229,3867.48,36096.48
ACC-INV1419,INV1419,2025-04-24,2000-AP,32503,9100.84,41603.84
ACC-INV1420,INV1420,2025-04-25,2000-AP,32640,1632,34272
ACC-INV1421,INV1421,2025-04-26,2000-AP,32777,3933.24,36710.24
ACC-INV1422,INV1422,2025-04-27,2000-AP,32914,5924.52,38838.52
ACC-INV1423,INV1423,2025-04-28,2000-AP,33051,9254.28,42305.28
ACC-INV1424,INV1424,2025-04-01,2000-AP,33188,1659.4,34847.4
ACC-INV1425,INV1425,2025-04-02,2000-AP,33325,3999,37324
ACC-INV1426,INV1426,2025-04-03,2000-AP,33462,6023.16,39485.16
ACC-INV1427,INV1427,2025-04-04,2000-AP,33599,9407.72,43006.72
ACC-INV1428,INV1428,2025-04-05,2000-AP,33736,1686.8,35422.8
ACC-INV1429,INV1429,2025-04-06,2000-AP,33873,4064.76,37937.76
ACC-INV1430,INV1430,2025-04-07,2000-AP,34010,6121.8,40131.8
ACC-INV1432,INV1432,2025-04-09,2000-AP,34284,1714.2,35998.2
ACC-INV1433,INV1433,2025-04-10,2000-AP,34421,4130.52,38551.52
ACC-INV1434,INV1434,2025-04-11,2000-AP,34558,6220.44,40778.44
ACC-INV1435,INV1435,2025-04-12,2000-AP,34695,9714.6,44409.6
ACC-INV1436,INV1436,2025-04-13,2000-AP,34832,1741.6,36573.6
ACC-INV1437,INV1437,2025-04-14,2000-AP,34969,4196.28,39165.28
ACC-INV1438,INV1438,2025-04-15,2000-AP,35106,6319.08,41425.08
ACC-INV1439,INV1439,2025-04-16,2000-AP,35243,9868.04,45111.04
ACC-INV1440,INV1440,2025-04-17,2000-AP,35380,1769,37149
ACC-INV1441,INV1441,2025-04-18,2000-AP,35517,4262.04,39779.04
ACC-INV1442,INV1442,2025-04-19,2000-AP,35654,6417.72,42071.72
ACC-INV1443,INV1443,2025-04-20,2000-AP,35791,10021.48,45812.48
ACC-INV1444,INV1444,2025-04-21,2000-AP,35928,1796.4,37724.4
ACC-INV1446,INV1446,2025-04-23,2000-AP,36202,6516.36,42718.36
ACC-INV1447,INV1447,2025-04-24,2000-AP,36339,10174.92,46513.92
ACC-INV1448,INV1448,2025-04-25,2000-AP,36476,1823.8,38299.8
ACC-INV1449,INV1449,2025-04-26,2000-AP,36613,4393.56,41006.56
ACC-INV1450,INV1450,2025-04-27,2000-AP,1050000,189000,1239000
ACC-INV1451,INV1451,2025-04-28,2000-AP,36887,10328.36,47215.36
ACC-INV1452,INV1452,2025-04-01,2000-AP,37024,1851.2,38875.2
ACC-INV1453,INV1453,2025-04-02,2000-AP,37161,4459.32,41620.32
ACC-INV1454,INV1454,2025-04-03,2000-AP,37298,6713.64,44011.64
ACC-INV1455,INV1455,2025-04-04,2000-AP,37435,10481.8,47916.8
ACC-INV1456,INV1456,2025-04-05,2000-AP,37572,1878.6,39450.6
ACC-INV1457,INV1457,2025-04-06,2000-AP,37709,4525.08,42234.08
ACC-INV1458,INV1458,2025-04-07,2000-AP,37846,6812.28,44658.28
ACC-INV1460,INV1460,2025-04-09,2000-AP,38120,1906,40026
ACC-INV1461,INV1461,2025-04-10,2000-AP,38257,4590.84,42847.84
ACC-INV1462,INV1462,2025-04-11,2000-AP,38394,6910.92,45304.92
ACC-INV1463,INV1463,2025-04-12,2000-AP,38531,10788.68,49319.68
ACC-INV1464,INV1464,2025-04-13,2000-AP,38668,1933.4,40601.4
ACC-INV1465,INV1465,2025-04-14,2000-AP,38805,4656.6,43461.6
ACC-INV1466,INV1466,2025-04-15,2000-AP,38942,7009.56,45951.56
ACC-INV1467,INV1467,2025-04-16,2000-AP,39079,10942.12,50021.12
ACC-INV1468,INV1468,2025-04-17,2000-AP,39216,1960.8,41176.8
ACC-INV1469,INV1469,2025-04-18,2000-AP,39353,4722.36,44075.36
ACC-INV1470,INV1470,2025-04-19,2000-AP,39490,7108.2,46598.2
ACC-INV1471,INV1471,2025-04-20,2000-AP,39627,11095.56,50722.56
ACC-INV1473,INV1473,2025-04-22,2000-AP,39901,4788.12,44689.12
ACC-INV1474,INV1474,2025-04-23,2000-AP,40038,7206.84,47244.84
ACC-INV1475,INV1475,2025-04-24,2000-AP,40175,11249,51424
ACC-INV1476,INV1476,2025-04-25,2000-AP,40312,2015.6,42327.6
ACC-INV1477,INV1477,2025-04-26,2000-AP,40449,4853.88,45302.88
ACC-INV1478,INV1478,2025-04-27,2000-AP,40586,7305.48,47891.48
ACC-INV1479,INV1479,2025-04-28,2000-AP,40723,11402.44,52125.44
ACC-INV1480,INV1480,2025-04-01,2000-AP,40860,2043,42903
ACC-INV1481,INV1481,2025-04-02,2000-AP,40997,4919.64,45916.64
ACC-INV1482,INV1482,2025-04-03,2000-AP,41134,7404.12,48538.12
ACC-INV1483,INV1483,2025-04-04,2000-AP,41271,11555.88,52826.88
ACC-INV1484,INV1484,2025-04-05,2000-AP,41408,2070.4,43478.4
ACC-INV1485,INV1485,2025-04-06,2000-AP,41545,4985.4,46530.4
ACC-INV1487,INV1487,2025-04-08,2000-AP,41819,11709.32,53528.32
ACC-INV1488,INV1488,2025-04-09,2000-AP,41956,2097.8,44053.8
ACC-INV1489,INV1489,2025-04-10,2000-AP,42093,5051.16,47144.16
ACC-INV1490,INV1490,2025-04-11,2000-AP,42230,7601.4,49831.4
ACC-INV1491,INV1491,2025-04-12,2000-AP,42367,11862.76,54229.76
ACC-INV1492,INV1492,2025-04-13,2000-AP,42504,2125.2,44629.2
ACC-INV1493,INV1493,2025-04-14,2000-AP,42641,5116.92,47757.92
ACC-INV1494,INV1494,2025-04-15,2000-AP,42778,7700.04,50478.04
ACC-INV1495,INV1495,2025-04-16,2000-AP,42915,12016.2,54931.2
ACC-INV1496,INV1496,2025-04-17,2000-AP,43052,2152.6,45204.6
ACC-INV1497,INV1497,2025-04-18,2000-AP,43189,5182.68,48371.68
ACC-INV1498,INV1498,2025-04-19,2000-AP,43326,7798.68,51124.68
ACC-INV1499,INV1499,2025-04-20,2000-AP,43463,12169.64,55632.64
ACC-INV1501,INV1501,2025-04-22,2000-AP,43737,5248.44,48985.44
ACC-INV1502,INV1502,2025-04-23,2000-AP,43874,7897.32,51771.32
ACC-INV1503,INV1503,2025-04-24,2000-AP,44011,12323.08,56334.08
ACC-INV1504,INV1504,2025-04-25,2000-AP,44148,2207.4,46355.4
ACC-INV1505,INV1505,2025-04-26,2000-AP,44285,5314.2,49599.2
ACC-INV1506,INV1506,2025-04-27,2000-AP,44422,7995.96,52417.96
ACC-INV1507,INV1507,2025-04-28,2000-AP,44559,12476.52,57035.52
ACC-INV1508,INV1508,2025-04-01,2000-AP,44696,2234.8,46930.8
ACC-INV1509,INV1509,2025-04-02,2000-AP,44833,5379.96,50212.96
ACC-INV1510,INV1510,2025-04-03,2000-AP,44970,8094.6,53064.6
ACC-INV1511,INV1511,2025-04-04,2000-AP,45107,12629.96,57736.96
ACC-INV1512,INV1512,2025-04-05,2000-AP,45244,2262.2,47506.2
ACC-INV1513,INV1513,2025-04-06,2000-AP,45381,5445.72,50826.72
ACC-INV1514,INV1514,2025-04-07,2000-AP,45518,8193.24,53711.24
ACC-INV1515,INV1515,2025-04-08,2000-AP,45655,12783.4,58438.4
ACC-INV1516,INV1516,2025-04-09,2000-AP,45792,2289.6,48081.6
ACC-INV1517,INV1517,2025-04-10,2000-AP,45929,5511.48,51440.48
ACC-INV1518,INV1518,2025-04-11,2000-AP,46066,8291.88,54357.88
ACC-INV1519,INV1519,2025-04-12,2000-AP,46203,12936.84,59139.84
ACC-INV1520,INV1520,2025-04-13,2000-AP,46340,2317,48657
ACC-INV1521,INV1521,2025-04-14,2000-AP,46477,5577.24,52054.24
ACC-INV1522,INV1522,2025-04-15,2000-AP,46614,8390.52,55004.52
ACC-INV1523,INV1523,2025-04-16,2000-AP,46751,13090.28,59841.28
ACC-INV1524,INV1524,2025-04-17,2000-AP,46888,2344.4,49232.4
ACC-INV1525,INV1525,2025-04-18,2000-AP,47025,5643,52668
ACC-INV1526,INV1526,2025-04-19,2000-AP,47162,8489.16,55651.16
ACC-INV1528,INV1528,2025-04-21,2000-AP,47436,2371.8,49807.8
ACC-INV1529,INV1529,2025-04-22,2000-AP,47573,5708.76,53281.76
ACC-INV1530,INV1530,2025-04-23,2000-AP,47710,8587.8,56297.8
ACC-INV1531,INV1531,2025-04-24,2000-AP,47847,13397.16,61244.16
ACC-INV1532,INV1532,2025-04-25,2000-AP,47984,2399.2,50383.2
ACC-INV1533,INV1533,2025-04-26,2000-AP,48121,5774.52,53895.52
ACC-INV1534,INV1534,2025-04-27,2000-AP,48258,8686.44,56944.44
ACC-INV1535,INV1535,2025-04-28,2000-AP,48395,13550.6,61945.6
ACC-INV1536,INV1536,2025-04-01,2000-AP,48532,2426.6,50958.6
ACC-INV1537,INV1537,2025-04-02,2000-AP,48669,5840.28,54509.28
ACC-INV1538,INV1538,2025-04-03,2000-AP,48806,8785.08,57591.08
ACC-INV1539,INV1539,2025-04-04,2000-AP,48943,13704.04,62647.04
ACC-INV1540,INV1540,2025-04-05,2000-AP,49080,2454,51534
ACC-INV1542,INV1542,2025-04-07,2000-AP,49354,8883.72,58237.72
ACC-INV1543,INV1543,2025-04-08,2000-AP,49491,13857.48,63348.48
ACC-INV1544,INV1544,2025-04-09,2000-AP,49628,2481.4,52109.4
ACC-INV1545,INV1545,2025-04-10,2000-AP,49765,5971.8,55736.8
ACC-INV1546,INV1546,2025-04-11,2000-AP,49902,8982.36,58884.36
ACC-INV1547,INV1547,2025-04-12,2000-AP,50039,14010.92,64049.92
ACC-INV1548,INV1548,2025-04-13,2000-AP,50176,2508.8,52684.8
ACC-INV1549,INV1549,2025-04-14,2000-AP,50313,6037.56,56350.56
ACC-INV1550,INV1550,2025-04-15,2000-AP,50450,9081,59531
ACC-INV1551,INV1551,2025-04-16,2000-AP,50587,14164.36,64751.36
ACC-INV1552,INV1552,2025-04-17,2000-AP,50724,2536.2,53260.2
ACC-INV1553,INV1553,2025-04-18,2000-AP,50861,6103.32,56964.32
ACC-INV1554,INV1554,2025-04-19,2000-AP,50998,9179.64,60177.64
ACC-INV1556,INV1556,2025-04-21,2000-AP,51272,2563.6,53835.6
ACC-INV1557,INV1557,2025-04-22,2000-AP,51409,6169.08,57578.08
ACC-INV1558,INV1558,2025-04-23,2000-AP,51546,9278.28,60824.28
ACC-INV1559,INV1559,2025-04-24,2000-AP,51683,14471.24,66154.24
ACC-INV1560,INV1560,2025-04-25,2000-AP,51820,2591,54411
ACC-INV1561,INV1561,2025-04-26,2000-AP,51957,6234.84,58191.84
ACC-INV1562,INV1562,2025-04-27,2000-AP,52094,9376.92,61470.92
ACC-INV1563,INV1563,2025-04-28,2000-AP,52231,14624.68,66855.68
ACC-INV1564,INV1564,2025-04-01,2000-AP,52368,2618.4,54986.4
ACC-INV1565,INV1565,2025-04-02,2000-AP,52505,6300.6,58805.6
ACC-INV1566,INV1566,2025-04-03,2000-AP,52642,9475.56,62117.56
ACC-INV1567,INV1567,2025-04-04,2000-AP,52779,14778.12,67557.12
ACC-INV1569,INV1569,2025-04-06,2000-AP,53053,6366.36,59419.36
ACC-INV1570,INV1570,2025-04-07,2000-AP,53190,9574.2,62764.2
ACC-INV1571,INV1571,2025-04-08,2000-AP,53327,14931.56,68258.56
ACC-INV1572,INV1572,2025-04-09,2000-AP,53464,2673.2,56137.2
ACC-INV1573,INV1573,2025-04-10,2000-AP,53601,6432.12,60033.12
ACC-INV1574,INV1574,2025-04-11,2000-AP,53738,9672.84,63410.84
ACC-INV1575,INV1575,2025-04-12,2000-AP,53875,15085,68960
ACC-INV1576,INV1576,2025-04-13,2000-AP,54012,2700.6,56712.6
ACC-INV1577,INV1577,2025-04-14,2000-AP,54149,6497.88,60646.88
ACC-INV1578,INV1578,2025-04-15,2000-AP,54286,9771.48,64057.48
ACC-INV1579,INV1579,2025-04-16,2000-AP,54423,15238.44,69661.44
ACC-INV1580,INV1580,2025-04-17,2000-AP,54560,2728,57288
ACC-INV1581,INV1581,2025-04-18,2000-AP,54697,6563.64,61260.64
ACC-INV1583,INV1583,2025-04-20,2000-AP,54971,15391.88,70362.88
ACC-INV1584,INV1584,2025-04-21,2000-AP,55108,2755.4,57863.4
ACC-INV1585,INV1585,2025-04-22,2000-AP,55245,6629.4,61874.4
ACC-INV1586,INV1586,2025-04-23,2000-AP,55382,9968.76,65350.76
ACC-INV1587,INV1587,2025-04-24,2000-AP,55519,15545.32,71064.32
ACC-INV1588,INV1588,2025-04-25,2000-AP,55656,2782.8,58438.8
ACC-INV1589,INV1589,2025-04-26,2000-AP,55793,6695.16,62488.16
ACC-INV1590,INV1590,2025-04-27,2000-AP,55930,10067.4,65997.4
ACC-INV1591,INV1591,2025-04-28,2000-AP,56067,15698.76,71765.76
ACC-INV1592,INV1592,2025-04-01,2000-AP,56204,2810.2,59014.2
ACC-INV1593,INV1593,2025-04-02,2000-AP,56341,6760.92,63101.92
ACC-INV1594,INV1594,2025-04-03,2000-AP,56478,10166.04,66644.04
ACC-INV1595,INV1595,2025-04-04,2000-AP,56615,15852.2,72467.2
ACC-INV1597,INV1597,2025-04-06,2000-AP,56889,6826.68,63715.68
ACC-INV1598,INV1598,2025-04-07,2000-AP,57026,10264.68,67290.68
ACC-INV1599,INV1599,2025-04-08,2000-AP,57163,16005.64,73168.64
ACC-INV1600,INV1600,2025-04-09,2000-AP,57300,2865,60165
ACC-INV1601,INV1601,2025-04-10,2000-AP,57437,6892.44,64329.44
ACC-INV1602,INV1602,2025-04-11,2000-AP,57574,10363.32,67937.32
ACC-INV1603,INV1603,2025-04-12,2000-AP,57711,16159.08,73870.08
ACC-INV1604,INV1604,2025-04-13,2000-AP,57848,2892.4,60740.4
ACC-INV1605,INV1605,2025-04-14,2000-AP,57985,6958.2,64943.2
ACC-INV1606,INV1606,2025-04-15,2000-AP,58122,10461.96,68583.96
ACC-INV1607,INV1607,2025-04-16,2000-AP,58259,16312.52,74571.52
ACC-INV1608,INV1608,2025-04-17,2000-AP,58396,2919.8,61315.8
ACC-INV1610,INV1610,2025-04-19,2000-AP,58670,10560.6,69230.6
ACC-INV1611,INV1611,2025-04-20,2000-AP,58807,16465.96,75272.96
ACC-INV1612,INV1612,2025-04-21,2000-AP,58944,2947.2,61891.2
ACC-INV1613,INV1613,2025-04-22,2000-AP,59081,7089.72,66170.72
ACC-INV1614,INV1614,2025-04-23,2000-AP,59218,10659.24,69877.24
ACC-INV1615,INV1615,2025-04-24,2000-AP,59355,16619.4,75974.4
ACC-INV1616,INV1616,2025-04-25,2000-AP,59492,2974.6,62466.6
ACC-INV1617,INV1617,2025-04-26,2000-AP,59629,7155.48,66784.48
ACC-INV1618,INV1618,2025-04-27,2000-AP,59766,10757.88,70523.88
ACC-INV1619,INV1619,2025-04-28,2000-AP,59903,16772.84,76675.84
ACC-INV1620,INV1620,2025-04-01,2000-AP,60040,3002,63042
ACC-INV1621,INV1621,2025-04-02,2000-AP,60177,7221.24,67398.24
ACC-INV1622,INV1622,2025-04-03,2000-AP,60314,10856.52,71170.52
ACC-INV1624,INV1624,2025-04-05,2000-AP,60588,3029.4,63617.4
ACC-INV1625,INV1625,2025-04-06,2000-AP,60725,7287,68012
ACC-INV1626,INV1626,2025-04-07,2000-AP,60862,10955.16,71817.16
ACC-INV1627,INV1627,2025-04-08,2000-AP,60999,17079.72,78078.72
ACC-INV1628,INV1628,2025-04-09,2000-AP,61136,3056.8,64192.8
ACC-INV1629,INV1629,2025-04-10,2000-AP,61273,7352.76,68625.76
ACC-INV1630,INV1630,2025-04-11,2000-AP,61410,11053.8,72463.8
ACC-INV1631,INV1631,2025-04-12,2000-AP,61547,17233.16,78780.16
ACC-INV1632,INV1632,2025-04-13,2000-AP,61684,3084.2,64768.2
ACC-INV1633,INV1633,2025-04-14,2000-AP,61821,7418.52,69239.52
ACC-INV1634,INV1634,2025-04-15,2000-AP,61958,11152.44,73110.44
ACC-INV1635,INV1635,2025-04-16,2000-AP,62095,17386.6,79481.6
ACC-INV1636,INV1636,2025-04-17,2000-AP,62232,3111.6,65343.6
ACC-INV1638,INV1638,2025-04-19,2000-AP,62506,11251.08,73757.08
ACC-INV1639,INV1639,2025-04-20,2000-AP,62643,17540.04,80183.04
ACC-INV1640,INV1640,2025-04-21,2000-AP,62780,3139,65919
ACC-INV1641,INV1641,2025-04-22,2000-AP,62917,7550.04,70467.04
ACC-INV1642,INV1642,2025-04-23,2000-AP,63054,11349.72,74403.72
ACC-INV1643,INV1643,2025-04-24,2000-AP,63191,17693.48,80884.48
ACC-INV1644,INV1644,2025-04-25,2000-AP,63328,3166.4,66494.4
ACC-INV1645,INV1645,2025-04-26,2000-AP,63465,7615.8,71080.8
ACC-INV1646,INV1646,2025-04-27,2000-AP,63602,11448.36,75050.36
ACC-INV1647,INV1647,2025-04-28,2000-AP,63739,17846.92,81585.92
ACC-INV1648,INV1648,2025-04-01,2000-AP,63876,3193.8,67069.8
ACC-INV1649,INV1649,2025-04-02,2000-AP,64013,7681.56,71694.56
ACC-INV1651,INV1651,2025-04-04,2000-AP,64287,18000.36,82287.36
ACC-INV1652,INV1652,2025-04-05,2000-AP,64424,3221.2,67645.2
ACC-INV1653,INV1653,2025-04-06,2000-AP,64561,7747.32,72308.32
ACC-INV1654,INV1654,2025-04-07,2000-AP,64698,11645.64,76343.64
ACC-INV1655,INV1655,2025-04-08,2000-AP,64835,18153.8,82988.8
ACC-INV1656,INV1656,2025-04-09,2000-AP,64972,3248.6,68220.6
ACC-INV1657,INV1657,2025-04-10,2000-AP,65109,7813.08,72922.08
ACC-INV1658,INV1658,2025-04-11,2000-AP,65246,11744.28,76990.28
ACC-INV1659,INV1659,2025-04-12,2000-AP,65383,18307.24,83690.24
ACC-INV1660,INV1660,2025-04-13,2000-AP,65520,3276,68796
ACC-INV1661,INV1661,2025-04-14,2000-AP,65657,7878.84,73535.84
ACC-INV1662,INV1662,2025-04-15,2000-AP,65794,11842.92,77636.92
ACC-INV1663,INV1663,2025-04-16,2000-AP,65931,18460.68,84391.68
ACC-INV1665,INV1665,2025-04-18,2000-AP,66205,7944.6,74149.6
ACC-INV1666,INV1666,2025-04-19,2000-AP,66342,11941.56,78283.56
ACC-INV1667,INV1667,2025-04-20,2000-AP,66479,18614.12,85093.12
ACC-INV1668,INV1668,2025-04-21,2000-AP,66616,3330.8,69946.8
ACC-INV1669,INV1669,2025-04-22,2000-AP,66753,8010.36,74763.36
ACC-INV1670,INV1670,2025-04-23,2000-AP,66890,12040.2,78930.2
ACC-INV1671,INV1671,2025-04-24,2000-AP,67027,18767.56,85794.56
ACC-INV1672,INV1672,2025-04-25,2000-AP,67164,3358.2,70522.2
ACC-INV1673,INV1673,2025-04-26,2000-AP,67301,8076.12,75377.12
ACC-INV1674,INV1674,2025-04-27,2000-AP,67438,12138.84,79576.84
ACC-INV1675,INV1675,2025-04-28,2000-AP,67575,18921,86496
ACC-INV1676,INV1676,2025-04-01,2000-AP,67712,3385.6,71097.6
ACC-INV1677,INV1677,2025-04-02,2000-AP,67849,8141.88,75990.88
ACC-INV1679,INV1679,2025-04-04,2000-AP,68123,19074.44,87197.44
ACC-INV1680,INV1680,2025-04-05,2000-AP,68260,3413,71673
ACC-INV1681,INV1681,2025-04-06,2000-AP,68397,8207.64,76604.64
ACC-INV1682,INV1682,2025-04-07,2000-AP,68534,12336.12,80870.12
ACC-INV1683,INV1683,2025-04-08,2000-AP,68671,19227.88,87898.88
ACC-INV1684,INV1684,2025-04-09,2000-AP,68808,3440.4,72248.4
ACC-INV1685,INV1685,2025-04-10,2000-AP,68945,8273.4,77218.4
ACC-INV1686,INV1686,2025-04-11,2000-AP,69082,12434.76,81516.76
ACC-INV1687,INV1687,2025-04-12,2000-AP,69219,19381.32,88600.32
ACC-INV1688,INV1688,2025-04-13,2000-AP,69356,3467.8,72823.8
ACC-INV1689,INV1689,2025-04-14,2000-AP,69493,8339.16,77832.16
ACC-INV1690,INV1690,2025-04-15,2000-AP,69630,12533.4,82163.4
ACC-INV1691,INV1691,2025-04-16,2000-AP,69767,19534.76,89301.76
ACC-INV1693,INV1693,2025-04-18,2000-AP,70041,8404.92,78445.92
ACC-INV1694,INV1694,2025-04-19,2000-AP,70178,12632.04,82810.04
ACC-INV1695,INV1695,2025-04-20,2000-AP,70315,19688.2,90003.2
ACC-INV1696,INV1696,2025-04-21,2000-AP,70452,3522.6,73974.6
ACC-INV1697,INV1697,2025-04-22,2000-AP,70589,8470.68,79059.68
ACC-INV1698,INV1698,2025-04-23,2000-AP,70726,12730.68,83456.68
ACC-INV1699,INV1699,2025-04-24,2000-AP,70863,19841.64,90704.64
ACC-INV1700,INV1700,2025-04-25,2000-AP,950000,47500,997500
ACC-INV1701,INV1701,2025-04-26,2000-AP,71137,8536.44,79673.44
ACC-INV1702,INV1702,2025-04-27,2000-AP,71274,12829.32,84103.32
ACC-INV1703,INV1703,2025-04-28,2000-AP,71411,19995.08,91406.08
ACC-INV1704,INV1704,2025-04-01,2000-AP,71548,3577.4,75125.4
ACC-INV1706,INV1706,2025-04-03,2000-AP,71822,12927.96,84749.96
ACC-INV1707,INV1707,2025-04-04,2000-AP,71959,20148.52,92107.52
ACC-INV1708,INV1708,2025-04-05,2000-AP,72096,3604.8,75700.8
ACC-INV1709,INV1709,2025-04-06,2000-AP,72233,8667.96,80900.96
ACC-INV1710,INV1710,2025-04-07,2000-AP,72370,13026.6,85396.6
ACC-INV1711,INV1711,2025-04-08,2000-AP,72507,20301.96,92808.96
ACC-INV1712,INV1712,2025-04-09,2000-AP,72644,3632.2,76276.2
ACC-INV1713,INV1713,2025-04-10,2000-AP,72781,8733.72,81514.72
ACC-INV1714,INV1714,2025-04-11,2000-AP,72918,13125.24,86043.24
ACC-INV1715,INV1715,2025-04-12,2000-AP,73055,20455.4,93510.4
ACC-INV1716,INV1716,2025-04-13,2000-AP,73192,3659.6,76851.6
ACC-INV1717,INV1717,2025-04-14,2000-AP,73329,8799.48,82128.48
ACC-INV1718,INV1718,2025-04-15,2000-AP,73466,13223.88,86689.88
ACC-INV1720,INV1720,2025-04-17,2000-AP,73740,3687,77427
ACC-INV1721,INV1721,2025-04-18,2000-AP,73877,8865.24,82742.24
ACC-INV1722,INV1722,2025-04-19,2000-AP,74014,13322.52,87336.52
ACC-INV1723,INV1723,2025-04-20,2000-AP,74151,20762.28,94913.28
ACC-INV1724,INV1724,2025-04-21,2000-AP,74288,3714.4,78002.4
ACC-INV1725,INV1725,2025-04-22,2000-AP,74425,8931,83356
ACC-INV1726,INV1726,2025-04-23,2000-AP,74562,13421.16,87983.16
ACC-INV1727,INV1727,2025-04-24,2000-AP,74699,20915.72,95614.72
ACC-INV1728,INV1728,2025-04-25,2000-AP,74836,3741.8,78577.8
ACC-INV1729,INV1729,2025-04-26,2000-AP,74973,8996.76,83969.76
ACC-INV1730,INV1730,2025-04-27,2000-AP,75110,13519.8,88629.8
ACC-INV1731,INV1731,2025-04-28,2000-AP,75247,21069.16,96316.16
ACC-INV1732,INV1732,2025-04-01,2000-AP,75384,3769.2,79153.2
ACC-INV1734,INV1734,2025-04-03,2000-AP,75658,13618.44,89276.44
ACC-INV1735,INV1735,2025-04-04,2000-AP,75795,21222.6,97017.6
ACC-INV1736,INV1736,2025-04-05,2000-AP,75932,3796.6,79728.6
ACC-INV1737,INV1737,2025-04-06,2000-AP,76069,9128.28,85197.28
ACC-INV1738,INV1738,2025-04-07,2000-AP,76206,13717.08,89923.08
ACC-INV1739,INV1739,2025-04-08,2000-AP,76343,21376.04,97719.04
ACC-INV1740,INV1740,2025-04-09,2000-AP,76480,3824,80304
ACC-INV1741,INV1741,2025-04-10,2000-AP,76617,9194.04,85811.04
ACC-INV1742,INV1742,2025-04-11,2000-AP,76754,13815.72,90569.72
ACC-INV1743,INV1743,2025-04-12,2000-AP,76891,21529.48,98420.48
ACC-INV1744,INV1744,2025-04-13,2000-AP,77028,3851.4,80879.4
ACC-INV1745,INV1745,2025-04-14,2000-AP,77165,9259.8,86424.8
ACC-INV1747,INV1747,2025-04-16,2000-AP,77439,21682.92,99121.92
ACC-INV1748,INV1748,2025-04-17,2000-AP,2576,128.8,2704.8
ACC-INV1749,INV1749,2025-04-18,2000-AP,2713,325.56,3038.56
ACC-INV1750,INV1750,2025-04-19,2000-AP,2850,513,3363
ACC-INV1751,INV1751,2025-04-20,2000-AP,2987,836.36,3823.36
ACC-INV1752,INV1752,2025-04-21,2000-AP,3124,156.2,3280.2
ACC-INV1753,INV1753,2025-04-22,2000-AP,3261,391.32,3652.32
ACC-INV1754,INV1754,2025-04-23,2000-AP,3398,611.64,4009.64
ACC-INV1755,INV1755,2025-04-24,2000-AP,3535,989.8,4524.8
ACC-INV1756,INV1756,2025-04-25,2000-AP,3672,183.6,3855.6
ACC-INV1757,INV1757,2025-04-26,2000-AP,3809,457.08,4266.08
ACC-INV1758,INV1758,2025-04-27,2000-AP,3946,710.28,4656.28
ACC-INV1759,INV1759,2025-04-28,2000-AP,4083,1143.24,5226.24
ACC-INV1761,INV1761,2025-04-02,2000-AP,4357,522.84,4879.84
ACC-INV1762,INV1762,2025-04-03,2000-AP,4494,808.92,5302.92
ACC-INV1763,INV1763,2025-04-04,2000-AP,4631,1296.68,5927.68
ACC-INV1764,INV1764,2025-04-05,2000-AP,4768,238.4,5006.4
ACC-INV1765,INV1765,2025-04-06,2000-AP,4905,588.6,5493.6
ACC-INV1766,INV1766,2025-04-07,2000-AP,5042,907.56,5949.56
ACC-INV1767,INV1767,2025-04-08,2000-AP,5179,1450.12,6629.12
ACC-INV1768,INV1768,2025-04-09,2000-AP,5316,265.8,5581.8
ACC-INV1769,INV1769,2025-04-10,2000-AP,5453,654.36,6107.36
ACC-INV1770,INV1770,2025-04-11,2000-AP,5590,1006.2,6596.2
ACC-INV1771,INV1771,2025-04-12,2000-AP,5727,1603.56,7330.56
ACC-INV1772,INV1772,2025-04-13,2000-AP,5864,293.2,6157.2
ACC-INV1773,INV1773,2025-04-14,2000-AP,6001,720.12,6721.12
ACC-INV1775,INV1775,2025-04-16,2000-AP,6275,1757,8032
ACC-INV1776,INV1776,2025-04-17,2000-AP,6412,320.6,6732.6
ACC-INV1777,INV1777,2025-04-18,2000-AP,6549,785.88,7334.88
ACC-INV1778,INV1778,2025-04-19,2000-AP,6686,1203.48,7889.48
ACC-INV1779,INV1779,2025-04-20,2000-AP,6823,1910.44,8733.44
ACC-INV1780,INV1780,2025-04-21,2000-AP,6960,348,7308
ACC-INV1781,INV1781,2025-04-22,2000-AP,7097,851.64,7948.64
ACC-INV1782,INV1782,2025-04-23,2000-AP,7234,1302.12,8536.12
ACC-INV1783,INV1783,2025-04-24,2000-AP,7371,2063.88,9434.88
ACC-INV1784,INV1784,2025-04-25,2000-AP,7508,375.4,7883.4
ACC-INV1785,INV1785,2025-04-26,2000-AP,7645,917.4,8562.4
ACC-INV1786,INV1786,2025-04-27,2000-AP,7782,1400.76,9182.76
ACC-INV1788,INV1788,2025-04-01,2000-AP,8056,402.8,8458.8
ACC-INV1789,INV1789,2025-04-02,2000-AP,8193,983.16,9176.16
ACC-INV1790,INV1790,2025-04-03,2000-AP,8330,1499.4,9829.4
ACC-INV1791,INV1791,2025-04-04,2000-AP,8467,2370.76,10837.76
ACC-INV1792,INV1792,2025-04-05,2000-AP,8604,430.2,9034.2
ACC-INV1793,INV1793,2025-04-06,2000-AP,8741,1048.92,9789.92
ACC-INV1794,INV1794,2025-04-07,2000-AP,8878,1598.04,10476.04
ACC-INV1795,INV1795,2025-04-08,2000-AP,9015,2524.2,11539.2
ACC-INV1796,INV1796,2025-04-09,2000-AP,9152,457.6,9609.6
ACC-INV1797,INV1797,2025-04-10,2000-AP,9289,1114.68,10403.68
ACC-INV1798,INV1798,2025-04-11,2000-AP,9426,1696.68,11122.68
ACC-INV1799,INV1799,2025-04-12,2000-AP,9563,2677.64,12240.64
ACC-INV1800,INV1800,2025-04-13,2000-AP,9700,485,10185
ACC-INV1802,INV1802,2025-04-15,2000-AP,9974,1795.32,11769.32
ACC-INV1803,INV1803,2025-04-16,2000-AP,10111,2831.08,12942.08
ACC-INV1804,INV1804,2025-04-17,2000-AP,10248,512.4,10760.4
ACC-INV1805,INV1805,2025-04-18,2000-AP,10385,1246.2,11631.2
ACC-INV1806,INV1806,2025-04-19,2000-AP,10522,1893.96,12415.96
ACC-INV1807,INV1807,2025-04-20,2000-AP,10659,2984.52,13643.52
ACC-INV1808,INV1808,2025-04-21,2000-AP,10796,539.8,11335.8
ACC-INV1809,INV1809,2025-04-22,2000-AP,10933,1311.96,12244.96
ACC-INV1810,INV1810,2025-04-23,2000-AP,11070,1992.6,13062.6
ACC-INV1811,INV1811,2025-04-24,2000-AP,11207,3137.96,14344.96
ACC-INV1812,INV1812,2025-04-25,2000-AP,11344,567.2,11911.2
ACC-INV1813,INV1813,2025-04-26,2000-AP,11481,1377.72,12858.72
ACC-INV1814,INV1814,2025-04-27,2000-AP,11618,2091.24,13709.24
ACC-INV1816,INV1816,2025-04-01,2000-AP,11892,594.6,12486.6
ACC-INV1817,INV1817,2025-04-02,2000-AP,12029,1443.48,13472.48
ACC-INV1818,INV1818,2025-04-03,2000-AP,12166,2189.88,14355.88
ACC-INV1819,INV1819,2025-04-04,2000-AP,12303,3444.84,15747.84
ACC-INV1820,INV1820,2025-04-05,2000-AP,12440,622,13062
ACC-INV1821,INV1821,2025-04-06,2000-AP,12577,1509.24,14086.24
ACC-INV1822,INV1822,2025-04-07,2000-AP,12714,2288.52,15002.52
ACC-INV1823,INV1823,2025-04-08,2000-AP,12851,3598.28,16449.28
ACC-INV1824,INV1824,2025-04-09,2000-AP,12988,649.4,13637.4
ACC-INV1825,INV1825,2025-04-10,2000-AP,13125,1575,14700
ACC-INV1826,INV1826,2025-04-11,2000-AP,13262,2387.16,15649.16
ACC-INV1827,INV1827,2025-04-12,2000-AP,13399,3751.72,17150.72
ACC-INV1828,INV1828,2025-04-13,2000-AP,13536,676.8,14212.8
ACC-INV1830,INV1830,2025-04-15,2000-AP,13810,2485.8,16295.8
ACC-INV1831,INV1831,2025-04-16,2000-AP,13947,3905.16,17852.16
ACC-INV1832,INV1832,2025-04-17,2000-AP,14084,704.2,14788.2
ACC-INV1833,INV1833,2025-04-18,2000-AP,14221,1706.52,15927.52
ACC-INV1834,INV1834,2025-04-19,2000-AP,14358,2584.44,16942.44
ACC-INV1835,INV1835,2025-04-20,2000-AP,14495,4058.6,18553.6
ACC-INV1836,INV1836,2025-04-21,2000-AP,14632,731.6,15363.6
ACC-INV1837,INV1837,2025-04-22,2000-AP,14769,1772.28,16541.28
ACC-INV1838,INV1838,2025-04-23,2000-AP,14906,2683.08,17589.08
ACC-INV1839,INV1839,2025-04-24,2000-AP,15043,4212.04,19255.04
ACC-INV1840,INV1840,2025-04-25,2000-AP,15180,759,15939
ACC-INV1841,INV1841,2025-04-26,2000-AP,15317,1838.04,17155.04
ACC-INV1843,INV1843,2025-04-28,2000-AP,15591,4365.48,19956.48
ACC-INV1844,INV1844,2025-04-01,2000-AP,15728,786.4,16514.4
ACC-INV1845,INV1845,2025-04-02,2000-AP,15865,1903.8,17768.8
ACC-INV1846,INV1846,2025-04-03,2000-AP,16002,2880.36,18882.36
ACC-INV1847,INV1847,2025-04-04,2000-AP,16139,4518.92,20657.92
ACC-INV1848,INV1848,2025-04-05,2000-AP,16276,813.8,17089.8
ACC-INV1849,INV1849,2025-04-06,2000-AP,16413,1969.56,18382.56
ACC-INV1850,INV1850,2025-04-07,2000-AP,16550,2979,19529
ACC-INV1851,INV1851,2025-04-08,2000-AP,16687,4672.36,21359.36
ACC-INV1852,INV1852,2025-04-09,2000-AP,16824,841.2,17665.2
ACC-INV1853,INV1853,2025-04-10,2000-AP,16961,2035.32,18996.32
ACC-INV1854,INV1854,2025-04-11,2000-AP,17098,3077.64,20175.64
ACC-INV1855,INV1855,2025-04-12,2000-AP,17235,4825.8,22060.8
ACC-INV1857,INV1857,2025-04-14,2000-AP,17509,2101.08,19610.08
ACC-INV1858,INV1858,2025-04-15,2000-AP,17646,3176.28,20822.28
ACC-INV1859,INV1859,2025-04-16,2000-AP,17783,4979.24,22762.24
ACC-INV1860,INV1860,2025-04-17,2000-AP,17920,896,18816
ACC-INV1861,INV1861,2025-04-18,2000-AP,18057,2166.84,20223.84
ACC-INV1862,INV1862,2025-04-19,2000-AP,18194,3274.92,21468.92
ACC-INV1863,INV1863,2025-04-20,2000-AP,18331,5132.68,23463.68
ACC-INV1864,INV1864,2025-04-21,2000-AP,18468,923.4,19391.4
ACC-INV1865,INV1865,2025-04-22,2000-AP,18605,2232.6,20837.6
ACC-INV1866,INV1866,2025-04-23,2000-AP,18742,3373.56,22115.56
ACC-INV1867,INV1867,2025-04-24,2000-AP,18879,5286.12,24165.12
ACC-INV1868,INV1868,2025-04-25,2000-AP,19016,950.8,19966.8
ACC-INV1869,INV1869,2025-04-26,2000-AP,19153,2298.36,21451.36
ACC-INV1871,INV1871,2025-04-28,2000-AP,19427,5439.56,24866.56
ACC-INV1872,INV1872,2025-04-01,2000-AP,19564,978.2,20542.2
ACC-INV1873,INV1873,2025-04-02,2000-AP,19701,2364.12,22065.12
ACC-INV1874,INV1874,2025-04-03,2000-AP,19838,3570.84,23408.84
ACC-INV1875,INV1875,2025-04-04,2000-AP,19975,5593,25568
ACC-INV1876,INV1876,2025-04-05,2000-AP,20112,1005.6,21117.6
ACC-INV1877,INV1877,2025-04-06,2000-AP,20249,2429.88,22678.88
ACC-INV1878,INV1878,2025-04-07,2000-AP,20386,3669.48,24055.48
ACC-INV1879,INV1879,2025-04-08,2000-AP,20523,5746.44,26269.44
ACC-INV1880,INV1880,2025-04-09,2000-AP,20660,1033,21693
ACC-INV1881,INV1881,2025-04-10,2000-AP,20797,2495.64,23292.64
ACC-INV1882,INV1882,2025-04-11,2000-AP,20934,3768.12,24702.12
ACC-INV1884,INV1884,2025-04-13,2000-AP,21208,1060.4,22268.4
ACC-INV1885,INV1885,2025-04-14,2000-AP,21345,2561.4,23906.4
ACC-INV1886,INV1886,2025-04-15,2000-AP,21482,3866.76,25348.76
ACC-INV1887,INV1887,2025-04-16,2000-AP,21619,6053.32,27672.32
ACC-INV1888,INV1888,2025-04-17,2000-AP,21756,1087.8,22843.8
ACC-INV1889,INV1889,2025-04-18,2000-AP,21893,2627.16,24520.16
ACC-INV1890,INV1890,2025-04-19,2000-AP,22030,3965.4,25995.4
ACC-INV1891,INV1891,2025-04-20,2000-AP,22167,6206.76,28373.76
ACC-INV1892,INV1892,2025-04-21,2000-AP,22304,1115.2,23419.2
ACC-INV1893,INV1893,2025-04-22,2000-AP,22441,2692.92,25133.92
ACC-INV1894,INV1894,2025-04-23,2000-AP,22578,4064.04,26642.04
ACC-INV1895,INV1895,2025-04-24,2000-AP,22715,6360.2,29075.2
ACC-INV1896,INV1896,2025-04-25,2000-AP,22852,1142.6,23994.6
ACC-INV1898,INV1898,2025-04-27,2000-AP,23126,4162.68,27288.68
ACC-INV1899,INV1899,2025-04-28,2000-AP,23263,6513.64,29776.64
ACC-INV1900,INV1900,2025-04-01,2000-AP,23400,1170,24570
ACC-INV1901,INV1901,2025-04-02,2000-AP,23537,2824.44,26361.44
ACC-INV1902,INV1902,2025-04-03,2000-AP,23674,4261.32,27935.32
ACC-INV1903,INV1903,2025-04-04,2000-AP,23811,6667.08,30478.08
ACC-INV1904,INV1904,2025-04-05,2000-AP,23948,1197.4,25145.4
ACC-INV1905,INV1905,2025-04-06,2000-AP,24085,2890.2,26975.2
ACC-INV1906,INV1906,2025-04-07,2000-AP,24222,4359.96,28581.96
ACC-INV1907,INV1907,2025-04-08,2000-AP,24359,6820.52,31179.52
ACC-INV1908,INV1908,2025-04-09,2000-AP,24496,1224.8,25720.8
ACC-INV1909,INV1909,2025-04-10,2000-AP,24633,2955.96,27588.96
ACC-INV1910,INV1910,2025-04-11,2000-AP,24770,4458.6,29228.6
ACC-INV1912,INV1912,2025-04-13,2000-AP,25044,1252.2,26296.2
ACC-INV1913,INV1913,2025-04-14,2000-AP,25181,3021.72,28202.72
ACC-INV1914,INV1914,2025-04-15,2000-AP,25318,4557.24,29875.24
ACC-INV1915,INV1915,2025-04-16,2000-AP,25455,7127.4,32582.4
ACC-INV1916,INV1916,2025-04-17,2000-AP,25592,1279.6,26871.6
ACC-INV1917,INV1917,2025-04-18,2000-AP,25729,3087.48,28816.48
ACC-INV1918,INV1918,2025-04-19,2000-AP,25866,4655.88,30521.88
ACC-INV1919,INV1919,2025-04-20,2000-AP,26003,7280.84,33283.84
ACC-INV1920,INV1920,2025-04-21,2000-AP,26140,1307,27447
ACC-INV1921,INV1921,2025-04-22,2000-AP,26277,3153.24,29430.24
ACC-INV1922,INV1922,2025-04-23,2000-AP,26414,4754.52,31168.52
ACC-INV1923,INV1923,2025-04-24,2000-AP,26551,7434.28,33985.28
ACC-INV1925,INV1925,2025-04-26,2000-AP,26825,3219,30044
ACC-INV1926,INV1926,2025-04-27,2000-AP,26962,4853.16,31815.16
ACC-INV1927,INV1927,2025-04-28,2000-AP,27099,7587.72,34686.72
ACC-INV1928,INV1928,2025-04-01,2000-AP,27236,1361.8,28597.8
ACC-INV1929,INV1929,2025-04-02,2000-AP,27373,3284.76,30657.76
ACC-INV1930,INV1930,2025-04-03,2000-AP,27510,4951.8,32461.8
ACC-INV1931,INV1931,2025-04-04,2000-AP,27647,7741.16,35388.16
ACC-INV1932,INV1932,2025-04-05,2000-AP,27784,1389.2,29173.2
ACC-INV1933,INV1933,2025-04-06,2000-AP,27921,3350.52,31271.52
ACC-INV1934,INV1934,2025-04-07,2000-AP,28058,5050.44,33108.44
ACC-INV1935,INV1935,2025-04-08,2000-AP,28195,7894.6,36089.6
ACC-INV1936,INV1936,2025-04-09,2000-AP,28332,1416.6,29748.6
ACC-INV1937,INV1937,2025-04-10,2000-AP,28469,3416.28,31885.28
ACC-INV1939,INV1939,2025-04-12,2000-AP,28743,8048.04,36791.04
ACC-INV1940,INV1940,2025-04-13,2000-AP,28880,1444,30324
ACC-INV1941,INV1941,2025-04-14,2000-AP,29017,3482.04,32499.04
ACC-INV1942,INV1942,2025-04-15,2000-AP,29154,5247.72,34401.72
ACC-INV1943,INV1943,2025-04-16,2000-AP,29291,8201.48,37492.48
ACC-INV1944,INV1944,2025-04-17,2000-AP,29428,1471.4,30899.4
ACC-INV1945,INV1945,2025-04-18,2000-AP,29565,3547.8,33112.8
ACC-INV1946,INV1946,2025-04-19,2000-AP,29702,5346.36,35048.36
ACC-INV1947,INV1947,2025-04-20,2000-AP,29839,8354.92,38193.92
ACC-INV1948,INV1948,2025-04-21,2000-AP,29976,1498.8,31474.8
ACC-INV1949,INV1949,2025-04-22,2000-AP,30113,3613.56,33726.56
ACC-INV1950,INV1950,2025-04-23,2000-AP,850000,153000,1003000
ACC-INV1951,INV1951,2025-04-24,2000-AP,30387,8508.36,38895.36
ACC-INV1953,INV1953,2025-04-26,2000-AP,30661,3679.32,34340.32
ACC-INV1954,INV1954,2025-04-27,2000-AP,30798,5543.64,36341.64
ACC-INV1955,INV1955,2025-04-28,2000-AP,30935,8661.8,39596.8
ACC-INV1956,INV1956,2025-04-01,2000-AP,31072,1553.6,32625.6
ACC-INV1957,INV1957,2025-04-02,2000-AP,31209,3745.08,34954.08
ACC-INV1958,INV1958,2025-04-03,2000-AP,31346,5642.28,36988.28
ACC-INV1959,INV1959,2025-04-04,2000-AP,31483,8815.24,40298.24
ACC-INV1960,INV1960,2025-04-05,2000-AP,31620,1581,33201
ACC-INV1961,INV1961,2025-04-06,2000-AP,31757,3810.84,35567.84
ACC-INV1962,INV1962,2025-04-07,2000-AP,31894,5740.92,37634.92
ACC-INV1963,INV1963,2025-04-08,2000-AP,32031,8968.68,40999.68
ACC-INV1964,INV1964,2025-04-09,2000-AP,32168,1608.4,33776.4
ACC-INV1965,INV1965,2025-04-10,2000-AP,32305,3876.6,36181.6
ACC-INV1967,INV1967,2025-04-12,2000-AP,32579,9122.12,41701.12
ACC-INV1968,INV1968,2025-04-13,2000-AP,32716,1635.8,34351.8
ACC-INV1969,INV1969,2025-04-14,2000-AP,32853,3942.36,36795.36
ACC-INV1970,INV1970,2025-04-15,2000-AP,32990,5938.2,38928.2
ACC-INV1971,INV1971,2025-04-16,2000-AP,33127,9275.56,42402.56
ACC-INV1972,INV1972,2025-04-17,2000-AP,33264,1663.2,34927.2
ACC-INV1973,INV1973,2025-04-18,2000-AP,33401,4008.12,37409.12
ACC-INV1974,INV1974,2025-04-19,2000-AP,33538,6036.84,39574.84
ACC-INV1975,INV1975,2025-04-20,2000-AP,33675,9429,43104
ACC-INV1976,INV1976,2025-04-21,2000-AP,33812,1690.6,35502.6
ACC-INV1977,INV1977,2025-04-22,2000-AP,33949,4073.88,38022.88
ACC-INV1978,INV1978,2025-04-23,2000-AP,34086,6135.48,40221.48
ACC-INV1980,INV1980,2025-04-25,2000-AP,34360,1718,36078
ACC-INV1981,INV1981,2025-04-26,2000-AP,34497,4139.64,38636.64
ACC-INV1982,INV1982,2025-04-27,2000-AP,34634,6234.12,40868.12
ACC-INV1983,INV1983,2025-04-28,2000-AP,34771,9735.88,44506.88
ACC-INV1984,INV1984,2025-04-01,2000-AP,34908,1745.4,36653.4
ACC-INV1985,INV1985,2025-04-02,2000-AP,35045,4205.4,39250.4
ACC-INV1986,INV1986,2025-04-03,2000-AP,35182,6332.76,41514.76
ACC-INV1987,INV1987,2025-04-04,2000-AP,35319,9889.32,45208.32
ACC-INV1988,INV1988,2025-04-05,2000-AP,35456,1772.8,37228.8
ACC-INV1989,INV1989,2025-04-06,2000-AP,35593,4271.16,39864.16
ACC-INV1990,INV1990,2025-04-07,2000-AP,35730,6431.4,42161.4
ACC-INV1991,INV1991,2025-04-08,2000-AP,35867,10042.76,45909.76
ACC-INV1992,INV1992,2025-04-09,2000-AP,36004,1800.2,37804.2
ACC-INV1994,INV1994,2025-04-11,2000-AP,36278,6530.04,42808.04
ACC-INV1995,INV1995,2025-04-12,2000-AP,36415,10196.2,46611.2
ACC-INV1996,INV1996,2025-04-13,2000-AP,36552,1827.6,38379.6
ACC-INV1997,INV1997,2025-04-14,2000-AP,36689,4402.68,41091.68
ACC-INV1998,INV1998,2025-04-15,2000-AP,36826,6628.68,43454.68
ACC-INV1999,INV1999,2025-04-16,2000-AP,36963,10349.64,47312.64
ACC-INV2000,INV2000,2025-04-17,2000-AP,37100,1855,38955
ACC-INV2001,INV2001,2025-04-18,2000-AP,37237,4468.44,41705.44
ACC-INV2002,INV2002,2025-04-19,2000-AP,37374,6727.32,44101.32
ACC-INV2003,INV2003,2025-04-20,2000-AP,37511,10503.08,48014.08
ACC-INV2004,INV2004,2025-04-21,2000-AP,37648,1882.4,39530.4
ACC-INV2005,INV2005,2025-04-22,2000-AP,37785,4534.2,42319.2
ACC-INV2006,INV2006,2025-04-23,2000-AP,37922,6825.96,44747.96
ACC-INV2008,INV2008,2025-04-25,2000-AP,38196,1909.8,40105.8
ACC-INV2009,INV2009,2025-04-26,2000-AP,38333,4599.96,42932.96
ACC-INV2010,INV2010,2025-04-27,2000-AP,38470,6924.6,45394.6
ACC-INV2011,INV2011,2025-04-28,2000-AP,38607,10809.96,49416.96
ACC-INV2012,INV2012,2025-04-01,2000-AP,38744,1937.2,40681.2
ACC-INV2013,INV2013,2025-04-02,2000-AP,38881,4665.72,43546.72
ACC-INV2014,INV2014,2025-04-03,2000-AP,39018,7023.24,46041.24
ACC-INV2015,INV2015,2025-04-04,2000-AP,39155,10963.4,50118.4
ACC-INV2016,INV2016,2025-04-05,2000-AP,39292,1964.6,41256.6
ACC-INV2017,INV2017,2025-04-06,2000-AP,39429,4731.48,44160.48
ACC-INV2018,INV2018,2025-04-07,2000-AP,39566,7121.88,46687.88
ACC-INV2019,INV2019,2025-04-08,2000-AP,39703,11116.84,50819.84
ACC-INV2021,INV2021,2025-04-10,2000-AP,39977,4797.24,44774.24
ACC-INV2022,INV2022,2025-04-11,2000-AP,40114,7220.52,47334.52
ACC-INV2023,INV2023,2025-04-12,2000-AP,40251,11270.28,51521.28
ACC-INV2024,INV2024,2025-04-13,2000-AP,40388,2019.4,42407.4
ACC-INV2025,INV2025,2025-04-14,2000-AP,40525,4863,45388
ACC-INV2026,INV2026,2025-04-15,2000-AP,40662,7319.16,47981.16
ACC-INV2027,INV2027,2025-04-16,2000-AP,40799,11423.72,52222.72
ACC-INV2028,INV2028,2025-04-17,2000-AP,40936,2046.8,42982.8
ACC-INV2029,INV2029,2025-04-18,2000-AP,41073,4928.76,46001.76
ACC-INV2030,INV2030,2025-04-19,2000-AP,41210,7417.8,48627.8
ACC-INV2031,INV2031,2025-04-20,2000-AP,41347,11577.16,52924.16
ACC-INV2032,INV2032,2025-04-21,2000-AP,41484,2074.2,43558.2
ACC-INV2033,INV2033,2025-04-22,2000-AP,41621,4994.52,46615.52
ACC-INV2035,INV2035,2025-04-24,2000-AP,41895,11730.6,53625.6
ACC-INV2036,INV2036,2025-04-25,2000-AP,42032,2101.6,44133.6
ACC-INV2037,INV2037,2025-04-26,2000-AP,42169,5060.28,47229.28
ACC-INV2038,INV2038,2025-04-27,2000-AP,42306,7615.08,49921.08
ACC-INV2039,INV2039,2025-04-28,2000-AP,42443,11884.04,54327.04
ACC-INV2040,INV2040,2025-04-01,2000-AP,42580,2129,44709
ACC-INV2041,INV2041,2025-04-02,2000-AP,42717,5126.04,47843.04
ACC-INV2042,INV2042,2025-04-03,2000-AP,42854,7713.72,50567.72
ACC-INV2043,INV2043,2025-04-04,2000-AP,42991,12037.48,55028.48
ACC-INV2044,INV2044,2025-04-05,2000-AP,43128,2156.4,45284.4
ACC-INV2045,INV2045,2025-04-06,2000-AP,43265,5191.8,48456.8
ACC-INV2046,INV2046,2025-04-07,2000-AP,43402,7812.36,51214.36
ACC-INV2047,INV2047,2025-04-08,2000-AP,43539,12190.92,55729.92
ACC-INV2049,INV2049,2025-04-10,2000-AP,43813,5257.56,49070.56
ACC-INV2050,INV2050,2025-04-11,2000-AP,43950,7911,51861
ACC-INV2051,INV2051,2025-04-12,2000-AP,44087,12344.36,56431.36
ACC-INV2052,INV2052,2025-04-13,2000-AP,44224,2211.2,46435.2
ACC-INV2053,INV2053,2025-04-14,2000-AP,44361,5323.32,49684.32
ACC-INV2054,INV2054,2025-04-15,2000-AP,44498,8009.64,52507.64
ACC-INV2055,INV2055,2025-04-16,2000-AP,44635,12497.8,57132.8
ACC-INV2056,INV2056,2025-04-17,2000-AP,44772,2238.6,47010.6
ACC-INV2057,INV2057,2025-04-18,2000-AP,44909,5389.08,50298.08
ACC-INV2058,INV2058,2025-04-19,2000-AP,45046,8108.28,53154.28
ACC-INV2059,INV2059,2025-04-20,2000-AP,45183,12651.24,57834.24
ACC-INV2060,INV2060,2025-04-21,2000-AP,45320,2266,47586
ACC-INV2062,INV2062,2025-04-23,2000-AP,45594,8206.92,53800.92
ACC-INV2063,INV2063,2025-04-24,2000-AP,45731,12804.68,58535.68
ACC-INV2064,INV2064,2025-04-25,2000-AP,45868,2293.4,48161.4
ACC-INV2065,INV2065,2025-04-26,2000-AP,46005,5520.6,51525.6
ACC-INV2066,INV2066,2025-04-27,2000-AP,46142,8305.56,54447.56
ACC-INV2067,INV2067,2025-04-28,2000-AP,46279,12958.12,59237.12
ACC-INV2068,INV2068,2025-04-01,2000-AP,46416,2320.8,48736.8
ACC-INV2069,INV2069,2025-04-02,2000-AP,46553,5586.36,52139.36
ACC-INV2070,INV2070,2025-04-03,2000-AP,46690,8404.2,55094.2
ACC-INV2071,INV2071,2025-04-04,2000-AP,46827,13111.56,59938.56
ACC-INV2072,INV2072,2025-04-05,2000-AP,46964,2348.2,49312.2
ACC-INV2073,INV2073,2025-04-06,2000-AP,47101,5652.12,52753.12
ACC-INV2074,INV2074,2025-04-07,2000-AP,47238,8502.84,55740.84
ACC-INV2076,INV2076,2025-04-09,2000-AP,47512,2375.6,49887.6
ACC-INV2077,INV2077,2025-04-10,2000-AP,47649,5717.88,53366.88
ACC-INV2078,INV2078,2025-04-11,2000-AP,47786,8601.48,56387.48
ACC-INV2079,INV2079,2025-04-12,2000-AP,47923,13418.44,61341.44
ACC-INV2080,INV2080,2025-04-13,2000-AP,48060,2403,50463
ACC-INV2081,INV2081,2025-04-14,2000-AP,48197,5783.64,53980.64
ACC-INV2082,INV2082,2025-04-15,2000-AP,48334,8700.12,57034.12
ACC-INV2083,INV2083,2025-04-16,2000-AP,48471,13571.88,62042.88
ACC-INV2084,INV2084,2025-04-17,2000-AP,48608,2430.4,51038.4
ACC-INV2085,INV2085,2025-04-18,2000-AP,48745,5849.4,54594.4
ACC-INV2086,INV2086,2025-04-19,2000-AP,48882,8798.76,57680.76
ACC-INV2087,INV2087,2025-04-20,2000-AP,49019,13725.32,62744.32
ACC-INV2088,INV2088,2025-04-21,2000-AP,49156,2457.8,51613.8
ACC-INV2090,INV2090,2025-04-23,2000-AP,49430,8897.4,58327.4
ACC-INV2091,INV2091,2025-04-24,2000-AP,49567,13878.76,63445.76
ACC-INV2092,INV2092,2025-04-25,2000-AP,49704,2485.2,52189.2
ACC-INV2093,INV2093,2025-04-26,2000-AP,49841,5980.92,55821.92
ACC-INV2094,INV2094,2025-04-27,2000-AP,49978,8996.04,58974.04
ACC-INV2095,INV2095,2025-04-28,2000-AP,50115,14032.2,64147.2
ACC-INV2096,INV2096,2025-04-01,2000-AP,50252,2512.6,52764.6
ACC-INV2097,INV2097,2025-04-02,2000-AP,50389,6046.68,56435.68
ACC-INV2098,INV2098,2025-04-03,2000-AP,50526,9094.68,59620.68
ACC-INV2099,INV2099,2025-04-04,2000-AP,50663,14185.64,64848.64
ACC-INV2100,INV2100,2025-04-05,2000-AP,50800,2540,53340
ACC-INV2101,INV2101,2025-04-06,2000-AP,50937,6112.44,57049.44
ACC-INV2102,INV2102,2025-04-07,2000-AP,51074,9193.32,60267.32
ACC-INV2104,INV2104,2025-04-09,2000-AP,51348,2567.4,53915.4
ACC-INV2105,INV2105,2025-04-10,2000-AP,51485,6178.2,57663.2
ACC-INV2106,INV2106,2025-04-11,2000-AP,51622,9291.96,60913.96
ACC-INV2107,INV2107,2025-04-12,2000-AP,51759,14492.52,66251.52
ACC-INV2108,INV2108,2025-04-13,2000-AP,51896,2594.8,54490.8
ACC-INV2109,INV2109,2025-04-14,2000-AP,52033,6243.96,58276.96
ACC-INV2110,INV2110,2025-04-15,2000-AP,52170,9390.6,61560.6
ACC-INV2111,INV2111,2025-04-16,2000-AP,52307,14645.96,66952.96
ACC-INV2112,INV2112,2025-04-17,2000-AP,52444,2622.2,55066.2
ACC-INV2113,INV2113,2025-04-18,2000-AP,52581,6309.72,58890.72
ACC-INV2114,INV2114,2025-04-19,2000-AP,52718,9489.24,62207.24
ACC-INV2115,INV2115,2025-04-20,2000-AP,52855,14799.4,67654.4
ACC-INV2117,INV2117,2025-04-22,2000-AP,53129,6375.48,59504.48
ACC-INV2118,INV2118,2025-04-23,2000-AP,53266,9587.88,62853.88
ACC-INV2119,INV2119,2025-04-24,2000-AP,53403,14952.84,68355.84
ACC-INV2120,INV2120,2025-04-25,2000-AP,53540,2677,56217
ACC-INV2121,INV2121,2025-04-26,2000-AP,53677,6441.24,60118.24
ACC-INV2122,INV2122,2025-04-27,2000-AP,53814,9686.52,63500.52
ACC-INV2123,INV2123,2025-04-28,2000-AP,53951,15106.28,69057.28
ACC-INV2124,INV2124,2025-04-01,2000-AP,54088,2704.4,56792.4
ACC-INV2125,INV2125,2025-04-02,2000-AP,54225,6507,60732
ACC-INV2126,INV2126,2025-04-03,2000-AP,54362,9785.16,64147.16
ACC-INV2127,INV2127,2025-04-04,2000-AP,54499,15259.72,69758.72
ACC-INV2128,INV2128,2025-04-05,2000-AP,54636,2731.8,57367.8
ACC-INV2129,INV2129,2025-04-06,2000-AP,54773,6572.76,61345.76
ACC-INV2131,INV2131,2025-04-08,2000-AP,55047,15413.16,70460.16
ACC-INV2132,INV2132,2025-04-09,2000-AP,55184,2759.2,57943.2
ACC-INV2133,INV2133,2025-04-10,2000-AP,55321,6638.52,61959.52
ACC-INV2134,INV2134,2025-04-11,2000-AP,55458,9982.44,65440.44
ACC-INV2135,INV2135,2025-04-12,2000-AP,55595,15566.6,71161.6
ACC-INV2136,INV2136,2025-04-13,2000-AP,55732,2786.6,58518.6
ACC-INV2137,INV2137,2025-04-14,2000-AP,55869,6704.28,62573.28
ACC-INV2138,INV2138,2025-04-15,2000-AP,56006,10081.08,66087.08
ACC-INV2139,INV2139,2025-04-16,2000-AP,56143,15720.04,71863.04
ACC-INV2140,INV2140,2025-04-17,2000-AP,56280,2814,59094
ACC-INV2141,INV2141,2025-04-18,2000-AP,56417,6770.04,63187.04
ACC-INV2142,INV2142,2025-04-19,2000-AP,56554,10179.72,66733.72
ACC-INV2143,INV2143,2025-04-20,2000-AP,56691,15873.48,72564.48
ACC-INV2145,INV2145,2025-04-22,2000-AP,56965,6835.8,63800.8
ACC-INV2146,INV2146,2025-04-23,2000-AP,57102,10278.36,67380.36
ACC-INV2147,INV2147,2025-04-24,2000-AP,57239,16026.92,73265.92
ACC-INV2148,INV2148,2025-04-25,2000-AP,57376,2868.8,60244.8
ACC-INV2149,INV2149,2025-04-26,2000-AP,57513,6901.56,64414.56
ACC-INV2150,INV2150,2025-04-27,2000-AP,57650,10377,68027
ACC-INV2151,INV2151,2025-04-28,2000-AP,57787,16180.36,73967.36
ACC-INV2152,INV2152,2025-04-01,2000-AP,57924,2896.2,60820.2
ACC-INV2153,INV2153,2025-04-02,2000-AP,58061,6967.32,65028.32
ACC-INV2154,INV2154,2025-04-03,2000-AP,58198,10475.64,68673.64
ACC-INV2155,INV2155,2025-04-04,2000-AP,58335,16333.8,74668.8
ACC-INV2156,INV2156,2025-04-05,2000-AP,58472,2923.6,61395.6
ACC-INV2158,INV2158,2025-04-07,2000-AP,58746,10574.28,69320.28
ACC-INV2159,INV2159,2025-04-08,2000-AP,58883,16487.24,75370.24
ACC-INV2160,INV2160,2025-04-09,2000-AP,59020,2951,61971
ACC-INV2161,INV2161,2025-04-10,2000-AP,59157,7098.84,66255.84
ACC-INV2162,INV2162,2025-04-11,2000-AP,59294,10672.92,69966.92
ACC-INV2163,INV2163,2025-04-12,2000-AP,59431,16640.68,76071.68
ACC-INV2164,INV2164,2025-04-13,2000-AP,59568,2978.4,62546.4
ACC-INV2165,INV2165,2025-04-14,2000-AP,59705,7164.6,66869.6
ACC-INV2166,INV2166,2025-04-15,2000-AP,59842,10771.56,70613.56
ACC-INV2167,INV2167,2025-04-16,2000-AP,59979,16794.12,76773.12
ACC-INV2168,INV2168,2025-04-17,2000-AP,60116,3005.8,63121.8
ACC-INV2169,INV2169,2025-04-18,2000-AP,60253,7230.36,67483.36
ACC-INV2170,INV2170,2025-04-19,2000-AP,60390,10870.2,71260.2
ACC-INV2172,INV2172,2025-04-21,2000-AP,60664,3033.2,63697.2
ACC-INV2173,INV2173,2025-04-22,2000-AP,60801,7296.12,68097.12
ACC-INV2174,INV2174,2025-04-23,2000-AP,60938,10968.84,71906.84
ACC-INV2175,INV2175,2025-04-24,2000-AP,61075,17101,78176
ACC-INV2176,INV2176,2025-04-25,2000-AP,61212,3060.6,64272.6
ACC-INV2177,INV2177,2025-04-26,2000-AP,61349,7361.88,68710.88
ACC-INV2178,INV2178,2025-04-27,2000-AP,61486,11067.48,72553.48
ACC-INV2179,INV2179,2025-04-28,2000-AP,61623,17254.44,78877.44
ACC-INV2180,INV2180,2025-04-01,2000-AP,61760,3088,64848
ACC-INV2181,INV2181,2025-04-02,2000-AP,61897,7427.64,69324.64
ACC-INV2182,INV2182,2025-04-03,2000-AP,62034,11166.12,73200.12
ACC-INV2183,INV2183,2025-04-04,2000-AP,62171,17407.88,79578.88
ACC-INV2184,INV2184,2025-04-05,2000-AP,62308,3115.4,65423.4
ACC-INV2186,INV2186,2025-04-07,2000-AP,62582,11264.76,73846.76
ACC-INV2187,INV2187,2025-04-08,2000-AP,62719,17561.32,80280.32
ACC-INV2188,INV2188,2025-04-09,2000-AP,62856,3142.8,65998.8
ACC-INV2189,INV2189,2025-04-10,2000-AP,62993,7559.16,70552.16
ACC-INV2190,INV2190,2025-04-11,2000-AP,63130,11363.4,74493.4
ACC-INV2191,INV2191,2025-04-12,2000-AP,63267,17714.76,80981.76
ACC-INV2192,INV2192,2025-04-13,2000-AP,63404,3170.2,66574.2
ACC-INV2193,INV2193,2025-04-14,2000-AP,63541,7624.92,71165.92
ACC-INV2194,INV2194,2025-04-15,2000-AP,63678,11462.04,75140.04
ACC-INV2195,INV2195,2025-04-16,2000-AP,63815,17868.2,81683.2
ACC-INV2196,INV2196,2025-04-17,2000-AP,63952,3197.6,67149.6
ACC-INV2197,INV2197,2025-04-18,2000-AP,64089,7690.68,71779.68
ACC-INV2199,INV2199,2025-04-20,2000-AP,64363,18021.64,82384.64
ACC-INV2200,INV2200,2025-04-21,2000-AP,1050000,52500,1102500
ACC-INV2201,INV2201,2025-04-22,2000-AP,64637,7756.44,72393.44
ACC-INV2202,INV2202,2025-04-23,2000-AP,64774,11659.32,76433.32
ACC-INV2203,INV2203,2025-04-24,2000-AP,64911,18175.08,83086.08
ACC-INV2204,INV2204,2025-04-25,2000-AP,65048,3252.4,68300.4
ACC-INV2205,INV2205,2025-04-26,2000-AP,65185,7822.2,73007.2
ACC-INV2206,INV2206,2025-04-27,2000-AP,65322,11757.96,77079.96
ACC-INV2207,INV2207,2025-04-28,2000-AP,65459,18328.52,83787.52
ACC-INV2208,INV2208,2025-04-01,2000-AP,65596,3279.8,68875.8
ACC-INV2209,INV2209,2025-04-02,2000-AP,65733,7887.96,73620.96
ACC-INV2210,INV2210,2025-04-03,2000-AP,65870,11856.6,77726.6
ACC-INV2211,INV2211,2025-04-04,2000-AP,66007,18481.96,84488.96
ACC-INV2213,INV2213,2025-04-06,2000-AP,66281,7953.72,74234.72
ACC-INV2214,INV2214,2025-04-07,2000-AP,66418,11955.24,78373.24
ACC-INV2215,INV2215,2025-04-08,2000-AP,66555,18635.4,85190.4
ACC-INV2216,INV2216,2025-04-09,2000-AP,66692,3334.6,70026.6
ACC-INV2217,INV2217,2025-04-10,2000-AP,66829,8019.48,74848.48
ACC-INV2218,INV2218,2025-04-11,2000-AP,66966,12053.88,79019.88
ACC-INV2219,INV2219,2025-04-12,2000-AP,67103,18788.84,85891.84
ACC-INV2220,INV2220,2025-04-13,2000-AP,67240,3362,70602
ACC-INV2221,INV2221,2025-04-14,2000-AP,67377,8085.24,75462.24
ACC-INV2222,INV2222,2025-04-15,2000-AP,67514,12152.52,79666.52
ACC-INV2223,INV2223,2025-04-16,2000-AP,67651,18942.28,86593.28
ACC-INV2224,INV2224,2025-04-17,2000-AP,67788,3389.4,71177.4
ACC-INV2225,INV2225,2025-04-18,2000-AP,67925,8151,76076
ACC-INV2227,INV2227,2025-04-20,2000-AP,68199,19095.72,87294.72
ACC-INV2228,INV2228,2025-04-21,2000-AP,68336,3416.8,71752.8
ACC-INV2229,INV2229,2025-04-22,2000-AP,68473,8216.76,76689.76
ACC-INV2230,INV2230,2025-04-23,2000-AP,68610,12349.8,80959.8
ACC-INV2231,INV2231,2025-04-24,2000-AP,68747,19249.16,87996.16
ACC-INV2232,INV2232,2025-04-25,2000-AP,68884,3444.2,72328.2
ACC-INV2233,INV2233,2025-04-26,2000-AP,69021,8282.52,77303.52
ACC-INV2234,INV2234,2025-04-27,2000-AP,69158,12448.44,81606.44
ACC-INV2235,INV2235,2025-04-28,2000-AP,69295,19402.6,88697.6
ACC-INV2236,INV2236,2025-04-01,2000-AP,69432,3471.6,72903.6
ACC-INV2237,INV2237,2025-04-02,2000-AP,69569,8348.28,77917.28
ACC-INV2238,INV2238,2025-04-03,2000-AP,69706,12547.08,82253.08
ACC-INV2239,INV2239,2025-04-04,2000-AP,69843,19556.04,89399.04
ACC-INV2240,INV2240,2025-04-05,2000-AP,69980,3499,73479
ACC-INV2241,INV2241,2025-04-06,2000-AP,70117,8414.04,78531.04
ACC-INV2242,INV2242,2025-04-07,2000-AP,70254,12645.72,82899.72
ACC-INV2243,INV2243,2025-04-08,2000-AP,70391,19709.48,90100.48
ACC-INV2244,INV2244,2025-04-09,2000-AP,70528,3526.4,74054.4
ACC-INV2245,INV2245,2025-04-10,2000-AP,70665,8479.8,79144.8
ACC-INV2246,INV2246,2025-04-11,2000-AP,70802,12744.36,83546.36
ACC-INV2247,INV2247,2025-04-12,2000-AP,70939,19862.92,90801.92
ACC-INV2248,INV2248,2025-04-13,2000-AP,71076,3553.8,74629.8
ACC-INV2249,INV2249,2025-04-14,2000-AP,71213,8545.56,79758.56
ACC-INV2250,INV2250,2025-04-15,2000-AP,71350,12843,84193
ACC-INV2251,INV2251,2025-04-16,2000-AP,71487,20016.36,91503.36
ACC-INV2252,INV2252,2025-04-17,2000-AP,71624,3581.2,75205.2
ACC-INV2254,INV2254,2025-04-19,2000-AP,71898,12941.64,84839.64
ACC-INV2255,INV2255,2025-04-20,2000-AP,72035,20169.8,92204.8
ACC-INV2256,INV2256,2025-04-21,2000-AP,72172,3608.6,75780.6
ACC-INV2257,INV2257,2025-04-22,2000-AP,72309,8677.08,80986.08
ACC-INV2258,INV2258,2025-04-23,2000-AP,72446,13040.28,85486.28
ACC-INV2259,INV2259,2025-04-24,2000-AP,72583,20323.24,92906.24
ACC-INV2260,INV2260,2025-04-25,2000-AP,72720,3636,76356
ACC-INV2261,INV2261,2025-04-26,2000-AP,72857,8742.84,81599.84
ACC-INV2262,INV2262,2025-04-27,2000-AP,72994,13138.92,86132.92
ACC-INV2263,INV2263,2025-04-28,2000-AP,73131,20476.68,93607.68
ACC-INV2264,INV2264,2025-04-01,2000-AP,73268,3663.4,76931.4
ACC-INV2265,INV2265,2025-04-02,2000-AP,73405,8808.6,82213.6
ACC-INV2266,INV2266,2025-04-03,2000-AP,73542,13237.56,86779.56
ACC-INV2268,INV2268,2025-04-05,2000-AP,73816,3690.8,77506.8
ACC-INV2269,INV2269,2025-04-06,2000-AP,73953,8874.36,82827.36
ACC-INV2270,INV2270,2025-04-07,2000-AP,74090,13336.2,87426.2
ACC-INV2271,INV2271,2025-04-08,2000-AP,74227,20783.56,95010.56
ACC-INV2272,INV2272,2025-04-09,2000-AP,74364,3718.2,78082.2
ACC-INV2273,INV2273,2025-04-10,2000-AP,74501,8940.12,83441.12
ACC-INV2274,INV2274,2025-04-11,2000-AP,74638,13434.84,88072.84
ACC-INV2275,INV2275,2025-04-12,2000-AP,74775,20937,95712
ACC-INV2276,INV2276,2025-04-13,2000-AP,74912,3745.6,78657.6
ACC-INV2277,INV2277,2025-04-14,2000-AP,75049,9005.88,84054.88
ACC-INV2278,INV2278,2025-04-15,2000-AP,75186,13533.48,88719.48
ACC-INV2279,INV2279,2025-04-16,2000-AP,75323,21090.44,96413.44
ACC-INV2280,INV2280,2025-04-17,2000-AP,75460,3773,79233
ACC-INV2282,INV2282,2025-04-19,2000-AP,75734,13632.12,89366.12
ACC-INV2283,INV2283,2025-04-20,2000-AP,75871,21243.88,97114.88
ACC-INV2284,INV2284,2025-04-21,2000-AP,76008,3800.4,79808.4
ACC-INV2285,INV2285,2025-04-22,2000-AP,76145,9137.4,85282.4
ACC-INV2286,INV2286,2025-04-23,2000-AP,76282,13730.76,90012.76
ACC-INV2287,INV2287,2025-04-24,2000-AP,76419,21397.32,97816.32
ACC-INV2288,INV2288,2025-04-25,2000-AP,76556,3827.8,80383.8
ACC-INV2289,INV2289,2025-04-26,2000-AP,76693,9203.16,85896.16
ACC-INV2290,INV2290,2025-04-27,2000-AP,76830,13829.4,90659.4
ACC-INV2291,INV2291,2025-04-28,2000-AP,76967,21550.76,98517.76
ACC-INV2292,INV2292,2025-04-01,2000-AP,77104,3855.2,80959.2
ACC-INV2293,INV2293,2025-04-02,2000-AP,77241,9268.92,86509.92
ACC-INV2295,INV2295,2025-04-04,2000-AP,2515,704.2,3219.2
ACC-INV2296,INV2296,2025-04-05,2000-AP,2652,132.6,2784.6
ACC-INV2297,INV2297,2025-04-06,2000-AP,2789,334.68,3123.68
ACC-INV2298,INV2298,2025-04-07,2000-AP,2926,526.68,3452.68
ACC-INV2299,INV2299,2025-04-08,2000-AP,3063,857.64,3920.64
ACC-INV2300,INV2300,2025-04-09,2000-AP,3200,160,3360
ACC-INV2301,INV2301,2025-04-10,2000-AP,3337,400.44,3737.44
ACC-INV2302,INV2302,2025-04-11,2000-AP,3474,625.32,4099.32
ACC-INV2303,INV2303,2025-04-12,2000-AP,3611,1011.08,4622.08
ACC-INV2304,INV2304,2025-04-13,2000-AP,3748,187.4,3935.4
ACC-INV2305,INV2305,2025-04-14,2000-AP,3885,466.2,4351.2
ACC-INV2306,INV2306,2025-04-15,2000-AP,4022,723.96,4745.96
ACC-INV2307,INV2307,2025-04-16,2000-AP,4159,1164.52,5323.52
ACC-INV2309,INV2309,2025-04-18,2000-AP,4433,531.96,4964.96
ACC-INV2310,INV2310,2025-04-19,2000-AP,4570,822.6,5392.6
ACC-INV2311,INV2311,2025-04-20,2000-AP,4707,1317.96,6024.96
ACC-INV2312,INV2312,2025-04-21,2000-AP,4844,242.2,5086.2
ACC-INV2313,INV2313,2025-04-22,2000-AP,4981,597.72,5578.72
ACC-INV2314,INV2314,2025-04-23,2000-AP,5118,921.24,6039.24
ACC-INV2315,INV2315,2025-04-24,2000-AP,5255,1471.4,6726.4
ACC-INV2316,INV2316,2025-04-25,2000-AP,5392,269.6,5661.6
ACC-INV2317,INV2317,2025-04-26,2000-AP,5529,663.48,6192.48
ACC-INV2318,INV2318,2025-04-27,2000-AP,5666,1019.88,6685.88
ACC-INV2319,INV2319,2025-04-28,2000-AP,5803,1624.84,7427.84
ACC-INV2320,INV2320,2025-04-01,2000-AP,5940,297,6237
ACC-INV2321,INV2321,2025-04-02,2000-AP,6077,729.24,6806.24
ACC-INV2323,INV2323,2025-04-04,2000-AP,6351,1778.28,8129.28
ACC-INV2324,INV2324,2025-04-05,2000-AP,6488,324.4,6812.4
ACC-INV2325,INV2325,2025-04-06,2000-AP,6625,795,7420
ACC-INV2326,INV2326,2025-04-07,2000-AP,6762,1217.16,7979.16
ACC-INV2327,INV2327,2025-04-08,2000-AP,6899,1931.72,8830.72
ACC-INV2328,INV2328,2025-04-09,2000-AP,7036,351.8,7387.8
ACC-INV2329,INV2329,2025-04-10,2000-AP,7173,860.76,8033.76
ACC-INV2330,INV2330,2025-04-11,2000-AP,7310,1315.8,8625.8
ACC-INV2331,INV2331,2025-04-12,2000-AP,7447,2085.16,9532.16
ACC-INV2332,INV2332,2025-04-13,2000-AP,7584,379.2,7963.2
ACC-INV2333,INV2333,2025-04-14,2000-AP,7721,926.52,8647.52
ACC-INV2334,INV2334,2025-04-15,2000-AP,7858,1414.44,9272.44
ACC-INV2336,INV2336,2025-04-17,2000-AP,8132,406.6,8538.6
ACC-INV2337,INV2337,2025-04-18,2000-AP,8269,992.28,9261.28
ACC-INV2338,INV2338,2025-04-19,2000-AP,8406,1513.08,9919.08
ACC-INV2339,INV2339,2025-04-20,2000-AP,8543,2392.04,10935.04
ACC-INV2340,INV2340,2025-04-21,2000-AP,8680,434,9114
ACC-INV2341,INV2341,2025-04-22,2000-AP,8817,1058.04,9875.04
ACC-INV2342,INV2342,2025-04-23,2000-AP,8954,1611.72,10565.72
ACC-INV2343,INV2343,2025-04-24,2000-AP,9091,2545.48,11636.48
ACC-INV2344,INV2344,2025-04-25,2000-AP,9228,461.4,9689.4
ACC-INV2345,INV2345,2025-04-26,2000-AP,9365,1123.8,10488.8
ACC-INV2346,INV2346,2025-04-27,2000-AP,9502,1710.36,11212.36
ACC-INV2347,INV2347,2025-04-28,2000-AP,9639,2698.92,12337.92
ACC-INV2348,INV2348,2025-04-01,2000-AP,9776,488.8,10264.8
ACC-INV2350,INV2350,2025-04-03,2000-AP,10050,1809,11859
ACC-INV2351,INV2351,2025-04-04,2000-AP,10187,2852.36,13039.36
ACC-INV2352,INV2352,2025-04-05,2000-AP,10324,516.2,10840.2
ACC-INV2353,INV2353,2025-04-06,2000-AP,10461,1255.32,11716.32
ACC-INV2354,INV2354,2025-04-07,2000-AP,10598,1907.64,12505.64
ACC-INV2355,INV2355,2025-04-08,2000-AP,10735,3005.8,13740.8
ACC-INV2356,INV2356,2025-04-09,2000-AP,10872,543.6,11415.6
ACC-INV2357,INV2357,2025-04-10,2000-AP,11009,1321.08,12330.08
ACC-INV2358,INV2358,2025-04-11,2000-AP,11146,2006.28,13152.28
ACC-INV2359,INV2359,2025-04-12,2000-AP,11283,3159.24,14442.24
ACC-INV2360,INV2360,2025-04-13,2000-AP,11420,571,11991
ACC-INV2361,INV2361,2025-04-14,2000-AP,11557,1386.84,12943.84
ACC-INV2362,INV2362,2025-04-15,2000-AP,11694,2104.92,13798.92
ACC-INV2364,INV2364,2025-04-17,2000-AP,11968,598.4,12566.4
ACC-INV2365,INV2365,2025-04-18,2000-AP,12105,1452.6,13557.6
ACC-INV2366,INV2366,2025-04-19,2000-AP,12242,2203.56,14445.56
ACC-INV2367,INV2367,2025-04-20,2000-AP,12379,3466.12,15845.12
ACC-INV2368,INV2368,2025-04-21,2000-AP,12516,625.8,13141.8
ACC-INV2369,INV2369,2025-04-22,2000-AP,12653,1518.36,14171.36
ACC-INV2370,INV2370,2025-04-23,2000-AP,12790,2302.2,15092.2
ACC-INV2371,INV2371,2025-04-24,2000-AP,12927,3619.56,16546.56
ACC-INV2372,INV2372,2025-04-25,2000-AP,13064,653.2,13717.2
ACC-INV2373,INV2373,2025-04-26,2000-AP,13201,1584.12,14785.12
ACC-INV2374,INV2374,2025-04-27,2000-AP,13338,2400.84,15738.84
ACC-INV2375,INV2375,2025-04-28,2000-AP,13475,3773,17248
ACC-INV2376,INV2376,2025-04-01,2000-AP,13612,680.6,14292.6
ACC-INV2377,INV2377,2025-04-02,2000-AP,13749,1649.88,15398.88
ACC-INV2378,INV2378,2025-04-03,2000-AP,13886,2499.48,16385.48
ACC-INV2379,INV2379,2025-04-04,2000-AP,14023,3926.44,17949.44
ACC-INV2380,INV2380,2025-04-05,2000-AP,14160,708,14868
ACC-INV2381,INV2381,2025-04-06,2000-AP,14297,1715.64,16012.64
ACC-INV2382,INV2382,2025-04-07,2000-AP,14434,2598.12,17032.12
ACC-INV2383,INV2383,2025-04-08,2000-AP,14571,4079.88,18650.88
ACC-INV2384,INV2384,2025-04-09,2000-AP,14708,735.4,15443.4
ACC-INV2385,INV2385,2025-04-10,2000-AP,14845,1781.4,16626.4
ACC-INV2386,INV2386,2025-04-11,2000-AP,14982,2696.76,17678.76
ACC-INV2387,INV2387,2025-04-12,2000-AP,15119,4233.32,19352.32
ACC-INV2388,INV2388,2025-04-13,2000-AP,15256,762.8,16018.8
ACC-INV2389,INV2389,2025-04-14,2000-AP,15393,1847.16,17240.16
ACC-INV2391,INV2391,2025-04-16,2000-AP,15667,4386.76,20053.76
ACC-INV2392,INV2392,2025-04-17,2000-AP,15804,790.2,16594.2
ACC-INV2393,INV2393,2025-04-18,2000-AP,15941,1912.92,17853.92
ACC-INV2394,INV2394,2025-04-19,2000-AP,16078,2894.04,18972.04
ACC-INV2395,INV2395,2025-04-20,2000-AP,16215,4540.2,20755.2
ACC-INV2396,INV2396,2025-04-21,2000-AP,16352,817.6,17169.6
ACC-INV2397,INV2397,2025-04-22,2000-AP,16489,1978.68,18467.68
ACC-INV2398,INV2398,2025-04-23,2000-AP,16626,2992.68,19618.68
ACC-INV2399,INV2399,2025-04-24,2000-AP,16763,4693.64,21456.64
ACC-INV2400,INV2400,2025-04-25,2000-AP,16900,845,17745
ACC-INV2401,INV2401,2025-04-26,2000-AP,17037,2044.44,19081.44
ACC-INV2402,INV2402,2025-04-27,2000-AP,17174,3091.32,20265.32
ACC-INV2403,INV2403,2025-04-28,2000-AP,17311,4847.08,22158.08
ACC-INV2405,INV2405,2025-04-02,2000-AP,17585,2110.2,19695.2
ACC-INV2406,INV2406,2025-04-03,2000-AP,17722,3189.96,20911.96
ACC-INV2407,INV2407,2025-04-04,2000-AP,17859,5000.52,22859.52
ACC-INV2408,INV2408,2025-04-05,2000-AP,17996,899.8,18895.8
ACC-INV2409,INV2409,2025-04-06,2000-AP,18133,2175.96,20308.96
ACC-INV2410,INV2410,2025-04-07,2000-AP,18270,3288.6,21558.6
ACC-INV2411,INV2411,2025-04-08,2000-AP,18407,5153.96,23560.96
ACC-INV2412,INV2412,2025-04-09,2000-AP,18544,927.2,19471.2
ACC-INV2413,INV2413,2025-04-10,2000-AP,18681,2241.72,20922.72
ACC-INV2414,INV2414,2025-04-11,2000-AP,18818,3387.24,22205.24
ACC-INV2415,INV2415,2025-04-12,2000-AP,18955,5307.4,24262.4
ACC-INV2416,INV2416,2025-04-13,2000-AP,19092,954.6,20046.6
ACC-INV2417,INV2417,2025-04-14,2000-AP,19229,2307.48,21536.48
ACC-INV2419,INV2419,2025-04-16,2000-AP,19503,5460.84,24963.84
ACC-INV2420,INV2420,2025-04-17,2000-AP,19640,982,20622
ACC-INV2421,INV2421,2025-04-18,2000-AP,19777,2373.24,22150.24
ACC-INV2422,INV2422,2025-04-19,2000-AP,19914,3584.52,23498.52
ACC-INV2423,INV2423,2025-04-20,2000-AP,20051,5614.28,25665.28
ACC-INV2424,INV2424,2025-04-21,2000-AP,20188,1009.4,21197.4
ACC-INV2425,INV2425,2025-04-22,2000-AP,20325,2439,22764
ACC-INV2426,INV2426,2025-04-23,2000-AP,20462,3683.16,24145.16
ACC-INV2427,INV2427,2025-04-24,2000-AP,20599,5767.72,26366.72
ACC-INV2428,INV2428,2025-04-25,2000-AP,20736,1036.8,21772.8
ACC-INV2429,INV2429,2025-04-26,2000-AP,20873,2504.76,23377.76
ACC-INV2430,INV2430,2025-04-27,2000-AP,21010,3781.8,24791.8
ACC-INV2432,INV2432,2025-04-01,2000-AP,21284,1064.2,22348.2
ACC-INV2433,INV2433,2025-04-02,2000-AP,21421,2570.52,23991.52
ACC-INV2434,INV2434,2025-04-03,2000-AP,21558,3880.44,25438.44
ACC-INV2435,INV2435,2025-04-04,2000-AP,21695,6074.6,27769.6
ACC-INV2436,INV2436,2025-04-05,2000-AP,21832,1091.6,22923.6
ACC-INV2437,INV2437,2025-04-06,2000-AP,21969,2636.28,24605.28
ACC-INV2438,INV2438,2025-04-07,2000-AP,22106,3979.08,26085.08
ACC-INV2439,INV2439,2025-04-08,2000-AP,22243,6228.04,28471.04
ACC-INV2440,INV2440,2025-04-09,2000-AP,22380,1119,23499
ACC-INV2441,INV2441,2025-04-10,2000-AP,22517,2702.04,25219.04
ACC-INV2442,INV2442,2025-04-11,2000-AP,22654,4077.72,26731.72
ACC-INV2443,INV2443,2025-04-12,2000-AP,22791,6381.48,29172.48
ACC-INV2444,INV2444,2025-04-13,2000-AP,22928,1146.4,24074.4
ACC-INV2446,INV2446,2025-04-15,2000-AP,23202,4176.36,27378.36
ACC-INV2447,INV2447,2025-04-16,2000-AP,23339,6534.92,29873.92
ACC-INV2448,INV2448,2025-04-17,2000-AP,23476,1173.8,24649.8
ACC-INV2449,INV2449,2025-04-18,2000-AP,23613,2833.56,26446.56
ACC-INV2450,INV2450,2025-04-19,2000-AP,950000,171000,1121000
ACC-INV2451,INV2451,2025-04-20,2000-AP,23887,6688.36,30575.36
ACC-INV2452,INV2452,2025-04-21,2000-AP,24024,1201.2,25225.2
ACC-INV2453,INV2453,2025-04-22,2000-AP,24161,2899.32,27060.32
ACC-INV2454,INV2454,2025-04-23,2000-AP,24298,4373.64,28671.64
ACC-INV2455,INV2455,2025-04-24,2000-AP,24435,6841.8,31276.8
ACC-INV2456,INV2456,2025-04-25,2000-AP,24572,1228.6,25800.6
ACC-INV2457,INV2457,2025-04-26,2000-AP,24709,2965.08,27674.08
ACC-INV2458,INV2458,2025-04-27,2000-AP,24846,4472.28,29318.28
ACC-INV2460,INV2460,2025-04-01,2000-AP,25120,1256,26376
ACC-INV2461,INV2461,2025-04-02,2000-AP,25257,3030.84,28287.84
ACC-INV2462,INV2462,2025-04-03,2000-AP,25394,4570.92,29964.92
ACC-INV2463,INV2463,2025-04-04,2000-AP,25531,7148.68,32679.68
ACC-INV2464,INV2464,2025-04-05,2000-AP,25668,1283.4,26951.4
ACC-INV2465,INV2465,2025-04-06,2000-AP,25805,3096.6,28901.6
ACC-INV2466,INV2466,2025-04-07,2000-AP,25942,4669.56,30611.56
ACC-INV2467,INV2467,2025-04-08,2000-AP,26079,7302.12,33381.12
ACC-INV2468,INV2468,2025-04-09,2000-AP,26216,1310.8,27526.8
ACC-INV2469,INV2469,2025-04-10,2000-AP,26353,3162.36,29515.36
ACC-INV2470,INV2470,2025-04-11,2000-AP,26490,4768.2,31258.2
ACC-INV2471,INV2471,2025-04-12,2000-AP,26627,7455.56,34082.56
ACC-INV2473,INV2473,2025-04-14,2000-AP,26901,3228.12,30129.12
ACC-INV2474,INV2474,2025-04-15,2000-AP,27038,4866.84,31904.84
ACC-INV2475,INV2475,2025-04-16,2000-AP,27175,7609,34784
ACC-INV2476,INV2476,2025-04-17,2000-AP,27312,1365.6,28677.6
ACC-INV2477,INV2477,2025-04-18,2000-AP,27449,3293.88,30742.88
ACC-INV2478,INV2478,2025-04-19,2000-AP,27586,4965.48,32551.48
ACC-INV2479,INV2479,2025-04-20,2000-AP,27723,7762.44,35485.44
ACC-INV2480,INV2480,2025-04-21,2000-AP,27860,1393,29253
ACC-INV2481,INV2481,2025-04-22,2000-AP,27997,3359.64,31356.64
ACC-INV2482,INV2482,2025-04-23,2000-AP,28134,5064.12,33198.12
ACC-INV2483,INV2483,2025-04-24,2000-AP,28271,7915.88,36186.88
ACC-INV2484,INV2484,2025-04-25,2000-AP,28408,1420.4,29828.4
ACC-INV2485,INV2485,2025-04-26,2000-AP,28545,3425.4,31970.4
ACC-INV2487,INV2487,2025-04-28,2000-AP,28819,8069.32,36888.32
ACC-INV2488,INV2488,2025-04-01,2000-AP,28956,1447.8,30403.8
ACC-INV2489,INV2489,2025-04-02,2000-AP,29093,3491.16,32584.16
ACC-INV2490,INV2490,2025-04-03,2000-AP,29230,5261.4,34491.4
ACC-INV2491,INV2491,2025-04-04,2000-AP,29367,8222.76,37589.76
ACC-INV2492,INV2492,2025-04-05,2000-AP,29504,1475.2,30979.2
ACC-INV2493,INV2493,2025-04-06,2000-AP,29641,3556.92,33197.92
ACC-INV2494,INV2494,2025-04-07,2000-AP,29778,5360.04,35138.04
ACC-INV2495,INV2495,2025-04-08,2000-AP,29915,8376.2,38291.2
ACC-INV2496,INV2496,2025-04-09,2000-AP,30052,1502.6,31554.6
ACC-INV2497,INV2497,2025-04-10,2000-AP,30189,3622.68,33811.68
ACC-INV2498,INV2498,2025-04-11,2000-AP,30326,5458.68,35784.68
ACC-INV2499,INV2499,2025-04-12,2000-AP,30463,8529.64,38992.64
ACC-INV2501,INV2501,2025-04-14,2000-AP,30737,3688.44,34425.44
ACC-INV2502,INV2502,2025-04-15,2000-AP,30874,5557.32,36431.32
ACC-INV2503,INV2503,2025-04-16,2000-AP,31011,8683.08,39694.08
ACC-INV2504,INV2504,2025-04-17,2000-AP,31148,1557.4,32705.4
ACC-INV2505,INV2505,2025-04-18,2000-AP,31285,3754.2,35039.2
ACC-INV2506,INV2506,2025-04-19,2000-AP,31422,5655.96,37077.96
ACC-INV2507,INV2507,2025-04-20,2000-AP,31559,8836.52,40395.52
ACC-INV2508,INV2508,2025-04-21,2000-AP,31696,1584.8,33280.8
ACC-INV2509,INV2509,2025-04-22,2000-AP,31833,3819.96,35652.96
ACC-INV2510,INV2510,2025-04-23,2000-AP,31970,5754.6,37724.6
ACC-INV2511,INV2511,2025-04-24,2000-AP,32107,8989.96,41096.96
ACC-INV2512,INV2512,2025-04-25,2000-AP,32244,1612.2,33856.2
ACC-INV2513,INV2513,2025-04-26,2000-AP,32381,3885.72,36266.72
ACC-INV2514,INV2514,2025-04-27,2000-AP,32518,5853.24,38371.24
ACC-INV2515,INV2515,2025-04-28,2000-AP,32655,9143.4,41798.4
ACC-INV2516,INV2516,2025-04-01,2000-AP,32792,1639.6,34431.6
ACC-INV2517,INV2517,2025-04-02,2000-AP,32929,3951.48,36880.48
ACC-INV2518,INV2518,2025-04-03,2000-AP,33066,5951.88,39017.88
ACC-INV2519,INV2519,2025-04-04,2000-AP,33203,9296.84,42499.84
ACC-INV2520,INV2520,2025-04-05,2000-AP,33340,1667,35007
ACC-INV2521,INV2521,2025-04-06,2000-AP,33477,4017.24,37494.24
ACC-INV2522,INV2522,2025-04-07,2000-AP,33614,6050.52,39664.52
ACC-INV2523,INV2523,2025-04-08,2000-AP,33751,9450.28,43201.28
ACC-INV2524,INV2524,2025-04-09,2000-AP,33888,1694.4,35582.4
ACC-INV2525,INV2525,2025-04-10,2000-AP,34025,4083,38108
ACC-INV2526,INV2526,2025-04-11,2000-AP,34162,6149.16,40311.16
ACC-INV2528,INV2528,2025-04-13,2000-AP,34436,1721.8,36157.8
ACC-INV2529,INV2529,2025-04-14,2000-AP,34573,4148.76,38721.76
ACC-INV2530,INV2530,2025-04-15,2000-AP,34710,6247.8,40957.8
ACC-INV2531,INV2531,2025-04-16,2000-AP,34847,9757.16,44604.16
ACC-INV2532,INV2532,2025-04-17,2000-AP,34984,1749.2,36733.2
ACC-INV2533,INV2533,2025-04-18,2000-AP,35121,4214.52,39335.52
ACC-INV2534,INV2534,2025-04-19,2000-AP,35258,6346.44,41604.44
ACC-INV2535,INV2535,2025-04-20,2000-AP,35395,9910.6,45305.6
ACC-INV2536,INV2536,2025-04-21,2000-AP,35532,1776.6,37308.6
ACC-INV2537,INV2537,2025-04-22,2000-AP,35669,4280.28,39949.28
ACC-INV2538,INV2538,2025-04-23,2000-AP,35806,6445.08,42251.08
ACC-INV2539,INV2539,2025-04-24,2000-AP,35943,10064.04,46007.04
ACC-INV2540,INV2540,2025-04-25,2000-AP,36080,1804,37884
ACC-INV2542,INV2542,2025-04-27,2000-AP,36354,6543.72,42897.72
ACC-INV2543,INV2543,2025-04-28,2000-AP,36491,10217.48,46708.48
ACC-INV2544,INV2544,2025-04-01,2000-AP,36628,1831.4,38459.4
ACC-INV2545,INV2545,2025-04-02,2000-AP,36765,4411.8,41176.8
ACC-INV2546,INV2546,2025-04-03,2000-AP,36902,6642.36,43544.36
ACC-INV2547,INV2547,2025-04-04,2000-AP,37039,10370.92,47409.92
ACC-INV2548,INV2548,2025-04-05,2000-AP,37176,1858.8,39034.8
ACC-INV2549,INV2549,2025-04-06,2000-AP,37313,4477.56,41790.56
ACC-INV2550,INV2550,2025-04-07,2000-AP,37450,6741,44191
ACC-INV2551,INV2551,2025-04-08,2000-AP,37587,10524.36,48111.36
ACC-INV2552,INV2552,2025-04-09,2000-AP,37724,1886.2,39610.2
ACC-INV2553,INV2553,2025-04-10,2000-AP,37861,4543.32,42404.32
ACC-INV2554,INV2554,2025-04-11,2000-AP,37998,6839.64,44837.64
ACC-INV2556,INV2556,2025-04-13,2000-AP,38272,1913.6,40185.6
ACC-INV2557,INV2557,2025-04-14,2000-AP,38409,4609.08,43018.08
ACC-INV2558,INV2558,2025-04-15,2000-AP,38546,6938.28,45484.28
ACC-INV2559,INV2559,2025-04-16,2000-AP,38683,10831.24,49514.24
ACC-INV2560,INV2560,2025-04-17,2000-AP,38820,1941,40761
ACC-INV2561,INV2561,2025-04-18,2000-AP,38957,4674.84,43631.84
ACC-INV2562,INV2562,2025-04-19,2000-AP,39094,7036.92,46130.92
ACC-INV2563,INV2563,2025-04-20,2000-AP,39231,10984.68,50215.68
ACC-INV2564,INV2564,2025-04-21,2000-AP,39368,1968.4,41336.4
ACC-INV2565,INV2565,2025-04-22,2000-AP,39505,4740.6,44245.6
ACC-INV2566,INV2566,2025-04-23,2000-AP,39642,7135.56,46777.56
ACC-INV2567,INV2567,2025-04-24,2000-AP,39779,11138.12,50917.12
ACC-INV2569,INV2569,2025-04-26,2000-AP,40053,4806.36,44859.36
ACC-INV2570,INV2570,2025-04-27,2000-AP,40190,7234.2,47424.2
ACC-INV2571,INV2571,2025-04-28,2000-AP,40327,11291.56,51618.56
ACC-INV2572,INV2572,2025-04-01,2000-AP,40464,2023.2,42487.2
ACC-INV2573,INV2573,2025-04-02,2000-AP,40601,4872.12,45473.12
ACC-INV2574,INV2574,2025-04-03,2000-AP,40738,7332.84,48070.84
ACC-INV2575,INV2575,2025-04-04,2000-AP,40875,11445,52320
ACC-INV2576,INV2576,2025-04-05,2000-AP,41012,2050.6,43062.6
ACC-INV2577,INV2577,2025-04-06,2000-AP,41149,4937.88,46086.88
ACC-INV2578,INV2578,2025-04-07,2000-AP,41286,7431.48,48717.48
ACC-INV2579,INV2579,2025-04-08,2000-AP,41423,11598.44,53021.44
ACC-INV2580,INV2580,2025-04-09,2000-AP,41560,2078,43638
ACC-INV2581,INV2581,2025-04-10,2000-AP,41697,5003.64,46700.64
ACC-INV2583,INV2583,2025-04-12,2000-AP,41971,11751.88,53722.88
ACC-INV2584,INV2584,2025-04-13,2000-AP,42108,2105.4,44213.4
ACC-INV2585,INV2585,2025-04-14,2000-AP,42245,5069.4,47314.4
ACC-INV2586,INV2586,2025-04-15,2000-AP,42382,7628.76,50010.76
ACC-INV2587,INV2587,2025-04-16,2000-AP,42519,11905.32,54424.32
ACC-INV2588,INV2588,2025-04-17,2000-AP,42656,2132.8,44788.8
ACC-INV2589,INV2589,2025-04-18,2000-AP,42793,5135.16,47928.16
ACC-INV2590,INV2590,2025-04-19,2000-AP,42930,7727.4,50657.4
ACC-INV2591,INV2591,2025-04-20,2000-AP,43067,12058.76,55125.76
ACC-INV2592,INV2592,2025-04-21,2000-AP,43204,2160.2,45364.2
ACC-INV2593,INV2593,2025-04-22,2000-AP,43341,5200.92,48541.92
ACC-INV2594,INV2594,2025-04-23,2000-AP,43478,7826.04,51304.04
ACC-INV2595,INV2595,2025-04-24,2000-AP,43615,12212.2,55827.2
ACC-INV2597,INV2597,2025-04-26,2000-AP,43889,5266.68,49155.68
ACC-INV2598,INV2598,2025-04-27,2000-AP,44026,7924.68,51950.68
ACC-INV2599,INV2599,2025-04-28,2000-AP,44163,12365.64,56528.64
ACC-INV2600,INV2600,2025-04-01,2000-AP,44300,2215,46515
ACC-INV2601,INV2601,2025-04-02,2000-AP,44437,5332.44,49769.44
ACC-INV2602,INV2602,2025-04-03,2000-AP,44574,8023.32,52597.32
ACC-INV2603,INV2603,2025-04-04,2000-AP,44711,12519.08,57230.08
ACC-INV2604,INV2604,2025-04-05,2000-AP,44848,2242.4,47090.4
ACC-INV2605,INV2605,2025-04-06,2000-AP,44985,5398.2,50383.2
ACC-INV2606,INV2606,2025-04-07,2000-AP,45122,8121.96,53243.96
ACC-INV2607,INV2607,2025-04-08,2000-AP,45259,12672.52,57931.52
ACC-INV2608,INV2608,2025-04-09,2000-AP,45396,2269.8,47665.8
ACC-INV2610,INV2610,2025-04-11,2000-AP,45670,8220.6,53890.6
ACC-INV2611,INV2611,2025-04-12,2000-AP,45807,12825.96,58632.96
ACC-INV2612,INV2612,2025-04-13,2000-AP,45944,2297.2,48241.2
ACC-INV2613,INV2613,2025-04-14,2000-AP,46081,5529.72,51610.72
ACC-INV2614,INV2614,2025-04-15,2000-AP,46218,8319.24,54537.24
ACC-INV2615,INV2615,2025-04-16,2000-AP,46355,12979.4,59334.4
ACC-INV2616,INV2616,2025-04-17,2000-AP,46492,2324.6,48816.6
ACC-INV2617,INV2617,2025-04-18,2000-AP,46629,5595.48,52224.48
ACC-INV2618,INV2618,2025-04-19,2000-AP,46766,8417.88,55183.88
ACC-INV2619,INV2619,2025-04-20,2000-AP,46903,13132.84,60035.84
ACC-INV2620,INV2620,2025-04-21,2000-AP,47040,2352,49392
ACC-INV2621,INV2621,2025-04-22,2000-AP,47177,5661.24,52838.24
ACC-INV2622,INV2622,2025-04-23,2000-AP,47314,8516.52,55830.52
ACC-INV2624,INV2624,2025-04-25,2000-AP,47588,2379.4,49967.4
ACC-INV2625,INV2625,2025-04-26,2000-AP,47725,5727,53452
ACC-INV2626,INV2626,2025-04-27,2000-AP,47862,8615.16,56477.16
ACC-INV2627,INV2627,2025-04-28,2000-AP,47999,13439.72,61438.72
ACC-INV2628,INV2628,2025-04-01,2000-AP,48136,2406.8,50542.8
ACC-INV2629,INV2629,2025-04-02,2000-AP,48273,5792.76,54065.76
ACC-INV2630,INV2630,2025-04-03,2000-AP,48410,8713.8,57123.8
ACC-INV2631,INV2631,2025-04-04,2000-AP,48547,13593.16,62140.16
ACC-INV2632,INV2632,2025-04-05,2000-AP,48684,2434.2,51118.2
ACC-INV2633,INV2633,2025-04-06,2000-AP,48821,5858.52,54679.52
ACC-INV2634,INV2634,2025-04-07,2000-AP,48958,8812.44,57770.44
ACC-INV2635,INV2635,2025-04-08,2000-AP,49095,13746.6,62841.6
ACC-INV2636,INV2636,2025-04-09,2000-AP,49232,2461.6,51693.6
ACC-INV2638,INV2638,2025-04-11,2000-AP,49506,8911.08,58417.08
ACC-INV2639,INV2639,2025-04-12,2000-AP,49643,13900.04,63543.04
ACC-INV2640,INV2640,2025-04-13,2000-AP,49780,2489,52269
ACC-INV2641,INV2641,2025-04-14,2000-AP,49917,5990.04,55907.04
ACC-INV2642,INV2642,2025-04-15,2000-AP,50054,9009.72,59063.72
ACC-INV2643,INV2643,2025-04-16,2000-AP,50191,14053.48,64244.48
ACC-INV2644,INV2644,2025-04-17,2000-AP,50328,2516.4,52844.4
ACC-INV2645,INV2645,2025-04-18,2000-AP,50465,6055.8,56520.8
ACC-INV2646,INV2646,2025-04-19,2000-AP,50602,9108.36,59710.36
ACC-INV2647,INV2647,2025-04-20,2000-AP,50739,14206.92,64945.92
ACC-INV2648,INV2648,2025-04-21,2000-AP,50876,2543.8,53419.8
ACC-INV2649,INV2649,2025-04-22,2000-AP,51013,6121.56,57134.56
ACC-INV2651,INV2651,2025-04-24,2000-AP,51287,14360.36,65647.36
ACC-INV2652,INV2652,2025-04-25,2000-AP,51424,2571.2,53995.2
ACC-INV2653,INV2653,2025-04-26,2000-AP,51561,6187.32,57748.32
ACC-INV2654,INV2654,2025-04-27,2000-AP,51698,9305.64,61003.64
ACC-INV2655,INV2655,2025-04-28,2000-AP,51835,14513.8,66348.8
ACC-INV2656,INV2656,2025-04-01,2000-AP,51972,2598.6,54570.6
ACC-INV2657,INV2657,2025-04-02,2000-AP,52109,6253.08,58362.08
ACC-INV2658,INV2658,2025-04-03,2000-AP,52246,9404.28,61650.28
ACC-INV2659,INV2659,2025-04-04,2000-AP,52383,14667.24,67050.24
ACC-INV2660,INV2660,2025-04-05,2000-AP,52520,2626,55146
ACC-INV2661,INV2661,2025-04-06,2000-AP,52657,6318.84,58975.84
ACC-INV2662,INV2662,2025-04-07,2000-AP,52794,9502.92,62296.92
ACC-INV2663,INV2663,2025-04-08,2000-AP,52931,14820.68,67751.68
ACC-INV2665,INV2665,2025-04-10,2000-AP,53205,6384.6,59589.6
ACC-INV2666,INV2666,2025-04-11,2000-AP,53342,9601.56,62943.56
ACC-INV2667,INV2667,2025-04-12,2000-AP,53479,14974.12,68453.12
ACC-INV2668,INV2668,2025-04-13,2000-AP,53616,2680.8,56296.8
ACC-INV2669,INV2669,2025-04-14,2000-AP,53753,6450.36,60203.36
ACC-INV2670,INV2670,2025-04-15,2000-AP,53890,9700.2,63590.2
ACC-INV2671,INV2671,2025-04-16,2000-AP,54027,15127.56,69154.56
ACC-INV2672,INV2672,2025-04-17,2000-AP,54164,2708.2,56872.2
ACC-INV2673,INV2673,2025-04-18,2000-AP,54301,6516.12,60817.12
ACC-INV2674,INV2674,2025-04-19,2000-AP,54438,9798.84,64236.84
ACC-INV2675,INV2675,2025-04-20,2000-AP,54575,15281,69856
ACC-INV2676,INV2676,2025-04-21,2000-AP,54712,2735.6,57447.6
ACC-INV2677,INV2677,2025-04-22,2000-AP,54849,6581.88,61430.88
ACC-INV2679,INV2679,2025-04-24,2000-AP,55123,15434.44,70557.44
ACC-INV2680,INV2680,2025-04-25,2000-AP,55260,2763,58023
ACC-INV2681,INV2681,2025-04-26,2000-AP,55397,6647.64,62044.64
ACC-INV2682,INV2682,2025-04-27,2000-AP,55534,9996.12,65530.12
ACC-INV2683,INV2683,2025-04-28,2000-AP,55671,15587.88,71258.88
ACC-INV2684,INV2684,2025-04-01,2000-AP,55808,2790.4,58598.4
ACC-INV2685,INV2685,2025-04-02,2000-AP,55945,6713.4,62658.4
ACC-INV2686,INV2686,2025-04-03,2000-AP,56082,10094.76,66176.76
ACC-INV2687,INV2687,2025-04-04,2000-AP,56219,15741.32,71960.32
ACC-INV2688,INV2688,2025-04-05,2000-AP,56356,2817.8,59173.8
ACC-INV2689,INV2689,2025-04-06,2000-AP,56493,6779.16,63272.16
ACC-INV2690,INV2690,2025-04-07,2000-AP,56630,10193.4,66823.4
ACC-INV2691,INV2691,2025-04-08,2000-AP,56767,15894.76,72661.76
ACC-INV2693,INV2693,2025-04-10,2000-AP,57041,6844.92,63885.92
ACC-INV2694,INV2694,2025-04-11,2000-AP,57178,10292.04,67470.04
ACC-INV2695,INV2695,2025-04-12,2000-AP,57315,16048.2,73363.2
ACC-INV2696,INV2696,2025-04-13,2000-AP,57452,2872.6,60324.6
ACC-INV2697,INV2697,2025-04-14,2000-AP,57589,6910.68,64499.68
ACC-INV2698,INV2698,2025-04-15,2000-AP,57726,10390.68,68116.68
ACC-INV2699,INV2699,2025-04-16,2000-AP,57863,16201.64,74064.64
ACC-INV2700,INV2700,2025-04-17,2000-AP,850000,42500,892500
ACC-INV2701,INV2701,2025-04-18,2000-AP,58137,6976.44,65113.44
ACC-INV2702,INV2702,2025-04-19,2000-AP,58274,10489.32,68763.32
ACC-INV2703,INV2703,2025-04-20,2000-AP,58411,16355.08,74766.08
ACC-INV2704,INV2704,2025-04-21,2000-AP,58548,2927.4,61475.4
ACC-INV2706,INV2706,2025-04-23,2000-AP,58822,10587.96,69409.96
ACC-INV2707,INV2707,2025-04-24,2000-AP,58959,16508.52,75467.52
ACC-INV2708,INV2708,2025-04-25,2000-AP,59096,2954.8,62050.8
ACC-INV2709,INV2709,2025-04-26,2000-AP,59233,7107.96,66340.96
ACC-INV2710,INV2710,2025-04-27,2000-AP,59370,10686.6,70056.6
ACC-INV2711,INV2711,2025-04-28,2000-AP,59507,16661.96,76168.96
ACC-INV2712,INV2712,2025-04-01,2000-AP,59644,2982.2,62626.2
ACC-INV2713,INV2713,2025-04-02,2000-AP,59781,7173.72,66954.72
ACC-INV2714,INV2714,2025-04-03,2000-AP,59918,10785.24,70703.24
ACC-INV2715,INV2715,2025-04-04,2000-AP,60055,16815.4,76870.4
ACC-INV2716,INV2716,2025-04-05,2000-AP,60192,3009.6,63201.6
ACC-INV2717,INV2717,2025-04-06,2000-AP,60329,7239.48,67568.48
ACC-INV2718,INV2718,2025-04-07,2000-AP,60466,10883.88,71349.88
ACC-INV2720,INV2720,2025-04-09,2000-AP,60740,3037,63777
ACC-INV2721,INV2721,2025-04-10,2000-AP,60877,7305.24,68182.24
ACC-INV2722,INV2722,2025-04-11,2000-AP,61014,10982.52,71996.52
ACC-INV2723,INV2723,2025-04-12,2000-AP,61151,17122.28,78273.28
ACC-INV2724,INV2724,2025-04-13,2000-AP,61288,3064.4,64352.4
ACC-INV2725,INV2725,2025-04-14,2000-AP,61425,7371,68796
ACC-INV2726,INV2726,2025-04-15,2000-AP,61562,11081.16,72643.16
ACC-INV2727,INV2727,2025-04-16,2000-AP,61699,17275.72,78974.72
ACC-INV2728,INV2728,2025-04-17,2000-AP,61836,3091.8,64927.8
ACC-INV2729,INV2729,2025-04-18,2000-AP,61973,7436.76,69409.76
ACC-INV2730,INV2730,2025-04-19,2000-AP,62110,11179.8,73289.8
ACC-INV2731,INV2731,2025-04-20,2000-AP,62247,17429.16,79676.16
ACC-INV2732,INV2732,2025-04-21,2000-AP,62384,3119.2,65503.2
ACC-INV2734,INV2734,2025-04-23,2000-AP,62658,11278.44,73936.44
ACC-INV2735,INV2735,2025-04-24,2000-AP,62795,17582.6,80377.6
ACC-INV2736,INV2736,2025-04-25,2000-AP,62932,3146.6,66078.6
ACC-INV2737,INV2737,2025-04-26,2000-AP,63069,7568.28,70637.28
ACC-INV2738,INV2738,2025-04-27,2000-AP,63206,11377.08,74583.08
ACC-INV2739,INV2739,2025-04-28,2000-AP,63343,17736.04,81079.04
ACC-INV2740,INV2740,2025-04-01,2000-AP,63480,3174,66654
ACC-INV2741,INV2741,2025-04-02,2000-AP,63617,7634.04,71251.04
ACC-INV2742,INV2742,2025-04-03,2000-AP,63754,11475.72,75229.72
ACC-INV2743,INV2743,2025-04-04,2000-AP,63891,17889.48,81780.48
ACC-INV2744,INV2744,2025-04-05,2000-AP,64028,3201.4,67229.4
ACC-INV2745,INV2745,2025-04-06,2000-AP,64165,7699.8,71864.8
ACC-INV2747,INV2747,2025-04-08,2000-AP,64439,18042.92,82481.92
ACC-INV2748,INV2748,2025-04-09,2000-AP,64576,3228.8,67804.8
ACC-INV2749,INV2749,2025-04-10,2000-AP,64713,7765.56,72478.56
ACC-INV2750,INV2750,2025-04-11,2000-AP,64850,11673,76523
ACC-INV2751,INV2751,2025-04-12,2000-AP,64987,18196.36,83183.36
ACC-INV2752,INV2752,2025-04-13,2000-AP,65124,3256.2,68380.2
ACC-INV2753,INV2753,2025-04-14,2000-AP,65261,7831.32,73092.32
ACC-INV2754,INV2754,2025-04-15,2000-AP,65398,11771.64,77169.64
ACC-INV2755,INV2755,2025-04-16,2000-AP,65535,18349.8,83884.8
ACC-INV2756,INV2756,2025-04-17,2000-AP,65672,3283.6,68955.6
ACC-INV2757,INV2757,2025-04-18,2000-AP,65809,7897.08,73706.08
ACC-INV2758,INV2758,2025-04-19,2000-AP,65946,11870.28,77816.28
ACC-INV2759,INV2759,2025-04-20,2000-AP,66083,18503.24,84586.24
ACC-INV2761,INV2761,2025-04-22,2000-AP,66357,7962.84,74319.84
ACC-INV2762,INV2762,2025-04-23,2000-AP,66494,11968.92,78462.92
ACC-INV2763,INV2763,2025-04-24,2000-AP,66631,18656.68,85287.68
ACC-INV2764,INV2764,2025-04-25,2000-AP,66768,3338.4,70106.4
ACC-INV2765,INV2765,2025-04-26,2000-AP,66905,8028.6,74933.6
ACC-INV2766,INV2766,2025-04-27,2000-AP,67042,12067.56,79109.56
ACC-INV2767,INV2767,2025-04-28,2000-AP,67179,18810.12,85989.12
ACC-INV2768,INV2768,2025-04-01,2000-AP,67316,3365.8,70681.8
ACC-INV2769,INV2769,2025-04-02,2000-AP,67453,8094.36,75547.36
ACC-INV2770,INV2770,2025-04-03,2000-AP,67590,12166.2,79756.2
ACC-INV2771,INV2771,2025-04-04,2000-AP,67727,18963.56,86690.56
ACC-INV2772,INV2772,2025-04-05,2000-AP,67864,3393.2,71257.2
ACC-INV2773,INV2773,2025-04-06,2000-AP,68001,8160.12,76161.12
ACC-INV2775,INV2775,2025-04-08,2000-AP,68275,19117,87392
ACC-INV2776,INV2776,2025-04-09,2000-AP,68412,3420.6,71832.6
ACC-INV2777,INV2777,2025-04-10,2000-AP,68549,8225.88,76774.88
ACC-INV2778,INV2778,2025-04-11,2000-AP,68686,12363.48,81049.48
ACC-INV2779,INV2779,2025-04-12,2000-AP,68823,19270.44,88093.44
ACC-INV2780,INV2780,2025-04-13,2000-AP,68960,3448,72408
ACC-INV2781,INV2781,2025-04-14,2000-AP,69097,8291.64,77388.64
ACC-INV2782,INV2782,2025-04-15,2000-AP,69234,12462.12,81696.12
ACC-INV2783,INV2783,2025-04-16,2000-AP,69371,19423.88,88794.88
ACC-INV2784,INV2784,2025-04-17,2000-AP,69508,3475.4,72983.4
ACC-INV2785,INV2785,2025-04-18,2000-AP,69645,8357.4,78002.4
ACC-INV2786,INV2786,2025-04-19,2000-AP,69782,12560.76,82342.76
ACC-INV2788,INV2788,2025-04-21,2000-AP,70056,3502.8,73558.8
ACC-INV2789,INV2789,2025-04-22,2000-AP,70193,8423.16,78616.16
ACC-INV2790,INV2790,2025-04-23,2000-AP,70330,12659.4,82989.4
ACC-INV2791,INV2791,2025-04-24,2000-AP,70467,19730.76,90197.76
ACC-INV2792,INV2792,2025-04-25,2000-AP,70604,3530.2,74134.2
ACC-INV2793,INV2793,2025-04-26,2000-AP,70741,8488.92,79229.92
ACC-INV2794,INV2794,2025-04-27,2000-AP,70878,12758.04,83636.04
ACC-INV2795,INV2795,2025-04-28,2000-AP,71015,19884.2,90899.2
ACC-INV2796,INV2796,2025-04-01,2000-AP,71152,3557.6,74709.6
ACC-INV2797,INV2797,2025-04-02,2000-AP,71289,8554.68,79843.68
ACC-INV2798,INV2798,2025-04-03,2000-AP,71426,12856.68,84282.68
ACC-INV2799,INV2799,2025-04-04,2000-AP,71563,20037.64,91600.64
ACC-INV2800,INV2800,2025-04-05,2000-AP,71700,3585,75285
ACC-INV2802,INV2802,2025-04-07,2000-AP,71974,12955.32,84929.32
ACC-INV2803,INV2803,2025-04-08,2000-AP,72111,20191.08,92302.08
ACC-INV2804,INV2804,2025-04-09,2000-AP,72248,3612.4,75860.4
ACC-INV2805,INV2805,2025-04-10,2000-AP,72385,8686.2,81071.2
ACC-INV2806,INV2806,2025-04-11,2000-AP,72522,13053.96,85575.96
ACC-INV2807,INV2807,2025-04-12,2000-AP,72659,20344.52,93003.52
ACC-INV2808,INV2808,2025-04-13,2000-AP,72796,3639.8,76435.8
ACC-INV2809,INV2809,2025-04-14,2000-AP,72933,8751.96,81684.96
ACC-INV2810,INV2810,2025-04-15,2000-AP,73070,13152.6,86222.6
ACC-INV2811,INV2811,2025-04-16,2000-AP,73207,20497.96,93704.96
ACC-INV2812,INV2812,2025-04-17,2000-AP,73344,3667.2,77011.2
ACC-INV2813,INV2813,2025-04-18,2000-AP,73481,8817.72,82298.72
ACC-INV2814,INV2814,2025-04-19,2000-AP,73618,13251.24,86869.24
ACC-INV2816,INV2816,2025-04-21,2000-AP,73892,3694.6,77586.6
ACC-INV2817,INV2817,2025-04-22,2000-AP,74029,8883.48,82912.48
ACC-INV2818,INV2818,2025-04-23,2000-AP,74166,13349.88,87515.88
ACC-INV2819,INV2819,2025-04-24,2000-AP,74303,20804.84,95107.84
ACC-INV2820,INV2820,2025-04-25,2000-AP,74440,3722,78162
ACC-INV2821,INV2821,2025-04-26,2000-AP,74577,8949.24,83526.24
ACC-INV2822,INV2822,2025-04-27,2000-AP,74714,13448.52,88162.52
ACC-INV2823,INV2823,2025-04-28,2000-AP,74851,20958.28,95809.28
ACC-INV2824,INV2824,2025-04-01,2000-AP,74988,3749.4,78737.4
ACC-INV2825,INV2825,2025-04-02,2000-AP,75125,9015,84140
ACC-INV2826,INV2826,2025-04-03,2000-AP,75262,13547.16,88809.16
ACC-INV2827,INV2827,2025-04-04,2000-AP,75399,21111.72,96510.72
ACC-INV2828,INV2828,2025-04-05,2000-AP,75536,3776.8,79312.8
ACC-INV2830,INV2830,2025-04-07,2000-AP,75810,13645.8,89455.8
ACC-INV2831,INV2831,2025-04-08,2000-AP,75947,21265.16,97212.16
ACC-INV2832,INV2832,2025-04-09,2000-AP,76084,3804.2,79888.2
ACC-INV2833,INV2833,2025-04-10,2000-AP,76221,9146.52,85367.52
ACC-INV2834,INV2834,2025-04-11,2000-AP,76358,13744.44,90102.44
ACC-INV2835,INV2835,2025-04-12,2000-AP,76495,21418.6,97913.6
ACC-INV2836,INV2836,2025-04-13,2000-AP,76632,3831.6,80463.6
ACC-INV2837,INV2837,2025-04-14,2000-AP,76769,9212.28,85981.28
ACC-INV2838,INV2838,2025-04-15,2000-AP,76906,13843.08,90749.08
ACC-INV2839,INV2839,2025-04-16,2000-AP,77043,21572.04,98615.04
ACC-INV2840,INV2840,2025-04-17,2000-AP,77180,3859,81039
ACC-INV2841,INV2841,2025-04-18,2000-AP,77317,9278.04,86595.04
ACC-INV2843,INV2843,2025-04-20,2000-AP,2591,725.48,3316.48
ACC-INV2844,INV2844,2025-04-21,2000-AP,2728,136.4,2864.4
ACC-INV2845,INV2845,2025-04-22,2000-AP,2865,343.8,3208.8
ACC-INV2846,INV2846,2025-04-23,2000-AP,3002,540.36,3542.36
ACC-INV2847,INV2847,2025-04-24,2000-AP,3139,878.92,4017.92
ACC-INV2848,INV2848,2025-04-25,2000-AP,3276,163.8,3439.8
ACC-INV2849,INV2849,2025-04-26,2000-AP,3413,409.56,3822.56
ACC-INV2850,INV2850,2025-04-27,2000-AP,3550,639,4189
ACC-INV2851,INV2851,2025-04-28,2000-AP,3687,1032.36,4719.36
ACC-INV2852,INV2852,2025-04-01,2000-AP,3824,191.2,4015.2
ACC-INV2853,INV2853,2025-04-02,2000-AP,3961,475.32,4436.32
ACC-INV2854,INV2854,2025-04-03,2000-AP,4098,737.64,4835.64
ACC-INV2855,INV2855,2025-04-04,2000-AP,4235,1185.8,5420.8
ACC-INV2857,INV2857,2025-04-06,2000-AP,4509,541.08,5050.08
ACC-INV2858,INV2858,2025-04-07,2000-AP,4646,836.28,5482.28
ACC-INV2859,INV2859,2025-04-08,2000-AP,4783,1339.24,6122.24
ACC-INV2860,INV2860,2025-04-09,2000-AP,4920,246,5166
ACC-INV2861,INV2861,2025-04-10,2000-AP,5057,606.84,5663.84
ACC-INV2862,INV2862,2025-04-11,2000-AP,5194,934.92,6128.92
ACC-INV2863,INV2863,2025-04-12,2000-AP,5331,1492.68,6823.68
ACC-INV2864,INV2864,2025-04-13,2000-AP,5468,273.4,5741.4
ACC-INV2865,INV2865,2025-04-14,2000-AP,5605,672.6,6277.6
ACC-INV2866,INV2866,2025-04-15,2000-AP,5742,1033.56,6775.56
ACC-INV2867,INV2867,2025-04-16,2000-AP,5879,1646.12,7525.12
ACC-INV2868,INV2868,2025-04-17,2000-AP,6016,300.8,6316.8
ACC-INV2869,INV2869,2025-04-18,2000-AP,6153,738.36,6891.36
ACC-INV2871,INV2871,2025-04-20,2000-AP,6427,1799.56,8226.56
ACC-INV2872,INV2872,2025-04-21,2000-AP,6564,328.2,6892.2
ACC-INV2873,INV2873,2025-04-22,2000-AP,6701,804.12,7505.12
ACC-INV2874,INV2874,2025-04-23,2000-AP,6838,1230.84,8068.84
ACC-INV2875,INV2875,2025-04-24,2000-AP,6975,1953,8928
ACC-INV2876,INV2876,2025-04-25,2000-AP,7112,355.6,7467.6
ACC-INV2877,INV2877,2025-04-26,2000-AP,7249,869.88,8118.88
ACC-INV2878,INV2878,2025-04-27,2000-AP,7386,1329.48,8715.48
ACC-INV2879,INV2879,2025-04-28,2000-AP,7523,2106.44,9629.44
ACC-INV2880,INV2880,2025-04-01,2000-AP,7660,383,8043
ACC-INV2881,INV2881,2025-04-02,2000-AP,7797,935.64,8732.64
ACC-INV2882,INV2882,2025-04-03,2000-AP,7934,1428.12,9362.12
ACC-INV2884,INV2884,2025-04-05,2000-AP,8208,410.4,8618.4
ACC-INV2885,INV2885,2025-04-06,2000-AP,8345,1001.4,9346.4
ACC-INV2886,INV2886,2025-04-07,2000-AP,8482,1526.76,10008.76
ACC-INV2887,INV2887,2025-04-08,2000-AP,8619,2413.32,11032.32
ACC-INV2888,INV2888,2025-04-09,2000-AP,8756,437.8,9193.8
ACC-INV2889,INV2889,2025-04-10,2000-AP,8893,1067.16,9960.16
ACC-INV2890,INV2890,2025-04-11,2000-AP,9030,1625.4,10655.4
ACC-INV2891,INV2891,2025-04-12,2000-AP,9167,2566.76,11733.76
ACC-INV2892,INV2892,2025-04-13,2000-AP,9304,465.2,9769.2
ACC-INV2893,INV2893,2025-04-14,2000-AP,9441,1132.92,10573.92
ACC-INV2894,INV2894,2025-04-15,2000-AP,9578,1724.04,11302.04
ACC-INV2895,INV2895,2025-04-16,2000-AP,9715,2720.2,12435.2
ACC-INV2896,INV2896,2025-04-17,2000-AP,9852,492.6,10344.6
ACC-INV2898,INV2898,2025-04-19,2000-AP,10126,1822.68,11948.68
ACC-INV2899,INV2899,2025-04-20,2000-AP,10263,2873.64,13136.64
ACC-INV2900,INV2900,2025-04-21,2000-AP,10400,520,10920
ACC-INV2901,INV2901,2025-04-22,2000-AP,10537,1264.44,11801.44
ACC-INV2902,INV2902,2025-04-23,2000-AP,10674,1921.32,12595.32
ACC-INV2903,INV2903,2025-04-24,2000-AP,10811,3027.08,13838.08
ACC-INV2904,INV2904,2025-04-25,2000-AP,10948,547.4,11495.4
ACC-INV2905,INV2905,2025-04-26,2000-AP,11085,1330.2,12415.2
ACC-INV2906,INV2906,2025-04-27,2000-AP,11222,2019.96,13241.96
ACC-INV2907,INV2907,2025-04-28,2000-AP,11359,3180.52,14539.52
ACC-INV2908,INV2908,2025-04-01,2000-AP,11496,574.8,12070.8
ACC-INV2909,INV2909,2025-04-02,2000-AP,11633,1395.96,13028.96
ACC-INV2910,INV2910,2025-04-03,2000-AP,11770,2118.6,13888.6
ACC-INV2912,INV2912,2025-04-05,2000-AP,12044,602.2,12646.2
ACC-INV2913,INV2913,2025-04-06,2000-AP,12181,1461.72,13642.72
ACC-INV2914,INV2914,2025-04-07,2000-AP,12318,2217.24,14535.24
ACC-INV2915,INV2915,2025-04-08,2000-AP,12455,3487.4,15942.4
ACC-INV2916,INV2916,2025-04-09,2000-AP,12592,629.6,13221.6
ACC-INV2917,INV2917,2025-04-10,2000-AP,12729,1527.48,14256.48
ACC-INV2918,INV2918,2025-04-11,2000-AP,12866,2315.88,15181.88
ACC-INV2919,INV2919,2025-04-12,2000-AP,13003,3640.84,16643.84
ACC-INV2920,INV2920,2025-04-13,2000-AP,13140,657,13797
ACC-INV2921,INV2921,2025-04-14,2000-AP,13277,1593.24,14870.24
ACC-INV2922,INV2922,2025-04-15,2000-AP,13414,2414.52,15828.52
ACC-INV2923,INV2923,2025-04-16,2000-AP,13551,3794.28,17345.28
ACC-INV2925,INV2925,2025-04-18,2000-AP,13825,1659,15484
ACC-INV2926,INV2926,2025-04-19,2000-AP,13962,2513.16,16475.16
ACC-INV2927,INV2927,2025-04-20,2000-AP,14099,3947.72,18046.72
ACC-INV2928,INV2928,2025-04-21,2000-AP,14236,711.8,14947.8
ACC-INV2929,INV2929,2025-04-22,2000-AP,14373,1724.76,16097.76
ACC-INV2930,INV2930,2025-04-23,2000-AP,14510,2611.8,17121.8
ACC-INV2931,INV2931,2025-04-24,2000-AP,14647,4101.16,18748.16
ACC-INV2932,INV2932,2025-04-25,2000-AP,14784,739.2,15523.2
ACC-INV2933,INV2933,2025-04-26,2000-AP,14921,1790.52,16711.52
ACC-INV2934,INV2934,2025-04-27,2000-AP,15058,2710.44,17768.44
ACC-INV2935,INV2935,2025-04-28,2000-AP,15195,4254.6,19449.6
ACC-INV2936,INV2936,2025-04-01,2000-AP,15332,766.6,16098.6
ACC-INV2937,INV2937,2025-04-02,2000-AP,15469,1856.28,17325.28
ACC-INV2939,INV2939,2025-04-04,2000-AP,15743,4408.04,20151.04
ACC-INV2940,INV2940,2025-04-05,2000-AP,15880,794,16674
ACC-INV2941,INV2941,2025-04-06,2000-AP,16017,1922.04,17939.04
ACC-INV2942,INV2942,2025-04-07,2000-AP,16154,2907.72,19061.72
ACC-INV2943,INV2943,2025-04-08,2000-AP,16291,4561.48,20852.48
ACC-INV2944,INV2944,2025-04-09,2000-AP,16428,821.4,17249.4
ACC-INV2945,INV2945,2025-04-10,2000-AP,16565,1987.8,18552.8
ACC-INV2946,INV2946,2025-04-11,2000-AP,16702,3006.36,19708.36
ACC-INV2947,INV2947,2025-04-12,2000-AP,16839,4714.92,21553.92
ACC-INV2948,INV2948,2025-04-13,2000-AP,16976,848.8,17824.8
ACC-INV2949,INV2949,2025-04-14,2000-AP,17113,2053.56,19166.56
ACC-INV2950,INV2950,2025-04-15,2000-AP,1050000,189000,1239000
ACC-INV2951,INV2951,2025-04-16,2000-AP,17387,4868.36,22255.36
ACC-INV2953,INV2953,2025-04-18,2000-AP,17661,2119.32,19780.32
ACC-INV2954,INV2954,2025-04-19,2000-AP,17798,3203.64,21001.64
ACC-INV2955,INV2955,2025-04-20,2000-AP,17935,5021.8,22956.8
ACC-INV2956,INV2956,2025-04-21,2000-AP,18072,903.6,18975.6
ACC-INV2957,INV2957,2025-04-22,2000-AP,18209,2185.08,20394.08
ACC-INV2958,INV2958,2025-04-23,2000-AP,18346,3302.28,21648.28
ACC-INV2959,INV2959,2025-04-24,2000-AP,18483,5175.24,23658.24
ACC-INV2960,INV2960,2025-04-25,2000-AP,18620,931,19551
ACC-INV2961,INV2961,2025-04-26,2000-AP,18757,2250.84,21007.84
ACC-INV2962,INV2962,2025-04-27,2000-AP,18894,3400.92,22294.92
ACC-INV2963,INV2963,2025-04-28,2000-AP,19031,5328.68,24359.68
ACC-INV2964,INV2964,2025-04-01,2000-AP,19168,958.4,20126.4
ACC-INV2965,INV2965,2025-04-02,2000-AP,19305,2316.6,21621.6
ACC-INV2967,INV2967,2025-04-04,2000-AP,19579,5482.12,25061.12
ACC-INV2968,INV2968,2025-04-05,2000-AP,19716,985.8,20701.8
ACC-INV2969,INV2969,2025-04-06,2000-AP,19853,2382.36,22235.36
ACC-INV2970,INV2970,2025-04-07,2000-AP,19990,3598.2,23588.2
ACC-INV2971,INV2971,2025-04-08,2000-AP,20127,5635.56,25762.56
ACC-INV2972,INV2972,2025-04-09,2000-AP,20264,1013.2,21277.2
ACC-INV2973,INV2973,2025-04-10,2000-AP,20401,2448.12,22849.12
ACC-INV2974,INV2974,2025-04-11,2000-AP,20538,3696.84,24234.84
ACC-INV2975,INV2975,2025-04-12,2000-AP,20675,5789,26464
ACC-INV2976,INV2976,2025-04-13,2000-AP,20812,1040.6,21852.6
ACC-INV2977,INV2977,2025-04-14,2000-AP,20949,2513.88,23462.88
ACC-INV2978,INV2978,2025-04-15,2000-AP,21086,3795.48,24881.48
ACC-INV2980,INV2980,2025-04-17,2000-AP,21360,1068,22428
ACC-INV2981,INV2981,2025-04-18,2000-AP,21497,2579.64,24076.64
ACC-INV2982,INV2982,2025-04-19,2000-AP,21634,3894.12,25528.12
ACC-INV2983,INV2983,2025-04-20,2000-AP,21771,6095.88,27866.88
ACC-INV2984,INV2984,2025-04-21,2000-AP,21908,1095.4,23003.4
ACC-INV2985,INV2985,2025-04-22,2000-AP,22045,2645.4,24690.4
ACC-INV2986,INV2986,2025-04-23,2000-AP,22182,3992.76,26174.76
ACC-INV2987,INV2987,2025-04-24,2000-AP,22319,6249.32,28568.32
ACC-INV2988,INV2988,2025-04-25,2000-AP,22456,1122.8,23578.8
ACC-INV2989,INV2989,2025-04-26,2000-AP,22593,2711.16,25304.16
ACC-INV2990,INV2990,2025-04-27,2000-AP,22730,4091.4,26821.4
ACC-INV2991,INV2991,2025-04-28,2000-AP,22867,6402.76,29269.76
ACC-INV2992,INV2992,2025-04-01,2000-AP,23004,1150.2,24154.2
ACC-INV2994,INV2994,2025-04-03,2000-AP,23278,4190.04,27468.04
ACC-INV2995,INV2995,2025-04-04,2000-AP,23415,6556.2,29971.2
ACC-INV2996,INV2996,2025-04-05,2000-AP,23552,1177.6,24729.6
ACC-INV2997,INV2997,2025-04-06,2000-AP,23689,2842.68,26531.68
ACC-INV2998,INV2998,2025-04-07,2000-AP,23826,4288.68,28114.68
ACC-INV2999,INV2999,2025-04-08,2000-AP,23963,6709.64,30672.64
ACC-INV3000,INV3000,2025-04-09,2000-AP,24100,1205,25305
ACC-INV3001,INV3001,2025-04-10,2000-AP,24237,2908.44,27145.44
ACC-INV3002,INV3002,2025-04-11,2000-AP,24374,4387.32,28761.32
ACC-INV3003,INV3003,2025-04-12,2000-AP,24511,6863.08,31374.08
ACC-INV3004,INV3004,2025-04-13,2000-AP,24648,1232.4,25880.4
ACC-INV3005,INV3005,2025-04-14,2000-AP,24785,2974.2,27759.2
ACC-INV3006,INV3006,2025-04-15,2000-AP,24922,4485.96,29407.96
ACC-INV3008,INV3008,2025-04-17,2000-AP,25196,1259.8,26455.8
ACC-INV3009,INV3009,2025-04-18,2000-AP,25333,3039.96,28372.96
ACC-INV3010,INV3010,2025-04-19,2000-AP,25470,4584.6,30054.6
ACC-INV3011,INV3011,2025-04-20,2000-AP,25607,7169.96,32776.96
ACC-INV3012,INV3012,2025-04-21,2000-AP,25744,1287.2,27031.2
ACC-INV3013,INV3013,2025-04-22,2000-AP,25881,3105.72,28986.72
ACC-INV3014,INV3014,2025-04-23,2000-AP,26018,4683.24,30701.24
ACC-INV3015,INV3015,2025-04-24,2000-AP,26155,7323.4,33478.4
ACC-INV3016,INV3016,2025-04-25,2000-AP,26292,1314.6,27606.6
ACC-INV3017,INV3017,2025-04-26,2000-AP,26429,3171.48,29600.48
ACC-INV3018,INV3018,2025-04-27,2000-AP,26566,4781.88,31347.88
ACC-INV3019,INV3019,2025-04-28,2000-AP,26703,7476.84,34179.84
ACC-INV3021,INV3021,2025-04-02,2000-AP,26977,3237.24,30214.24
ACC-INV3022,INV3022,2025-04-03,2000-AP,27114,4880.52,31994.52
ACC-INV3023,INV3023,2025-04-04,2000-AP,27251,7630.28,34881.28
ACC-INV3024,INV3024,2025-04-05,2000-AP,27388,1369.4,28757.4
ACC-INV3025,INV3025,2025-04-06,2000-AP,27525,3303,30828
ACC-INV3026,INV3026,2025-04-07,2000-AP,27662,4979.16,32641.16
ACC-INV3027,INV3027,2025-04-08,2000-AP,27799,7783.72,35582.72
ACC-INV3028,INV3028,2025-04-09,2000-AP,27936,1396.8,29332.8
ACC-INV3029,INV3029,2025-04-10,2000-AP,28073,3368.76,31441.76
ACC-INV3030,INV3030,2025-04-11,2000-AP,28210,5077.8,33287.8
ACC-INV3031,INV3031,2025-04-12,2000-AP,28347,7937.16,36284.16
ACC-INV3032,INV3032,2025-04-13,2000-AP,28484,1424.2,29908.2
ACC-INV3033,INV3033,2025-04-14,2000-AP,28621,3434.52,32055.52
ACC-INV3035,INV3035,2025-04-16,2000-AP,28895,8090.6,36985.6
ACC-INV3036,INV3036,2025-04-17,2000-AP,29032,1451.6,30483.6
ACC-INV3037,INV3037,2025-04-18,2000-AP,29169,3500.28,32669.28
ACC-INV3038,INV3038,2025-04-19,2000-AP,29306,5275.08,34581.08
ACC-INV3039,INV3039,2025-04-20,2000-AP,29443,8244.04,37687.04
ACC-INV3040,INV3040,2025-04-21,2000-AP,29580,1479,31059
ACC-INV3041,INV3041,2025-04-22,2000-AP,29717,3566.04,33283.04
ACC-INV3042,INV3042,2025-04-23,2000-AP,29854,5373.72,35227.72
ACC-INV3043,INV3043,2025-04-24,2000-AP,29991,8397.48,38388.48
ACC-INV3044,INV3044,2025-04-25,2000-AP,30128,1506.4,31634.4
ACC-INV3045,INV3045,2025-04-26,2000-AP,30265,3631.8,33896.8
ACC-INV3046,INV3046,2025-04-27,2000-AP,30402,5472.36,35874.36
ACC-INV3047,INV3047,2025-04-28,2000-AP,30539,8550.92,39089.92
ACC-INV3049,INV3049,2025-04-02,2000-AP,30813,3697.56,34510.56
ACC-INV3050,INV3050,2025-04-03,2000-AP,30950,5571,36521
ACC-INV3051,INV3051,2025-04-04,2000-AP,31087,8704.36,39791.36
ACC-INV3052,INV3052,2025-04-05,2000-AP,31224,1561.2,32785.2
ACC-INV3053,INV3053,2025-04-06,2000-AP,31361,3763.32,35124.32
ACC-INV3054,INV3054,2025-04-07,2000-AP,31498,5669.64,37167.64
ACC-INV3055,INV3055,2025-04-08,2000-AP,31635,8857.8,40492.8
ACC-INV3056,INV3056,2025-04-09,2000-AP,31772,1588.6,33360.6
ACC-INV3057,INV3057,2025-04-10,2000-AP,31909,3829.08,35738.08
ACC-INV3058,INV3058,2025-04-11,2000-AP,32046,5768.28,37814.28
ACC-INV3059,INV3059,2025-04-12,2000-AP,32183,9011.24,41194.24
ACC-INV3060,INV3060,2025-04-13,2000-AP,32320,1616,33936
ACC-INV3062,INV3062,2025-04-15,2000-AP,32594,5866.92,38460.92
ACC-INV3063,INV3063,2025-04-16,2000-AP,32731,9164.68,41895.68
ACC-INV3064,INV3064,2025-04-17,2000-AP,32868,1643.4,34511.4
ACC-INV3065,INV3065,2025-04-18,2000-AP,33005,3960.6,36965.6
ACC-INV3066,INV3066,2025-04-19,2000-AP,33142,5965.56,39107.56
ACC-INV3067,INV3067,2025-04-20,2000-AP,33279,9318.12,42597.12
ACC-INV3068,INV3068,2025-04-21,2000-AP,33416,1670.8,35086.8
ACC-INV3069,INV3069,2025-04-22,2000-AP,33553,4026.36,37579.36
ACC-INV3070,INV3070,2025-04-23,2000-AP,33690,6064.2,39754.2
ACC-INV3071,INV3071,2025-04-24,2000-AP,33827,9471.56,43298.56
ACC-INV3072,INV3072,2025-04-25,2000-AP,33964,1698.2,35662.2
ACC-INV3073,INV3073,2025-04-26,2000-AP,34101,4092.12,38193.12
ACC-INV3074,INV3074,2025-04-27,2000-AP,34238,6162.84,40400.84
ACC-INV3076,INV3076,2025-04-01,2000-AP,34512,1725.6,36237.6
ACC-INV3077,INV3077,2025-04-02,2000-AP,34649,4157.88,38806.88
ACC-INV3078,INV3078,2025-04-03,2000-AP,34786,6261.48,41047.48
ACC-INV3079,INV3079,2025-04-04,2000-AP,34923,9778.44,44701.44
ACC-INV3080,INV3080,2025-04-05,2000-AP,35060,1753,36813
ACC-INV3081,INV3081,2025-04-06,2000-AP,35197,4223.64,39420.64
ACC-INV3082,INV3082,2025-04-07,2000-AP,35334,6360.12,41694.12
ACC-INV3083,INV3083,2025-04-08,2000-AP,35471,9931.88,45402.88
ACC-INV3084,INV3084,2025-04-09,2000-AP,35608,1780.4,37388.4
ACC-INV3085,INV3085,2025-04-10,2000-AP,35745,4289.4,40034.4
ACC-INV3086,INV3086,2025-04-11,2000-AP,35882,6458.76,42340.76
ACC-INV3087,INV3087,2025-04-12,2000-AP,36019,10085.32,46104.32
ACC-INV3088,INV3088,2025-04-13,2000-AP,36156,1807.8,37963.8
ACC-INV3090,INV3090,2025-04-15,2000-AP,36430,6557.4,42987.4
ACC-INV3091,INV3091,2025-04-16,2000-AP,36567,10238.76,46805.76
ACC-INV3092,INV3092,2025-04-17,2000-AP,36704,1835.2,38539.2
ACC-INV3093,INV3093,2025-04-18,2000-AP,36841,4420.92,41261.92
ACC-INV3094,INV3094,2025-04-19,2000-AP,36978,6656.04,43634.04
ACC-INV3095,INV3095,2025-04-20,2000-AP,37115,10392.2,47507.2
ACC-INV3096,INV3096,2025-04-21,2000-AP,37252,1862.6,39114.6
ACC-INV3097,INV3097,2025-04-22,2000-AP,37389,4486.68,41875.68
ACC-INV3098,INV3098,2025-04-23,2000-AP,37526,6754.68,44280.68
ACC-INV3099,INV3099,2025-04-24,2000-AP,37663,10545.64,48208.64
ACC-INV3100,INV3100,2025-04-25,2000-AP,37800,1890,39690
ACC-INV3101,INV3101,2025-04-26,2000-AP,37937,4552.44,42489.44
ACC-INV3102,INV3102,2025-04-27,2000-AP,38074,6853.32,44927.32
ACC-INV3104,INV3104,2025-04-01,2000-AP,38348,1917.4,40265.4
ACC-INV3105,INV3105,2025-04-02,2000-AP,38485,4618.2,43103.2
ACC-INV3106,INV3106,2025-04-03,2000-AP,38622,6951.96,45573.96
ACC-INV3107,INV3107,2025-04-04,2000-AP,38759,10852.52,49611.52
ACC-INV3108,INV3108,2025-04-05,2000-AP,38896,1944.8,40840.8
ACC-INV3109,INV3109,2025-04-06,2000-AP,39033,4683.96,43716.96
ACC-INV3110,INV3110,2025-04-07,2000-AP,39170,7050.6,46220.6
ACC-INV3111,INV3111,2025-04-08,2000-AP,39307,11005.96,50312.96
ACC-INV3112,INV3112,2025-04-09,2000-AP,39444,1972.2,41416.2
ACC-INV3113,INV3113,2025-04-10,2000-AP,39581,4749.72,44330.72
ACC-INV3114,INV3114,2025-04-11,2000-AP,39718,7149.24,46867.24
ACC-INV3115,INV3115,2025-04-12,2000-AP,39855,11159.4,51014.4
ACC-INV3117,INV3117,2025-04-14,2000-AP,40129,4815.48,44944.48
ACC-INV3118,INV3118,2025-04-15,2000-AP,40266,7247.88,47513.88
ACC-INV3119,INV3119,2025-04-16,2000-AP,40403,11312.84,51715.84
ACC-INV3120,INV3120,2025-04-17,2000-AP,40540,2027,42567
ACC-INV3121,INV3121,2025-04-18,2000-AP,40677,4881.24,45558.24
ACC-INV3122,INV3122,2025-04-19,2000-AP,40814,7346.52,48160.52
ACC-INV3123,INV3123,2025-04-20,2000-AP,40951,11466.28,52417.28
ACC-INV3124,INV3124,2025-04-21,2000-AP,41088,2054.4,43142.4
ACC-INV3125,INV3125,2025-04-22,2000-AP,41225,4947,46172
ACC-INV3126,INV3126,2025-04-23,2000-AP,41362,7445.16,48807.16
ACC-INV3127,INV3127,2025-04-24,2000-AP,41499,11619.72,53118.72
ACC-INV3128,INV3128,2025-04-25,2000-AP,41636,2081.8,43717.8
ACC-INV3129,INV3129,2025-04-26,2000-AP,41773,5012.76,46785.76
ACC-INV3131,INV3131,2025-04-28,2000-AP,42047,11773.16,53820.16
ACC-INV3132,INV3132,2025-04-01,2000-AP,42184,2109.2,44293.2
ACC-INV3133,INV3133,2025-04-02,2000-AP,42321,5078.52,47399.52
ACC-INV3134,INV3134,2025-04-03,2000-AP,42458,7642.44,50100.44
ACC-INV3135,INV3135,2025-04-04,2000-AP,42595,11926.6,54521.6
ACC-INV3136,INV3136,2025-04-05,2000-AP,42732,2136.6,44868.6
ACC-INV3137,INV3137,2025-04-06,2000-AP,42869,5144.28,48013.28
ACC-INV3138,INV3138,2025-04-07,2000-AP,43006,7741.08,50747.08
ACC-INV3139,INV3139,2025-04-08,2000-AP,43143,12080.04,55223.04
ACC-INV3140,INV3140,2025-04-09,2000-AP,43280,2164,45444
ACC-INV3141,INV3141,2025-04-10,2000-AP,43417,5210.04,48627.04
ACC-INV3142,INV3142,2025-04-11,2000-AP,43554,7839.72,51393.72
ACC-INV3143,INV3143,2025-04-12,2000-AP,43691,12233.48,55924.48
ACC-INV3145,INV3145,2025-04-14,2000-AP,43965,5275.8,49240.8
ACC-INV3146,INV3146,2025-04-15,2000-AP,44102,7938.36,52040.36
ACC-INV3147,INV3147,2025-04-16,2000-AP,44239,12386.92,56625.92
ACC-INV3148,INV3148,2025-04-17,2000-AP,44376,2218.8,46594.8
ACC-INV3149,INV3149,2025-04-18,2000-AP,44513,5341.56,49854.56
ACC-INV3150,INV3150,2025-04-19,2000-AP,44650,8037,52687
ACC-INV3151,INV3151,2025-04-20,2000-AP,44787,12540.36,57327.36
ACC-INV3152,INV3152,2025-04-21,2000-AP,44924,2246.2,47170.2
ACC-INV3153,INV3153,2025-04-22,2000-AP,45061,5407.32,50468.32
ACC-INV3154,INV3154,2025-04-23,2000-AP,45198,8135.64,53333.64
ACC-INV3155,INV3155,2025-04-24,2000-AP,45335,12693.8,58028.8
ACC-INV3156,INV3156,2025-04-25,2000-AP,45472,2273.6,47745.6
ACC-INV3157,INV3157,2025-04-26,2000-AP,45609,5473.08,51082.08
ACC-INV3158,INV3158,2025-04-27,2000-AP,45746,8234.28,53980.28
ACC-INV3159,INV3159,2025-04-28,2000-AP,45883,12847.24,58730.24
ACC-INV3160,INV3160,2025-04-01,2000-AP,46020,2301,48321
ACC-INV3161,INV3161,2025-04-02,2000-AP,46157,5538.84,51695.84
ACC-INV3162,INV3162,2025-04-03,2000-AP,46294,8332.92,54626.92
ACC-INV3163,INV3163,2025-04-04,2000-AP,46431,13000.68,59431.68
ACC-INV3164,INV3164,2025-04-05,2000-AP,46568,2328.4,48896.4
ACC-INV3165,INV3165,2025-04-06,2000-AP,46705,5604.6,52309.6
ACC-INV3166,INV3166,2025-04-07,2000-AP,46842,8431.56,55273.56
ACC-INV3167,INV3167,2025-04-08,2000-AP,46979,13154.12,60133.12
ACC-INV3168,INV3168,2025-04-09,2000-AP,47116,2355.8,49471.8
ACC-INV3169,INV3169,2025-04-10,2000-AP,47253,5670.36,52923.36
ACC-INV3170,INV3170,2025-04-11,2000-AP,47390,8530.2,55920.2
ACC-INV3171,INV3171,2025-04-12,2000-AP,47527,13307.56,60834.56
ACC-INV3172,INV3172,2025-04-13,2000-AP,47664,2383.2,50047.2
ACC-INV3173,INV3173,2025-04-14,2000-AP,47801,5736.12,53537.12
ACC-INV3174,INV3174,2025-04-15,2000-AP,47938,8628.84,56566.84
ACC-INV3175,INV3175,2025-04-16,2000-AP,48075,13461,61536
ACC-INV3176,INV3176,2025-04-17,2000-AP,48212,2410.6,50622.6
ACC-INV3177,INV3177,2025-04-18,2000-AP,48349,5801.88,54150.88
ACC-INV3178,INV3178,2025-04-19,2000-AP,48486,8727.48,57213.48
ACC-INV3179,INV3179,2025-04-20,2000-AP,48623,13614.44,62237.44
ACC-INV3180,INV3180,2025-04-21,2000-AP,48760,2438,51198
ACC-INV3181,INV3181,2025-04-22,2000-AP,48897,5867.64,54764.64
ACC-INV3182,INV3182,2025-04-23,2000-AP,49034,8826.12,57860.12
ACC-INV3183,INV3183,2025-04-24,2000-AP,49171,13767.88,62938.88
ACC-INV3184,INV3184,2025-04-25,2000-AP,49308,2465.4,51773.4
ACC-INV3185,INV3185,2025-04-26,2000-AP,49445,5933.4,55378.4
ACC-INV3186,INV3186,2025-04-27,2000-AP,49582,8924.76,58506.76
ACC-INV3187,INV3187,2025-04-28,2000-AP,49719,13921.32,63640.32
ACC-INV3188,INV3188,2025-04-01,2000-AP,49856,2492.8,52348.8
ACC-INV3189,INV3189,2025-04-02,2000-AP,49993,5999.16,55992.16
ACC-INV3190,INV3190,2025-04-03,2000-AP,50130,9023.4,59153.4
ACC-INV3191,INV3191,2025-04-04,2000-AP,50267,14074.76,64341.76
ACC-INV3192,INV3192,2025-04-05,2000-AP,50404,2520.2,52924.2
ACC-INV3193,INV3193,2025-04-06,2000-AP,50541,6064.92,56605.92
ACC-INV3194,INV3194,2025-04-07,2000-AP,50678,9122.04,59800.04
ACC-INV3195,INV3195,2025-04-08,2000-AP,50815,14228.2,65043.2
ACC-INV3196,INV3196,2025-04-09,2000-AP,50952,2547.6,53499.6
ACC-INV3197,INV3197,2025-04-10,2000-AP,51089,6130.68,57219.68
ACC-INV3198,INV3198,2025-04-11,2000-AP,51226,9220.68,60446.68
ACC-INV3199,INV3199,2025-04-12,2000-AP,51363,14381.64,65744.64
ACC-INV3200,INV3200,2025-04-13,2000-AP,950000,47500,997500
ACC-INV3201,INV3201,2025-04-14,2000-AP,51637,6196.44,57833.44
ACC-INV3202,INV3202,2025-04-15,2000-AP,51774,9319.32,61093.32
ACC-INV3203,INV3203,2025-04-16,2000-AP,51911,14535.08,66446.08
ACC-INV3204,INV3204,2025-04-17,2000-AP,52048,2602.4,54650.4
ACC-INV3205,INV3205,2025-04-18,2000-AP,52185,6262.2,58447.2
ACC-INV3206,INV3206,2025-04-19,2000-AP,52322,9417.96,61739.96
ACC-INV3207,INV3207,2025-04-20,2000-AP,52459,14688.52,67147.52
ACC-INV3208,INV3208,2025-04-21,2000-AP,52596,2629.8,55225.8
ACC-INV3209,INV3209,2025-04-22,2000-AP,52733,6327.96,59060.96
ACC-INV3210,INV3210,2025-04-23,2000-AP,52870,9516.6,62386.6
ACC-INV3211,INV3211,2025-04-24,2000-AP,53007,14841.96,67848.96
ACC-INV3212,INV3212,2025-04-25,2000-AP,53144,2657.2,55801.2
ACC-INV3213,INV3213,2025-04-26,2000-AP,53281,6393.72,59674.72
ACC-INV3214,INV3214,2025-04-27,2000-AP,53418,9615.24,63033.24
ACC-INV3215,INV3215,2025-04-28,2000-AP,53555,14995.4,68550.4
ACC-INV3216,INV3216,2025-04-01,2000-AP,53692,2684.6,56376.6
ACC-INV3217,INV3217,2025-04-02,2000-AP,53829,6459.48,60288.48
ACC-INV3218,INV3218,2025-04-03,2000-AP,53966,9713.88,63679.88
ACC-INV3219,INV3219,2025-04-04,2000-AP,54103,15148.84,69251.84
ACC-INV3220,INV3220,2025-04-05,2000-AP,54240,2712,56952
ACC-INV3221,INV3221,2025-04-06,2000-AP,54377,6525.24,60902.24
ACC-INV3222,INV3222,2025-04-07,2000-AP,54514,9812.52,64326.52
ACC-INV3223,INV3223,2025-04-08,2000-AP,54651,15302.28,69953.28
ACC-INV3224,INV3224,2025-04-09,2000-AP,54788,2739.4,57527.4
ACC-INV3225,INV3225,2025-04-10,2000-AP,54925,6591,61516
ACC-INV3226,INV3226,2025-04-11,2000-AP,55062,9911.16,64973.16
ACC-INV3227,INV3227,2025-04-12,2000-AP,55199,15455.72,70654.72
ACC-INV3228,INV3228,2025-04-13,2000-AP,55336,2766.8,58102.8
ACC-INV3229,INV3229,2025-04-14,2000-AP,55473,6656.76,62129.76
ACC-INV3230,INV3230,2025-04-15,2000-AP,55610,10009.8,65619.8
ACC-INV3231,INV3231,2025-04-16,2000-AP,55747,15609.16,71356.16
ACC-INV3232,INV3232,2025-04-17,2000-AP,55884,2794.2,58678.2
ACC-INV3233,INV3233,2025-04-18,2000-AP,56021,6722.52,62743.52
ACC-INV3234,INV3234,2025-04-19,2000-AP,56158,10108.44,66266.44
ACC-INV3235,INV3235,2025-04-20,2000-AP,56295,15762.6,72057.6
ACC-INV3236,INV3236,2025-04-21,2000-AP,56432,2821.6,59253.6
ACC-INV3237,INV3237,2025-04-22,2000-AP,56569,6788.28,63357.28
ACC-INV3238,INV3238,2025-04-23,2000-AP,56706,10207.08,66913.08
ACC-INV3239,INV3239,2025-04-24,2000-AP,56843,15916.04,72759.04
ACC-INV3240,INV3240,2025-04-25,2000-AP,56980,2849,59829
ACC-INV3241,INV3241,2025-04-26,2000-AP,57117,6854.04,63971.04
ACC-INV3242,INV3242,2025-04-27,2000-AP,57254,10305.72,67559.72
ACC-INV3243,INV3243,2025-04-28,2000-AP,57391,16069.48,73460.48
ACC-INV3244,INV3244,2025-04-01,2000-AP,57528,2876.4,60404.4
ACC-INV3245,INV3245,2025-04-02,2000-AP,57665,6919.8,64584.8
ACC-INV3246,INV3246,2025-04-03,2000-AP,57802,10404.36,68206.36
ACC-INV3247,INV3247,2025-04-04,2000-AP,57939,16222.92,74161.92
ACC-INV3248,INV3248,2025-04-05,2000-AP,58076,2903.8,60979.8
ACC-INV3249,INV3249,2025-04-06,2000-AP,58213,6985.56,65198.56
ACC-INV3250,INV3250,2025-04-07,2000-AP,58350,10503,68853
ACC-INV3251,INV3251,2025-04-08,2000-AP,58487,16376.36,74863.36
ACC-INV3252,INV3252,2025-04-09,2000-AP,58624,2931.2,61555.2
ACC-INV3253,INV3253,2025-04-10,2000-AP,58761,7051.32,65812.32
ACC-INV3254,INV3254,2025-04-11,2000-AP,58898,10601.64,69499.64
ACC-INV3255,INV3255,2025-04-12,2000-AP,59035,16529.8,75564.8
ACC-INV3256,INV3256,2025-04-13,2000-AP,59172,2958.6,62130.6
ACC-INV3257,INV3257,2025-04-14,2000-AP,59309,7117.08,66426.08
ACC-INV3258,INV3258,2025-04-15,2000-AP,59446,10700.28,70146.28
ACC-INV3259,INV3259,2025-04-16,2000-AP,59583,16683.24,76266.24
ACC-INV3260,INV3260,2025-04-17,2000-AP,59720,2986,62706
ACC-INV3261,INV3261,2025-04-18,2000-AP,59857,7182.84,67039.84
ACC-INV3262,INV3262,2025-04-19,2000-AP,59994,10798.92,70792.92
ACC-INV3263,INV3263,2025-04-20,2000-AP,60131,16836.68,76967.68
ACC-INV3264,INV3264,2025-04-21,2000-AP,60268,3013.4,63281.4
ACC-INV3265,INV3265,2025-04-22,2000-AP,60405,7248.6,67653.6
ACC-INV3266,INV3266,2025-04-23,2000-AP,60542,10897.56,71439.56
ACC-INV3267,INV3267,2025-04-24,2000-AP,60679,16990.12,77669.12
ACC-INV3268,INV3268,2025-04-25,2000-AP,60816,3040.8,63856.8
ACC-INV3269,INV3269,2025-04-26,2000-AP,60953,7314.36,68267.36
ACC-INV3270,INV3270,2025-04-27,2000-AP,61090,10996.2,72086.2
ACC-INV3271,INV3271,2025-04-28,2000-AP,61227,17143.56,78370.56
ACC-INV3272,INV3272,2025-04-01,2000-AP,61364,3068.2,64432.2
ACC-INV3273,INV3273,2025-04-02,2000-AP,61501,7380.12,68881.12
ACC-INV3274,INV3274,2025-04-03,2000-AP,61638,11094.84,72732.84
ACC-INV3275,INV3275,2025-04-04,2000-AP,61775,17297,79072
ACC-INV3276,INV3276,2025-04-05,2000-AP,61912,3095.6,65007.6
ACC-INV3277,INV3277,2025-04-06,2000-AP,62049,7445.88,69494.88
ACC-INV3278,INV3278,2025-04-07,2000-AP,62186,11193.48,73379.48
ACC-INV3279,INV3279,2025-04-08,2000-AP,62323,17450.44,79773.44
ACC-INV3280,INV3280,2025-04-09,2000-AP,62460,3123,65583
ACC-INV3281,INV3281,2025-04-10,2000-AP,62597,7511.64,70108.64
ACC-INV3282,INV3282,2025-04-11,2000-AP,62734,11292.12,74026.12
ACC-INV3283,INV3283,2025-04-12,2000-AP,62871,17603.88,80474.88
ACC-INV3284,INV3284,2025-04-13,2000-AP,63008,3150.4,66158.4
ACC-INV3285,INV3285,2025-04-14,2000-AP,63145,7577.4,70722.4
ACC-INV3286,INV3286,2025-04-15,2000-AP,63282,11390.76,74672.76
ACC-INV3287,INV3287,2025-04-16,2000-AP,63419,17757.32,81176.32
ACC-INV3288,INV3288,2025-04-17,2000-AP,63556,3177.8,66733.8
ACC-INV3289,INV3289,2025-04-18,2000-AP,63693,7643.16,71336.16
ACC-INV3290,INV3290,2025-04-19,2000-AP,63830,11489.4,75319.4
ACC-INV3291,INV3291,2025-04-20,2000-AP,63967,17910.76,81877.76
ACC-INV3292,INV3292,2025-04-21,2000-AP,64104,3205.2,67309.2
ACC-INV3293,INV3293,2025-04-22,2000-AP,64241,7708.92,71949.92
ACC-INV3294,INV3294,2025-04-23,2000-AP,64378,11588.04,75966.04
ACC-INV3295,INV3295,2025-04-24,2000-AP,64515,18064.2,82579.2
ACC-INV3296,INV3296,2025-04-25,2000-AP,64652,3232.6,67884.6
ACC-INV3297,INV3297,2025-04-26,2000-AP,64789,7774.68,72563.68
ACC-INV3298,INV3298,2025-04-27,2000-AP,64926,11686.68,76612.68
ACC-INV3299,INV3299,2025-04-28,2000-AP,65063,18217.64,83280.64
ACC-INV3300,INV3300,2025-04-01,2000-AP,65200,3260,68460
ACC-INV3301,INV3301,2025-04-02,2000-AP,65337,7840.44,73177.44
ACC-INV3302,INV3302,2025-04-03,2000-AP,65474,11785.32,77259.32
ACC-INV3303,INV3303,2025-04-04,2000-AP,65611,18371.08,83982.08
ACC-INV3304,INV3304,2025-04-05,2000-AP,65748,3287.4,69035.4
ACC-INV3305,INV3305,2025-04-06,2000-AP,65885,7906.2,73791.2
ACC-INV3306,INV3306,2025-04-07,2000-AP,66022,11883.96,77905.96
ACC-INV3307,INV3307,2025-04-08,2000-AP,66159,18524.52,84683.52
ACC-INV3308,INV3308,2025-04-09,2000-AP,66296,3314.8,69610.8
ACC-INV3309,INV3309,2025-04-10,2000-AP,66433,7971.96,74404.96
ACC-INV3310,INV3310,2025-04-11,2000-AP,66570,11982.6,78552.6
ACC-INV3311,INV3311,2025-04-12,2000-AP,66707,18677.96,85384.96
ACC-INV3312,INV3312,2025-04-13,2000-AP,66844,3342.2,70186.2
ACC-INV3313,INV3313,2025-04-14,2000-AP,66981,8037.72,75018.72
ACC-INV3314,INV3314,2025-04-15,2000-AP,67118,12081.24,79199.24
ACC-INV3315,INV3315,2025-04-16,2000-AP,67255,18831.4,86086.4
ACC-INV3316,INV3316,2025-04-17,2000-AP,67392,3369.6,70761.6
ACC-INV3317,INV3317,2025-04-18,2000-AP,67529,8103.48,75632.48
ACC-INV3318,INV3318,2025-04-19,2000-AP,67666,12179.88,79845.88
ACC-INV3319,INV3319,2025-04-20,2000-AP,67803,18984.84,86787.84
ACC-INV3320,INV3320,2025-04-21,2000-AP,67940,3397,71337
ACC-INV3321,INV3321,2025-04-22,2000-AP,68077,8169.24,76246.24
ACC-INV3322,INV3322,2025-04-23,2000-AP,68214,12278.52,80492.52
ACC-INV3323,INV3323,2025-04-24,2000-AP,68351,19138.28,87489.28
ACC-INV3324,INV3324,2025-04-25,2000-AP,68488,3424.4,71912.4
ACC-INV3325,INV3325,2025-04-26,2000-AP,68625,8235,76860
ACC-INV3326,INV3326,2025-04-27,2000-AP,68762,12377.16,81139.16
ACC-INV3327,INV3327,2025-04-28,2000-AP,68899,19291.72,88190.72
ACC-INV3328,INV3328,2025-04-01,2000-AP,69036,3451.8,72487.8
ACC-INV3329,INV3329,2025-04-02,2000-AP,69173,8300.76,77473.76
ACC-INV3330,INV3330,2025-04-03,2000-AP,69310,12475.8,81785.8
ACC-INV3331,INV3331,2025-04-04,2000-AP,69447,19445.16,88892.16
ACC-INV3332,INV3332,2025-04-05,2000-AP,69584,3479.2,73063.2
ACC-INV3333,INV3333,2025-04-06,2000-AP,69721,8366.52,78087.52
ACC-INV3334,INV3334,2025-04-07,2000-AP,69858,12574.44,82432.44
ACC-INV3335,INV3335,2025-04-08,2000-AP,69995,19598.6,89593.6
ACC-INV3336,INV3336,2025-04-09,2000-AP,70132,3506.6,73638.6
ACC-INV3337,INV3337,2025-04-10,2000-AP,70269,8432.28,78701.28
ACC-INV3338,INV3338,2025-04-11,2000-AP,70406,12673.08,83079.08
ACC-INV3339,INV3339,2025-04-12,2000-AP,70543,19752.04,90295.04
ACC-INV3340,INV3340,2025-04-13,2000-AP,70680,3534,74214
ACC-INV3341,INV3341,2025-04-14,2000-AP,70817,8498.04,79315.04
ACC-INV3342,INV3342,2025-04-15,2000-AP,70954,12771.72,83725.72
ACC-INV3343,INV3343,2025-04-16,2000-AP,71091,19905.48,90996.48
ACC-INV3344,INV3344,2025-04-17,2000-AP,71228,3561.4,74789.4
ACC-INV3345,INV3345,2025-04-18,2000-AP,71365,8563.8,79928.8
ACC-INV3346,INV3346,2025-04-19,2000-AP,71502,12870.36,84372.36
ACC-INV3347,INV3347,2025-04-20,2000-AP,71639,20058.92,91697.92
ACC-INV3348,INV3348,2025-04-21,2000-AP,71776,3588.8,75364.8
ACC-INV3349,INV3349,2025-04-22,2000-AP,71913,8629.56,80542.56
ACC-INV3350,INV3350,2025-04-23,2000-AP,72050,12969,85019
ACC-INV3351,INV3351,2025-04-24,2000-AP,72187,20212.36,92399.36
ACC-INV3352,INV3352,2025-04-25,2000-AP,72324,3616.2,75940.2
ACC-INV3353,INV3353,2025-04-26,2000-AP,72461,8695.32,81156.32
ACC-INV3354,INV3354,2025-04-27,2000-AP,72598,13067.64,85665.64
ACC-INV3355,INV3355,2025-04-28,2000-AP,72735,20365.8,93100.8
ACC-INV3356,INV3356,2025-04-01,2000-AP,72872,3643.6,76515.6
ACC-INV3357,INV3357,2025-04-02,2000-AP,73009,8761.08,81770.08
ACC-INV3358,INV3358,2025-04-03,2000-AP,73146,13166.28,86312.28
ACC-INV3359,INV3359,2025-04-04,2000-AP,73283,20519.24,93802.24
ACC-INV3360,INV3360,2025-04-05,2000-AP,73420,3671,77091
ACC-INV3361,INV3361,2025-04-06,2000-AP,73557,8826.84,82383.84
ACC-INV3362,INV3362,2025-04-07,2000-AP,73694,13264.92,86958.92
ACC-INV3363,INV3363,2025-04-08,2000-AP,73831,20672.68,94503.68
ACC-INV3364,INV3364,2025-04-09,2000-AP,73968,3698.4,77666.4
ACC-INV3365,INV3365,2025-04-10,2000-AP,74105,8892.6,82997.6
ACC-INV3366,INV3366,2025-04-11,2000-AP,74242,13363.56,87605.56
ACC-INV3367,INV3367,2025-04-12,2000-AP,74379,20826.12,95205.12
ACC-INV3368,INV3368,2025-04-13,2000-AP,74516,3725.8,78241.8
ACC-INV3369,INV3369,2025-04-14,2000-AP,74653,8958.36,83611.36
ACC-INV3370,INV3370,2025-04-15,2000-AP,74790,13462.2,88252.2
ACC-INV3371,INV3371,2025-04-16,2000-AP,74927,20979.56,95906.56
ACC-INV3372,INV3372,2025-04-17,2000-AP,75064,3753.2,78817.2
ACC-INV3373,INV3373,2025-04-18,2000-AP,75201,9024.12,84225.12
ACC-INV3374,INV3374,2025-04-19,2000-AP,75338,13560.84,88898.84
ACC-INV3375,INV3375,2025-04-20,2000-AP,75475,21133,96608
ACC-INV3376,INV3376,2025-04-21,2000-AP,75612,3780.6,79392.6
ACC-INV3377,INV3377,2025-04-22,2000-AP,75749,9089.88,84838.88
ACC-INV3378,INV3378,2025-04-23,2000-AP,75886,13659.48,89545.48
ACC-INV3379,INV3379,2025-04-24,2000-AP,76023,21286.44,97309.44
ACC-INV3380,INV3380,2025-04-25,2000-AP,76160,3808,79968
ACC-INV3381,INV3381,2025-04-26,2000-AP,76297,9155.64,85452.64
ACC-INV3382,INV3382,2025-04-27,2000-AP,76434,13758.12,90192.12
ACC-INV3383,INV3383,2025-04-28,2000-AP,76571,21439.88,98010.88
ACC-INV3384,INV3384,2025-04-01,2000-AP,76708,3835.4,80543.4
ACC-INV3385,INV3385,2025-04-02,2000-AP,76845,9221.4,86066.4
ACC-INV3386,INV3386,2025-04-03,2000-AP,76982,13856.76,90838.76
ACC-INV3387,INV3387,2025-04-04,2000-AP,77119,21593.32,98712.32
ACC-INV3388,INV3388,2025-04-05,2000-AP,77256,3862.8,81118.8
ACC-INV3389,INV3389,2025-04-06,2000-AP,77393,9287.16,86680.16
ACC-INV3390,INV3390,2025-04-07,2000-AP,2530,455.4,2985.4
ACC-INV3391,INV3391,2025-04-08,2000-AP,2667,746.76,3413.76
ACC-INV3392,INV3392,2025-04-09,2000-AP,2804,140.2,2944.2
ACC-INV3393,INV3393,2025-04-10,2000-AP,2941,352.92,3293.92
ACC-INV3394,INV3394,2025-04-11,2000-AP,3078,554.04,3632.04
ACC-INV3395,INV3395,2025-04-12,2000-AP,3215,900.2,4115.2
ACC-INV3396,INV3396,2025-04-13,2000-AP,3352,167.6,3519.6
ACC-INV3397,INV3397,2025-04-14,2000-AP,3489,418.68,3907.68
ACC-INV3398,INV3398,2025-04-15,2000-AP,3626,652.68,4278.68
ACC-INV3399,INV3399,2025-04-16,2000-AP,3763,1053.64,4816.64
ACC-INV3400,INV3400,2025-04-17,2000-AP,3900,195,4095
ACC-INV3401,INV3401,2025-04-18,2000-AP,4037,484.44,4521.44
ACC-INV3402,INV3402,2025-04-19,2000-AP,4174,751.32,4925.32
ACC-INV3403,INV3403,2025-04-20,2000-AP,4311,1207.08,5518.08
ACC-INV3404,INV3404,2025-04-21,2000-AP,4448,222.4,4670.4
ACC-INV3405,INV3405,2025-04-22,2000-AP,4585,550.2,5135.2
ACC-INV3406,INV3406,2025-04-23,2000-AP,4722,849.96,5571.96
ACC-INV3407,INV3407,2025-04-24,2000-AP,4859,1360.52,6219.52
ACC-INV3408,INV3408,2025-04-25,2000-AP,4996,249.8,5245.8
ACC-INV3409,INV3409,2025-04-26,2000-AP,5133,615.96,5748.96
ACC-INV3410,INV3410,2025-04-27,2000-AP,5270,948.6,6218.6
ACC-INV3411,INV3411,2025-04-28,2000-AP,5407,1513.96,6920.96
ACC-INV3412,INV3412,2025-04-01,2000-AP,5544,277.2,5821.2
ACC-INV3413,INV3413,2025-04-02,2000-AP,5681,681.72,6362.72
ACC-INV3414,INV3414,2025-04-03,2000-AP,5818,1047.24,6865.24
ACC-INV3415,INV3415,2025-04-04,2000-AP,5955,1667.4,7622.4
ACC-INV3416,INV3416,2025-04-05,2000-AP,6092,304.6,6396.6
ACC-INV3417,INV3417,2025-04-06,2000-AP,6229,747.48,6976.48
ACC-INV3418,INV3418,2025-04-07,2000-AP,6366,1145.88,7511.88
ACC-INV3419,INV3419,2025-04-08,2000-AP,6503,1820.84,8323.84
ACC-INV3420,INV3420,2025-04-09,2000-AP,6640,332,6972
ACC-INV3421,INV3421,2025-04-10,2000-AP,6777,813.24,7590.24
ACC-INV3422,INV3422,2025-04-11,2000-AP,6914,1244.52,8158.52
ACC-INV3423,INV3423,2025-04-12,2000-AP,7051,1974.28,9025.28
ACC-INV3424,INV3424,2025-04-13,2000-AP,7188,359.4,7547.4
ACC-INV3425,INV3425,2025-04-14,2000-AP,7325,879,8204
ACC-INV3426,INV3426,2025-04-15,2000-AP,7462,1343.16,8805.16
ACC-INV3427,INV3427,2025-04-16,2000-AP,7599,2127.72,9726.72
ACC-INV3428,INV3428,2025-04-17,2000-AP,7736,386.8,8122.8
ACC-INV3429,INV3429,2025-04-18,2000-AP,7873,944.76,8817.76
ACC-INV3430,INV3430,2025-04-19,2000-AP,8010,1441.8,9451.8
ACC-INV3431,INV3431,2025-04-20,2000-AP,8147,2281.16,10428.16
ACC-INV3432,INV3432,2025-04-21,2000-AP,8284,414.2,8698.2
ACC-INV3433,INV3433,2025-04-22,2000-AP,8421,1010.52,9431.52
ACC-INV3434,INV3434,2025-04-23,2000-AP,8558,1540.44,10098.44
ACC-INV3435,INV3435,2025-04-24,2000-AP,8695,2434.6,11129.6
ACC-INV3436,INV3436,2025-04-25,2000-AP,8832,441.6,9273.6
ACC-INV3437,INV3437,2025-04-26,2000-AP,8969,1076.28,10045.28
ACC-INV3438,INV3438,2025-04-27,2000-AP,9106,1639.08,10745.08
ACC-INV3439,INV3439,2025-04-28,2000-AP,9243,2588.04,11831.04
ACC-INV3440,INV3440,2025-04-01,2000-AP,9380,469,9849
ACC-INV3441,INV3441,2025-04-02,2000-AP,9517,1142.04,10659.04
ACC-INV3442,INV3442,2025-04-03,2000-AP,9654,1737.72,11391.72
ACC-INV3443,INV3443,2025-04-04,2000-AP,9791,2741.48,12532.48
ACC-INV3444,INV3444,2025-04-05,2000-AP,9928,496.4,10424.4
ACC-INV3445,INV3445,2025-04-06,2000-AP,10065,1207.8,11272.8
ACC-INV3446,INV3446,2025-04-07,2000-AP,10202,1836.36,12038.36
ACC-INV3447,INV3447,2025-04-08,2000-AP,10339,2894.92,13233.92
ACC-INV3448,INV3448,2025-04-09,2000-AP,10476,523.8,10999.8
ACC-INV3449,INV3449,2025-04-10,2000-AP,10613,1273.56,11886.56
ACC-INV3450,INV3450,2025-04-11,2000-AP,850000,153000,1003000
ACC-INV3451,INV3451,2025-04-12,2000-AP,10887,3048.36,13935.36
ACC-INV3452,INV3452,2025-04-13,2000-AP,11024,551.2,11575.2
ACC-INV3453,INV3453,2025-04-14,2000-AP,11161,1339.32,12500.32
ACC-INV3454,INV3454,2025-04-15,2000-AP,11298,2033.64,13331.64
ACC-INV3455,INV3455,2025-04-16,2000-AP,11435,3201.8,14636.8
ACC-INV3456,INV3456,2025-04-17,2000-AP,11572,578.6,12150.6
ACC-INV3457,INV3457,2025-04-18,2000-AP,11709,1405.08,13114.08
ACC-INV3458,INV3458,2025-04-19,2000-AP,11846,2132.28,13978.28
ACC-INV3459,INV3459,2025-04-20,2000-AP,11983,3355.24,15338.24
ACC-INV3460,INV3460,2025-04-21,2000-AP,12120,606,12726
ACC-INV3461,INV3461,2025-04-22,2000-AP,12257,1470.84,13727.84
ACC-INV3462,INV3462,2025-04-23,2000-AP,12394,2230.92,14624.92
ACC-INV3463,INV3463,2025-04-24,2000-AP,12531,3508.68,16039.68
ACC-INV3464,INV3464,2025-04-25,2000-AP,12668,633.4,13301.4
ACC-INV3465,INV3465,2025-04-26,2000-AP,12805,1536.6,14341.6
ACC-INV3466,INV3466,2025-04-27,2000-AP,12942,2329.56,15271.56
ACC-INV3467,INV3467,2025-04-28,2000-AP,13079,3662.12,16741.12
ACC-INV3468,INV3468,2025-04-01,2000-AP,13216,660.8,13876.8
ACC-INV3469,INV3469,2025-04-02,2000-AP,13353,1602.36,14955.36
ACC-INV3470,INV3470,2025-04-03,2000-AP,13490,2428.2,15918.2
ACC-INV3471,INV3471,2025-04-04,2000-AP,13627,3815.56,17442.56
ACC-INV3472,INV3472,2025-04-05,2000-AP,13764,688.2,14452.2
ACC-INV3473,INV3473,2025-04-06,2000-AP,13901,1668.12,15569.12
ACC-INV3474,INV3474,2025-04-07,2000-AP,14038,2526.84,16564.84
ACC-INV3475,INV3475,2025-04-08,2000-AP,14175,3969,18144
ACC-INV3476,INV3476,2025-04-09,2000-AP,14312,715.6,15027.6
ACC-INV3477,INV3477,2025-04-10,2000-AP,14449,1733.88,16182.88
ACC-INV3478,INV3478,2025-04-11,2000-AP,14586,2625.48,17211.48
ACC-INV3479,INV3479,2025-04-12,2000-AP,14723,4122.44,18845.44
ACC-INV3480,INV3480,2025-04-13,2000-AP,14860,743,15603
ACC-INV3481,INV3481,2025-04-14,2000-AP,14997,1799.64,16796.64
ACC-INV3482,INV3482,2025-04-15,2000-AP,15134,2724.12,17858.12
ACC-INV3483,INV3483,2025-04-16,2000-AP,15271,4275.88,19546.88
ACC-INV3484,INV3484,2025-04-17,2000-AP,15408,770.4,16178.4
ACC-INV3485,INV3485,2025-04-18,2000-AP,15545,1865.4,17410.4
ACC-INV3486,INV3486,2025-04-19,2000-AP,15682,2822.76,18504.76
ACC-INV3487,INV3487,2025-04-20,2000-AP,15819,4429.32,20248.32
ACC-INV3488,INV3488,2025-04-21,2000-AP,15956,797.8,16753.8
ACC-INV3489,INV3489,2025-04-22,2000-AP,16093,1931.16,18024.16
ACC-INV3490,INV3490,2025-04-23,2000-AP,16230,2921.4,19151.4
ACC-INV3491,INV3491,2025-04-24,2000-AP,16367,4582.76,20949.76
ACC-INV3492,INV3492,2025-04-25,2000-AP,16504,825.2,17329.2
ACC-INV3493,INV3493,2025-04-26,2000-AP,16641,1996.92,18637.92
ACC-INV3494,INV3494,2025-04-27,2000-AP,16778,3020.04,19798.04
ACC-INV3495,INV3495,2025-04-28,2000-AP,16915,4736.2,21651.2
ACC-INV3496,INV3496,2025-04-01,2000-AP,17052,852.6,17904.6
ACC-INV3497,INV3497,2025-04-02,2000-AP,17189,2062.68,19251.68
ACC-INV3498,INV3498,2025-04-03,2000-AP,17326,3118.68,20444.68
ACC-INV3499,INV3499,2025-04-04,2000-AP,17463,4889.64,22352.64
ACC-INV3500,INV3500,2025-04-05,2000-AP,17600,880,18480
ACC-INV3501,INV3501,2025-04-06,2000-AP,17737,2128.44,19865.44
ACC-INV3502,INV3502,2025-04-07,2000-AP,17874,3217.32,21091.32
ACC-INV3503,INV3503,2025-04-08,2000-AP,18011,5043.08,23054.08
ACC-INV3504,INV3504,2025-04-09,2000-AP,18148,907.4,19055.4
ACC-INV3505,INV3505,2025-04-10,2000-AP,18285,2194.2,20479.2
ACC-INV3506,INV3506,2025-04-11,2000-AP,18422,3315.96,21737.96
ACC-INV3507,INV3507,2025-04-12,2000-AP,18559,5196.52,23755.52
ACC-INV3508,INV3508,2025-04-13,2000-AP,18696,934.8,19630.8
ACC-INV3509,INV3509,2025-04-14,2000-AP,18833,2259.96,21092.96
ACC-INV3510,INV3510,2025-04-15,2000-AP,18970,3414.6,22384.6
ACC-INV3511,INV3511,2025-04-16,2000-AP,19107,5349.96,24456.96
ACC-INV3512,INV3512,2025-04-17,2000-AP,19244,962.2,20206.2
ACC-INV3513,INV3513,2025-04-18,2000-AP,19381,2325.72,21706.72
ACC-INV3514,INV3514,2025-04-19,2000-AP,19518,3513.24,23031.24
ACC-INV3515,INV3515,2025-04-20,2000-AP,19655,5503.4,25158.4
ACC-INV3516,INV3516,2025-04-21,2000-AP,19792,989.6,20781.6
ACC-INV3517,INV3517,2025-04-22,2000-AP,19929,2391.48,22320.48
ACC-INV3518,INV3518,2025-04-23,2000-AP,20066,3611.88,23677.88
ACC-INV3519,INV3519,2025-04-24,2000-AP,20203,5656.84,25859.84
ACC-INV3520,INV3520,2025-04-25,2000-AP,20340,1017,21357
ACC-INV3521,INV3521,2025-04-26,2000-AP,20477,2457.24,22934.24
ACC-INV3522,INV3522,2025-04-27,2000-AP,20614,3710.52,24324.52
ACC-INV3523,INV3523,2025-04-28,2000-AP,20751,5810.28,26561.28
ACC-INV3524,INV3524,2025-04-01,2000-AP,20888,1044.4,21932.4
ACC-INV3525,INV3525,2025-04-02,2000-AP,21025,2523,23548
ACC-INV3526,INV3526,2025-04-03,2000-AP,21162,3809.16,24971.16
ACC-INV3527,INV3527,2025-04-04,2000-AP,21299,5963.72,27262.72
ACC-INV3528,INV3528,2025-04-05,2000-AP,21436,1071.8,22507.8
ACC-INV3529,INV3529,2025-04-06,2000-AP,21573,2588.76,24161.76
ACC-INV3530,INV3530,2025-04-07,2000-AP,21710,3907.8,25617.8
ACC-INV3531,INV3531,2025-04-08,2000-AP,21847,6117.16,27964.16
ACC-INV3532,INV3532,2025-04-09,2000-AP,21984,1099.2,23083.2
ACC-INV3533,INV3533,2025-04-10,2000-AP,22121,2654.52,24775.52
ACC-INV3534,INV3534,2025-04-11,2000-AP,22258,4006.44,26264.44
ACC-INV3535,INV3535,2025-04-12,2000-AP,22395,6270.6,28665.6
ACC-INV3536,INV3536,2025-04-13,2000-AP,22532,1126.6,23658.6
ACC-INV3537,INV3537,2025-04-14,2000-AP,22669,2720.28,25389.28
ACC-INV3538,INV3538,2025-04-15,2000-AP,22806,4105.08,26911.08
ACC-INV3539,INV3539,2025-04-16,2000-AP,22943,6424.04,29367.04
ACC-INV3540,INV3540,2025-04-17,2000-AP,23080,1154,24234
ACC-INV3541,INV3541,2025-04-18,2000-AP,23217,2786.04,26003.04
ACC-INV3542,INV3542,2025-04-19,2000-AP,23354,4203.72,27557.72
ACC-INV3543,INV3543,2025-04-20,2000-AP,23491,6577.48,30068.48
ACC-INV3544,INV3544,2025-04-21,2000-AP,23628,1181.4,24809.4
ACC-INV3545,INV3545,2025-04-22,2000-AP,23765,2851.8,26616.8
ACC-INV3546,INV3546,2025-04-23,2000-AP,23902,4302.36,28204.36
ACC-INV3547,INV3547,2025-04-24,2000-AP,24039,6730.92,30769.92
ACC-INV3548,INV3548,2025-04-25,2000-AP,24176,1208.8,25384.8
ACC-INV3549,INV3549,2025-04-26,2000-AP,24313,2917.56,27230.56
ACC-INV3550,INV3550,2025-04-27,2000-AP,24450,4401,28851
ACC-INV3551,INV3551,2025-04-28,2000-AP,24587,6884.36,31471.36
ACC-INV3552,INV3552,2025-04-01,2000-AP,24724,1236.2,25960.2
ACC-INV3553,INV3553,2025-04-02,2000-AP,24861,2983.32,27844.32
ACC-INV3554,INV3554,2025-04-03,2000-AP,24998,4499.64,29497.64
ACC-INV3555,INV3555,2025-04-04,2000-AP,25135,7037.8,32172.8
ACC-INV3556,INV3556,2025-04-05,2000-AP,25272,1263.6,26535.6
ACC-INV3557,INV3557,2025-04-06,2000-AP,25409,3049.08,28458.08
ACC-INV3558,INV3558,2025-04-07,2000-AP,25546,4598.28,30144.28
ACC-INV3559,INV3559,2025-04-08,2000-AP,25683,7191.24,32874.24
ACC-INV3560,INV3560,2025-04-09,2000-AP,25820,1291,27111
ACC-INV3561,INV3561,2025-04-10,2000-AP,25957,3114.84,29071.84
ACC-INV3562,INV3562,2025-04-11,2000-AP,26094,4696.92,30790.92
ACC-INV3563,INV3563,2025-04-12,2000-AP,26231,7344.68,33575.68
ACC-INV3564,INV3564,2025-04-13,2000-AP,26368,1318.4,27686.4
ACC-INV3565,INV3565,2025-04-14,2000-AP,26505,3180.6,29685.6
ACC-INV3566,INV3566,2025-04-15,2000-AP,26642,4795.56,31437.56
ACC-INV3567,INV3567,2025-04-16,2000-AP,26779,7498.12,34277.12
ACC-INV3568,INV3568,2025-04-17,2000-AP,26916,1345.8,28261.8
ACC-INV3569,INV3569,2025-04-18,2000-AP,27053,3246.36,30299.36
ACC-INV3570,INV3570,2025-04-19,2000-AP,27190,4894.2,32084.2
ACC-INV3571,INV3571,2025-04-20,2000-AP,27327,7651.56,34978.56
ACC-INV3572,INV3572,2025-04-21,2000-AP,27464,1373.2,28837.2
ACC-INV3573,INV3573,2025-04-22,2000-AP,27601,3312.12,30913.12
ACC-INV3574,INV3574,2025-04-23,2000-AP,27738,4992.84,32730.84
ACC-INV3575,INV3575,2025-04-24,2000-AP,27875,7805,35680
ACC-INV3576,INV3576,2025-04-25,2000-AP,28012,1400.6,29412.6
ACC-INV3577,INV3577,2025-04-26,2000-AP,28149,3377.88,31526.88
ACC-INV3578,INV3578,2025-04-27,2000-AP,28286,5091.48,33377.48
ACC-INV3579,INV3579,2025-04-28,2000-AP,28423,7958.44,36381.44
ACC-INV3580,INV3580,2025-04-01,2000-AP,28560,1428,29988
ACC-INV3581,INV3581,2025-04-02,2000-AP,28697,3443.64,32140.64
ACC-INV3582,INV3582,2025-04-03,2000-AP,28834,5190.12,34024.12
ACC-INV3583,INV3583,2025-04-04,2000-AP,28971,8111.88,37082.88
ACC-INV3584,INV3584,2025-04-05,2000-AP,29108,1455.4,30563.4
ACC-INV3585,INV3585,2025-04-06,2000-AP,29245,3509.4,32754.4
ACC-INV3586,INV3586,2025-04-07,2000-AP,29382,5288.76,34670.76
ACC-INV3587,INV3587,2025-04-08,2000-AP,29519,8265.32,37784.32
ACC-INV3588,INV3588,2025-04-09,2000-AP,29656,1482.8,31138.8
ACC-INV3589,INV3589,2025-04-10,2000-AP,29793,3575.16,33368.16
ACC-INV3590,INV3590,2025-04-11,2000-AP,29930,5387.4,35317.4
ACC-INV3591,INV3591,2025-04-12,2000-AP,30067,8418.76,38485.76
ACC-INV3592,INV3592,2025-04-13,2000-AP,30204,1510.2,31714.2
ACC-INV3593,INV3593,2025-04-14,2000-AP,30341,3640.92,33981.92
ACC-INV3594,INV3594,2025-04-15,2000-AP,30478,5486.04,35964.04
ACC-INV3595,INV3595,2025-04-16,2000-AP,30615,8572.2,39187.2
ACC-INV3596,INV3596,2025-04-17,2000-AP,30752,1537.6,32289.6
ACC-INV3597,INV3597,2025-04-18,2000-AP,30889,3706.68,34595.68
ACC-INV3598,INV3598,2025-04-19,2000-AP,31026,5584.68,36610.68
ACC-INV3599,INV3599,2025-04-20,2000-AP,31163,8725.64,39888.64
ACC-INV3600,INV3600,2025-04-21,2000-AP,31300,1565,32865
ACC-INV3601,INV3601,2025-04-22,2000-AP,31437,3772.44,35209.44
ACC-INV3602,INV3602,2025-04-23,2000-AP,31574,5683.32,37257.32
ACC-INV3603,INV3603,2025-04-24,2000-AP,31711,8879.08,40590.08
ACC-INV3604,INV3604,2025-04-25,2000-AP,31848,1592.4,33440.4
ACC-INV3605,INV3605,2025-04-26,2000-AP,31985,3838.2,35823.2
ACC-INV3606,INV3606,2025-04-27,2000-AP,32122,5781.96,37903.96
ACC-INV3607,INV3607,2025-04-28,2000-AP,32259,9032.52,41291.52
ACC-INV3608,INV3608,2025-04-01,2000-AP,32396,1619.8,34015.8
ACC-INV3609,INV3609,2025-04-02,2000-AP,32533,3903.96,36436.96
ACC-INV3610,INV3610,2025-04-03,2000-AP,32670,5880.6,38550.6
ACC-INV3611,INV3611,2025-04-04,2000-AP,32807,9185.96,41992.96
ACC-INV3612,INV3612,2025-04-05,2000-AP,32944,1647.2,34591.2
ACC-INV3613,INV3613,2025-04-06,2000-AP,33081,3969.72,37050.72
ACC-INV3614,INV3614,2025-04-07,2000-AP,33218,5979.24,39197.24
ACC-INV3615,INV3615,2025-04-08,2000-AP,33355,9339.4,42694.4
ACC-INV3616,INV3616,2025-04-09,2000-AP,33492,1674.6,35166.6
ACC-INV3617,INV3617,2025-04-10,2000-AP,33629,4035.48,37664.48
ACC-INV3618,INV3618,2025-04-11,2000-AP,33766,6077.88,39843.88
ACC-INV3619,INV3619,2025-04-12,2000-AP,33903,9492.84,43395.84
ACC-INV3620,INV3620,2025-04-13,2000-AP,34040,1702,35742
ACC-INV3621,INV3621,2025-04-14,2000-AP,34177,4101.24,38278.24
ACC-INV3622,INV3622,2025-04-15,2000-AP,34314,6176.52,40490.52
ACC-INV3623,INV3623,2025-04-16,2000-AP,34451,9646.28,44097.28
ACC-INV3624,INV3624,2025-04-17,2000-AP,34588,1729.4,36317.4
ACC-INV3625,INV3625,2025-04-18,2000-AP,34725,4167,38892
ACC-INV3626,INV3626,2025-04-19,2000-AP,34862,6275.16,41137.16
ACC-INV3627,INV3627,2025-04-20,2000-AP,34999,9799.72,44798.72
ACC-INV3628,INV3628,2025-04-21,2000-AP,35136,1756.8,36892.8
ACC-INV3629,INV3629,2025-04-22,2000-AP,35273,4232.76,39505.76
ACC-INV3630,INV3630,2025-04-23,2000-AP,35410,6373.8,41783.8
ACC-INV3631,INV3631,2025-04-24,2000-AP,35547,9953.16,45500.16
ACC-INV3632,INV3632,2025-04-25,2000-AP,35684,1784.2,37468.2
ACC-INV3633,INV3633,2025-04-26,2000-AP,35821,4298.52,40119.52
ACC-INV3634,INV3634,2025-04-27,2000-AP,35958,6472.44,42430.44
ACC-INV3635,INV3635,2025-04-28,2000-AP,36095,10106.6,46201.6
ACC-INV3636,INV3636,2025-04-01,2000-AP,36232,1811.6,38043.6
ACC-INV3637,INV3637,2025-04-02,2000-AP,36369,4364.28,40733.28
ACC-INV3638,INV3638,2025-04-03,2000-AP,36506,6571.08,43077.08
ACC-INV3639,INV3639,2025-04-04,2000-AP,36643,10260.04,46903.04
ACC-INV3640,INV3640,2025-04-05,2000-AP,36780,1839,38619
ACC-INV3641,INV3641,2025-04-06,2000-AP,36917,4430.04,41347.04
ACC-INV3642,INV3642,2025-04-07,2000-AP,37054,6669.72,43723.72
ACC-INV3643,INV3643,2025-04-08,2000-AP,37191,10413.48,47604.48
ACC-INV3644,INV3644,2025-04-09,2000-AP,37328,1866.4,39194.4
ACC-INV3645,INV3645,2025-04-10,2000-AP,37465,4495.8,41960.8
ACC-INV3646,INV3646,2025-04-11,2000-AP,37602,6768.36,44370.36
ACC-INV3647,INV3647,2025-04-12,2000-AP,37739,10566.92,48305.92
ACC-INV3648,INV3648,2025-04-13,2000-AP,37876,1893.8,39769.8
ACC-INV3649,INV3649,2025-04-14,2000-AP,38013,4561.56,42574.56
ACC-INV3650,INV3650,2025-04-15,2000-AP,38150,6867,45017
ACC-INV3651,INV3651,2025-04-16,2000-AP,38287,10720.36,49007.36
ACC-INV3652,INV3652,2025-04-17,2000-AP,38424,1921.2,40345.2
ACC-INV3653,INV3653,2025-04-18,2000-AP,38561,4627.32,43188.32
ACC-INV3654,INV3654,2025-04-19,2000-AP,38698,6965.64,45663.64
ACC-INV3655,INV3655,2025-04-20,2000-AP,38835,10873.8,49708.8
ACC-INV3656,INV3656,2025-04-21,2000-AP,38972,1948.6,40920.6
ACC-INV3657,INV3657,2025-04-22,2000-AP,39109,4693.08,43802.08
ACC-INV3658,INV3658,2025-04-23,2000-AP,39246,7064.28,46310.28
ACC-INV3659,INV3659,2025-04-24,2000-AP,39383,11027.24,50410.24
ACC-INV3660,INV3660,2025-04-25,2000-AP,39520,1976,41496
ACC-INV3661,INV3661,2025-04-26,2000-AP,39657,4758.84,44415.84
ACC-INV3662,INV3662,2025-04-27,2000-AP,39794,7162.92,46956.92
ACC-INV3663,INV3663,2025-04-28,2000-AP,39931,11180.68,51111.68
ACC-INV3664,INV3664,2025-04-01,2000-AP,40068,2003.4,42071.4
ACC-INV3665,INV3665,2025-04-02,2000-AP,40205,4824.6,45029.6
ACC-INV3666,INV3666,2025-04-03,2000-AP,40342,7261.56,47603.56
ACC-INV3667,INV3667,2025-04-04,2000-AP,40479,11334.12,51813.12
ACC-INV3668,INV3668,2025-04-05,2000-AP,40616,2030.8,42646.8
ACC-INV3669,INV3669,2025-04-06,2000-AP,40753,4890.36,45643.36
ACC-INV3670,INV3670,2025-04-07,2000-AP,40890,7360.2,48250.2
ACC-INV3671,INV3671,2025-04-08,2000-AP,41027,11487.56,52514.56
ACC-INV3672,INV3672,2025-04-09,2000-AP,41164,2058.2,43222.2
ACC-INV3673,INV3673,2025-04-10,2000-AP,41301,4956.12,46257.12
ACC-INV3674,INV3674,2025-04-11,2000-AP,41438,7458.84,48896.84
ACC-INV3675,INV3675,2025-04-12,2000-AP,41575,11641,53216
ACC-INV3676,INV3676,2025-04-13,2000-AP,41712,2085.6,43797.6
ACC-INV3677,INV3677,2025-04-14,2000-AP,41849,5021.88,46870.88
ACC-INV3678,INV3678,2025-04-15,2000-AP,41986,7557.48,49543.48
ACC-INV3679,INV3679,2025-04-16,2000-AP,42123,11794.44,53917.44
ACC-INV3680,INV3680,2025-04-17,2000-AP,42260,2113,44373
ACC-INV3681,INV3681,2025-04-18,2000-AP,42397,5087.64,47484.64
ACC-INV3682,INV3682,2025-04-19,2000-AP,42534,7656.12,50190.12
ACC-INV3683,INV3683,2025-04-20,2000-AP,42671,11947.88,54618.88
ACC-INV3684,INV3684,2025-04-21,2000-AP,42808,2140.4,44948.4
ACC-INV3685,INV3685,2025-04-22,2000-AP,42945,5153.4,48098.4
ACC-INV3686,INV3686,2025-04-23,2000-AP,43082,7754.76,50836.76
ACC-INV3687,INV3687,2025-04-24,2000-AP,43219,12101.32,55320.32
ACC-INV3688,INV3688,2025-04-25,2000-AP,43356,2167.8,45523.8
ACC-INV3689,INV3689,2025-04-26,2000-AP,43493,5219.16,48712.16
ACC-INV3690,INV3690,2025-04-27,2000-AP,43630,7853.4,51483.4
ACC-INV3691,INV3691,2025-04-28,2000-AP,43767,12254.76,56021.76
ACC-INV3692,INV3692,2025-04-01,2000-AP,43904,2195.2,46099.2
ACC-INV3693,INV3693,2025-04-02,2000-AP,44041,5284.92,49325.92
ACC-INV3694,INV3694,2025-04-03,2000-AP,44178,7952.04,52130.04
ACC-INV3695,INV3695,2025-04-04,2000-AP,44315,12408.2,56723.2
ACC-INV3696,INV3696,2025-04-05,2000-AP,44452,2222.6,46674.6
ACC-INV3697,INV3697,2025-04-06,2000-AP,44589,5350.68,49939.68
ACC-INV3698,INV3698,2025-04-07,2000-AP,44726,8050.68,52776.68
ACC-INV3699,INV3699,2025-04-08,2000-AP,44863,12561.64,57424.64
ACC-INV3700,INV3700,2025-04-09,2000-AP,1050000,52500,1102500
ACC-INV3701,INV3701,2025-04-10,2000-AP,45137,5416.44,50553.44
ACC-INV3702,INV3702,2025-04-11,2000-AP,45274,8149.32,53423.32
ACC-INV3703,INV3703,2025-04-12,2000-AP,45411,12715.08,58126.08
ACC-INV3704,INV3704,2025-04-13,2000-AP,45548,2277.4,47825.4
ACC-INV3705,INV3705,2025-04-14,2000-AP,45685,5482.2,51167.2
ACC-INV3706,INV3706,2025-04-15,2000-AP,45822,8247.96,54069.96
ACC-INV3707,INV3707,2025-04-16,2000-AP,45959,12868.52,58827.52
ACC-INV3708,INV3708,2025-04-17,2000-AP,46096,2304.8,48400.8
ACC-INV3709,INV3709,2025-04-18,2000-AP,46233,5547.96,51780.96
ACC-INV3710,INV3710,2025-04-19,2000-AP,46370,8346.6,54716.6
ACC-INV3711,INV3711,2025-04-20,2000-AP,46507,13021.96,59528.96
ACC-INV3712,INV3712,2025-04-21,2000-AP,46644,2332.2,48976.2
ACC-INV3713,INV3713,2025-04-22,2000-AP,46781,5613.72,52394.72
ACC-INV3714,INV3714,2025-04-23,2000-AP,46918,8445.24,55363.24
ACC-INV3715,INV3715,2025-04-24,2000-AP,47055,13175.4,60230.4
ACC-INV3716,INV3716,2025-04-25,2000-AP,47192,2359.6,49551.6
ACC-INV3717,INV3717,2025-04-26,2000-AP,47329,5679.48,53008.48
ACC-INV3718,INV3718,2025-04-27,2000-AP,47466,8543.88,56009.88
ACC-INV3719,INV3719,2025-04-28,2000-AP,47603,13328.84,60931.84
ACC-INV3720,INV3720,2025-04-01,2000-AP,47740,2387,50127
ACC-INV3721,INV3721,2025-04-02,2000-AP,47877,5745.24,53622.24
ACC-INV3722,INV3722,2025-04-03,2000-AP,48014,8642.52,56656.52
ACC-INV3723,INV3723,2025-04-04,2000-AP,48151,13482.28,61633.28
ACC-INV3724,INV3724,2025-04-05,2000-AP,48288,2414.4,50702.4
ACC-INV3725,INV3725,2025-04-06,2000-AP,48425,5811,54236
ACC-INV3726,INV3726,2025-04-07,2000-AP,48562,8741.16,57303.16
ACC-INV3727,INV3727,2025-04-08,2000-AP,48699,13635.72,62334.72
ACC-INV3728,INV3728,2025-04-09,2000-AP,48836,2441.8,51277.8
ACC-INV3729,INV3729,2025-04-10,2000-AP,48973,5876.76,54849.76
ACC-INV3730,INV3730,2025-04-11,2000-AP,49110,8839.8,57949.8
ACC-INV3731,INV3731,2025-04-12,2000-AP,49247,13789.16,63036.16
ACC-INV3732,INV3732,2025-04-13,2000-AP,49384,2469.2,51853.2
ACC-INV3733,INV3733,2025-04-14,2000-AP,49521,5942.52,55463.52
ACC-INV3734,INV3734,2025-04-15,2000-AP,49658,8938.44,58596.44
ACC-INV3735,INV3735,2025-04-16,2000-AP,49795,13942.6,63737.6
ACC-INV3736,INV3736,2025-04-17,2000-AP,49932,2496.6,52428.6
ACC-INV3737,INV3737,2025-04-18,2000-AP,50069,6008.28,56077.28
ACC-INV3738,INV3738,2025-04-19,2000-AP,50206,9037.08,59243.08
ACC-INV3739,INV3739,2025-04-20,2000-AP,50343,14096.04,64439.04
ACC-INV3740,INV3740,2025-04-21,2000-AP,50480,2524,53004
ACC-INV3741,INV3741,2025-04-22,2000-AP,50617,6074.04,56691.04
ACC-INV3742,INV3742,2025-04-23,2000-AP,50754,9135.72,59889.72
ACC-INV3743,INV3743,2025-04-24,2000-AP,50891,14249.48,65140.48
ACC-INV3744,INV3744,2025-04-25,2000-AP,51028,2551.4,53579.4
ACC-INV3745,INV3745,2025-04-26,2000-AP,51165,6139.8,57304.8
ACC-INV3746,INV3746,2025-04-27,2000-AP,51302,9234.36,60536.36
ACC-INV3747,INV3747,2025-04-28,2000-AP,51439,14402.92,65841.92
ACC-INV3748,INV3748,2025-04-01,2000-AP,51576,2578.8,54154.8
ACC-INV3749,INV3749,2025-04-02,2000-AP,51713,6205.56,57918.56
ACC-INV3750,INV3750,2025-04-03,2000-AP,51850,9333,61183
ACC-INV3751,INV3751,2025-04-04,2000-AP,51987,14556.36,66543.36
ACC-INV3752,INV3752,2025-04-05,2000-AP,52124,2606.2,54730.2
ACC-INV3753,INV3753,2025-04-06,2000-AP,52261,6271.32,58532.32
ACC-INV3754,INV3754,2025-04-07,2000-AP,52398,9431.64,61829.64
ACC-INV3755,INV3755,2025-04-08,2000-AP,52535,14709.8,67244.8
ACC-INV3756,INV3756,2025-04-09,2000-AP,52672,2633.6,55305.6
ACC-INV3757,INV3757,2025-04-10,2000-AP,52809,6337.08,59146.08
ACC-INV3758,INV3758,2025-04-11,2000-AP,52946,9530.28,62476.28
ACC-INV3759,INV3759,2025-04-12,2000-AP,53083,14863.24,67946.24
ACC-INV3760,INV3760,2025-04-13,2000-AP,53220,2661,55881
ACC-INV3761,INV3761,2025-04-14,2000-AP,53357,6402.84,59759.84
ACC-INV3762,INV3762,2025-04-15,2000-AP,53494,9628.92,63122.92
ACC-INV3763,INV3763,2025-04-16,2000-AP,53631,15016.68,68647.68
ACC-INV3764,INV3764,2025-04-17,2000-AP,53768,2688.4,56456.4
ACC-INV3765,INV3765,2025-04-18,2000-AP,53905,6468.6,60373.6
ACC-INV3766,INV3766,2025-04-19,2000-AP,54042,9727.56,63769.56
ACC-INV3767,INV3767,2025-04-20,2000-AP,54179,15170.12,69349.12
ACC-INV3768,INV3768,2025-04-21,2000-AP,54316,2715.8,57031.8
ACC-INV3769,INV3769,2025-04-22,2000-AP,54453,6534.36,60987.36
ACC-INV3770,INV3770,2025-04-23,2000-AP,54590,9826.2,64416.2
ACC-INV3771,INV3771,2025-04-24,2000-AP,54727,15323.56,70050.56
ACC-INV3772,INV3772,2025-04-25,2000-AP,54864,2743.2,57607.2
ACC-INV3773,INV3773,2025-04-26,2000-AP,55001,6600.12,61601.12
ACC-INV3774,INV3774,2025-04-27,2000-AP,55138,9924.84,65062.84
ACC-INV3775,INV3775,2025-04-28,2000-AP,55275,15477,70752
ACC-INV3776,INV3776,2025-04-01,2000-AP,55412,2770.6,58182.6
ACC-INV3777,INV3777,2025-04-02,2000-AP,55549,6665.88,62214.88
ACC-INV3778,INV3778,2025-04-03,2000-AP,55686,10023.48,65709.48
ACC-INV3779,INV3779,2025-04-04,2000-AP,55823,15630.44,71453.44
ACC-INV3780,INV3780,2025-04-05,2000-AP,55960,2798,58758
ACC-INV3781,INV3781,2025-04-06,2000-AP,56097,6731.64,62828.64
ACC-INV3782,INV3782,2025-04-07,2000-AP,56234,10122.12,66356.12
ACC-INV3783,INV3783,2025-04-08,2000-AP,56371,15783.88,72154.88
ACC-INV3784,INV3784,2025-04-09,2000-AP,56508,2825.4,59333.4
ACC-INV3785,INV3785,2025-04-10,2000-AP,56645,6797.4,63442.4
ACC-INV3786,INV3786,2025-04-11,2000-AP,56782,10220.76,67002.76
ACC-INV3787,INV3787,2025-04-12,2000-AP,56919,15937.32,72856.32
ACC-INV3788,INV3788,2025-04-13,2000-AP,57056,2852.8,59908.8
ACC-INV3789,INV3789,2025-04-14,2000-AP,57193,6863.16,64056.16
ACC-INV3790,INV3790,2025-04-15,2000-AP,57330,10319.4,67649.4
ACC-INV3791,INV3791,2025-04-16,2000-AP,57467,16090.76,73557.76
ACC-INV3792,INV3792,2025-04-17,2000-AP,57604,2880.2,60484.2
ACC-INV3793,INV3793,2025-04-18,2000-AP,57741,6928.92,64669.92
ACC-INV3794,INV3794,2025-04-19,2000-AP,57878,10418.04,68296.04
ACC-INV3795,INV3795,2025-04-20,2000-AP,58015,16244.2,74259.2
ACC-INV3796,INV3796,2025-04-21,2000-AP,58152,2907.6,61059.6
ACC-INV3797,INV3797,2025-04-22,2000-AP,58289,6994.68,65283.68
ACC-INV3798,INV3798,2025-04-23,2000-AP,58426,10516.68,68942.68
ACC-INV3799,INV3799,2025-04-24,2000-AP,58563,16397.64,74960.64
ACC-INV3800,INV3800,2025-04-25,2000-AP,58700,2935,61635
ACC-INV3801,INV3801,2025-04-26,2000-AP,58837,7060.44,65897.44
ACC-INV3802,INV3802,2025-04-27,2000-AP,58974,10615.32,69589.32
ACC-INV3803,INV3803,2025-04-28,2000-AP,59111,16551.08,75662.08
ACC-INV3804,INV3804,2025-04-01,2000-AP,59248,2962.4,62210.4
ACC-INV3805,INV3805,2025-04-02,2000-AP,59385,7126.2,66511.2
ACC-INV3806,INV3806,2025-04-03,2000-AP,59522,10713.96,70235.96
ACC-INV3807,INV3807,2025-04-04,2000-AP,59659,16704.52,76363.52
ACC-INV3808,INV3808,2025-04-05,2000-AP,59796,2989.8,62785.8
ACC-INV3809,INV3809,2025-04-06,2000-AP,59933,7191.96,67124.96
ACC-INV3810,INV3810,2025-04-07,2000-AP,60070,10812.6,70882.6
ACC-INV3811,INV3811,2025-04-08,2000-AP,60207,16857.96,77064.96
ACC-INV3812,INV3812,2025-04-09,2000-AP,60344,3017.2,63361.2
ACC-INV3813,INV3813,2025-04-10,2000-AP,60481,7257.72,67738.72
ACC-INV3814,INV3814,2025-04-11,2000-AP,60618,10911.24,71529.24
ACC-INV3815,INV3815,2025-04-12,2000-AP,60755,17011.4,77766.4
ACC-INV3816,INV3816,2025-04-13,2000-AP,60892,3044.6,63936.6
ACC-INV3817,INV3817,2025-04-14,2000-AP,61029,7323.48,68352.48
ACC-INV3818,INV3818,2025-04-15,2000-AP,61166,11009.88,72175.88
ACC-INV3819,INV3819,2025-04-16,2000-AP,61303,17164.84,78467.84
ACC-INV3820,INV3820,2025-04-17,2000-AP,61440,3072,64512
ACC-INV3821,INV3821,2025-04-18,2000-AP,61577,7389.24,68966.24
ACC-INV3822,INV3822,2025-04-19,2000-AP,61714,11108.52,72822.52
ACC-INV3823,INV3823,2025-04-20,2000-AP,61851,17318.28,79169.28
ACC-INV3824,INV3824,2025-04-21,2000-AP,61988,3099.4,65087.4
ACC-INV3825,INV3825,2025-04-22,2000-AP,62125,7455,69580
ACC-INV3826,INV3826,2025-04-23,2000-AP,62262,11207.16,73469.16
ACC-INV3827,INV3827,2025-04-24,2000-AP,62399,17471.72,79870.72
ACC-INV3828,INV3828,2025-04-25,2000-AP,62536,3126.8,65662.8
ACC-INV3829,INV3829,2025-04-26,2000-AP,62673,7520.76,70193.76
ACC-INV3830,INV3830,2025-04-27,2000-AP,62810,11305.8,74115.8
ACC-INV3831,INV3831,2025-04-28,2000-AP,62947,17625.16,80572.16
ACC-INV3832,INV3832,2025-04-01,2000-AP,63084,3154.2,66238.2
ACC-INV3833,INV3833,2025-04-02,2000-AP,63221,7586.52,70807.52
ACC-INV3834,INV3834,2025-04-03,2000-AP,63358,11404.44,74762.44
ACC-INV3835,INV3835,2025-04-04,2000-AP,63495,17778.6,81273.6
ACC-INV3836,INV3836,2025-04-05,2000-AP,63632,3181.6,66813.6
ACC-INV3837,INV3837,2025-04-06,2000-AP,63769,7652.28,71421.28
ACC-INV3838,INV3838,2025-04-07,2000-AP,63906,11503.08,75409.08
ACC-INV3839,INV3839,2025-04-08,2000-AP,64043,17932.04,81975.04
ACC-INV3840,INV3840,2025-04-09,2000-AP,64180,3209,67389
ACC-INV3841,INV3841,2025-04-10,2000-AP,64317,7718.04,72035.04
ACC-INV3842,INV3842,2025-04-11,2000-AP,64454,11601.72,76055.72
ACC-INV3843,INV3843,2025-04-12,2000-AP,64591,18085.48,82676.48
ACC-INV3844,INV3844,2025-04-13,2000-AP,64728,3236.4,67964.4
ACC-INV3845,INV3845,2025-04-14,2000-AP,64865,7783.8,72648.8
ACC-INV3846,INV3846,2025-04-15,2000-AP,65002,11700.36,76702.36
ACC-INV3847,INV3847,2025-04-16,2000-AP,65139,18238.92,83377.92
ACC-INV3848,INV3848,2025-04-17,2000-AP,65276,3263.8,68539.8
ACC-INV3849,INV3849,2025-04-18,2000-AP,65413,7849.56,73262.56
ACC-INV3850,INV3850,2025-04-19,2000-AP,65550,11799,77349
ACC-INV3851,INV3851,2025-04-20,2000-AP,65687,18392.36,84079.36
ACC-INV3852,INV3852,2025-04-21,2000-AP,65824,3291.2,69115.2
ACC-INV3853,INV3853,2025-04-22,2000-AP,65961,7915.32,73876.32
ACC-INV3854,INV3854,2025-04-23,2000-AP,66098,11897.64,77995.64
ACC-INV3855,INV3855,2025-04-24,2000-AP,66235,18545.8,84780.8
ACC-INV3856,INV3856,2025-04-25,2000-AP,66372,3318.6,69690.6
ACC-INV3857,INV3857,2025-04-26,2000-AP,66509,7981.08,74490.08
ACC-INV3858,INV3858,2025-04-27,2000-AP,66646,11996.28,78642.28
ACC-INV3859,INV3859,2025-04-28,2000-AP,66783,18699.24,85482.24
ACC-INV3860,INV3860,2025-04-01,2000-AP,66920,3346,70266
ACC-INV3861,INV3861,2025-04-02,2000-AP,67057,8046.84,75103.84
ACC-INV3862,INV3862,2025-04-03,2000-AP,67194,12094.92,79288.92
ACC-INV3863,INV3863,2025-04-04,2000-AP,67331,18852.68,86183.68
ACC-INV3864,INV3864,2025-04-05,2000-AP,67468,3373.4,70841.4
ACC-INV3865,INV3865,2025-04-06,2000-AP,67605,8112.6,75717.6
ACC-INV3866,INV3866,2025-04-07,2000-AP,67742,12193.56,79935.56
ACC-INV3867,INV3867,2025-04-08,2000-AP,67879,19006.12,86885.12
ACC-INV3868,INV3868,2025-04-09,2000-AP,68016,3400.8,71416.8
ACC-INV3869,INV3869,2025-04-10,2000-AP,68153,8178.36,76331.36
ACC-INV3870,INV3870,2025-04-11,2000-AP,68290,12292.2,80582.2
ACC-INV3871,INV3871,2025-04-12,2000-AP,68427,19159.56,87586.56
ACC-INV3872,INV3872,2025-04-13,2000-AP,68564,3428.2,71992.2
ACC-INV3873,INV3873,2025-04-14,2000-AP,68701,8244.12,76945.12
ACC-INV3874,INV3874,2025-04-15,2000-AP,68838,12390.84,81228.84
ACC-INV3875,INV3875,2025-04-16,2000-AP,68975,19313,88288
ACC-INV3876,INV3876,2025-04-17,2000-AP,69112,3455.6,72567.6
ACC-INV3877,INV3877,2025-04-18,2000-AP,69249,8309.88,77558.88
ACC-INV3878,INV3878,2025-04-19,2000-AP,69386,12489.48,81875.48
ACC-INV3879,INV3879,2025-04-20,2000-AP,69523,19466.44,88989.44
ACC-INV3880,INV3880,2025-04-21,2000-AP,69660,3483,73143
ACC-INV3881,INV3881,2025-04-22,2000-AP,69797,8375.64,78172.64
ACC-INV3882,INV3882,2025-04-23,2000-AP,69934,12588.12,82522.12
ACC-INV3883,INV3883,2025-04-24,2000-AP,70071,19619.88,89690.88
ACC-INV3884,INV3884,2025-04-25,2000-AP,70208,3510.4,73718.4
ACC-INV3885,INV3885,2025-04-26,2000-AP,70345,8441.4,78786.4
ACC-INV3886,INV3886,2025-04-27,2000-AP,70482,12686.76,83168.76
ACC-INV3887,INV3887,2025-04-28,2000-AP,70619,19773.32,90392.32
ACC-INV3888,INV3888,2025-04-01,2000-AP,70756,3537.8,74293.8
ACC-INV3889,INV3889,2025-04-02,2000-AP,70893,8507.16,79400.16
ACC-INV3890,INV3890,2025-04-03,2000-AP,71030,12785.4,83815.4
ACC-INV3891,INV3891,2025-04-04,2000-AP,71167,19926.76,91093.76
ACC-INV3892,INV3892,2025-04-05,2000-AP,71304,3565.2,74869.2
ACC-INV3893,INV3893,2025-04-06,2000-AP,71441,8572.92,80013.92
ACC-INV3894,INV3894,2025-04-07,2000-AP,71578,12884.04,84462.04
ACC-INV3895,INV3895,2025-04-08,2000-AP,71715,20080.2,91795.2
ACC-INV3896,INV3896,2025-04-09,2000-AP,71852,3592.6,75444.6
ACC-INV3897,INV3897,2025-04-10,2000-AP,71989,8638.68,80627.68
ACC-INV3898,INV3898,2025-04-11,2000-AP,72126,12982.68,85108.68
ACC-INV3899,INV3899,2025-04-12,2000-AP,72263,20233.64,92496.64
ACC-INV3900,INV3900,2025-04-13,2000-AP,72400,3620,76020
ACC-INV3901,INV3901,2025-04-14,2000-AP,72537,8704.44,81241.44
ACC-INV3902,INV3902,2025-04-15,2000-AP,72674,13081.32,85755.32
ACC-INV3903,INV3903,2025-04-16,2000-AP,72811,20387.08,93198.08
ACC-INV3904,INV3904,2025-04-17,2000-AP,72948,3647.4,76595.4
ACC-INV3905,INV3905,2025-04-18,2000-AP,73085,8770.2,81855.2
ACC-INV3906,INV3906,2025-04-19,2000-AP,73222,13179.96,86401.96
ACC-INV3907,INV3907,2025-04-20,2000-AP,73359,20540.52,93899.52
ACC-INV3908,INV3908,2025-04-21,2000-AP,73496,3674.8,77170.8
ACC-INV3909,INV3909,2025-04-22,2000-AP,73633,8835.96,82468.96
ACC-INV3910,INV3910,2025-04-23,2000-AP,73770,13278.6,87048.6
ACC-INV3911,INV3911,2025-04-24,2000-AP,73907,20693.96,94600.96
ACC-INV3912,INV3912,2025-04-25,2000-AP,74044,3702.2,77746.2
ACC-INV3913,INV3913,2025-04-26,2000-AP,74181,8901.72,83082.72
ACC-INV3914,INV3914,2025-04-27,2000-AP,74318,13377.24,87695.24
ACC-INV3915,INV3915,2025-04-28,2000-AP,74455,20847.4,95302.4
ACC-INV3916,INV3916,2025-04-01,2000-AP,74592,3729.6,78321.6
ACC-INV3917,INV3917,2025-04-02,2000-AP,74729,8967.48,83696.48
ACC-INV3918,INV3918,2025-04-03,2000-AP,74866,13475.88,88341.88
ACC-INV3919,INV3919,2025-04-04,2000-AP,75003,21000.84,96003.84
ACC-INV3920,INV3920,2025-04-05,2000-AP,75140,3757,78897
ACC-INV3921,INV3921,2025-04-06,2000-AP,75277,9033.24,84310.24
ACC-INV3922,INV3922,2025-04-07,2000-AP,75414,13574.52,88988.52
ACC-INV3923,INV3923,2025-04-08,2000-AP,75551,21154.28,96705.28
ACC-INV3924,INV3924,2025-04-09,2000-AP,75688,3784.4,79472.4
ACC-INV3925,INV3925,2025-04-10,2000-AP,75825,9099,84924
ACC-INV3926,INV3926,2025-04-11,2000-AP,75962,13673.16,89635.16
ACC-INV3927,INV3927,2025-04-12,2000-AP,76099,21307.72,97406.72
ACC-INV3928,INV3928,2025-04-13,2000-AP,76236,3811.8,80047.8
ACC-INV3929,INV3929,2025-04-14,2000-AP,76373,9164.76,85537.76
ACC-INV3930,INV3930,2025-04-15,2000-AP,76510,13771.8,90281.8
ACC-INV3931,INV3931,2025-04-16,2000-AP,76647,21461.16,98108.16
ACC-INV3932,INV3932,2025-04-17,2000-AP,76784,3839.2,80623.2
ACC-INV3933,INV3933,2025-04-18,2000-AP,76921,9230.52,86151.52
ACC-INV3934,INV3934,2025-04-19,2000-AP,77058,13870.44,90928.44
ACC-INV3935,INV3935,2025-04-20,2000-AP,77195,21614.6,98809.6
ACC-INV3936,INV3936,2025-04-21,2000-AP,77332,3866.6,81198.6
ACC-INV3937,INV3937,2025-04-22,2000-AP,77469,9296.28,86765.28
ACC-INV3938,INV3938,2025-04-23,2000-AP,2606,469.08,3075.08
ACC-INV3939,INV3939,2025-04-24,2000-AP,2743,768.04,3511.04
ACC-INV3940,INV3940,2025-04-25,2000-AP,2880,144,3024
ACC-INV3941,INV3941,2025-04-26,2000-AP,3017,362.04,3379.04
ACC-INV3942,INV3942,2025-04-27,2000-AP,3154,567.72,3721.72
ACC-INV3943,INV3943,2025-04-28,2000-AP,3291,921.48,4212.48
ACC-INV3944,INV3944,2025-04-01,2000-AP,3428,171.4,3599.4
ACC-INV3945,INV3945,2025-04-02,2000-AP,3565,427.8,3992.8
ACC-INV3946,INV3946,2025-04-03,2000-AP,3702,666.36,4368.36
ACC-INV3947,INV3947,2025-04-04,2000-AP,3839,1074.92,4913.92
ACC-INV3948,INV3948,2025-04-05,2000-AP,3976,198.8,4174.8
ACC-INV3949,INV3949,2025-04-06,2000-AP,4113,493.56,4606.56
ACC-INV3950,INV3950,2025-04-07,2000-AP,950000,171000,1121000
ACC-INV3951,INV3951,2025-04-08,2000-AP,4387,1228.36,5615.36
ACC-INV3952,INV3952,2025-04-09,2000-AP,4524,226.2,4750.2
ACC-INV3953,INV3953,2025-04-10,2000-AP,4661,559.32,5220.32
ACC-INV3954,INV3954,2025-04-11,2000-AP,4798,863.64,5661.64
ACC-INV3955,INV3955,2025-04-12,2000-AP,4935,1381.8,6316.8
ACC-INV3956,INV3956,2025-04-13,2000-AP,5072,253.6,5325.6
ACC-INV3957,INV3957,2025-04-14,2000-AP,5209,625.08,5834.08
ACC-INV3958,INV3958,2025-04-15,2000-AP,5346,962.28,6308.28
ACC-INV3959,INV3959,2025-04-16,2000-AP,5483,1535.24,7018.24
ACC-INV3960,INV3960,2025-04-17,2000-AP,5620,281,5901
ACC-INV3961,INV3961,2025-04-18,2000-AP,5757,690.84,6447.84
ACC-INV3962,INV3962,2025-04-19,2000-AP,5894,1060.92,6954.92
ACC-INV3963,INV3963,2025-04-20,2000-AP,6031,1688.68,7719.68
ACC-INV3964,INV3964,2025-04-21,2000-AP,6168,308.4,6476.4
ACC-INV3965,INV3965,2025-04-22,2000-AP,6305,756.6,7061.6
ACC-INV3966,INV3966,2025-04-23,2000-AP,6442,1159.56,7601.56
ACC-INV3967,INV3967,2025-04-24,2000-AP,6579,1842.12,8421.12
ACC-INV3968,INV3968,2025-04-25,2000-AP,6716,335.8,7051.8
ACC-INV3969,INV3969,2025-04-26,2000-AP,6853,822.36,7675.36
ACC-INV3970,INV3970,2025-04-27,2000-AP,6990,1258.2,8248.2
ACC-INV3971,INV3971,2025-04-28,2000-AP,7127,1995.56,9122.56
ACC-INV3972,INV3972,2025-04-01,2000-AP,7264,363.2,7627.2
ACC-INV3973,INV3973,2025-04-02,2000-AP,7401,888.12,8289.12
ACC-INV3974,INV3974,2025-04-03,2000-AP,7538,1356.84,8894.84
ACC-INV3975,INV3975,2025-04-04,2000-AP,7675,2149,9824
ACC-INV3976,INV3976,2025-04-05,2000-AP,7812,390.6,8202.6
ACC-INV3977,INV3977,2025-04-06,2000-AP,7949,953.88,8902.88
ACC-INV3978,INV3978,2025-04-07,2000-AP,8086,1455.48,9541.48
ACC-INV3979,INV3979,2025-04-08,2000-AP,8223,2302.44,10525.44
ACC-INV3980,INV3980,2025-04-09,2000-AP,8360,418,8778
ACC-INV3981,INV3981,2025-04-10,2000-AP,8497,1019.64,9516.64
ACC-INV3982,INV3982,2025-04-11,2000-AP,8634,1554.12,10188.12
ACC-INV3983,INV3983,2025-04-12,2000-AP,8771,2455.88,11226.88
ACC-INV3984,INV3984,2025-04-13,2000-AP,8908,445.4,9353.4
ACC-INV3985,INV3985,2025-04-14,2000-AP,9045,1085.4,10130.4
ACC-INV3986,INV3986,2025-04-15,2000-AP,9182,1652.76,10834.76
ACC-INV3987,INV3987,2025-04-16,2000-AP,9319,2609.32,11928.32
ACC-INV3988,INV3988,2025-04-17,2000-AP,9456,472.8,9928.8
ACC-INV3989,INV3989,2025-04-18,2000-AP,9593,1151.16,10744.16
ACC-INV3990,INV3990,2025-04-19,2000-AP,9730,1751.4,11481.4
ACC-INV3991,INV3991,2025-04-20,2000-AP,9867,2762.76,12629.76
ACC-INV3992,INV3992,2025-04-21,2000-AP,10004,500.2,10504.2
ACC-INV3993,INV3993,2025-04-22,2000-AP,10141,1216.92,11357.92
ACC-INV3994,INV3994,2025-04-23,2000-AP,10278,1850.04,12128.04
ACC-INV3995,INV3995,2025-04-24,2000-AP,10415,2916.2,13331.2
ACC-INV3996,INV3996,2025-04-25,2000-AP,10552,527.6,11079.6
ACC-INV3997,INV3997,2025-04-26,2000-AP,10689,1282.68,11971.68
ACC-INV3998,INV3998,2025-04-27,2000-AP,10826,1948.68,12774.68
ACC-INV3999,INV3999,2025-04-28,2000-AP,10963,3069.64,14032.64
ACC-INV4000,INV4000,2025-04-01,2000-AP,11100,555,11655
ACC-INV4001,INV4001,2025-04-02,2000-AP,11237,1348.44,12585.44
ACC-INV4002,INV4002,2025-04-03,2000-AP,11374,2047.32,13421.32
ACC-INV4003,INV4003,2025-04-04,2000-AP,11511,3223.08,14734.08
ACC-INV4004,INV4004,2025-04-05,2000-AP,11648,582.4,12230.4
ACC-INV4005,INV4005,2025-04-06,2000-AP,11785,1414.2,13199.2
ACC-INV4006,INV4006,2025-04-07,2000-AP,11922,2145.96,14067.96
ACC-INV4007,INV4007,2025-04-08,2000-AP,12059,3376.52,15435.52
ACC-INV4008,INV4008,2025-04-09,2000-AP,12196,609.8,12805.8
ACC-INV4009,INV4009,2025-04-10,2000-AP,12333,1479.96,13812.96
ACC-INV4010,INV4010,2025-04-11,2000-AP,12470,2244.6,14714.6
ACC-INV4011,INV4011,2025-04-12,2000-AP,12607,3529.96,16136.96
ACC-INV4012,INV4012,2025-04-13,2000-AP,12744,637.2,13381.2
ACC-INV4013,INV4013,2025-04-14,2000-AP,12881,1545.72,14426.72
ACC-INV4014,INV4014,2025-04-15,2000-AP,13018,2343.24,15361.24
ACC-INV4015,INV4015,2025-04-16,2000-AP,13155,3683.4,16838.4
ACC-INV4016,INV4016,2025-04-17,2000-AP,13292,664.6,13956.6
ACC-INV4017,INV4017,2025-04-18,2000-AP,13429,1611.48,15040.48
ACC-INV4018,INV4018,2025-04-19,2000-AP,13566,2441.88,16007.88
ACC-INV4019,INV4019,2025-04-20,2000-AP,13703,3836.84,17539.84
ACC-INV4020,INV4020,2025-04-21,2000-AP,13840,692,14532
ACC-INV4021,INV4021,2025-04-22,2000-AP,13977,1677.24,15654.24
ACC-INV4022,INV4022,2025-04-23,2000-AP,14114,2540.52,16654.52
ACC-INV4023,INV4023,2025-04-24,2000-AP,14251,3990.28,18241.28
ACC-INV4024,INV4024,2025-04-25,2000-AP,14388,719.4,15107.4
ACC-INV4025,INV4025,2025-04-26,2000-AP,14525,1743,16268
ACC-INV4026,INV4026,2025-04-27,2000-AP,14662,2639.16,17301.16
ACC-INV4027,INV4027,2025-04-28,2000-AP,14799,4143.72,18942.72
ACC-INV4028,INV4028,2025-04-01,2000-AP,14936,746.8,15682.8
ACC-INV4029,INV4029,2025-04-02,2000-AP,15073,1808.76,16881.76
ACC-INV4030,INV4030,2025-04-03,2000-AP,15210,2737.8,17947.8
ACC-INV4031,INV4031,2025-04-04,2000-AP,15347,4297.16,19644.16
ACC-INV4032,INV4032,2025-04-05,2000-AP,15484,774.2,16258.2
ACC-INV4033,INV4033,2025-04-06,2000-AP,15621,1874.52,17495.52
ACC-INV4034,INV4034,2025-04-07,2000-AP,15758,2836.44,18594.44
ACC-INV4035,INV4035,2025-04-08,2000-AP,15895,4450.6,20345.6
ACC-INV4036,INV4036,2025-04-09,2000-AP,16032,801.6,16833.6
ACC-INV4037,INV4037,2025-04-10,2000-AP,16169,1940.28,18109.28
ACC-INV4038,INV4038,2025-04-11,2000-AP,16306,2935.08,19241.08
ACC-INV4039,INV4039,2025-04-12,2000-AP,16443,4604.04,21047.04
ACC-INV4040,INV4040,2025-04-13,2000-AP,16580,829,17409
ACC-INV4041,INV4041,2025-04-14,2000-AP,16717,2006.04,18723.04
ACC-INV4042,INV4042,2025-04-15,2000-AP,16854,3033.72,19887.72
ACC-INV4043,INV4043,2025-04-16,2000-AP,16991,4757.48,21748.48
ACC-INV4044,INV4044,2025-04-17,2000-AP,17128,856.4,17984.4
ACC-INV4045,INV4045,2025-04-18,2000-AP,17265,2071.8,19336.8
ACC-INV4046,INV4046,2025-04-19,2000-AP,17402,3132.36,20534.36
ACC-INV4047,INV4047,2025-04-20,2000-AP,17539,4910.92,22449.92
ACC-INV4048,INV4048,2025-04-21,2000-AP,17676,883.8,18559.8
ACC-INV4049,INV4049,2025-04-22,2000-AP,17813,2137.56,19950.56
ACC-INV4050,INV4050,2025-04-23,2000-AP,17950,3231,21181
ACC-INV4051,INV4051,2025-04-24,2000-AP,18087,5064.36,23151.36
ACC-INV4052,INV4052,2025-04-25,2000-AP,18224,911.2,19135.2
ACC-INV4053,INV4053,2025-04-26,2000-AP,18361,2203.32,20564.32
ACC-INV4054,INV4054,2025-04-27,2000-AP,18498,3329.64,21827.64
ACC-INV4055,INV4055,2025-04-28,2000-AP,18635,5217.8,23852.8
ACC-INV4056,INV4056,2025-04-01,2000-AP,18772,938.6,19710.6
ACC-INV4057,INV4057,2025-04-02,2000-AP,18909,2269.08,21178.08
ACC-INV4058,INV4058,2025-04-03,2000-AP,19046,3428.28,22474.28
ACC-INV4059,INV4059,2025-04-04,2000-AP,19183,5371.24,24554.24
ACC-INV4060,INV4060,2025-04-05,2000-AP,19320,966,20286
ACC-INV4061,INV4061,2025-04-06,2000-AP,19457,2334.84,21791.84
ACC-INV4062,INV4062,2025-04-07,2000-AP,19594,3526.92,23120.92
ACC-INV4063,INV4063,2025-04-08,2000-AP,19731,5524.68,25255.68
ACC-INV4064,INV4064,2025-04-09,2000-AP,19868,993.4,20861.4
ACC-INV4065,INV4065,2025-04-10,2000-AP,20005,2400.6,22405.6
ACC-INV4066,INV4066,2025-04-11,2000-AP,20142,3625.56,23767.56
ACC-INV4067,INV4067,2025-04-12,2000-AP,20279,5678.12,25957.12
ACC-INV4068,INV4068,2025-04-13,2000-AP,20416,1020.8,21436.8
ACC-INV4069,INV4069,2025-04-14,2000-AP,20553,2466.36,23019.36
ACC-INV4070,INV4070,2025-04-15,2000-AP,20690,3724.2,24414.2
ACC-INV4071,INV4071,2025-04-16,2000-AP,20827,5831.56,26658.56
ACC-INV4072,INV4072,2025-04-17,2000-AP,20964,1048.2,22012.2
ACC-INV4073,INV4073,2025-04-18,2000-AP,21101,2532.12,23633.12
ACC-INV4074,INV4074,2025-04-19,2000-AP,21238,3822.84,25060.84
ACC-INV4075,INV4075,2025-04-20,2000-AP,21375,5985,27360
ACC-INV4076,INV4076,2025-04-21,2000-AP,21512,1075.6,22587.6
ACC-INV4077,INV4077,2025-04-22,2000-AP,21649,2597.88,24246.88
ACC-INV4078,INV4078,2025-04-23,2000-AP,21786,3921.48,25707.48
ACC-INV4079,INV4079,2025-04-24,2000-AP,21923,6138.44,28061.44
ACC-INV4080,INV4080,2025-04-25,2000-AP,22060,1103,23163
ACC-INV4081,INV4081,2025-04-26,2000-AP,22197,2663.64,24860.64
ACC-INV4082,INV4082,2025-04-27,2000-AP,22334,4020.12,26354.12
ACC-INV4083,INV4083,2025-04-28,2000-AP,22471,6291.88,28762.88
ACC-INV4084,INV4084,2025-04-01,2000-AP,22608,1130.4,23738.4
ACC-INV4085,INV4085,2025-04-02,2000-AP,22745,2729.4,25474.4
ACC-INV4086,INV4086,2025-04-03,2000-AP,22882,4118.76,27000.76
ACC-INV4087,INV4087,2025-04-04,2000-AP,23019,6445.32,29464.32
ACC-INV4088,INV4088,2025-04-05,2000-AP,23156,1157.8,24313.8
ACC-INV4089,INV4089,2025-04-06,2000-AP,23293,2795.16,26088.16
ACC-INV4090,INV4090,2025-04-07,2000-AP,23430,4217.4,27647.4
ACC-INV4091,INV4091,2025-04-08,2000-AP,23567,6598.76,30165.76
ACC-INV4092,INV4092,2025-04-09,2000-AP,23704,1185.2,24889.2
ACC-INV4093,INV4093,2025-04-10,2000-AP,23841,2860.92,26701.92
ACC-INV4094,INV4094,2025-04-11,2000-AP,23978,4316.04,28294.04
ACC-INV4095,INV4095,2025-04-12,2000-AP,24115,6752.2,30867.2
ACC-INV4096,INV4096,2025-04-13,2000-AP,24252,1212.6,25464.6
ACC-INV4097,INV4097,2025-04-14,2000-AP,24389,2926.68,27315.68
ACC-INV4098,INV4098,2025-04-15,2000-AP,24526,4414.68,28940.68
ACC-INV4099,INV4099,2025-04-16,2000-AP,24663,6905.64,31568.64
ACC-INV4100,INV4100,2025-04-17,2000-AP,24800,1240,26040
ACC-INV4101,INV4101,2025-04-18,2000-AP,24937,2992.44,27929.44
ACC-INV4102,INV4102,2025-04-19,2000-AP,25074,4513.32,29587.32
ACC-INV4103,INV4103,2025-04-20,2000-AP,25211,7059.08,32270.08
ACC-INV4104,INV4104,2025-04-21,2000-AP,25348,1267.4,26615.4
ACC-INV4105,INV4105,2025-04-22,2000-AP,25485,3058.2,28543.2
ACC-INV4106,INV4106,2025-04-23,2000-AP,25622,4611.96,30233.96
ACC-INV4107,INV4107,2025-04-24,2000-AP,25759,7212.52,32971.52
ACC-INV4108,INV4108,2025-04-25,2000-AP,25896,1294.8,27190.8
ACC-INV4109,INV4109,2025-04-26,2000-AP,26033,3123.96,29156.96
ACC-INV4110,INV4110,2025-04-27,2000-AP,26170,4710.6,30880.6
ACC-INV4111,INV4111,2025-04-28,2000-AP,26307,7365.96,33672.96
ACC-INV4112,INV4112,2025-04-01,2000-AP,26444,1322.2,27766.2
ACC-INV4113,INV4113,2025-04-02,2000-AP,26581,3189.72,29770.72
ACC-INV4114,INV4114,2025-04-03,2000-AP,26718,4809.24,31527.24
ACC-INV4115,INV4115,2025-04-04,2000-AP,26855,7519.4,34374.4
ACC-INV4116,INV4116,2025-04-05,2000-AP,26992,1349.6,28341.6
ACC-INV4117,INV4117,2025-04-06,2000-AP,27129,3255.48,30384.48
ACC-INV4118,INV4118,2025-04-07,2000-AP,27266,4907.88,32173.88
ACC-INV4119,INV4119,2025-04-08,2000-AP,27403,7672.84,35075.84
ACC-INV4120,INV4120,2025-04-09,2000-AP,27540,1377,28917
ACC-INV4121,INV4121,2025-04-10,2000-AP,27677,3321.24,30998.24
ACC-INV4122,INV4122,2025-04-11,2000-AP,27814,5006.52,32820.52
ACC-INV4123,INV4123,2025-04-12,2000-AP,27951,7826.28,35777.28
ACC-INV4124,INV4124,2025-04-13,2000-AP,28088,1404.4,29492.4
ACC-INV4125,INV4125,2025-04-14,2000-AP,28225,3387,31612
ACC-INV4126,INV4126,2025-04-15,2000-AP,28362,5105.16,33467.16
ACC-INV4127,INV4127,2025-04-16,2000-AP,28499,7979.72,36478.72
ACC-INV4128,INV4128,2025-04-17,2000-AP,28636,1431.8,30067.8
ACC-INV4129,INV4129,2025-04-18,2000-AP,28773,3452.76,32225.76
ACC-INV4130,INV4130,2025-04-19,2000-AP,28910,5203.8,34113.8
ACC-INV4131,INV4131,2025-04-20,2000-AP,29047,8133.16,37180.16
ACC-INV4132,INV4132,2025-04-21,2000-AP,29184,1459.2,30643.2
ACC-INV4133,INV4133,2025-04-22,2000-AP,29321,3518.52,32839.52
ACC-INV4134,INV4134,2025-04-23,2000-AP,29458,5302.44,34760.44
ACC-INV4135,INV4135,2025-04-24,2000-AP,29595,8286.6,37881.6
ACC-INV4136,INV4136,2025-04-25,2000-AP,29732,1486.6,31218.6
ACC-INV4137,INV4137,2025-04-26,2000-AP,29869,3584.28,33453.28
ACC-INV4138,INV4138,2025-04-27,2000-AP,30006,5401.08,35407.08
ACC-INV4139,INV4139,2025-04-28,2000-AP,30143,8440.04,38583.04
ACC-INV4140,INV4140,2025-04-01,2000-AP,30280,1514,31794
ACC-INV4141,INV4141,2025-04-02,2000-AP,30417,3650.04,34067.04
ACC-INV4142,INV4142,2025-04-03,2000-AP,30554,5499.72,36053.72
ACC-INV4143,INV4143,2025-04-04,2000-AP,30691,8593.48,39284.48
ACC-INV4144,INV4144,2025-04-05,2000-AP,30828,1541.4,32369.4
ACC-INV4145,INV4145,2025-04-06,2000-AP,30965,3715.8,34680.8
ACC-INV4146,INV4146,2025-04-07,2000-AP,31102,5598.36,36700.36
ACC-INV4147,INV4147,2025-04-08,2000-AP,31239,8746.92,39985.92
ACC-INV4148,INV4148,2025-04-09,2000-AP,31376,1568.8,32944.8
ACC-INV4149,INV4149,2025-04-10,2000-AP,31513,3781.56,35294.56
ACC-INV4150,INV4150,2025-04-11,2000-AP,31650,5697,37347
ACC-INV4151,INV4151,2025-04-12,2000-AP,31787,8900.36,40687.36
ACC-INV4152,INV4152,2025-04-13,2000-AP,31924,1596.2,33520.2
ACC-INV4153,INV4153,2025-04-14,2000-AP,32061,3847.32,35908.32
ACC-INV4154,INV4154,2025-04-15,2000-AP,32198,5795.64,37993.64
ACC-INV4155,INV4155,2025-04-16,2000-AP,32335,9053.8,41388.8
ACC-INV4156,INV4156,2025-04-17,2000-AP,32472,1623.6,34095.6
ACC-INV4157,INV4157,2025-04-18,2000-AP,32609,3913.08,36522.08
ACC-INV4158,INV4158,2025-04-19,2000-AP,32746,5894.28,38640.28
ACC-INV4159,INV4159,2025-04-20,2000-AP,32883,9207.24,42090.24
ACC-INV4160,INV4160,2025-04-21,2000-AP,33020,1651,34671
ACC-INV4161,INV4161,2025-04-22,2000-AP,33157,3978.84,37135.84
ACC-INV4162,INV4162,2025-04-23,2000-AP,33294,5992.92,39286.92
ACC-INV4163,INV4163,2025-04-24,2000-AP,33431,9360.68,42791.68
ACC-INV4164,INV4164,2025-04-25,2000-AP,33568,1678.4,35246.4
ACC-INV4165,INV4165,2025-04-26,2000-AP,33705,4044.6,37749.6
ACC-INV4166,INV4166,2025-04-27,2000-AP,33842,6091.56,39933.56
ACC-INV4167,INV4167,2025-04-28,2000-AP,33979,9514.12,43493.12
ACC-INV4168,INV4168,2025-04-01,2000-AP,34116,1705.8,35821.8
ACC-INV4169,INV4169,2025-04-02,2000-AP,34253,4110.36,38363.36
ACC-INV4170,INV4170,2025-04-03,2000-AP,34390,6190.2,40580.2
ACC-INV4171,INV4171,2025-04-04,2000-AP,34527,9667.56,44194.56
ACC-INV4172,INV4172,2025-04-05,2000-AP,34664,1733.2,36397.2
ACC-INV4173,INV4173,2025-04-06,2000-AP,34801,4176.12,38977.12
ACC-INV4174,INV4174,2025-04-07,2000-AP,34938,6288.84,41226.84
ACC-INV4175,INV4175,2025-04-08,2000-AP,35075,9821,44896
ACC-INV4176,INV4176,2025-04-09,2000-AP,35212,1760.6,36972.6
ACC-INV4177,INV4177,2025-04-10,2000-AP,35349,4241.88,39590.88
ACC-INV4178,INV4178,2025-04-11,2000-AP,35486,6387.48,41873.48
ACC-INV4179,INV4179,2025-04-12,2000-AP,35623,9974.44,45597.44
ACC-INV4180,INV4180,2025-04-13,2000-AP,35760,1788,37548
ACC-INV4181,INV4181,2025-04-14,2000-AP,35897,4307.64,40204.64
ACC-INV4182,INV4182,2025-04-15,2000-AP,36034,6486.12,42520.12
ACC-INV4183,INV4183,2025-04-16,2000-AP,36171,10127.88,46298.88
ACC-INV4184,INV4184,2025-04-17,2000-AP,36308,1815.4,38123.4
ACC-INV4185,INV4185,2025-04-18,2000-AP,36445,4373.4,40818.4
ACC-INV4186,INV4186,2025-04-19,2000-AP,36582,6584.76,43166.76
ACC-INV4187,INV4187,2025-04-20,2000-AP,36719,10281.32,47000.32
ACC-INV4188,INV4188,2025-04-21,2000-AP,36856,1842.8,38698.8
ACC-INV4189,INV4189,2025-04-22,2000-AP,36993,4439.16,41432.16
ACC-INV4190,INV4190,2025-04-23,2000-AP,37130,6683.4,43813.4
ACC-INV4191,INV4191,2025-04-24,2000-AP,37267,10434.76,47701.76
ACC-INV4192,INV4192,2025-04-25,2000-AP,37404,1870.2,39274.2
ACC-INV4193,INV4193,2025-04-26,2000-AP,37541,4504.92,42045.92
ACC-INV4194,INV4194,2025-04-27,2000-AP,37678,6782.04,44460.04
ACC-INV4195,INV4195,2025-04-28,2000-AP,37815,10588.2,48403.2
ACC-INV4196,INV4196,2025-04-01,2000-AP,37952,1897.6,39849.6
ACC-INV4197,INV4197,2025-04-02,2000-AP,38089,4570.68,42659.68
ACC-INV4198,INV4198,2025-04-03,2000-AP,38226,6880.68,45106.68
ACC-INV4199,INV4199,2025-04-04,2000-AP,38363,10741.64,49104.64
ACC-INV4200,INV4200,2025-04-05,2000-AP,850000,42500,892500
ACC-INV4201,INV4201,2025-04-06,2000-AP,38637,4636.44,43273.44
ACC-INV4202,INV4202,2025-04-07,2000-AP,38774,6979.32,45753.32
ACC-INV4203,INV4203,2025-04-08,2000-AP,38911,10895.08,49806.08
ACC-INV4204,INV4204,2025-04-09,2000-AP,39048,1952.4,41000.4
ACC-INV4205,INV4205,2025-04-10,2000-AP,39185,4702.2,43887.2
ACC-INV4206,INV4206,2025-04-11,2000-AP,39322,7077.96,46399.96
ACC-INV4207,INV4207,2025-04-12,2000-AP,39459,11048.52,50507.52
ACC-INV4208,INV4208,2025-04-13,2000-AP,39596,1979.8,41575.8
ACC-INV4209,INV4209,2025-04-14,2000-AP,39733,4767.96,44500.96
ACC-INV4210,INV4210,2025-04-15,2000-AP,39870,7176.6,47046.6
ACC-INV4211,INV4211,2025-04-16,2000-AP,40007,11201.96,51208.96
ACC-INV4212,INV4212,2025-04-17,2000-AP,40144,2007.2,42151.2
ACC-INV4213,INV4213,2025-04-18,2000-AP,40281,4833.72,45114.72
ACC-INV4214,INV4214,2025-04-19,2000-AP,40418,7275.24,47693.24
ACC-INV4215,INV4215,2025-04-20,2000-AP,40555,11355.4,51910.4
ACC-INV4216,INV4216,2025-04-21,2000-AP,40692,2034.6,42726.6
ACC-INV4217,INV4217,2025-04-22,2000-AP,40829,4899.48,45728.48
ACC-INV4218,INV4218,2025-04-23,2000-AP,40966,7373.88,48339.88
ACC-INV4219,INV4219,2025-04-24,2000-AP,41103,11508.84,52611.84
ACC-INV4220,INV4220,2025-04-25,2000-AP,41240,2062,43302
ACC-INV4221,INV4221,2025-04-26,2000-AP,41377,4965.24,46342.24
ACC-INV4222,INV4222,2025-04-27,2000-AP,41514,7472.52,48986.52
ACC-INV4223,INV4223,2025-04-28,2000-AP,41651,11662.28,53313.28
ACC-INV4224,INV4224,2025-04-01,2000-AP,41788,2089.4,43877.4
ACC-INV4225,INV4225,2025-04-02,2000-AP,41925,5031,46956
ACC-INV4226,INV4226,2025-04-03,2000-AP,42062,7571.16,49633.16
ACC-INV4227,INV4227,2025-04-04,2000-AP,42199,11815.72,54014.72
ACC-INV4228,INV4228,2025-04-05,2000-AP,42336,2116.8,44452.8
ACC-INV4229,INV4229,2025-04-06,2000-AP,42473,5096.76,47569.76
ACC-INV4230,INV4230,2025-04-07,2000-AP,42610,7669.8,50279.8
ACC-INV4231,INV4231,2025-04-08,2000-AP,42747,11969.16,54716.16
ACC-INV4232,INV4232,2025-04-09,2000-AP,42884,2144.2,45028.2
ACC-INV4233,INV4233,2025-04-10,2000-AP,43021,5162.52,48183.52
ACC-INV4234,INV4234,2025-04-11,2000-AP,43158,7768.44,50926.44
ACC-INV4235,INV4235,2025-04-12,2000-AP,43295,12122.6,55417.6
ACC-INV4236,INV4236,2025-04-13,2000-AP,43432,2171.6,45603.6
ACC-INV4237,INV4237,2025-04-14,2000-AP,43569,5228.28,48797.28
ACC-INV4238,INV4238,2025-04-15,2000-AP,43706,7867.08,51573.08
ACC-INV4239,INV4239,2025-04-16,2000-AP,43843,12276.04,56119.04
ACC-INV4240,INV4240,2025-04-17,2000-AP,43980,2199,46179
ACC-INV4241,INV4241,2025-04-18,2000-AP,44117,5294.04,49411.04
ACC-INV4242,INV4242,2025-04-19,2000-AP,44254,7965.72,52219.72
ACC-INV4243,INV4243,2025-04-20,2000-AP,44391,12429.48,56820.48
ACC-INV4244,INV4244,2025-04-21,2000-AP,44528,2226.4,46754.4
ACC-INV4245,INV4245,2025-04-22,2000-AP,44665,5359.8,50024.8
ACC-INV4246,INV4246,2025-04-23,2000-AP,44802,8064.36,52866.36
ACC-INV4247,INV4247,2025-04-24,2000-AP,44939,12582.92,57521.92
ACC-INV4248,INV4248,2025-04-25,2000-AP,45076,2253.8,47329.8
ACC-INV4249,INV4249,2025-04-26,2000-AP,45213,5425.56,50638.56
ACC-INV4250,INV4250,2025-04-27,2000-AP,45350,8163,53513
ACC-INV4251,INV4251,2025-04-28,2000-AP,45487,12736.36,58223.36
ACC-INV4252,INV4252,2025-04-01,2000-AP,45624,2281.2,47905.2
ACC-INV4253,INV4253,2025-04-02,2000-AP,45761,5491.32,51252.32
ACC-INV4254,INV4254,2025-04-03,2000-AP,45898,8261.64,54159.64
ACC-INV4255,INV4255,2025-04-04,2000-AP,46035,12889.8,58924.8
ACC-INV4256,INV4256,2025-04-05,2000-AP,46172,2308.6,48480.6
ACC-INV4257,INV4257,2025-04-06,2000-AP,46309,5557.08,51866.08
ACC-INV4258,INV4258,2025-04-07,2000-AP,46446,8360.28,54806.28
ACC-INV4259,INV4259,2025-04-08,2000-AP,46583,13043.24,59626.24
ACC-INV4260,INV4260,2025-04-09,2000-AP,46720,2336,49056
ACC-INV4261,INV4261,2025-04-10,2000-AP,46857,5622.84,52479.84
ACC-INV4262,INV4262,2025-04-11,2000-AP,46994,8458.92,55452.92
ACC-INV4263,INV4263,2025-04-12,2000-AP,47131,13196.68,60327.68
ACC-INV4264,INV4264,2025-04-13,2000-AP,47268,2363.4,49631.4
ACC-INV4265,INV4265,2025-04-14,2000-AP,47405,5688.6,53093.6
ACC-INV4266,INV4266,2025-04-15,2000-AP,47542,8557.56,56099.56
ACC-INV4267,INV4267,2025-04-16,2000-AP,47679,13350.12,61029.12
ACC-INV4268,INV4268,2025-04-17,2000-AP,47816,2390.8,50206.8
ACC-INV4269,INV4269,2025-04-18,2000-AP,47953,5754.36,53707.36
ACC-INV4270,INV4270,2025-04-19,2000-AP,48090,8656.2,56746.2
ACC-INV4271,INV4271,2025-04-20,2000-AP,48227,13503.56,61730.56
ACC-INV4272,INV4272,2025-04-21,2000-AP,48364,2418.2,50782.2
ACC-INV4273,INV4273,2025-04-22,2000-AP,48501,5820.12,54321.12
ACC-INV4274,INV4274,2025-04-23,2000-AP,48638,8754.84,57392.84
ACC-INV4275,INV4275,2025-04-24,2000-AP,48775,13657,62432
ACC-INV4276,INV4276,2025-04-25,2000-AP,48912,2445.6,51357.6
ACC-INV4277,INV4277,2025-04-26,2000-AP,49049,5885.88,54934.88
ACC-INV4278,INV4278,2025-04-27,2000-AP,49186,8853.48,58039.48
ACC-INV4279,INV4279,2025-04-28,2000-AP,49323,13810.44,63133.44
ACC-INV4280,INV4280,2025-04-01,2000-AP,49460,2473,51933
ACC-INV4281,INV4281,2025-04-02,2000-AP,49597,5951.64,55548.64
ACC-INV4282,INV4282,2025-04-03,2000-AP,49734,8952.12,58686.12
ACC-INV4283,INV4283,2025-04-04,2000-AP,49871,13963.88,63834.88
ACC-INV4284,INV4284,2025-04-05,2000-AP,50008,2500.4,52508.4
ACC-INV4285,INV4285,2025-04-06,2000-AP,50145,6017.4,56162.4
ACC-INV4286,INV4286,2025-04-07,2000-AP,50282,9050.76,59332.76
ACC-INV4287,INV4287,2025-04-08,2000-AP,50419,14117.32,64536.32
ACC-INV4288,INV4288,2025-04-09,2000-AP,50556,2527.8,53083.8
ACC-INV4289,INV4289,2025-04-10,2000-AP,50693,6083.16,56776.16
ACC-INV4290,INV4290,2025-04-11,2000-AP,50830,9149.4,59979.4
ACC-INV4291,INV4291,2025-04-12,2000-AP,50967,14270.76,65237.76
ACC-INV4292,INV4292,2025-04-13,2000-AP,51104,2555.2,53659.2
ACC-INV4293,INV4293,2025-04-14,2000-AP,51241,6148.92,57389.92
ACC-INV4294,INV4294,2025-04-15,2000-AP,51378,9248.04,60626.04
ACC-INV4295,INV4295,2025-04-16,2000-AP,51515,14424.2,65939.2
ACC-INV4296,INV4296,2025-04-17,2000-AP,51652,2582.6,54234.6
ACC-INV4297,INV4297,2025-04-18,2000-AP,51789,6214.68,58003.68
ACC-INV4298,INV4298,2025-04-19,2000-AP,51926,9346.68,61272.68
ACC-INV4299,INV4299,2025-04-20,2000-AP,52063,14577.64,66640.64
ACC-INV4300,INV4300,2025-04-21,2000-AP,52200,2610,54810
ACC-INV4301,INV4301,2025-04-22,2000-AP,52337,6280.44,58617.44
ACC-INV4302,INV4302,2025-04-23,2000-AP,52474,9445.32,61919.32
ACC-INV4303,INV4303,2025-04-24,2000-AP,52611,14731.08,67342.08
ACC-INV4304,INV4304,2025-04-25,2000-AP,52748,2637.4,55385.4
ACC-INV4305,INV4305,2025-04-26,2000-AP,52885,6346.2,59231.2
ACC-INV4306,INV4306,2025-04-27,2000-AP,53022,9543.96,62565.96
ACC-INV4307,INV4307,2025-04-28,2000-AP,53159,14884.52,68043.52
ACC-INV4308,INV4308,2025-04-01,2000-AP,53296,2664.8,55960.8
ACC-INV4309,INV4309,2025-04-02,2000-AP,53433,6411.96,59844.96
ACC-INV4310,INV4310,2025-04-03,2000-AP,53570,9642.6,63212.6
ACC-INV4311,INV4311,2025-04-04,2000-AP,53707,15037.96,68744.96
ACC-INV4312,INV4312,2025-04-05,2000-AP,53844,2692.2,56536.2
ACC-INV4313,INV4313,2025-04-06,2000-AP,53981,6477.72,60458.72
ACC-INV4314,INV4314,2025-04-07,2000-AP,54118,9741.24,63859.24
ACC-INV4315,INV4315,2025-04-08,2000-AP,54255,15191.4,69446.4
ACC-INV4316,INV4316,2025-04-09,2000-AP,54392,2719.6,57111.6
ACC-INV4317,INV4317,2025-04-10,2000-AP,54529,6543.48,61072.48
ACC-INV4318,INV4318,2025-04-11,2000-AP,54666,9839.88,64505.88
ACC-INV4319,INV4319,2025-04-12,2000-AP,54803,15344.84,70147.84
ACC-INV4320,INV4320,2025-04-13,2000-AP,54940,2747,57687
ACC-INV4321,INV4321,2025-04-14,2000-AP,55077,6609.24,61686.24
ACC-INV4322,INV4322,2025-04-15,2000-AP,55214,9938.52,65152.52
ACC-INV4323,INV4323,2025-04-16,2000-AP,55351,15498.28,70849.28
ACC-INV4324,INV4324,2025-04-17,2000-AP,55488,2774.4,58262.4
ACC-INV4325,INV4325,2025-04-18,2000-AP,55625,6675,62300
ACC-INV4326,INV4326,2025-04-19,2000-AP,55762,10037.16,65799.16
ACC-INV4327,INV4327,2025-04-20,2000-AP,55899,15651.72,71550.72
ACC-INV4328,INV4328,2025-04-21,2000-AP,56036,2801.8,58837.8
ACC-INV4329,INV4329,2025-04-22,2000-AP,56173,6740.76,62913.76
ACC-INV4330,INV4330,2025-04-23,2000-AP,56310,10135.8,66445.8
ACC-INV4331,INV4331,2025-04-24,2000-AP,56447,15805.16,72252.16
ACC-INV4332,INV4332,2025-04-25,2000-AP,56584,2829.2,59413.2
ACC-INV4333,INV4333,2025-04-26,2000-AP,56721,6806.52,63527.52
ACC-INV4334,INV4334,2025-04-27,2000-AP,56858,10234.44,67092.44
ACC-INV4335,INV4335,2025-04-28,2000-AP,56995,15958.6,72953.6
ACC-INV4336,INV4336,2025-04-01,2000-AP,57132,2856.6,59988.6
ACC-INV4337,INV4337,2025-04-02,2000-AP,57269,6872.28,64141.28
ACC-INV4338,INV4338,2025-04-03,2000-AP,57406,10333.08,67739.08
ACC-INV4339,INV4339,2025-04-04,2000-AP,57543,16112.04,73655.04
ACC-INV4340,INV4340,2025-04-05,2000-AP,57680,2884,60564
ACC-INV4341,INV4341,2025-04-06,2000-AP,57817,6938.04,64755.04
ACC-INV4342,INV4342,2025-04-07,2000-AP,57954,10431.72,68385.72
ACC-INV4343,INV4343,2025-04-08,2000-AP,58091,16265.48,74356.48
ACC-INV4344,INV4344,2025-04-09,2000-AP,58228,2911.4,61139.4
ACC-INV4345,INV4345,2025-04-10,2000-AP,58365,7003.8,65368.8
ACC-INV4346,INV4346,2025-04-11,2000-AP,58502,10530.36,69032.36
ACC-INV4347,INV4347,2025-04-12,2000-AP,58639,16418.92,75057.92
ACC-INV4348,INV4348,2025-04-13,2000-AP,58776,2938.8,61714.8
ACC-INV4349,INV4349,2025-04-14,2000-AP,58913,7069.56,65982.56
ACC-INV4350,INV4350,2025-04-15,2000-AP,59050,10629,69679
ACC-INV4351,INV4351,2025-04-16,2000-AP,59187,16572.36,75759.36
ACC-INV4352,INV4352,2025-04-17,2000-AP,59324,2966.2,62290.2
ACC-INV4353,INV4353,2025-04-18,2000-AP,59461,7135.32,66596.32
ACC-INV4354,INV4354,2025-04-19,2000-AP,59598,10727.64,70325.64
ACC-INV4355,INV4355,2025-04-20,2000-AP,59735,16725.8,76460.8
ACC-INV4356,INV4356,2025-04-21,2000-AP,59872,2993.6,62865.6
ACC-INV4357,INV4357,2025-04-22,2000-AP,60009,7201.08,67210.08
ACC-INV4358,INV4358,2025-04-23,2000-AP,60146,10826.28,70972.28
ACC-INV4359,INV4359,2025-04-24,2000-AP,60283,16879.24,77162.24
ACC-INV4360,INV4360,2025-04-25,2000-AP,60420,3021,63441
ACC-INV4361,INV4361,2025-04-26,2000-AP,60557,7266.84,67823.84
ACC-INV4362,INV4362,2025-04-27,2000-AP,60694,10924.92,71618.92
ACC-INV4363,INV4363,2025-04-28,2000-AP,60831,17032.68,77863.68
ACC-INV4364,INV4364,2025-04-01,2000-AP,60968,3048.4,64016.4
ACC-INV4365,INV4365,2025-04-02,2000-AP,61105,7332.6,68437.6
ACC-INV4366,INV4366,2025-04-03,2000-AP,61242,11023.56,72265.56
ACC-INV4367,INV4367,2025-04-04,2000-AP,61379,17186.12,78565.12
ACC-INV4368,INV4368,2025-04-05,2000-AP,61516,3075.8,64591.8
ACC-INV4369,INV4369,2025-04-06,2000-AP,61653,7398.36,69051.36
ACC-INV4370,INV4370,2025-04-07,2000-AP,61790,11122.2,72912.2
ACC-INV4371,INV4371,2025-04-08,2000-AP,61927,17339.56,79266.56
ACC-INV4372,INV4372,2025-04-09,2000-AP,62064,3103.2,65167.2
ACC-INV4373,INV4373,2025-04-10,2000-AP,62201,7464.12,69665.12
ACC-INV4374,INV4374,2025-04-11,2000-AP,62338,11220.84,73558.84
ACC-INV4375,INV4375,2025-04-12,2000-AP,62475,17493,79968
ACC-INV4376,INV4376,2025-04-13,2000-AP,62612,3130.6,65742.6
ACC-INV4377,INV4377,2025-04-14,2000-AP,62749,7529.88,70278.88
ACC-INV4378,INV4378,2025-04-15,2000-AP,62886,11319.48,74205.48
ACC-INV4379,INV4379,2025-04-16,2000-AP,63023,17646.44,80669.44
ACC-INV4380,INV4380,2025-04-17,2000-AP,63160,3158,66318
ACC-INV4381,INV4381,2025-04-18,2000-AP,63297,7595.64,70892.64
ACC-INV4382,INV4382,2025-04-19,2000-AP,63434,11418.12,74852.12
ACC-INV4383,INV4383,2025-04-20,2000-AP,63571,17799.88,81370.88
ACC-INV4384,INV4384,2025-04-21,2000-AP,63708,3185.4,66893.4
ACC-INV4385,INV4385,2025-04-22,2000-AP,63845,7661.4,71506.4
ACC-INV4386,INV4386,2025-04-23,2000-AP,63982,11516.76,75498.76
ACC-INV4387,INV4387,2025-04-24,2000-AP,64119,17953.32,82072.32
ACC-INV4388,INV4388,2025-04-25,2000-AP,64256,3212.8,67468.8
ACC-INV4389,INV4389,2025-04-26,2000-AP,64393,7727.16,72120.16
ACC-INV4390,INV4390,2025-04-27,2000-AP,64530,11615.4,76145.4
ACC-INV4391,INV4391,2025-04-28,2000-AP,64667,18106.76,82773.76
ACC-INV4392,INV4392,2025-04-01,2000-AP,64804,3240.2,68044.2
ACC-INV4393,INV4393,2025-04-02,2000-AP,64941,7792.92,72733.92
ACC-INV4394,INV4394,2025-04-03,2000-AP,65078,11714.04,76792.04
ACC-INV4395,INV4395,2025-04-04,2000-AP,65215,18260.2,83475.2
ACC-INV4396,INV4396,2025-04-05,2000-AP,65352,3267.6,68619.6
ACC-INV4397,INV4397,2025-04-06,2000-AP,65489,7858.68,73347.68
ACC-INV4398,INV4398,2025-04-07,2000-AP,65626,11812.68,77438.68
ACC-INV4399,INV4399,2025-04-08,2000-AP,65763,18413.64,84176.64
ACC-INV4400,INV4400,2025-04-09,2000-AP,65900,3295,69195
ACC-INV4401,INV4401,2025-04-10,2000-AP,66037,7924.44,73961.44
ACC-INV4402,INV4402,2025-04-11,2000-AP,66174,11911.32,78085.32
ACC-INV4403,INV4403,2025-04-12,2000-AP,66311,18567.08,84878.08
ACC-INV4404,INV4404,2025-04-13,2000-AP,66448,3322.4,69770.4
ACC-INV4405,INV4405,2025-04-14,2000-AP,66585,7990.2,74575.2
ACC-INV4406,INV4406,2025-04-15,2000-AP,66722,12009.96,78731.96
ACC-INV4407,INV4407,2025-04-16,2000-AP,66859,18720.52,85579.52
ACC-INV4408,INV4408,2025-04-17,2000-AP,66996,3349.8,70345.8
ACC-INV4409,INV4409,2025-04-18,2000-AP,67133,8055.96,75188.96
ACC-INV4410,INV4410,2025-04-19,2000-AP,67270,12108.6,79378.6
ACC-INV4411,INV4411,2025-04-20,2000-AP,67407,18873.96,86280.96
ACC-INV4412,INV4412,2025-04-21,2000-AP,67544,3377.2,70921.2
ACC-INV4413,INV4413,2025-04-22,2000-AP,67681,8121.72,75802.72
ACC-INV4414,INV4414,2025-04-23,2000-AP,67818,12207.24,80025.24
ACC-INV4415,INV4415,2025-04-24,2000-AP,67955,19027.4,86982.4
ACC-INV4416,INV4416,2025-04-25,2000-AP,68092,3404.6,71496.6
ACC-INV4417,INV4417,2025-04-26,2000-AP,68229,8187.48,76416.48
ACC-INV4418,INV4418,2025-04-27,2000-AP,68366,12305.88,80671.88
ACC-INV4419,INV4419,2025-04-28,2000-AP,68503,19180.84,87683.84
ACC-INV4420,INV4420,2025-04-01,2000-AP,68640,3432,72072
ACC-INV4421,INV4421,2025-04-02,2000-AP,68777,8253.24,77030.24
ACC-INV4422,INV4422,2025-04-03,2000-AP,68914,12404.52,81318.52
ACC-INV4423,INV4423,2025-04-04,2000-AP,69051,19334.28,88385.28
ACC-INV4424,INV4424,2025-04-05,2000-AP,69188,3459.4,72647.4
ACC-INV4425,INV4425,2025-04-06,2000-AP,69325,8319,77644
ACC-INV4426,INV4426,2025-04-07,2000-AP,69462,12503.16,81965.16
ACC-INV4427,INV4427,2025-04-08,2000-AP,69599,19487.72,89086.72
ACC-INV4428,INV4428,2025-04-09,2000-AP,69736,3486.8,73222.8
ACC-INV4429,INV4429,2025-04-10,2000-AP,69873,8384.76,78257.76
ACC-INV4430,INV4430,2025-04-11,2000-AP,70010,12601.8,82611.8
ACC-INV4431,INV4431,2025-04-12,2000-AP,70147,19641.16,89788.16
ACC-INV4432,INV4432,2025-04-13,2000-AP,70284,3514.2,73798.2
ACC-INV4433,INV4433,2025-04-14,2000-AP,70421,8450.52,78871.52
ACC-INV4434,INV4434,2025-04-15,2000-AP,70558,12700.44,83258.44
ACC-INV4435,INV4435,2025-04-16,2000-AP,70695,19794.6,90489.6
ACC-INV4436,INV4436,2025-04-17,2000-AP,70832,3541.6,74373.6
ACC-INV4437,INV4437,2025-04-18,2000-AP,70969,8516.28,79485.28
ACC-INV4438,INV4438,2025-04-19,2000-AP,71106,12799.08,83905.08
ACC-INV4439,INV4439,2025-04-20,2000-AP,71243,19948.04,91191.04
ACC-INV4440,INV4440,2025-04-21,2000-AP,71380,3569,74949
ACC-INV4441,INV4441,2025-04-22,2000-AP,71517,8582.04,80099.04
ACC-INV4442,INV4442,2025-04-23,2000-AP,71654,12897.72,84551.72
ACC-INV4443,INV4443,2025-04-24,2000-AP,71791,20101.48,91892.48
ACC-INV4444,INV4444,2025-04-25,2000-AP,71928,3596.4,75524.4
ACC-INV4445,INV4445,2025-04-26,2000-AP,72065,8647.8,80712.8
ACC-INV4446,INV4446,2025-04-27,2000-AP,72202,12996.36,85198.36
ACC-INV4447,INV4447,2025-04-28,2000-AP,72339,20254.92,92593.92
ACC-INV4448,INV4448,2025-04-01,2000-AP,72476,3623.8,76099.8
ACC-INV4449,INV4449,2025-04-02,2000-AP,72613,8713.56,81326.56
ACC-INV4450,INV4450,2025-04-03,2000-AP,1050000,189000,1239000
ACC-INV4451,INV4451,2025-04-04,2000-AP,72887,20408.36,93295.36
ACC-INV4452,INV4452,2025-04-05,2000-AP,73024,3651.2,76675.2
ACC-INV4453,INV4453,2025-04-06,2000-AP,73161,8779.32,81940.32
ACC-INV4454,INV4454,2025-04-07,2000-AP,73298,13193.64,86491.64
ACC-INV4455,INV4455,2025-04-08,2000-AP,73435,20561.8,93996.8
ACC-INV4456,INV4456,2025-04-09,2000-AP,73572,3678.6,77250.6
ACC-INV4457,INV4457,2025-04-10,2000-AP,73709,8845.08,82554.08
ACC-INV4458,INV4458,2025-04-11,2000-AP,73846,13292.28,87138.28
ACC-INV4459,INV4459,2025-04-12,2000-AP,73983,20715.24,94698.24
ACC-INV4460,INV4460,2025-04-13,2000-AP,74120,3706,77826
ACC-INV4461,INV4461,2025-04-14,2000-AP,74257,8910.84,83167.84
ACC-INV4462,INV4462,2025-04-15,2000-AP,74394,13390.92,87784.92
ACC-INV4463,INV4463,2025-04-16,2000-AP,74531,20868.68,95399.68
ACC-INV4464,INV4464,2025-04-17,2000-AP,74668,3733.4,78401.4
ACC-INV4465,INV4465,2025-04-18,2000-AP,74805,8976.6,83781.6
ACC-INV4466,INV4466,2025-04-19,2000-AP,74942,13489.56,88431.56
ACC-INV4467,INV4467,2025-04-20,2000-AP,75079,21022.12,96101.12
ACC-INV4468,INV4468,2025-04-21,2000-AP,75216,3760.8,78976.8
ACC-INV4469,INV4469,2025-04-22,2000-AP,75353,9042.36,84395.36
ACC-INV4470,INV4470,2025-04-23,2000-AP,75490,13588.2,89078.2
ACC-INV4471,INV4471,2025-04-24,2000-AP,75627,21175.56,96802.56
ACC-INV4472,INV4472,2025-04-25,2000-AP,75764,3788.2,79552.2
ACC-INV4473,INV4473,2025-04-26,2000-AP,75901,9108.12,85009.12
ACC-INV4474,INV4474,2025-04-27,2000-AP,76038,13686.84,89724.84
ACC-INV4475,INV4475,2025-04-28,2000-AP,76175,21329,97504
ACC-INV4476,INV4476,2025-04-01,2000-AP,76312,3815.6,80127.6
ACC-INV4477,INV4477,2025-04-02,2000-AP,76449,9173.88,85622.88
ACC-INV4478,INV4478,2025-04-03,2000-AP,76586,13785.48,90371.48
ACC-INV4479,INV4479,2025-04-04,2000-AP,76723,21482.44,98205.44
ACC-INV4480,INV4480,2025-04-05,2000-AP,76860,3843,80703
ACC-INV4481,INV4481,2025-04-06,2000-AP,76997,9239.64,86236.64
ACC-INV4482,INV4482,2025-04-07,2000-AP,77134,13884.12,91018.12
ACC-INV4483,INV4483,2025-04-08,2000-AP,77271,21635.88,98906.88
ACC-INV4484,INV4484,2025-04-09,2000-AP,77408,3870.4,81278.4
ACC-INV4485,INV4485,2025-04-10,2000-AP,2545,305.4,2850.4
ACC-INV4486,INV4486,2025-04-11,2000-AP,2682,482.76,3164.76
ACC-INV4487,INV4487,2025-04-12,2000-AP,2819,789.32,3608.32
ACC-INV4488,INV4488,2025-04-13,2000-AP,2956,147.8,3103.8
ACC-INV4489,INV4489,2025-04-14,2000-AP,3093,371.16,3464.16
ACC-INV4490,INV4490,2025-04-15,2000-AP,3230,581.4,3811.4
ACC-INV4491,INV4491,2025-04-16,2000-AP,3367,942.76,4309.76
ACC-INV4492,INV4492,2025-04-17,2000-AP,3504,175.2,3679.2
ACC-INV4493,INV4493,2025-04-18,2000-AP,3641,436.92,4077.92
ACC-INV4494,INV4494,2025-04-19,2000-AP,3778,680.04,4458.04
ACC-INV4495,INV4495,2025-04-20,2000-AP,3915,1096.2,5011.2
ACC-INV4496,INV4496,2025-04-21,2000-AP,4052,202.6,4254.6
ACC-INV4497,INV4497,2025-04-22,2000-AP,4189,502.68,4691.68
ACC-INV4498,INV4498,2025-04-23,2000-AP,4326,778.68,5104.68
ACC-INV4499,INV4499,2025-04-24,2000-AP,4463,1249.64,5712.64
ACC-INV4500,INV4500,2025-04-25,2000-AP,4600,230,4830
ACC-INV4501,INV4501,2025-04-26,2000-AP,4737,568.44,5305.44
ACC-INV4502,INV4502,2025-04-27,2000-AP,4874,877.32,5751.32
ACC-INV4503,INV4503,2025-04-28,2000-AP,5011,1403.08,6414.08
ACC-INV4504,INV4504,2025-04-01,2000-AP,5148,257.4,5405.4
ACC-INV4505,INV4505,2025-04-02,2000-AP,5285,634.2,5919.2
ACC-INV4506,INV4506,2025-04-03,2000-AP,5422,975.96,6397.96
ACC-INV4507,INV4507,2025-04-04,2000-AP,5559,1556.52,7115.52
ACC-INV4508,INV4508,2025-04-05,2000-AP,5696,284.8,5980.8
ACC-INV4509,INV4509,2025-04-06,2000-AP,5833,699.96,6532.96
ACC-INV4510,INV4510,2025-04-07,2000-AP,5970,1074.6,7044.6
ACC-INV4511,INV4511,2025-04-08,2000-AP,6107,1709.96,7816.96
ACC-INV4512,INV4512,2025-04-09,2000-AP,6244,312.2,6556.2
ACC-INV4513,INV4513,2025-04-10,2000-AP,6381,765.72,7146.72
ACC-INV4514,INV4514,2025-04-11,2000-AP,6518,1173.24,7691.24
ACC-INV4515,INV4515,2025-04-12,2000-AP,6655,1863.4,8518.4
ACC-INV4516,INV4516,2025-04-13,2000-AP,6792,339.6,7131.6
ACC-INV4517,INV4517,2025-04-14,2000-AP,6929,831.48,7760.48
ACC-INV4518,INV4518,2025-04-15,2000-AP,7066,1271.88,8337.88
ACC-INV4519,INV4519,2025-04-16,2000-AP,7203,2016.84,9219.84
ACC-INV4520,INV4520,2025-04-17,2000-AP,7340,367,7707
ACC-INV4521,INV4521,2025-04-18,2000-AP,7477,897.24,8374.24
ACC-INV4522,INV4522,2025-04-19,2000-AP,7614,1370.52,8984.52
ACC-INV4523,INV4523,2025-04-20,2000-AP,7751,2170.28,9921.28
ACC-INV4524,INV4524,2025-04-21,2000-AP,7888,394.4,8282.4
ACC-INV4525,INV4525,2025-04-22,2000-AP,8025,963,8988
ACC-INV4526,INV4526,2025-04-23,2000-AP,8162,1469.16,9631.16
ACC-INV4527,INV4527,2025-04-24,2000-AP,8299,2323.72,10622.72
ACC-INV4528,INV4528,2025-04-25,2000-AP,8436,421.8,8857.8
ACC-INV4529,INV4529,2025-04-26,2000-AP,8573,1028.76,9601.76
ACC-INV4530,INV4530,2025-04-27,2000-AP,8710,1567.8,10277.8
ACC-INV4531,INV4531,2025-04-28,2000-AP,8847,2477.16,11324.16
ACC-INV4532,INV4532,2025-04-01,2000-AP,8984,449.2,9433.2
ACC-INV4533,INV4533,2025-04-02,2000-AP,9121,1094.52,10215.52
ACC-INV4534,INV4534,2025-04-03,2000-AP,9258,1666.44,10924.44
ACC-INV4535,INV4535,2025-04-04,2000-AP,9395,2630.6,12025.6
ACC-INV4536,INV4536,2025-04-05,2000-AP,9532,476.6,10008.6
ACC-INV4537,INV4537,2025-04-06,2000-AP,9669,1160.28,10829.28
ACC-INV4538,INV4538,2025-04-07,2000-AP,9806,1765.08,11571.08
ACC-INV4539,INV4539,2025-04-08,2000-AP,9943,2784.04,12727.04
ACC-INV4540,INV4540,2025-04-09,2000-AP,10080,504,10584
ACC-INV4541,INV4541,2025-04-10,2000-AP,10217,1226.04,11443.04
ACC-INV4542,INV4542,2025-04-11,2000-AP,10354,1863.72,12217.72
ACC-INV4543,INV4543,2025-04-12,2000-AP,10491,2937.48,13428.48
ACC-INV4544,INV4544,2025-04-13,2000-AP,10628,531.4,11159.4
ACC-INV4545,INV4545,2025-04-14,2000-AP,10765,1291.8,12056.8
ACC-INV4546,INV4546,2025-04-15,2000-AP,10902,1962.36,12864.36
ACC-INV4547,INV4547,2025-04-16,2000-AP,11039,3090.92,14129.92
ACC-INV4548,INV4548,2025-04-17,2000-AP,11176,558.8,11734.8
ACC-INV4549,INV4549,2025-04-18,2000-AP,11313,1357.56,12670.56
ACC-INV4550,INV4550,2025-04-19,2000-AP,11450,2061,13511
ACC-INV4551,INV4551,2025-04-20,2000-AP,11587,3244.36,14831.36
ACC-INV4552,INV4552,2025-04-21,2000-AP,11724,586.2,12310.2
ACC-INV4553,INV4553,2025-04-22,2000-AP,11861,1423.32,13284.32
ACC-INV4554,INV4554,2025-04-23,2000-AP,11998,2159.64,14157.64
ACC-INV4555,INV4555,2025-04-24,2000-AP,12135,3397.8,15532.8
ACC-INV4556,INV4556,2025-04-25,2000-AP,12272,613.6,12885.6
ACC-INV4557,INV4557,2025-04-26,2000-AP,12409,1489.08,13898.08
ACC-INV4558,INV4558,2025-04-27,2000-AP,12546,2258.28,14804.28
ACC-INV4559,INV4559,2025-04-28,2000-AP,12683,3551.24,16234.24
ACC-INV4560,INV4560,2025-04-01,2000-AP,12820,641,13461
ACC-INV4561,INV4561,2025-04-02,2000-AP,12957,1554.84,14511.84
ACC-INV4562,INV4562,2025-04-03,2000-AP,13094,2356.92,15450.92
ACC-INV4563,INV4563,2025-04-04,2000-AP,13231,3704.68,16935.68
ACC-INV4564,INV4564,2025-04-05,2000-AP,13368,668.4,14036.4
ACC-INV4565,INV4565,2025-04-06,2000-AP,13505,1620.6,15125.6
ACC-INV4566,INV4566,2025-04-07,2000-AP,13642,2455.56,16097.56
ACC-INV4567,INV4567,2025-04-08,2000-AP,13779,3858.12,17637.12
ACC-INV4568,INV4568,2025-04-09,2000-AP,13916,695.8,14611.8
ACC-INV4569,INV4569,2025-04-10,2000-AP,14053,1686.36,15739.36
ACC-INV4570,INV4570,2025-04-11,2000-AP,14190,2554.2,16744.2
ACC-INV4571,INV4571,2025-04-12,2000-AP,14327,4011.56,18338.56
ACC-INV4572,INV4572,2025-04-13,2000-AP,14464,723.2,15187.2
ACC-INV4573,INV4573,2025-04-14,2000-AP,14601,1752.12,16353.12
ACC-INV4574,INV4574,2025-04-15,2000-AP,14738,2652.84,17390.84
ACC-INV4575,INV4575,2025-04-16,2000-AP,14875,4165,19040
ACC-INV4576,INV4576,2025-04-17,2000-AP,15012,750.6,15762.6
ACC-INV4577,INV4577,2025-04-18,2000-AP,15149,1817.88,16966.88
ACC-INV4578,INV4578,2025-04-19,2000-AP,15286,2751.48,18037.48
ACC-INV4579,INV4579,2025-04-20,2000-AP,15423,4318.44,19741.44
ACC-INV4580,INV4580,2025-04-21,2000-AP,15560,778,16338
ACC-INV4581,INV4581,2025-04-22,2000-AP,15697,1883.64,17580.64
ACC-INV4582,INV4582,2025-04-23,2000-AP,15834,2850.12,18684.12
ACC-INV4583,INV4583,2025-04-24,2000-AP,15971,4471.88,20442.88
ACC-INV4584,INV4584,2025-04-25,2000-AP,16108,805.4,16913.4
ACC-INV4585,INV4585,2025-04-26,2000-AP,16245,1949.4,18194.4
ACC-INV4586,INV4586,2025-04-27,2000-AP,16382,2948.76,19330.76
ACC-INV4587,INV4587,2025-04-28,2000-AP,16519,4625.32,21144.32
ACC-INV4588,INV4588,2025-04-01,2000-AP,16656,832.8,17488.8
ACC-INV4589,INV4589,2025-04-02,2000-AP,16793,2015.16,18808.16
ACC-INV4590,INV4590,2025-04-03,2000-AP,16930,3047.4,19977.4
ACC-INV4591,INV4591,2025-04-04,2000-AP,17067,4778.76,21845.76
ACC-INV4592,INV4592,2025-04-05,2000-AP,17204,860.2,18064.2
ACC-INV4593,INV4593,2025-04-06,2000-AP,17341,2080.92,19421.92
ACC-INV4594,INV4594,2025-04-07,2000-AP,17478,3146.04,20624.04
ACC-INV4595,INV4595,2025-04-08,2000-AP,17615,4932.2,22547.2
ACC-INV4596,INV4596,2025-04-09,2000-AP,17752,887.6,18639.6
ACC-INV4597,INV4597,2025-04-10,2000-AP,17889,2146.68,20035.68
ACC-INV4598,INV4598,2025-04-11,2000-AP,18026,3244.68,21270.68
ACC-INV4599,INV4599,2025-04-12,2000-AP,18163,5085.64,23248.64
ACC-INV4600,INV4600,2025-04-13,2000-AP,18300,915,19215
ACC-INV4601,INV4601,2025-04-14,2000-AP,18437,2212.44,20649.44
ACC-INV4602,INV4602,2025-04-15,2000-AP,18574,3343.32,21917.32
ACC-INV4603,INV4603,2025-04-16,2000-AP,18711,5239.08,23950.08
ACC-INV4604,INV4604,2025-04-17,2000-AP,18848,942.4,19790.4
ACC-INV4605,INV4605,2025-04-18,2000-AP,18985,2278.2,21263.2
ACC-INV4606,INV4606,2025-04-19,2000-AP,19122,3441.96,22563.96
ACC-INV4607,INV4607,2025-04-20,2000-AP,19259,5392.52,24651.52
ACC-INV4608,INV4608,2025-04-21,2000-AP,19396,969.8,20365.8
ACC-INV4609,INV4609,2025-04-22,2000-AP,19533,2343.96,21876.96
ACC-INV4610,INV4610,2025-04-23,2000-AP,19670,3540.6,23210.6
ACC-INV4611,INV4611,2025-04-24,2000-AP,19807,5545.96,25352.96
ACC-INV4612,INV4612,2025-04-25,2000-AP,19944,997.2,20941.2
ACC-INV4613,INV4613,2025-04-26,2000-AP,20081,2409.72,22490.72
ACC-INV4614,INV4614,2025-04-27,2000-AP,20218,3639.24,23857.24
ACC-INV4615,INV4615,2025-04-28,2000-AP,20355,5699.4,26054.4
ACC-INV4616,INV4616,2025-04-01,2000-AP,20492,1024.6,21516.6
ACC-INV4617,INV4617,2025-04-02,2000-AP,20629,2475.48,23104.48
ACC-INV4618,INV4618,2025-04-03,2000-AP,20766,3737.88,24503.88
ACC-INV4619,INV4619,2025-04-04,2000-AP,20903,5852.84,26755.84
ACC-INV4620,INV4620,2025-04-05,2000-AP,21040,1052,22092
ACC-INV4621,INV4621,2025-04-06,2000-AP,21177,2541.24,23718.24
ACC-INV4622,INV4622,2025-04-07,2000-AP,21314,3836.52,25150.52
ACC-INV4623,INV4623,2025-04-08,2000-AP,21451,6006.28,27457.28
ACC-INV4624,INV4624,2025-04-09,2000-AP,21588,1079.4,22667.4
ACC-INV4625,INV4625,2025-04-10,2000-AP,21725,2607,24332
ACC-INV4626,INV4626,2025-04-11,2000-AP,21862,3935.16,25797.16
ACC-INV4627,INV4627,2025-04-12,2000-AP,21999,6159.72,28158.72
ACC-INV4628,INV4628,2025-04-13,2000-AP,22136,1106.8,23242.8
ACC-INV4629,INV4629,2025-04-14,2000-AP,22273,2672.76,24945.76
ACC-INV4630,INV4630,2025-04-15,2000-AP,22410,4033.8,26443.8
ACC-INV4631,INV4631,2025-04-16,2000-AP,22547,6313.16,28860.16
ACC-INV4632,INV4632,2025-04-17,2000-AP,22684,1134.2,23818.2
ACC-INV4633,INV4633,2025-04-18,2000-AP,22821,2738.52,25559.52
ACC-INV4634,INV4634,2025-04-19,2000-AP,22958,4132.44,27090.44
ACC-INV4635,INV4635,2025-04-20,2000-AP,23095,6466.6,29561.6
ACC-INV4636,INV4636,2025-04-21,2000-AP,23232,1161.6,24393.6
ACC-INV4637,INV4637,2025-04-22,2000-AP,23369,2804.28,26173.28
ACC-INV4638,INV4638,2025-04-23,2000-AP,23506,4231.08,27737.08
ACC-INV4639,INV4639,2025-04-24,2000-AP,23643,6620.04,30263.04
ACC-INV4640,INV4640,2025-04-25,2000-AP,23780,1189,24969
ACC-INV4641,INV4641,2025-04-26,2000-AP,23917,2870.04,26787.04
ACC-INV4642,INV4642,2025-04-27,2000-AP,24054,4329.72,28383.72
ACC-INV4643,INV4643,2025-04-28,2000-AP,24191,6773.48,30964.48
ACC-INV4644,INV4644,2025-04-01,2000-AP,24328,1216.4,25544.4
ACC-INV4645,INV4645,2025-04-02,2000-AP,24465,2935.8,27400.8
ACC-INV4646,INV4646,2025-04-03,2000-AP,24602,4428.36,29030.36
ACC-INV4647,INV4647,2025-04-04,2000-AP,24739,6926.92,31665.92
ACC-INV4648,INV4648,2025-04-05,2000-AP,24876,1243.8,26119.8
ACC-INV4649,INV4649,2025-04-06,2000-AP,25013,3001.56,28014.56
ACC-INV4650,INV4650,2025-04-07,2000-AP,25150,4527,29677
ACC-INV4651,INV4651,2025-04-08,2000-AP,25287,7080.36,32367.36
ACC-INV4652,INV4652,2025-04-09,2000-AP,25424,1271.2,26695.2
ACC-INV4653,INV4653,2025-04-10,2000-AP,25561,3067.32,28628.32
ACC-INV4654,INV4654,2025-04-11,2000-AP,25698,4625.64,30323.64
ACC-INV4655,INV4655,2025-04-12,2000-AP,25835,7233.8,33068.8
ACC-INV4656,INV4656,2025-04-13,2000-AP,25972,1298.6,27270.6
ACC-INV4657,INV4657,2025-04-14,2000-AP,26109,3133.08,29242.08
ACC-INV4658,INV4658,2025-04-15,2000-AP,26246,4724.28,30970.28
ACC-INV4659,INV4659,2025-04-16,2000-AP,26383,7387.24,33770.24
ACC-INV4660,INV4660,2025-04-17,2000-AP,26520,1326,27846
ACC-INV4661,INV4661,2025-04-18,2000-AP,26657,3198.84,29855.84
ACC-INV4662,INV4662,2025-04-19,2000-AP,26794,4822.92,31616.92
ACC-INV4663,INV4663,2025-04-20,2000-AP,26931,7540.68,34471.68
ACC-INV4664,INV4664,2025-04-21,2000-AP,27068,1353.4,28421.4
ACC-INV4665,INV4665,2025-04-22,2000-AP,27205,3264.6,30469.6
ACC-INV4666,INV4666,2025-04-23,2000-AP,27342,4921.56,32263.56
ACC-INV4667,INV4667,2025-04-24,2000-AP,27479,7694.12,35173.12
ACC-INV4668,INV4668,2025-04-25,2000-AP,27616,1380.8,28996.8
ACC-INV4669,INV4669,2025-04-26,2000-AP,27753,3330.36,31083.36
ACC-INV4670,INV4670,2025-04-27,2000-AP,27890,5020.2,32910.2
ACC-INV4671,INV4671,2025-04-28,2000-AP,28027,7847.56,35874.56
ACC-INV4672,INV4672,2025-04-01,2000-AP,28164,1408.2,29572.2
ACC-INV4673,INV4673,2025-04-02,2000-AP,28301,3396.12,31697.12
ACC-INV4674,INV4674,2025-04-03,2000-AP,28438,5118.84,33556.84
ACC-INV4675,INV4675,2025-04-04,2000-AP,28575,8001,36576
ACC-INV4676,INV4676,2025-04-05,2000-AP,28712,1435.6,30147.6
ACC-INV4677,INV4677,2025-04-06,2000-AP,28849,3461.88,32310.88
ACC-INV4678,INV4678,2025-04-07,2000-AP,28986,5217.48,34203.48
ACC-INV4679,INV4679,2025-04-08,2000-AP,29123,8154.44,37277.44
ACC-INV4680,INV4680,2025-04-09,2000-AP,29260,1463,30723
ACC-INV4681,INV4681,2025-04-10,2000-AP,29397,3527.64,32924.64
ACC-INV4682,INV4682,2025-04-11,2000-AP,29534,5316.12,34850.12
ACC-INV4683,INV4683,2025-04-12,2000-AP,29671,8307.88,37978.88
ACC-INV4684,INV4684,2025-04-13,2000-AP,29808,1490.4,31298.4
ACC-INV4685,INV4685,2025-04-14,2000-AP,29945,3593.4,33538.4
ACC-INV4686,INV4686,2025-04-15,2000-AP,30082,5414.76,35496.76
ACC-INV4687,INV4687,2025-04-16,2000-AP,30219,8461.32,38680.32
ACC-INV4688,INV4688,2025-04-17,2000-AP,30356,1517.8,31873.8
ACC-INV4689,INV4689,2025-04-18,2000-AP,30493,3659.16,34152.16
ACC-INV4690,INV4690,2025-04-19,2000-AP,30630,5513.4,36143.4
ACC-INV4691,INV4691,2025-04-20,2000-AP,30767,8614.76,39381.76
ACC-INV4692,INV4692,2025-04-21,2000-AP,30904,1545.2,32449.2
ACC-INV4693,INV4693,2025-04-22,2000-AP,31041,3724.92,34765.92
ACC-INV4694,INV4694,2025-04-23,2000-AP,31178,5612.04,36790.04
ACC-INV4695,INV4695,2025-04-24,2000-AP,31315,8768.2,40083.2
ACC-INV4696,INV4696,2025-04-25,2000-AP,31452,1572.6,33024.6
ACC-INV4697,INV4697,2025-04-26,2000-AP,31589,3790.68,35379.68
ACC-INV4698,INV4698,2025-04-27,2000-AP,31726,5710.68,37436.68
ACC-INV4699,INV4699,2025-04-28,2000-AP,31863,8921.64,40784.64
ACC-INV4700,INV4700,2025-04-01,2000-AP,950000,47500,997500
ACC-INV4701,INV4701,2025-04-02,2000-AP,32137,3856.44,35993.44
ACC-INV4702,INV4702,2025-04-03,2000-AP,32274,5809.32,38083.32
ACC-INV4703,INV4703,2025-04-04,2000-AP,32411,9075.08,41486.08
ACC-INV4704,INV4704,2025-04-05,2000-AP,32548,1627.4,34175.4
ACC-INV4705,INV4705,2025-04-06,2000-AP,32685,3922.2,36607.2
ACC-INV4706,INV4706,2025-04-07,2000-AP,32822,5907.96,38729.96
ACC-INV4707,INV4707,2025-04-08,2000-AP,32959,9228.52,42187.52
ACC-INV4708,INV4708,2025-04-09,2000-AP,33096,1654.8,34750.8
ACC-INV4709,INV4709,2025-04-10,2000-AP,33233,3987.96,37220.96
ACC-INV4710,INV4710,2025-04-11,2000-AP,33370,6006.6,39376.6
ACC-INV4711,INV4711,2025-04-12,2000-AP,33507,9381.96,42888.96
ACC-INV4712,INV4712,2025-04-13,2000-AP,33644,1682.2,35326.2
ACC-INV4713,INV4713,2025-04-14,2000-AP,33781,4053.72,37834.72
ACC-INV4714,INV4714,2025-04-15,2000-AP,33918,6105.24,40023.24
ACC-INV4715,INV4715,2025-04-16,2000-AP,34055,9535.4,43590.4
ACC-INV4716,INV4716,2025-04-17,2000-AP,34192,1709.6,35901.6
ACC-INV4717,INV4717,2025-04-18,2000-AP,34329,4119.48,38448.48
ACC-INV4718,INV4718,2025-04-19,2000-AP,34466,6203.88,40669.88
ACC-INV4719,INV4719,2025-04-20,2000-AP,34603,9688.84,44291.84
ACC-INV4720,INV4720,2025-04-21,2000-AP,34740,1737,36477
ACC-INV4721,INV4721,2025-04-22,2000-AP,34877,4185.24,39062.24
ACC-INV4722,INV4722,2025-04-23,2000-AP,35014,6302.52,41316.52
ACC-INV4723,INV4723,2025-04-24,2000-AP,35151,9842.28,44993.28
ACC-INV4724,INV4724,2025-04-25,2000-AP,35288,1764.4,37052.4
ACC-INV4725,INV4725,2025-04-26,2000-AP,35425,4251,39676
ACC-INV4726,INV4726,2025-04-27,2000-AP,35562,6401.16,41963.16
ACC-INV4727,INV4727,2025-04-28,2000-AP,35699,9995.72,45694.72
ACC-INV4728,INV4728,2025-04-01,2000-AP,35836,1791.8,37627.8
ACC-INV4729,INV4729,2025-04-02,2000-AP,35973,4316.76,40289.76
ACC-INV4730,INV4730,2025-04-03,2000-AP,36110,6499.8,42609.8
ACC-INV4731,INV4731,2025-04-04,2000-AP,36247,10149.16,46396.16
ACC-INV4732,INV4732,2025-04-05,2000-AP,36384,1819.2,38203.2
ACC-INV4733,INV4733,2025-04-06,2000-AP,36521,4382.52,40903.52
ACC-INV4734,INV4734,2025-04-07,2000-AP,36658,6598.44,43256.44
ACC-INV4735,INV4735,2025-04-08,2000-AP,36795,10302.6,47097.6
ACC-INV4736,INV4736,2025-04-09,2000-AP,36932,1846.6,38778.6
ACC-INV4737,INV4737,2025-04-10,2000-AP,37069,4448.28,41517.28
ACC-INV4738,INV4738,2025-04-11,2000-AP,37206,6697.08,43903.08
ACC-INV4739,INV4739,2025-04-12,2000-AP,37343,10456.04,47799.04
ACC-INV4740,INV4740,2025-04-13,2000-AP,37480,1874,39354
ACC-INV4741,INV4741,2025-04-14,2000-AP,37617,4514.04,42131.04
ACC-INV4742,INV4742,2025-04-15,2000-AP,37754,6795.72,44549.72
ACC-INV4743,INV4743,2025-04-16,2000-AP,37891,10609.48,48500.48
ACC-INV4744,INV4744,2025-04-17,2000-AP,38028,1901.4,39929.4
ACC-INV4745,INV4745,2025-04-18,2000-AP,38165,4579.8,42744.8
ACC-INV4746,INV4746,2025-04-19,2000-AP,38302,6894.36,45196.36
ACC-INV4747,INV4747,2025-04-20,2000-AP,38439,10762.92,49201.92
ACC-INV4748,INV4748,2025-04-21,2000-AP,38576,1928.8,40504.8
ACC-INV4749,INV4749,2025-04-22,2000-AP,38713,4645.56,43358.56
ACC-INV4750,INV4750,2025-04-23,2000-AP,38850,6993,45843
ACC-INV4751,INV4751,2025-04-24,2000-AP,38987,10916.36,49903.36
ACC-INV4752,INV4752,2025-04-25,2000-AP,39124,1956.2,41080.2
ACC-INV4753,INV4753,2025-04-26,2000-AP,39261,4711.32,43972.32
ACC-INV4754,INV4754,2025-04-27,2000-AP,39398,7091.64,46489.64
ACC-INV4755,INV4755,2025-04-28,2000-AP,39535,11069.8,50604.8
ACC-INV4756,INV4756,2025-04-01,2000-AP,39672,1983.6,41655.6
ACC-INV4757,INV4757,2025-04-02,2000-AP,39809,4777.08,44586.08
ACC-INV4758,INV4758,2025-04-03,2000-AP,39946,7190.28,47136.28
ACC-INV4759,INV4759,2025-04-04,2000-AP,40083,11223.24,51306.24
ACC-INV4760,INV4760,2025-04-05,2000-AP,40220,2011,42231
ACC-INV4761,INV4761,2025-04-06,2000-AP,40357,4842.84,45199.84
ACC-INV4762,INV4762,2025-04-07,2000-AP,40494,7288.92,47782.92
ACC-INV4763,INV4763,2025-04-08,2000-AP,40631,11376.68,52007.68
ACC-INV4764,INV4764,2025-04-09,2000-AP,40768,2038.4,42806.4
ACC-INV4765,INV4765,2025-04-10,2000-AP,40905,4908.6,45813.6
ACC-INV4766,INV4766,2025-04-11,2000-AP,41042,7387.56,48429.56
ACC-INV4767,INV4767,2025-04-12,2000-AP,41179,11530.12,52709.12
ACC-INV4768,INV4768,2025-04-13,2000-AP,41316,2065.8,43381.8
ACC-INV4769,INV4769,2025-04-14,2000-AP,41453,4974.36,46427.36
ACC-INV4770,INV4770,2025-04-15,2000-AP,41590,7486.2,49076.2
ACC-INV4771,INV4771,2025-04-16,2000-AP,41727,11683.56,53410.56
ACC-INV4772,INV4772,2025-04-17,2000-AP,41864,2093.2,43957.2
ACC-INV4773,INV4773,2025-04-18,2000-AP,42001,5040.12,47041.12
ACC-INV4774,INV4774,2025-04-19,2000-AP,42138,7584.84,49722.84
ACC-INV4775,INV4775,2025-04-20,2000-AP,42275,11837,54112
ACC-INV4776,INV4776,2025-04-21,2000-AP,42412,2120.6,44532.6
ACC-INV4777,INV4777,2025-04-22,2000-AP,42549,5105.88,47654.88
ACC-INV4778,INV4778,2025-04-23,2000-AP,42686,7683.48,50369.48
ACC-INV4779,INV4779,2025-04-24,2000-AP,42823,11990.44,54813.44
ACC-INV4780,INV4780,2025-04-25,2000-AP,42960,2148,45108
ACC-INV4781,INV4781,2025-04-26,2000-AP,43097,5171.64,48268.64
ACC-INV4782,INV4782,2025-04-27,2000-AP,43234,7782.12,51016.12
ACC-INV4783,INV4783,2025-04-28,2000-AP,43371,12143.88,55514.88
ACC-INV4784,INV4784,2025-04-01,2000-AP,43508,2175.4,45683.4
ACC-INV4785,INV4785,2025-04-02,2000-AP,43645,5237.4,48882.4
ACC-INV4786,INV4786,2025-04-03,2000-AP,43782,7880.76,51662.76
ACC-INV4787,INV4787,2025-04-04,2000-AP,43919,12297.32,56216.32
ACC-INV4788,INV4788,2025-04-05,2000-AP,44056,2202.8,46258.8
ACC-INV4789,INV4789,2025-04-06,2000-AP,44193,5303.16,49496.16
ACC-INV4790,INV4790,2025-04-07,2000-AP,44330,7979.4,52309.4
ACC-INV4791,INV4791,2025-04-08,2000-AP,44467,12450.76,56917.76
ACC-INV4792,INV4792,2025-04-09,2000-AP,44604,2230.2,46834.2
ACC-INV4793,INV4793,2025-04-10,2000-AP,44741,5368.92,50109.92
ACC-INV4794,INV4794,2025-04-11,2000-AP,44878,8078.04,52956.04
ACC-INV4795,INV4795,2025-04-12,2000-AP,45015,12604.2,57619.2
ACC-INV4796,INV4796,2025-04-13,2000-AP,45152,2257.6,47409.6
ACC-INV4797,INV4797,2025-04-14,2000-AP,45289,5434.68,50723.68
ACC-INV4798,INV4798,2025-04-15,2000-AP,45426,8176.68,53602.68
ACC-INV4799,INV4799,2025-04-16,2000-AP,45563,12757.64,58320.64
ACC-INV4800,INV4800,2025-04-17,2000-AP,45700,2285,47985
ACC-INV4801,INV4801,2025-04-18,2000-AP,45837,5500.44,51337.44
ACC-INV4802,INV4802,2025-04-19,2000-AP,45974,8275.32,54249.32
ACC-INV4803,INV4803,2025-04-20,2000-AP,46111,12911.08,59022.08
ACC-INV4804,INV4804,2025-04-21,2000-AP,46248,2312.4,48560.4
ACC-INV4805,INV4805,2025-04-22,2000-AP,46385,5566.2,51951.2
ACC-INV4806,INV4806,2025-04-23,2000-AP,46522,8373.96,54895.96
ACC-INV4807,INV4807,2025-04-24,2000-AP,46659,13064.52,59723.52
ACC-INV4808,INV4808,2025-04-25,2000-AP,46796,2339.8,49135.8
ACC-INV4809,INV4809,2025-04-26,2000-AP,46933,5631.96,52564.96
ACC-INV4810,INV4810,2025-04-27,2000-AP,47070,8472.6,55542.6
ACC-INV4811,INV4811,2025-04-28,2000-AP,47207,13217.96,60424.96
ACC-INV4812,INV4812,2025-04-01,2000-AP,47344,2367.2,49711.2
ACC-INV4813,INV4813,2025-04-02,2000-AP,47481,5697.72,53178.72
ACC-INV4814,INV4814,2025-04-03,2000-AP,47618,8571.24,56189.24
ACC-INV4815,INV4815,2025-04-04,2000-AP,47755,13371.4,61126.4
ACC-INV4816,INV4816,2025-04-05,2000-AP,47892,2394.6,50286.6
ACC-INV4817,INV4817,2025-04-06,2000-AP,48029,5763.48,53792.48
ACC-INV4818,INV4818,2025-04-07,2000-AP,48166,8669.88,56835.88
ACC-INV4819,INV4819,2025-04-08,2000-AP,48303,13524.84,61827.84
ACC-INV4820,INV4820,2025-04-09,2000-AP,48440,2422,50862
ACC-INV4821,INV4821,2025-04-10,2000-AP,48577,5829.24,54406.24
ACC-INV4822,INV4822,2025-04-11,2000-AP,48714,8768.52,57482.52
ACC-INV4823,INV4823,2025-04-12,2000-AP,48851,13678.28,62529.28
ACC-INV4824,INV4824,2025-04-13,2000-AP,48988,2449.4,51437.4
ACC-INV4825,INV4825,2025-04-14,2000-AP,49125,5895,55020
ACC-INV4826,INV4826,2025-04-15,2000-AP,49262,8867.16,58129.16
ACC-INV4827,INV4827,2025-04-16,2000-AP,49399,13831.72,63230.72
ACC-INV4828,INV4828,2025-04-17,2000-AP,49536,2476.8,52012.8
ACC-INV4829,INV4829,2025-04-18,2000-AP,49673,5960.76,55633.76
ACC-INV4830,INV4830,2025-04-19,2000-AP,49810,8965.8,58775.8
ACC-INV4831,INV4831,2025-04-20,2000-AP,49947,13985.16,63932.16
ACC-INV4832,INV4832,2025-04-21,2000-AP,50084,2504.2,52588.2
ACC-INV4833,INV4833,2025-04-22,2000-AP,50221,6026.52,56247.52
ACC-INV4834,INV4834,2025-04-23,2000-AP,50358,9064.44,59422.44
ACC-INV4835,INV4835,2025-04-24,2000-AP,50495,14138.6,64633.6
ACC-INV4836,INV4836,2025-04-25,2000-AP,50632,2531.6,53163.6
ACC-INV4837,INV4837,2025-04-26,2000-AP,50769,6092.28,56861.28
ACC-INV4838,INV4838,2025-04-27,2000-AP,50906,9163.08,60069.08
ACC-INV4839,INV4839,2025-04-28,2000-AP,51043,14292.04,65335.04
ACC-INV4840,INV4840,2025-04-01,2000-AP,51180,2559,53739
ACC-INV4841,INV4841,2025-04-02,2000-AP,51317,6158.04,57475.04
ACC-INV4842,INV4842,2025-04-03,2000-AP,51454,9261.72,60715.72
ACC-INV4843,INV4843,2025-04-04,2000-AP,51591,14445.48,66036.48
ACC-INV4844,INV4844,2025-04-05,2000-AP,51728,2586.4,54314.4
ACC-INV4845,INV4845,2025-04-06,2000-AP,51865,6223.8,58088.8
ACC-INV4846,INV4846,2025-04-07,2000-AP,52002,9360.36,61362.36
ACC-INV4847,INV4847,2025-04-08,2000-AP,52139,14598.92,66737.92
ACC-INV4848,INV4848,2025-04-09,2000-AP,52276,2613.8,54889.8
ACC-INV4849,INV4849,2025-04-10,2000-AP,52413,6289.56,58702.56
ACC-INV4850,INV4850,2025-04-11,2000-AP,52550,9459,62009
ACC-INV4851,INV4851,2025-04-12,2000-AP,52687,14752.36,67439.36
ACC-INV4852,INV4852,2025-04-13,2000-AP,52824,2641.2,55465.2
ACC-INV4853,INV4853,2025-04-14,2000-AP,52961,6355.32,59316.32
ACC-INV4854,INV4854,2025-04-15,2000-AP,53098,9557.64,62655.64
ACC-INV4855,INV4855,2025-04-16,2000-AP,53235,14905.8,68140.8
ACC-INV4856,INV4856,2025-04-17,2000-AP,53372,2668.6,56040.6
ACC-INV4857,INV4857,2025-04-18,2000-AP,53509,6421.08,59930.08
ACC-INV4858,INV4858,2025-04-19,2000-AP,53646,9656.28,63302.28
ACC-INV4859,INV4859,2025-04-20,2000-AP,53783,15059.24,68842.24
ACC-INV4860,INV4860,2025-04-21,2000-AP,53920,2696,56616
ACC-INV4861,INV4861,2025-04-22,2000-AP,54057,6486.84,60543.84
ACC-INV4862,INV4862,2025-04-23,2000-AP,54194,9754.92,63948.92
ACC-INV4863,INV4863,2025-04-24,2000-AP,54331,15212.68,69543.68
ACC-INV4864,INV4864,2025-04-25,2000-AP,54468,2723.4,57191.4
ACC-INV4865,INV4865,2025-04-26,2000-AP,54605,6552.6,61157.6
ACC-INV4866,INV4866,2025-04-27,2000-AP,54742,9853.56,64595.56
ACC-INV4867,INV4867,2025-04-28,2000-AP,54879,15366.12,70245.12
ACC-INV4868,INV4868,2025-04-01,2000-AP,55016,2750.8,57766.8
ACC-INV4869,INV4869,2025-04-02,2000-AP,55153,6618.36,61771.36
ACC-INV4870,INV4870,2025-04-03,2000-AP,55290,9952.2,65242.2
ACC-INV4871,INV4871,2025-04-04,2000-AP,55427,15519.56,70946.56
ACC-INV4872,INV4872,2025-04-05,2000-AP,55564,2778.2,58342.2
ACC-INV4873,INV4873,2025-04-06,2000-AP,55701,6684.12,62385.12
ACC-INV4874,INV4874,2025-04-07,2000-AP,55838,10050.84,65888.84
ACC-INV4875,INV4875,2025-04-08,2000-AP,55975,15673,71648
ACC-INV4876,INV4876,2025-04-09,2000-AP,56112,2805.6,58917.6
ACC-INV4877,INV4877,2025-04-10,2000-AP,56249,6749.88,62998.88
ACC-INV4878,INV4878,2025-04-11,2000-AP,56386,10149.48,66535.48
ACC-INV4879,INV4879,2025-04-12,2000-AP,56523,15826.44,72349.44
ACC-INV4880,INV4880,2025-04-13,2000-AP,56660,2833,59493
ACC-INV4881,INV4881,2025-04-14,2000-AP,56797,6815.64,63612.64
ACC-INV4882,INV4882,2025-04-15,2000-AP,56934,10248.12,67182.12
ACC-INV4883,INV4883,2025-04-16,2000-AP,57071,15979.88,73050.88
ACC-INV4884,INV4884,2025-04-17,2000-AP,57208,2860.4,60068.4
ACC-INV4885,INV4885,2025-04-18,2000-AP,57345,6881.4,64226.4
ACC-INV4886,INV4886,2025-04-19,2000-AP,57482,10346.76,67828.76
ACC-INV4887,INV4887,2025-04-20,2000-AP,57619,16133.32,73752.32
ACC-INV4888,INV4888,2025-04-21,2000-AP,57756,2887.8,60643.8
ACC-INV4889,INV4889,2025-04-22,2000-AP,57893,6947.16,64840.16
ACC-INV4890,INV4890,2025-04-23,2000-AP,58030,10445.4,68475.4
ACC-INV4891,INV4891,2025-04-24,2000-AP,58167,16286.76,74453.76
ACC-INV4892,INV4892,2025-04-25,2000-AP,58304,2915.2,61219.2
ACC-INV4893,INV4893,2025-04-26,2000-AP,58441,7012.92,65453.92
ACC-INV4894,INV4894,2025-04-27,2000-AP,58578,10544.04,69122.04
ACC-INV4895,INV4895,2025-04-28,2000-AP,58715,16440.2,75155.2
ACC-INV4896,INV4896,2025-04-01,2000-AP,58852,2942.6,61794.6
ACC-INV4897,INV4897,2025-04-02,2000-AP,58989,7078.68,66067.68
ACC-INV4898,INV4898,2025-04-03,2000-AP,59126,10642.68,69768.68
ACC-INV4899,INV4899,2025-04-04,2000-AP,59263,16593.64,75856.64
ACC-INV4900,INV4900,2025-04-05,2000-AP,59400,2970,62370
ACC-INV4901,INV4901,2025-04-06,2000-AP,59537,7144.44,66681.44
ACC-INV4902,INV4902,2025-04-07,2000-AP,59674,10741.32,70415.32
ACC-INV4903,INV4903,2025-04-08,2000-AP,59811,16747.08,76558.08
ACC-INV4904,INV4904,2025-04-09,2000-AP,59948,2997.4,62945.4
ACC-INV4905,INV4905,2025-04-10,2000-AP,60085,7210.2,67295.2
ACC-INV4906,INV4906,2025-04-11,2000-AP,60222,10839.96,71061.96
ACC-INV4907,INV4907,2025-04-12,2000-AP,60359,16900.52,77259.52
ACC-INV4908,INV4908,2025-04-13,2000-AP,60496,3024.8,63520.8
ACC-INV4909,INV4909,2025-04-14,2000-AP,60633,7275.96,67908.96
ACC-INV4910,INV4910,2025-04-15,2000-AP,60770,10938.6,71708.6
ACC-INV4911,INV4911,2025-04-16,2000-AP,60907,17053.96,77960.96
ACC-INV4912,INV4912,2025-04-17,2000-AP,61044,3052.2,64096.2
ACC-INV4913,INV4913,2025-04-18,2000-AP,61181,7341.72,68522.72
ACC-INV4914,INV4914,2025-04-19,2000-AP,61318,11037.24,72355.24
ACC-INV4915,INV4915,2025-04-20,2000-AP,61455,17207.4,78662.4
ACC-INV4916,INV4916,2025-04-21,2000-AP,61592,3079.6,64671.6
ACC-INV4917,INV4917,2025-04-22,2000-AP,61729,7407.48,69136.48
ACC-INV4918,INV4918,2025-04-23,2000-AP,61866,11135.88,73001.88
ACC-INV4919,INV4919,2025-04-24,2000-AP,62003,17360.84,79363.84
ACC-INV4920,INV4920,2025-04-25,2000-AP,62140,3107,65247
ACC-INV4921,INV4921,2025-04-26,2000-AP,62277,7473.24,69750.24
ACC-INV4922,INV4922,2025-04-27,2000-AP,62414,11234.52,73648.52
ACC-INV4923,INV4923,2025-04-28,2000-AP,62551,17514.28,80065.28
ACC-INV4924,INV4924,2025-04-01,2000-AP,62688,3134.4,65822.4
ACC-INV4925,INV4925,2025-04-02,2000-AP,62825,7539,70364
ACC-INV4926,INV4926,2025-04-03,2000-AP,62962,11333.16,74295.16
ACC-INV4927,INV4927,2025-04-04,2000-AP,63099,17667.72,80766.72
ACC-INV4928,INV4928,2025-04-05,2000-AP,63236,3161.8,66397.8
ACC-INV4929,INV4929,2025-04-06,2000-AP,63373,7604.76,70977.76
ACC-INV4930,INV4930,2025-04-07,2000-AP,63510,11431.8,74941.8
ACC-INV4931,INV4931,2025-04-08,2000-AP,63647,17821.16,81468.16
ACC-INV4932,INV4932,2025-04-09,2000-AP,63784,3189.2,66973.2
ACC-INV4933,INV4933,2025-04-10,2000-AP,63921,7670.52,71591.52
ACC-INV4934,INV4934,2025-04-11,2000-AP,64058,11530.44,75588.44
ACC-INV4935,INV4935,2025-04-12,2000-AP,64195,17974.6,82169.6
ACC-INV4936,INV4936,2025-04-13,2000-AP,64332,3216.6,67548.6
ACC-INV4937,INV4937,2025-04-14,2000-AP,64469,7736.28,72205.28
ACC-INV4938,INV4938,2025-04-15,2000-AP,64606,11629.08,76235.08
ACC-INV4939,INV4939,2025-04-16,2000-AP,64743,18128.04,82871.04
ACC-INV4940,INV4940,2025-04-17,2000-AP,64880,3244,68124
ACC-INV4941,INV4941,2025-04-18,2000-AP,65017,7802.04,72819.04
ACC-INV4942,INV4942,2025-04-19,2000-AP,65154,11727.72,76881.72
ACC-INV4943,INV4943,2025-04-20,2000-AP,65291,18281.48,83572.48
ACC-INV4944,INV4944,2025-04-21,2000-AP,65428,3271.4,68699.4
ACC-INV4945,INV4945,2025-04-22,2000-AP,65565,7867.8,73432.8
ACC-INV4946,INV4946,2025-04-23,2000-AP,65702,11826.36,77528.36
ACC-INV4947,INV4947,2025-04-24,2000-AP,65839,18434.92,84273.92
ACC-INV4948,INV4948,2025-04-25,2000-AP,65976,3298.8,69274.8
ACC-INV4949,INV4949,2025-04-26,2000-AP,66113,7933.56,74046.56
ACC-INV4950,INV4950,2025-04-27,2000-AP,850000,153000,1003000
ACC-INV4951,INV4951,2025-04-28,2000-AP,66387,18588.36,84975.36
ACC-INV4952,INV4952,2025-04-01,2000-AP,66524,3326.2,69850.2
ACC-INV4953,INV4953,2025-04-02,2000-AP,66661,7999.32,74660.32
ACC-INV4954,INV4954,2025-04-03,2000-AP,66798,12023.64,78821.64
ACC-INV4955,INV4955,2025-04-04,2000-AP,66935,18741.8,85676.8
ACC-INV4956,INV4956,2025-04-05,2000-AP,67072,3353.6,70425.6
ACC-INV4957,INV4957,2025-04-06,2000-AP,67209,8065.08,75274.08
ACC-INV4958,INV4958,2025-04-07,2000-AP,67346,12122.28,79468.28
ACC-INV4959,INV4959,2025-04-08,2000-AP,67483,18895.24,86378.24
ACC-INV4960,INV4960,2025-04-09,2000-AP,67620,3381,71001
ACC-INV4961,INV4961,2025-04-10,2000-AP,67757,8130.84,75887.84
ACC-INV4962,INV4962,2025-04-11,2000-AP,67894,12220.92,80114.92
ACC-INV4963,INV4963,2025-04-12,2000-AP,68031,19048.68,87079.68
ACC-INV4964,INV4964,2025-04-13,2000-AP,68168,3408.4,71576.4
ACC-INV4965,INV4965,2025-04-14,2000-AP,68305,8196.6,76501.6
ACC-INV4966,INV4966,2025-04-15,2000-AP,68442,12319.56,80761.56
ACC-INV4967,INV4967,2025-04-16,2000-AP,68579,19202.12,87781.12
ACC-INV4968,INV4968,2025-04-17,2000-AP,68716,3435.8,72151.8
ACC-INV4969,INV4969,2025-04-18,2000-AP,68853,8262.36,77115.36
ACC-INV4970,INV4970,2025-04-19,2000-AP,68990,12418.2,81408.2
ACC-INV4971,INV4971,2025-04-20,2000-AP,69127,19355.56,88482.56
ACC-INV4972,INV4972,2025-04-21,2000-AP,69264,3463.2,72727.2
ACC-INV4973,INV4973,2025-04-22,2000-AP,69401,8328.12,77729.12
ACC-INV4974,INV4974,2025-04-23,2000-AP,69538,12516.84,82054.84
ACC-INV4975,INV4975,2025-04-24,2000-AP,69675,19509,89184
ACC-INV4976,INV4976,2025-04-25,2000-AP,69812,3490.6,73302.6
ACC-INV4977,INV4977,2025-04-26,2000-AP,69949,8393.88,78342.88
ACC-INV4978,INV4978,2025-04-27,2000-AP,70086,12615.48,82701.48
ACC-INV4979,INV4979,2025-04-28,2000-AP,70223,19662.44,89885.44
ACC-INV4980,INV4980,2025-04-01,2000-AP,70360,3518,73878
ACC-INV4981,INV4981,2025-04-02,2000-AP,70497,8459.64,78956.64
ACC-INV4982,INV4982,2025-04-03,2000-AP,70634,12714.12,83348.12
ACC-INV4983,INV4983,2025-04-04,2000-AP,70771,19815.88,90586.88
ACC-INV4984,INV4984,2025-04-05,2000-AP,70908,3545.4,74453.4
ACC-INV4985,INV4985,2025-04-06,2000-AP,71045,8525.4,79570.4
ACC-INV4986,INV4986,2025-04-07,2000-AP,71182,12812.76,83994.76
ACC-INV4987,INV4987,2025-04-08,2000-AP,71319,19969.32,91288.32
ACC-INV4988,INV4988,2025-04-09,2000-AP,71456,3572.8,75028.8
ACC-INV4989,INV4989,2025-04-10,2000-AP,71593,8591.16,80184.16
ACC-INV4990,INV4990,2025-04-11,2000-AP,71730,12911.4,84641.4
ACC-INV4991,INV4991,2025-04-12,2000-AP,71867,20122.76,91989.76
ACC-INV4992,INV4992,2025-04-13,2000-AP,72004,3600.2,75604.2
ACC-INV4993,INV4993,2025-04-14,2000-AP,72141,8656.92,80797.92
ACC-INV4994,INV4994,2025-04-15,2000-AP,72278,13010.04,85288.04
ACC-INV4995,INV4995,2025-04-16,2000-AP,72415,20276.2,92691.2
ACC-INV4996,INV4996,2025-04-17,2000-AP,72552,3627.6,76179.6
ACC-INV4997,INV4997,2025-04-18,2000-AP,72689,8722.68,81411.68
ACC-INV4998,INV4998,2025-04-19,2000-AP,72826,13108.68,85934.68
ACC-INV4999,INV4999,2025-04-20,2000-AP,72963,20429.64,93392.64
ACC-INV5000,INV5000,2025-04-21,2000-AP,73100,3655,76755
ACC-INV5001,INV5001,2025-04-22,2000-AP,73237,8788.44,82025.44
ACC-INV5002,INV5002,2025-04-23,2000-AP,73374,13207.32,86581.32
ACC-INV5003,INV5003,2025-04-24,2000-AP,73511,20583.08,94094.08
ACC-INV5004,INV5004,2025-04-25,2000-AP,73648,3682.4,77330.4
ACC-INV5005,INV5005,2025-04-26,2000-AP,73785,8854.2,82639.2
ACC-INV5006,INV5006,2025-04-27,2000-AP,73922,13305.96,87227.96
ACC-INV5007,INV5007,2025-04-28,2000-AP,74059,20736.52,94795.52
ACC-INV5008,INV5008,2025-04-01,2000-AP,74196,3709.8,77905.8
ACC-INV5009,INV5009,2025-04-02,2000-AP,74333,8919.96,83252.96
ACC-INV5010,INV5010,2025-04-03,2000-AP,74470,13404.6,87874.6
ACC-INV5011,INV5011,2025-04-04,2000-AP,74607,20889.96,95496.96
ACC-INV5012,INV5012,2025-04-05,2000-AP,74744,3737.2,78481.2
ACC-INV5013,INV5013,2025-04-06,2000-AP,74881,8985.72,83866.72
ACC-INV5014,INV5014,2025-04-07,2000-AP,75018,13503.24,88521.24
ACC-INV5015,INV5015,2025-04-08,2000-AP,75155,21043.4,96198.4
ACC-INV5016,INV5016,2025-04-09,2000-AP,75292,3764.6,79056.6
ACC-INV5017,INV5017,2025-04-10,2000-AP,75429,9051.48,84480.48
ACC-INV5018,INV5018,2025-04-11,2000-AP,75566,13601.88,89167.88
ACC-INV5019,INV5019,2025-04-12,2000-AP,75703,21196.84,96899.84
ACC-INV5020,INV5020,2025-04-13,2000-AP,75840,3792,79632
ACC-INV5021,INV5021,2025-04-14,2000-AP,75977,9117.24,85094.24
ACC-INV5022,INV5022,2025-04-15,2000-AP,76114,13700.52,89814.52
ACC-INV5023,INV5023,2025-04-16,2000-AP,76251,21350.28,97601.28
ACC-INV5024,INV5024,2025-04-17,2000-AP,76388,3819.4,80207.4
ACC-INV5025,INV5025,2025-04-18,2000-AP,76525,9183,85708
ACC-INV5026,INV5026,2025-04-19,2000-AP,76662,13799.16,90461.16
ACC-INV5027,INV5027,2025-04-20,2000-AP,76799,21503.72,98302.72
ACC-INV5028,INV5028,2025-04-21,2000-AP,76936,3846.8,80782.8
ACC-INV5029,INV5029,2025-04-22,2000-AP,77073,9248.76,86321.76
ACC-INV5030,INV5030,2025-04-23,2000-AP,77210,13897.8,91107.8
ACC-INV5031,INV5031,2025-04-24,2000-AP,77347,21657.16,99004.16
ACC-INV5032,INV5032,2025-04-25,2000-AP,77484,3874.2,81358.2
ACC-INV5033,INV5033,2025-04-26,2000-AP,2621,314.52,2935.52
ACC-INV5034,INV5034,2025-04-27,2000-AP,2758,496.44,3254.44
ACC-INV5035,INV5035,2025-04-28,2000-AP,2895,810.6,3705.6
ACC-INV5036,INV5036,2025-04-01,2000-AP,3032,151.6,3183.6
ACC-INV5037,INV5037,2025-04-02,2000-AP,3169,380.28,3549.28
ACC-INV5038,INV5038,2025-04-03,2000-AP,3306,595.08,3901.08
ACC-INV5039,INV5039,2025-04-04,2000-AP,3443,964.04,4407.04
ACC-INV5040,INV5040,2025-04-05,2000-AP,3580,179,3759
ACC-INV5041,INV5041,2025-04-06,2000-AP,3717,446.04,4163.04
ACC-INV5042,INV5042,2025-04-07,2000-AP,3854,693.72,4547.72
ACC-INV5043,INV5043,2025-04-08,2000-AP,3991,1117.48,5108.48
ACC-INV5044,INV5044,2025-04-09,2000-AP,4128,206.4,4334.4
ACC-INV5045,INV5045,2025-04-10,2000-AP,4265,511.8,4776.8
ACC-INV5046,INV5046,2025-04-11,2000-AP,4402,792.36,5194.36
ACC-INV5047,INV5047,2025-04-12,2000-AP,4539,1270.92,5809.92
ACC-INV5048,INV5048,2025-04-13,2000-AP,4676,233.8,4909.8
ACC-INV5049,INV5049,2025-04-14,2000-AP,4813,577.56,5390.56
ACC-INV5050,INV5050,2025-04-15,2000-AP,4950,891,5841
ACC-INV5051,INV5051,2025-04-16,2000-AP,5087,1424.36,6511.36
ACC-INV5052,INV5052,2025-04-17,2000-AP,5224,261.2,5485.2
ACC-INV5053,INV5053,2025-04-18,2000-AP,5361,643.32,6004.32
ACC-INV5054,INV5054,2025-04-19,2000-AP,5498,989.64,6487.64
ACC-INV5055,INV5055,2025-04-20,2000-AP,5635,1577.8,7212.8
ACC-INV5056,INV5056,2025-04-21,2000-AP,5772,288.6,6060.6
ACC-INV5057,INV5057,2025-04-22,2000-AP,5909,709.08,6618.08
ACC-INV5058,INV5058,2025-04-23,2000-AP,6046,1088.28,7134.28
ACC-INV5059,INV5059,2025-04-24,2000-AP,6183,1731.24,7914.24
ACC-INV5060,INV5060,2025-04-25,2000-AP,6320,316,6636
ACC-INV5061,INV5061,2025-04-26,2000-AP,6457,774.84,7231.84
ACC-INV5062,INV5062,2025-04-27,2000-AP,6594,1186.92,7780.92
ACC-INV5063,INV5063,2025-04-28,2000-AP,6731,1884.68,8615.68
ACC-INV5064,INV5064,2025-04-01,2000-AP,6868,343.4,7211.4
ACC-INV5065,INV5065,2025-04-02,2000-AP,7005,840.6,7845.6
ACC-INV5066,INV5066,2025-04-03,2000-AP,7142,1285.56,8427.56
ACC-INV5067,INV5067,2025-04-04,2000-AP,7279,2038.12,9317.12
ACC-INV5068,INV5068,2025-04-05,2000-AP,7416,370.8,7786.8
ACC-INV5069,INV5069,2025-04-06,2000-AP,7553,906.36,8459.36
ACC-INV5070,INV5070,2025-04-07,2000-AP,7690,1384.2,9074.2
ACC-INV5071,INV5071,2025-04-08,2000-AP,7827,2191.56,10018.56
ACC-INV5072,INV5072,2025-04-09,2000-AP,7964,398.2,8362.2
ACC-INV5073,INV5073,2025-04-10,2000-AP,8101,972.12,9073.12
ACC-INV5074,INV5074,2025-04-11,2000-AP,8238,1482.84,9720.84
ACC-INV5075,INV5075,2025-04-12,2000-AP,8375,2345,10720
ACC-INV5076,INV5076,2025-04-13,2000-AP,8512,425.6,8937.6
ACC-INV5077,INV5077,2025-04-14,2000-AP,8649,1037.88,9686.88
ACC-INV5078,INV5078,2025-04-15,2000-AP,8786,1581.48,10367.48
ACC-INV5079,INV5079,2025-04-16,2000-AP,8923,2498.44,11421.44
ACC-INV5080,INV5080,2025-04-17,2000-AP,9060,453,9513
ACC-INV5081,INV5081,2025-04-18,2000-AP,9197,1103.64,10300.64
ACC-INV5082,INV5082,2025-04-19,2000-AP,9334,1680.12,11014.12
ACC-INV5083,INV5083,2025-04-20,2000-AP,9471,2651.88,12122.88
ACC-INV5084,INV5084,2025-04-21,2000-AP,9608,480.4,10088.4
ACC-INV5085,INV5085,2025-04-22,2000-AP,9745,1169.4,10914.4
ACC-INV5086,INV5086,2025-04-23,2000-AP,9882,1778.76,11660.76
ACC-INV5087,INV5087,2025-04-24,2000-AP,10019,2805.32,12824.32
ACC-INV5088,INV5088,2025-04-25,2000-AP,10156,507.8,10663.8
ACC-INV5089,INV5089,2025-04-26,2000-AP,10293,1235.16,11528.16
ACC-INV5090,INV5090,2025-04-27,2000-AP,10430,1877.4,12307.4
ACC-INV5091,INV5091,2025-04-28,2000-AP,10567,2958.76,13525.76
ACC-INV5092,INV5092,2025-04-01,2000-AP,10704,535.2,11239.2
ACC-INV5093,INV5093,2025-04-02,2000-AP,10841,1300.92,12141.92
ACC-INV5094,INV5094,2025-04-03,2000-AP,10978,1976.04,12954.04
ACC-INV5095,INV5095,2025-04-04,2000-AP,11115,3112.2,14227.2
ACC-INV5096,INV5096,2025-04-05,2000-AP,11252,562.6,11814.6
ACC-INV5097,INV5097,2025-04-06,2000-AP,11389,1366.68,12755.68
ACC-INV5098,INV5098,2025-04-07,2000-AP,11526,2074.68,13600.68
ACC-INV5099,INV5099,2025-04-08,2000-AP,11663,3265.64,14928.64
ACC-INV5100,INV5100,2025-04-09,2000-AP,11800,590,12390
ACC-INV5101,INV5101,2025-04-10,2000-AP,11937,1432.44,13369.44
ACC-INV5102,INV5102,2025-04-11,2000-AP,12074,2173.32,14247.32
ACC-INV5103,INV5103,2025-04-12,2000-AP,12211,3419.08,15630.08
ACC-INV5104,INV5104,2025-04-13,2000-AP,12348,617.4,12965.4
ACC-INV5105,INV5105,2025-04-14,2000-AP,12485,1498.2,13983.2
ACC-INV5106,INV5106,2025-04-15,2000-AP,12622,2271.96,14893.96
ACC-INV5107,INV5107,2025-04-16,2000-AP,12759,3572.52,16331.52
ACC-INV5108,INV5108,2025-04-17,2000-AP,12896,644.8,13540.8
ACC-INV5109,INV5109,2025-04-18,2000-AP,13033,1563.96,14596.96
ACC-INV5110,INV5110,2025-04-19,2000-AP,13170,2370.6,15540.6
ACC-INV5111,INV5111,2025-04-20,2000-AP,13307,3725.96,17032.96
ACC-INV5112,INV5112,2025-04-21,2000-AP,13444,672.2,14116.2
ACC-INV5113,INV5113,2025-04-22,2000-AP,13581,1629.72,15210.72
ACC-INV5114,INV5114,2025-04-23,2000-AP,13718,2469.24,16187.24
ACC-INV5115,INV5115,2025-04-24,2000-AP,13855,3879.4,17734.4
ACC-INV5116,INV5116,2025-04-25,2000-AP,13992,699.6,14691.6
ACC-INV5117,INV5117,2025-04-26,2000-AP,14129,1695.48,15824.48
ACC-INV5118,INV5118,2025-04-27,2000-AP,14266,2567.88,16833.88
ACC-INV5119,INV5119,2025-04-28,2000-AP,14403,4032.84,18435.84
ACC-INV5120,INV5120,2025-04-01,2000-AP,14540,727,15267
ACC-INV5121,INV5121,2025-04-02,2000-AP,14677,1761.24,16438.24
ACC-INV5122,INV5122,2025-04-03,2000-AP,14814,2666.52,17480.52
ACC-INV5123,INV5123,2025-04-04,2000-AP,14951,4186.28,19137.28
ACC-INV5124,INV5124,2025-04-05,2000-AP,15088,754.4,15842.4
ACC-INV5125,INV5125,2025-04-06,2000-AP,15225,1827,17052
ACC-INV5126,INV5126,2025-04-07,2000-AP,15362,2765.16,18127.16
ACC-INV5127,INV5127,2025-04-08,2000-AP,15499,4339.72,19838.72
ACC-INV5128,INV5128,2025-04-09,2000-AP,15636,781.8,16417.8
ACC-INV5129,INV5129,2025-04-10,2000-AP,15773,1892.76,17665.76
ACC-INV5130,INV5130,2025-04-11,2000-AP,15910,2863.8,18773.8
ACC-INV5131,INV5131,2025-04-12,2000-AP,16047,4493.16,20540.16
ACC-INV5132,INV5132,2025-04-13,2000-AP,16184,809.2,16993.2
ACC-INV5133,INV5133,2025-04-14,2000-AP,16321,1958.52,18279.52
ACC-INV5134,INV5134,2025-04-15,2000-AP,16458,2962.44,19420.44
ACC-INV5135,INV5135,2025-04-16,2000-AP,16595,4646.6,21241.6
ACC-INV5136,INV5136,2025-04-17,2000-AP,16732,836.6,17568.6
ACC-INV5137,INV5137,2025-04-18,2000-AP,16869,2024.28,18893.28
ACC-INV5138,INV5138,2025-04-19,2000-AP,17006,3061.08,20067.08
ACC-INV5139,INV5139,2025-04-20,2000-AP,17143,4800.04,21943.04
ACC-INV5140,INV5140,2025-04-21,2000-AP,17280,864,18144
ACC-INV5141,INV5141,2025-04-22,2000-AP,17417,2090.04,19507.04
ACC-INV5142,INV5142,2025-04-23,2000-AP,17554,3159.72,20713.72
ACC-INV5143,INV5143,2025-04-24,2000-AP,17691,4953.48,22644.48
ACC-INV5144,INV5144,2025-04-25,2000-AP,17828,891.4,18719.4
ACC-INV5145,INV5145,2025-04-26,2000-AP,17965,2155.8,20120.8
ACC-INV5146,INV5146,2025-04-27,2000-AP,18102,3258.36,21360.36
ACC-INV5147,INV5147,2025-04-28,2000-AP,18239,5106.92,23345.92
ACC-INV5148,INV5148,2025-04-01,2000-AP,18376,918.8,19294.8
ACC-INV5149,INV5149,2025-04-02,2000-AP,18513,2221.56,20734.56
ACC-INV5150,INV5150,2025-04-03,2000-AP,18650,3357,22007
ACC-INV5151,INV5151,2025-04-04,2000-AP,18787,5260.36,24047.36
ACC-INV5152,INV5152,2025-04-05,2000-AP,18924,946.2,19870.2
ACC-INV5153,INV5153,2025-04-06,2000-AP,19061,2287.32,21348.32
ACC-INV5154,INV5154,2025-04-07,2000-AP,19198,3455.64,22653.64
ACC-INV5155,INV5155,2025-04-08,2000-AP,19335,5413.8,24748.8
ACC-INV5156,INV5156,2025-04-09,2000-AP,19472,973.6,20445.6
ACC-INV5157,INV5157,2025-04-10,2000-AP,19609,2353.08,21962.08
ACC-INV5158,INV5158,2025-04-11,2000-AP,19746,3554.28,23300.28
ACC-INV5159,INV5159,2025-04-12,2000-AP,19883,5567.24,25450.24
ACC-INV5160,INV5160,2025-04-13,2000-AP,20020,1001,21021
ACC-INV5161,INV5161,2025-04-14,2000-AP,20157,2418.84,22575.84
ACC-INV5162,INV5162,2025-04-15,2000-AP,20294,3652.92,23946.92
ACC-INV5163,INV5163,2025-04-16,2000-AP,20431,5720.68,26151.68
ACC-INV5164,INV5164,2025-04-17,2000-AP,20568,1028.4,21596.4
ACC-INV5165,INV5165,2025-04-18,2000-AP,20705,2484.6,23189.6
ACC-INV5166,INV5166,2025-04-19,2000-AP,20842,3751.56,24593.56
ACC-INV5167,INV5167,2025-04-20,2000-AP,20979,5874.12,26853.12
ACC-INV5168,INV5168,2025-04-21,2000-AP,21116,1055.8,22171.8
ACC-INV5169,INV5169,2025-04-22,2000-AP,21253,2550.36,23803.36
ACC-INV5170,INV5170,2025-04-23,2000-AP,21390,3850.2,25240.2
ACC-INV5171,INV5171,2025-04-24,2000-AP,21527,6027.56,27554.56
ACC-INV5172,INV5172,2025-04-25,2000-AP,21664,1083.2,22747.2
ACC-INV5173,INV5173,2025-04-26,2000-AP,21801,2616.12,24417.12
ACC-INV5174,INV5174,2025-04-27,2000-AP,21938,3948.84,25886.84
ACC-INV5175,INV5175,2025-04-28,2000-AP,22075,6181,28256
ACC-INV5176,INV5176,2025-04-01,2000-AP,22212,1110.6,23322.6
ACC-INV5177,INV5177,2025-04-02,2000-AP,22349,2681.88,25030.88
ACC-INV5178,INV5178,2025-04-03,2000-AP,22486,4047.48,26533.48
ACC-INV5179,INV5179,2025-04-04,2000-AP,22623,6334.44,28957.44
ACC-INV5180,INV5180,2025-04-05,2000-AP,22760,1138,23898
ACC-INV5181,INV5181,2025-04-06,2000-AP,22897,2747.64,25644.64
ACC-INV5182,INV5182,2025-04-07,2000-AP,23034,4146.12,27180.12
ACC-INV5183,INV5183,2025-04-08,2000-AP,23171,6487.88,29658.88
ACC-INV5184,INV5184,2025-04-09,2000-AP,23308,1165.4,24473.4
ACC-INV5185,INV5185,2025-04-10,2000-AP,23445,2813.4,26258.4
ACC-INV5186,INV5186,2025-04-11,2000-AP,23582,4244.76,27826.76
ACC-INV5187,INV5187,2025-04-12,2000-AP,23719,6641.32,30360.32
ACC-INV5188,INV5188,2025-04-13,2000-AP,23856,1192.8,25048.8
ACC-INV5189,INV5189,2025-04-14,2000-AP,23993,2879.16,26872.16
ACC-INV5190,INV5190,2025-04-15,2000-AP,24130,4343.4,28473.4
ACC-INV5191,INV5191,2025-04-16,2000-AP,24267,6794.76,31061.76
ACC-INV5192,INV5192,2025-04-17,2000-AP,24404,1220.2,25624.2
ACC-INV5193,INV5193,2025-04-18,2000-AP,24541,2944.92,27485.92
ACC-INV5194,INV5194,2025-04-19,2000-AP,24678,4442.04,29120.04
ACC-INV5195,INV5195,2025-04-20,2000-AP,24815,6948.2,31763.2
ACC-INV5196,INV5196,2025-04-21,2000-AP,24952,1247.6,26199.6
ACC-INV5197,INV5197,2025-04-22,2000-AP,25089,3010.68,28099.68
ACC-INV5198,INV5198,2025-04-23,2000-AP,25226,4540.68,29766.68
ACC-INV5199,INV5199,2025-04-24,2000-AP,25363,7101.64,32464.64
ACC-INV5200,INV5200,2025-04-25,2000-AP,1050000,52500,1102500
ACC-INV5201,INV5201,2025-04-26,2000-AP,25637,3076.44,28713.44
ACC-INV5202,INV5202,2025-04-27,2000-AP,25774,4639.32,30413.32
ACC-INV5203,INV5203,2025-04-28,2000-AP,25911,7255.08,33166.08
ACC-INV5204,INV5204,2025-04-01,2000-AP,26048,1302.4,27350.4
ACC-INV5205,INV5205,2025-04-02,2000-AP,26185,3142.2,29327.2
ACC-INV5206,INV5206,2025-04-03,2000-AP,26322,4737.96,31059.96
ACC-INV5207,INV5207,2025-04-04,2000-AP,26459,7408.52,33867.52
ACC-INV5208,INV5208,2025-04-05,2000-AP,26596,1329.8,27925.8
ACC-INV5209,INV5209,2025-04-06,2000-AP,26733,3207.96,29940.96
ACC-INV5210,INV5210,2025-04-07,2000-AP,26870,4836.6,31706.6
ACC-INV5211,INV5211,2025-04-08,2000-AP,27007,7561.96,34568.96
ACC-INV5212,INV5212,2025-04-09,2000-AP,27144,1357.2,28501.2
ACC-INV5213,INV5213,2025-04-10,2000-AP,27281,3273.72,30554.72
ACC-INV5214,INV5214,2025-04-11,2000-AP,27418,4935.24,32353.24
ACC-INV5215,INV5215,2025-04-12,2000-AP,27555,7715.4,35270.4
ACC-INV5216,INV5216,2025-04-13,2000-AP,27692,1384.6,29076.6
ACC-INV5217,INV5217,2025-04-14,2000-AP,27829,3339.48,31168.48
ACC-INV5218,INV5218,2025-04-15,2000-AP,27966,5033.88,32999.88
ACC-INV5219,INV5219,2025-04-16,2000-AP,28103,7868.84,35971.84
ACC-INV5220,INV5220,2025-04-17,2000-AP,28240,1412,29652
ACC-INV5221,INV5221,2025-04-18,2000-AP,28377,3405.24,31782.24
ACC-INV5222,INV5222,2025-04-19,2000-AP,28514,5132.52,33646.52
ACC-INV5223,INV5223,2025-04-20,2000-AP,28651,8022.28,36673.28
ACC-INV5224,INV5224,2025-04-21,2000-AP,28788,1439.4,30227.4
ACC-INV5225,INV5225,2025-04-22,2000-AP,28925,3471,32396
ACC-INV5226,INV5226,2025-04-23,2000-AP,29062,5231.16,34293.16
ACC-INV5227,INV5227,2025-04-24,2000-AP,29199,8175.72,37374.72
ACC-INV5228,INV5228,2025-04-25,2000-AP,29336,1466.8,30802.8
ACC-INV5229,INV5229,2025-04-26,2000-AP,29473,3536.76,33009.76
ACC-INV5230,INV5230,2025-04-27,2000-AP,29610,5329.8,34939.8
ACC-INV5231,INV5231,2025-04-28,2000-AP,29747,8329.16,38076.16
ACC-INV5232,INV5232,2025-04-01,2000-AP,29884,1494.2,31378.2
ACC-INV5233,INV5233,2025-04-02,2000-AP,30021,3602.52,33623.52
ACC-INV5234,INV5234,2025-04-03,2000-AP,30158,5428.44,35586.44
ACC-INV5235,INV5235,2025-04-04,2000-AP,30295,8482.6,38777.6
ACC-INV5236,INV5236,2025-04-05,2000-AP,30432,1521.6,31953.6
ACC-INV5237,INV5237,2025-04-06,2000-AP,30569,3668.28,34237.28
ACC-INV5238,INV5238,2025-04-07,2000-AP,30706,5527.08,36233.08
ACC-INV5239,INV5239,2025-04-08,2000-AP,30843,8636.04,39479.04
ACC-INV5240,INV5240,2025-04-09,2000-AP,30980,1549,32529
ACC-INV5241,INV5241,2025-04-10,2000-AP,31117,3734.04,34851.04
ACC-INV5242,INV5242,2025-04-11,2000-AP,31254,5625.72,36879.72
ACC-INV5243,INV5243,2025-04-12,2000-AP,31391,8789.48,40180.48
ACC-INV5244,INV5244,2025-04-13,2000-AP,31528,1576.4,33104.4
ACC-INV5245,INV5245,2025-04-14,2000-AP,31665,3799.8,35464.8
ACC-INV5246,INV5246,2025-04-15,2000-AP,31802,5724.36,37526.36
ACC-INV5247,INV5247,2025-04-16,2000-AP,31939,8942.92,40881.92
ACC-INV5248,INV5248,2025-04-17,2000-AP,32076,1603.8,33679.8
ACC-INV5249,INV5249,2025-04-18,2000-AP,32213,3865.56,36078.56
ACC-INV5250,INV5250,2025-04-19,2000-AP,32350,5823,38173
ACC-INV5251,INV5251,2025-04-20,2000-AP,32487,9096.36,41583.36
ACC-INV5252,INV5252,2025-04-21,2000-AP,32624,1631.2,34255.2
ACC-INV5253,INV5253,2025-04-22,2000-AP,32761,3931.32,36692.32
ACC-INV5254,INV5254,2025-04-23,2000-AP,32898,5921.64,38819.64
ACC-INV5255,INV5255,2025-04-24,2000-AP,33035,9249.8,42284.8
ACC-INV5256,INV5256,2025-04-25,2000-AP,33172,1658.6,34830.6
ACC-INV5257,INV5257,2025-04-26,2000-AP,33309,3997.08,37306.08
ACC-INV5258,INV5258,2025-04-27,2000-AP,33446,6020.28,39466.28
ACC-INV5259,INV5259,2025-04-28,2000-AP,33583,9403.24,42986.24
ACC-INV5260,INV5260,2025-04-01,2000-AP,33720,1686,35406
ACC-INV5261,INV5261,2025-04-02,2000-AP,33857,4062.84,37919.84
ACC-INV5262,INV5262,2025-04-03,2000-AP,33994,6118.92,40112.92
ACC-INV5263,INV5263,2025-04-04,2000-AP,34131,9556.68,43687.68
ACC-INV5264,INV5264,2025-04-05,2000-AP,34268,1713.4,35981.4
ACC-INV5265,INV5265,2025-04-06,2000-AP,34405,4128.6,38533.6
ACC-INV5266,INV5266,2025-04-07,2000-AP,34542,6217.56,40759.56
ACC-INV5267,INV5267,2025-04-08,2000-AP,34679,9710.12,44389.12
ACC-INV5268,INV5268,2025-04-09,2000-AP,34816,1740.8,36556.8
ACC-INV5269,INV5269,2025-04-10,2000-AP,34953,4194.36,39147.36
ACC-INV5270,INV5270,2025-04-11,2000-AP,35090,6316.2,41406.2
ACC-INV5271,INV5271,2025-04-12,2000-AP,35227,9863.56,45090.56
ACC-INV5272,INV5272,2025-04-13,2000-AP,35364,1768.2,37132.2
ACC-INV5273,INV5273,2025-04-14,2000-AP,35501,4260.12,39761.12
ACC-INV5274,INV5274,2025-04-15,2000-AP,35638,6414.84,42052.84
ACC-INV5275,INV5275,2025-04-16,2000-AP,35775,10017,45792
ACC-INV5276,INV5276,2025-04-17,2000-AP,35912,1795.6,37707.6
ACC-INV5277,INV5277,2025-04-18,2000-AP,36049,4325.88,40374.88
ACC-INV5278,INV5278,2025-04-19,2000-AP,36186,6513.48,42699.48
ACC-INV5279,INV5279,2025-04-20,2000-AP,36323,10170.44,46493.44
ACC-INV5280,INV5280,2025-04-21,2000-AP,36460,1823,38283
ACC-INV5281,INV5281,2025-04-22,2000-AP,36597,4391.64,40988.64
ACC-INV5282,INV5282,2025-04-23,2000-AP,36734,6612.12,43346.12
ACC-INV5283,INV5283,2025-04-24,2000-AP,36871,10323.88,47194.88
ACC-INV5284,INV5284,2025-04-25,2000-AP,37008,1850.4,38858.4
ACC-INV5285,INV5285,2025-04-26,2000-AP,37145,4457.4,41602.4
ACC-INV5286,INV5286,2025-04-27,2000-AP,37282,6710.76,43992.76
ACC-INV5287,INV5287,2025-04-28,2000-AP,37419,10477.32,47896.32
ACC-INV5288,INV5288,2025-04-01,2000-AP,37556,1877.8,39433.8
ACC-INV5289,INV5289,2025-04-02,2000-AP,37693,4523.16,42216.16
ACC-INV5290,INV5290,2025-04-03,2000-AP,37830,6809.4,44639.4
ACC-INV5291,INV5291,2025-04-04,2000-AP,37967,10630.76,48597.76
ACC-INV5292,INV5292,2025-04-05,2000-AP,38104,1905.2,40009.2
ACC-INV5293,INV5293,2025-04-06,2000-AP,38241,4588.92,42829.92
ACC-INV5294,INV5294,2025-04-07,2000-AP,38378,6908.04,45286.04
ACC-INV5295,INV5295,2025-04-08,2000-AP,38515,10784.2,49299.2
ACC-INV5296,INV5296,2025-04-09,2000-AP,38652,1932.6,40584.6
ACC-INV5297,INV5297,2025-04-10,2000-AP,38789,4654.68,43443.68
ACC-INV5298,INV5298,2025-04-11,2000-AP,38926,7006.68,45932.68
ACC-INV5299,INV5299,2025-04-12,2000-AP,39063,10937.64,50000.64
ACC-INV5300,INV5300,2025-04-13,2000-AP,39200,1960,41160
ACC-INV5301,INV5301,2025-04-14,2000-AP,39337,4720.44,44057.44
ACC-INV5302,INV5302,2025-04-15,2000-AP,39474,7105.32,46579.32
ACC-INV5303,INV5303,2025-04-16,2000-AP,39611,11091.08,50702.08
ACC-INV5304,INV5304,2025-04-17,2000-AP,39748,1987.4,41735.4
ACC-INV5305,INV5305,2025-04-18,2000-AP,39885,4786.2,44671.2
ACC-INV5306,INV5306,2025-04-19,2000-AP,40022,7203.96,47225.96
ACC-INV5307,INV5307,2025-04-20,2000-AP,40159,11244.52,51403.52
ACC-INV5308,INV5308,2025-04-21,2000-AP,40296,2014.8,42310.8
ACC-INV5309,INV5309,2025-04-22,2000-AP,40433,4851.96,45284.96
ACC-INV5310,INV5310,2025-04-23,2000-AP,40570,7302.6,47872.6
ACC-INV5311,INV5311,2025-04-24,2000-AP,40707,11397.96,52104.96
ACC-INV5312,INV5312,2025-04-25,2000-AP,40844,2042.2,42886.2
ACC-INV5313,INV5313,2025-04-26,2000-AP,40981,4917.72,45898.72
ACC-INV5314,INV5314,2025-04-27,2000-AP,41118,7401.24,48519.24
ACC-INV5315,INV5315,2025-04-28,2000-AP,41255,11551.4,52806.4
ACC-INV5316,INV5316,2025-04-01,2000-AP,41392,2069.6,43461.6
ACC-INV5317,INV5317,2025-04-02,2000-AP,41529,4983.48,46512.48
ACC-INV5318,INV5318,2025-04-03,2000-AP,41666,7499.88,49165.88
ACC-INV5319,INV5319,2025-04-04,2000-AP,41803,11704.84,53507.84
ACC-INV5320,INV5320,2025-04-05,2000-AP,41940,2097,44037
ACC-INV5321,INV5321,2025-04-06,2000-AP,42077,5049.24,47126.24
ACC-INV5322,INV5322,2025-04-07,2000-AP,42214,7598.52,49812.52
ACC-INV5323,INV5323,2025-04-08,2000-AP,42351,11858.28,54209.28
ACC-INV5324,INV5324,2025-04-09,2000-AP,42488,2124.4,44612.4
ACC-INV5325,INV5325,2025-04-10,2000-AP,42625,5115,47740
ACC-INV5326,INV5326,2025-04-11,2000-AP,42762,7697.16,50459.16
ACC-INV5327,INV5327,2025-04-12,2000-AP,42899,12011.72,54910.72
ACC-INV5328,INV5328,2025-04-13,2000-AP,43036,2151.8,45187.8
ACC-INV5329,INV5329,2025-04-14,2000-AP,43173,5180.76,48353.76
ACC-INV5330,INV5330,2025-04-15,2000-AP,43310,7795.8,51105.8
ACC-INV5331,INV5331,2025-04-16,2000-AP,43447,12165.16,55612.16
ACC-INV5332,INV5332,2025-04-17,2000-AP,43584,2179.2,45763.2
ACC-INV5333,INV5333,2025-04-18,2000-AP,43721,5246.52,48967.52
ACC-INV5334,INV5334,2025-04-19,2000-AP,43858,7894.44,51752.44
ACC-INV5335,INV5335,2025-04-20,2000-AP,43995,12318.6,56313.6
ACC-INV5336,INV5336,2025-04-21,2000-AP,44132,2206.6,46338.6
ACC-INV5337,INV5337,2025-04-22,2000-AP,44269,5312.28,49581.28
ACC-INV5338,INV5338,2025-04-23,2000-AP,44406,7993.08,52399.08
ACC-INV5339,INV5339,2025-04-24,2000-AP,44543,12472.04,57015.04
ACC-INV5340,INV5340,2025-04-25,2000-AP,44680,2234,46914
ACC-INV5341,INV5341,2025-04-26,2000-AP,44817,5378.04,50195.04
ACC-INV5342,INV5342,2025-04-27,2000-AP,44954,8091.72,53045.72
ACC-INV5343,INV5343,2025-04-28,2000-AP,45091,12625.48,57716.48
ACC-INV5344,INV5344,2025-04-01,2000-AP,45228,2261.4,47489.4
ACC-INV5345,INV5345,2025-04-02,2000-AP,45365,5443.8,50808.8
ACC-INV5346,INV5346,2025-04-03,2000-AP,45502,8190.36,53692.36
ACC-INV5347,INV5347,2025-04-04,2000-AP,45639,12778.92,58417.92
ACC-INV5348,INV5348,2025-04-05,2000-AP,45776,2288.8,48064.8
ACC-INV5349,INV5349,2025-04-06,2000-AP,45913,5509.56,51422.56
ACC-INV5350,INV5350,2025-04-07,2000-AP,46050,8289,54339
ACC-INV5351,INV5351,2025-04-08,2000-AP,46187,12932.36,59119.36
ACC-INV5352,INV5352,2025-04-09,2000-AP,46324,2316.2,48640.2
ACC-INV5353,INV5353,2025-04-10,2000-AP,46461,5575.32,52036.32
ACC-INV5354,INV5354,2025-04-11,2000-AP,46598,8387.64,54985.64
ACC-INV5355,INV5355,2025-04-12,2000-AP,46735,13085.8,59820.8
ACC-INV5356,INV5356,2025-04-13,2000-AP,46872,2343.6,49215.6
ACC-INV5357,INV5357,2025-04-14,2000-AP,47009,5641.08,52650.08
ACC-INV5358,INV5358,2025-04-15,2000-AP,47146,8486.28,55632.28
ACC-INV5359,INV5359,2025-04-16,2000-AP,47283,13239.24,60522.24
ACC-INV5360,INV5360,2025-04-17,2000-AP,47420,2371,49791
ACC-INV5361,INV5361,2025-04-18,2000-AP,47557,5706.84,53263.84
ACC-INV5362,INV5362,2025-04-19,2000-AP,47694,8584.92,56278.92
ACC-INV5363,INV5363,2025-04-20,2000-AP,47831,13392.68,61223.68
ACC-INV5364,INV5364,2025-04-21,2000-AP,47968,2398.4,50366.4
ACC-INV5365,INV5365,2025-04-22,2000-AP,48105,5772.6,53877.6
ACC-INV5366,INV5366,2025-04-23,2000-AP,48242,8683.56,56925.56
ACC-INV5367,INV5367,2025-04-24,2000-AP,48379,13546.12,61925.12
ACC-INV5368,INV5368,2025-04-25,2000-AP,48516,2425.8,50941.8
ACC-INV5369,INV5369,2025-04-26,2000-AP,48653,5838.36,54491.36
ACC-INV5370,INV5370,2025-04-27,2000-AP,48790,8782.2,57572.2
ACC-INV5371,INV5371,2025-04-28,2000-AP,48927,13699.56,62626.56
ACC-INV5372,INV5372,2025-04-01,2000-AP,49064,2453.2,51517.2
ACC-INV5373,INV5373,2025-04-02,2000-AP,49201,5904.12,55105.12
ACC-INV5374,INV5374,2025-04-03,2000-AP,49338,8880.84,58218.84
ACC-INV5375,INV5375,2025-04-04,2000-AP,49475,13853,63328
ACC-INV5376,INV5376,2025-04-05,2000-AP,49612,2480.6,52092.6
ACC-INV5377,INV5377,2025-04-06,2000-AP,49749,5969.88,55718.88
ACC-INV5378,INV5378,2025-04-07,2000-AP,49886,8979.48,58865.48
ACC-INV5379,INV5379,2025-04-08,2000-AP,50023,14006.44,64029.44
ACC-INV5380,INV5380,2025-04-09,2000-AP,50160,2508,52668
ACC-INV5381,INV5381,2025-04-10,2000-AP,50297,6035.64,56332.64
ACC-INV5382,INV5382,2025-04-11,2000-AP,50434,9078.12,59512.12
ACC-INV5383,INV5383,2025-04-12,2000-AP,50571,14159.88,64730.88
ACC-INV5384,INV5384,2025-04-13,2000-AP,50708,2535.4,53243.4
ACC-INV5385,INV5385,2025-04-14,2000-AP,50845,6101.4,56946.4
ACC-INV5386,INV5386,2025-04-15,2000-AP,50982,9176.76,60158.76
ACC-INV5387,INV5387,2025-04-16,2000-AP,51119,14313.32,65432.32
ACC-INV5388,INV5388,2025-04-17,2000-AP,51256,2562.8,53818.8
ACC-INV5389,INV5389,2025-04-18,2000-AP,51393,6167.16,57560.16
ACC-INV5390,INV5390,2025-04-19,2000-AP,51530,9275.4,60805.4
ACC-INV5391,INV5391,2025-04-20,2000-AP,51667,14466.76,66133.76
ACC-INV5392,INV5392,2025-04-21,2000-AP,51804,2590.2,54394.2
ACC-INV5393,INV5393,2025-04-22,2000-AP,51941,6232.92,58173.92
ACC-INV5394,INV5394,2025-04-23,2000-AP,52078,9374.04,61452.04
ACC-INV5395,INV5395,2025-04-24,2000-AP,52215,14620.2,66835.2
ACC-INV5396,INV5396,2025-04-25,2000-AP,52352,2617.6,54969.6
ACC-INV5397,INV5397,2025-04-26,2000-AP,52489,6298.68,58787.68
ACC-INV5398,INV5398,2025-04-27,2000-AP,52626,9472.68,62098.68
ACC-INV5399,INV5399,2025-04-28,2000-AP,52763,14773.64,67536.64
ACC-INV5400,INV5400,2025-04-01,2000-AP,52900,2645,55545
ACC-INV5401,INV5401,2025-04-02,2000-AP,53037,6364.44,59401.44
ACC-INV5402,INV5402,2025-04-03,2000-AP,53174,9571.32,62745.32
ACC-INV5403,INV5403,2025-04-04,2000-AP,53311,14927.08,68238.08
ACC-INV5404,INV5404,2025-04-05,2000-AP,53448,2672.4,56120.4
ACC-INV5405,INV5405,2025-04-06,2000-AP,53585,6430.2,60015.2
ACC-INV5406,INV5406,2025-04-07,2000-AP,53722,9669.96,63391.96
ACC-INV5407,INV5407,2025-04-08,2000-AP,53859,15080.52,68939.52
ACC-INV5408,INV5408,2025-04-09,2000-AP,53996,2699.8,56695.8
ACC-INV5409,INV5409,2025-04-10,2000-AP,54133,6495.96,60628.96
ACC-INV5410,INV5410,2025-04-11,2000-AP,54270,9768.6,64038.6
ACC-INV5411,INV5411,2025-04-12,2000-AP,54407,15233.96,69640.96
ACC-INV5412,INV5412,2025-04-13,2000-AP,54544,2727.2,57271.2
ACC-INV5413,INV5413,2025-04-14,2000-AP,54681,6561.72,61242.72
ACC-INV5414,INV5414,2025-04-15,2000-AP,54818,9867.24,64685.24
ACC-INV5415,INV5415,2025-04-16,2000-AP,54955,15387.4,70342.4
ACC-INV5416,INV5416,2025-04-17,2000-AP,55092,2754.6,57846.6
ACC-INV5417,INV5417,2025-04-18,2000-AP,55229,6627.48,61856.48
ACC-INV5418,INV5418,2025-04-19,2000-AP,55366,9965.88,65331.88
ACC-INV5419,INV5419,2025-04-20,2000-AP,55503,15540.84,71043.84
ACC-INV5420,INV5420,2025-04-21,2000-AP,55640,2782,58422
ACC-INV5421,INV5421,2025-04-22,2000-AP,55777,6693.24,62470.24
ACC-INV5422,INV5422,2025-04-23,2000-AP,55914,10064.52,65978.52
ACC-INV5423,INV5423,2025-04-24,2000-AP,56051,15694.28,71745.28
ACC-INV5424,INV5424,2025-04-25,2000-AP,56188,2809.4,58997.4
ACC-INV5425,INV5425,2025-04-26,2000-AP,56325,6759,63084
ACC-INV5426,INV5426,2025-04-27,2000-AP,56462,10163.16,66625.16
ACC-INV5427,INV5427,2025-04-28,2000-AP,56599,15847.72,72446.72
ACC-INV5428,INV5428,2025-04-01,2000-AP,56736,2836.8,59572.8
ACC-INV5429,INV5429,2025-04-02,2000-AP,56873,6824.76,63697.76
ACC-INV5430,INV5430,2025-04-03,2000-AP,57010,10261.8,67271.8
ACC-INV5431,INV5431,2025-04-04,2000-AP,57147,16001.16,73148.16
ACC-INV5432,INV5432,2025-04-05,2000-AP,57284,2864.2,60148.2
ACC-INV5433,INV5433,2025-04-06,2000-AP,57421,6890.52,64311.52
ACC-INV5434,INV5434,2025-04-07,2000-AP,57558,10360.44,67918.44
ACC-INV5435,INV5435,2025-04-08,2000-AP,57695,16154.6,73849.6
ACC-INV5436,INV5436,2025-04-09,2000-AP,57832,2891.6,60723.6
ACC-INV5437,INV5437,2025-04-10,2000-AP,57969,6956.28,64925.28
ACC-INV5438,INV5438,2025-04-11,2000-AP,58106,10459.08,68565.08
ACC-INV5439,INV5439,2025-04-12,2000-AP,58243,16308.04,74551.04
ACC-INV5440,INV5440,2025-04-13,2000-AP,58380,2919,61299
ACC-INV5441,INV5441,2025-04-14,2000-AP,58517,7022.04,65539.04
ACC-INV5442,INV5442,2025-04-15,2000-AP,58654,10557.72,69211.72
ACC-INV5443,INV5443,2025-04-16,2000-AP,58791,16461.48,75252.48
ACC-INV5444,INV5444,2025-04-17,2000-AP,58928,2946.4,61874.4
ACC-INV5445,INV5445,2025-04-18,2000-AP,59065,7087.8,66152.8
ACC-INV5446,INV5446,2025-04-19,2000-AP,59202,10656.36,69858.36
ACC-INV5447,INV5447,2025-04-20,2000-AP,59339,16614.92,75953.92
ACC-INV5448,INV5448,2025-04-21,2000-AP,59476,2973.8,62449.8
ACC-INV5449,INV5449,2025-04-22,2000-AP,59613,7153.56,66766.56
ACC-INV5450,INV5450,2025-04-23,2000-AP,950000,171000,1121000
ACC-INV5451,INV5451,2025-04-24,2000-AP,59887,16768.36,76655.36
ACC-INV5452,INV5452,2025-04-25,2000-AP,60024,3001.2,63025.2
ACC-INV5453,INV5453,2025-04-26,2000-AP,60161,7219.32,67380.32
ACC-INV5454,INV5454,2025-04-27,2000-AP,60298,10853.64,71151.64
ACC-INV5455,INV5455,2025-04-28,2000-AP,60435,16921.8,77356.8
ACC-INV5456,INV5456,2025-04-01,2000-AP,60572,3028.6,63600.6
ACC-INV5457,INV5457,2025-04-02,2000-AP,60709,7285.08,67994.08
ACC-INV5458,INV5458,2025-04-03,2000-AP,60846,10952.28,71798.28
ACC-INV5459,INV5459,2025-04-04,2000-AP,60983,17075.24,78058.24
ACC-INV5460,INV5460,2025-04-05,2000-AP,61120,3056,64176
ACC-INV5461,INV5461,2025-04-06,2000-AP,61257,7350.84,68607.84
ACC-INV5462,INV5462,2025-04-07,2000-AP,61394,11050.92,72444.92
ACC-INV5463,INV5463,2025-04-08,2000-AP,61531,17228.68,78759.68
ACC-INV5464,INV5464,2025-04-09,2000-AP,61668,3083.4,64751.4
ACC-INV5465,INV5465,2025-04-10,2000-AP,61805,7416.6,69221.6
ACC-INV5466,INV5466,2025-04-11,2000-AP,61942,11149.56,73091.56
ACC-INV5467,INV5467,2025-04-12,2000-AP,62079,17382.12,79461.12
ACC-INV5468,INV5468,2025-04-13,2000-AP,62216,3110.8,65326.8
ACC-INV5469,INV5469,2025-04-14,2000-AP,62353,7482.36,69835.36
ACC-INV5470,INV5470,2025-04-15,2000-AP,62490,11248.2,73738.2
ACC-INV5471,INV5471,2025-04-16,2000-AP,62627,17535.56,80162.56
ACC-INV5472,INV5472,2025-04-17,2000-AP,62764,3138.2,65902.2
ACC-INV5473,INV5473,2025-04-18,2000-AP,62901,7548.12,70449.12
ACC-INV5474,INV5474,2025-04-19,2000-AP,63038,11346.84,74384.84
ACC-INV5475,INV5475,2025-04-20,2000-AP,63175,17689,80864
ACC-INV5476,INV5476,2025-04-21,2000-AP,63312,3165.6,66477.6
ACC-INV5477,INV5477,2025-04-22,2000-AP,63449,7613.88,71062.88
ACC-INV5478,INV5478,2025-04-23,2000-AP,63586,11445.48,75031.48
ACC-INV5479,INV5479,2025-04-24,2000-AP,63723,17842.44,81565.44
ACC-INV5480,INV5480,2025-04-25,2000-AP,63860,3193,67053
ACC-INV5481,INV5481,2025-04-26,2000-AP,63997,7679.64,71676.64
ACC-INV5482,INV5482,2025-04-27,2000-AP,64134,11544.12,75678.12
ACC-INV5483,INV5483,2025-04-28,2000-AP,64271,17995.88,82266.88
ACC-INV5484,INV5484,2025-04-01,2000-AP,64408,3220.4,67628.4
ACC-INV5485,INV5485,2025-04-02,2000-AP,64545,7745.4,72290.4
ACC-INV5486,INV5486,2025-04-03,2000-AP,64682,11642.76,76324.76
ACC-INV5487,INV5487,2025-04-04,2000-AP,64819,18149.32,82968.32
ACC-INV5488,INV5488,2025-04-05,2000-AP,64956,3247.8,68203.8
ACC-INV5489,INV5489,2025-04-06,2000-AP,65093,7811.16,72904.16
ACC-INV5490,INV5490,2025-04-07,2000-AP,65230,11741.4,76971.4
ACC-INV5491,INV5491,2025-04-08,2000-AP,65367,18302.76,83669.76
ACC-INV5492,INV5492,2025-04-09,2000-AP,65504,3275.2,68779.2
ACC-INV5493,INV5493,2025-04-10,2000-AP,65641,7876.92,73517.92
ACC-INV5494,INV5494,2025-04-11,2000-AP,65778,11840.04,77618.04
ACC-INV5495,INV5495,2025-04-12,2000-AP,65915,18456.2,84371.2
ACC-INV5496,INV5496,2025-04-13,2000-AP,66052,3302.6,69354.6
ACC-INV5497,INV5497,2025-04-14,2000-AP,66189,7942.68,74131.68
ACC-INV5498,INV5498,2025-04-15,2000-AP,66326,11938.68,78264.68
ACC-INV5499,INV5499,2025-04-16,2000-AP,66463,18609.64,85072.64
ACC-INV5500,INV5500,2025-04-17,2000-AP,66600,3330,69930
ACC-INV5501,INV5501,2025-04-18,2000-AP,66737,8008.44,74745.44
ACC-INV5502,INV5502,2025-04-19,2000-AP,66874,12037.32,78911.32
ACC-INV5503,INV5503,2025-04-20,2000-AP,67011,18763.08,85774.08
ACC-INV5504,INV5504,2025-04-21,2000-AP,67148,3357.4,70505.4
ACC-INV5505,INV5505,2025-04-22,2000-AP,67285,8074.2,75359.2
ACC-INV5506,INV5506,2025-04-23,2000-AP,67422,12135.96,79557.96
ACC-INV5507,INV5507,2025-04-24,2000-AP,67559,18916.52,86475.52
ACC-INV5508,INV5508,2025-04-25,2000-AP,67696,3384.8,71080.8
ACC-INV5509,INV5509,2025-04-26,2000-AP,67833,8139.96,75972.96
ACC-INV5510,INV5510,2025-04-27,2000-AP,67970,12234.6,80204.6
ACC-INV5511,INV5511,2025-04-28,2000-AP,68107,19069.96,87176.96
ACC-INV5512,INV5512,2025-04-01,2000-AP,68244,3412.2,71656.2
ACC-INV5513,INV5513,2025-04-02,2000-AP,68381,8205.72,76586.72
ACC-INV5514,INV5514,2025-04-03,2000-AP,68518,12333.24,80851.24
ACC-INV5515,INV5515,2025-04-04,2000-AP,68655,19223.4,87878.4
ACC-INV5516,INV5516,2025-04-05,2000-AP,68792,3439.6,72231.6
ACC-INV5517,INV5517,2025-04-06,2000-AP,68929,8271.48,77200.48
ACC-INV5518,INV5518,2025-04-07,2000-AP,69066,12431.88,81497.88
ACC-INV5519,INV5519,2025-04-08,2000-AP,69203,19376.84,88579.84
ACC-INV5520,INV5520,2025-04-09,2000-AP,69340,3467,72807
ACC-INV5521,INV5521,2025-04-10,2000-AP,69477,8337.24,77814.24
ACC-INV5522,INV5522,2025-04-11,2000-AP,69614,12530.52,82144.52
ACC-INV5523,INV5523,2025-04-12,2000-AP,69751,19530.28,89281.28
ACC-INV5524,INV5524,2025-04-13,2000-AP,69888,3494.4,73382.4
ACC-INV5525,INV5525,2025-04-14,2000-AP,70025,8403,78428
ACC-INV5526,INV5526,2025-04-15,2000-AP,70162,12629.16,82791.16
ACC-INV5527,INV5527,2025-04-16,2000-AP,70299,19683.72,89982.72
ACC-INV5528,INV5528,2025-04-17,2000-AP,70436,3521.8,73957.8
ACC-INV5529,INV5529,2025-04-18,2000-AP,70573,8468.76,79041.76
ACC-INV5530,INV5530,2025-04-19,2000-AP,70710,12727.8,83437.8
ACC-INV5531,INV5531,2025-04-20,2000-AP,70847,19837.16,90684.16
ACC-INV5532,INV5532,2025-04-21,2000-AP,70984,3549.2,74533.2
ACC-INV5533,INV5533,2025-04-22,2000-AP,71121,8534.52,79655.52
ACC-INV5534,INV5534,2025-04-23,2000-AP,71258,12826.44,84084.44
ACC-INV5535,INV5535,2025-04-24,2000-AP,71395,19990.6,91385.6
ACC-INV5536,INV5536,2025-04-25,2000-AP,71532,3576.6,75108.6
ACC-INV5537,INV5537,2025-04-26,2000-AP,71669,8600.28,80269.28
ACC-INV5538,INV5538,2025-04-27,2000-AP,71806,12925.08,84731.08
ACC-INV5539,INV5539,2025-04-28,2000-AP,71943,20144.04,92087.04
ACC-INV5540,INV5540,2025-04-01,2000-AP,72080,3604,75684
ACC-INV5541,INV5541,2025-04-02,2000-AP,72217,8666.04,80883.04
ACC-INV5542,INV5542,2025-04-03,2000-AP,72354,13023.72,85377.72
ACC-INV5543,INV5543,2025-04-04,2000-AP,72491,20297.48,92788.48
ACC-INV5544,INV5544,2025-04-05,2000-AP,72628,3631.4,76259.4
ACC-INV5545,INV5545,2025-04-06,2000-AP,72765,8731.8,81496.8
ACC-INV5546,INV5546,2025-04-07,2000-AP,72902,13122.36,86024.36
ACC-INV5547,INV5547,2025-04-08,2000-AP,73039,20450.92,93489.92
ACC-INV5548,INV5548,2025-04-09,2000-AP,73176,3658.8,76834.8
ACC-INV5549,INV5549,2025-04-10,2000-AP,73313,8797.56,82110.56
ACC-INV5550,INV5550,2025-04-11,2000-AP,73450,13221,86671
ACC-INV5551,INV5551,2025-04-12,2000-AP,73587,20604.36,94191.36
ACC-INV5552,INV5552,2025-04-13,2000-AP,73724,3686.2,77410.2
ACC-INV5553,INV5553,2025-04-14,2000-AP,73861,8863.32,82724.32
ACC-INV5554,INV5554,2025-04-15,2000-AP,73998,13319.64,87317.64
ACC-INV5555,INV5555,2025-04-16,2000-AP,74135,20757.8,94892.8
ACC-INV5556,INV5556,2025-04-17,2000-AP,74272,3713.6,77985.6
ACC-INV5557,INV5557,2025-04-18,2000-AP,74409,8929.08,83338.08
ACC-INV5558,INV5558,2025-04-19,2000-AP,74546,13418.28,87964.28
ACC-INV5559,INV5559,2025-04-20,2000-AP,74683,20911.24,95594.24
ACC-INV5560,INV5560,2025-04-21,2000-AP,74820,3741,78561
ACC-INV5561,INV5561,2025-04-22,2000-AP,74957,8994.84,83951.84
ACC-INV5562,INV5562,2025-04-23,2000-AP,75094,13516.92,88610.92
ACC-INV5563,INV5563,2025-04-24,2000-AP,75231,21064.68,96295.68
ACC-INV5564,INV5564,2025-04-25,2000-AP,75368,3768.4,79136.4
ACC-INV5565,INV5565,2025-04-26,2000-AP,75505,9060.6,84565.6
ACC-INV5566,INV5566,2025-04-27,2000-AP,75642,13615.56,89257.56
ACC-INV5567,INV5567,2025-04-28,2000-AP,75779,21218.12,96997.12
ACC-INV5568,INV5568,2025-04-01,2000-AP,75916,3795.8,79711.8
ACC-INV5569,INV5569,2025-04-02,2000-AP,76053,9126.36,85179.36
ACC-INV5570,INV5570,2025-04-03,2000-AP,76190,13714.2,89904.2
ACC-INV5571,INV5571,2025-04-04,2000-AP,76327,21371.56,97698.56
ACC-INV5572,INV5572,2025-04-05,2000-AP,76464,3823.2,80287.2
ACC-INV5573,INV5573,2025-04-06,2000-AP,76601,9192.12,85793.12
ACC-INV5574,INV5574,2025-04-07,2000-AP,76738,13812.84,90550.84
ACC-INV5575,INV5575,2025-04-08,2000-AP,76875,21525,98400
ACC-INV5576,INV5576,2025-04-09,2000-AP,77012,3850.6,80862.6
ACC-INV5577,INV5577,2025-04-10,2000-AP,77149,9257.88,86406.88
ACC-INV5578,INV5578,2025-04-11,2000-AP,77286,13911.48,91197.48
ACC-INV5579,INV5579,2025-04-12,2000-AP,77423,21678.44,99101.44
ACC-INV5580,INV5580,2025-04-13,2000-AP,2560,128,2688
ACC-INV5581,INV5581,2025-04-14,2000-AP,2697,323.64,3020.64
ACC-INV5582,INV5582,2025-04-15,2000-AP,2834,510.12,3344.12
ACC-INV5583,INV5583,2025-04-16,2000-AP,2971,831.88,3802.88
ACC-INV5584,INV5584,2025-04-17,2000-AP,3108,155.4,3263.4
ACC-INV5585,INV5585,2025-04-18,2000-AP,3245,389.4,3634.4
ACC-INV5586,INV5586,2025-04-19,2000-AP,3382,608.76,3990.76
ACC-INV5587,INV5587,2025-04-20,2000-AP,3519,985.32,4504.32
ACC-INV5588,INV5588,2025-04-21,2000-AP,3656,182.8,3838.8
ACC-INV5589,INV5589,2025-04-22,2000-AP,3793,455.16,4248.16
ACC-INV5590,INV5590,2025-04-23,2000-AP,3930,707.4,4637.4
ACC-INV5591,INV5591,2025-04-24,2000-AP,4067,1138.76,5205.76
ACC-INV5592,INV5592,2025-04-25,2000-AP,4204,210.2,4414.2
ACC-INV5593,INV5593,2025-04-26,2000-AP,4341,520.92,4861.92
ACC-INV5594,INV5594,2025-04-27,2000-AP,4478,806.04,5284.04
ACC-INV5595,INV5595,2025-04-28,2000-AP,4615,1292.2,5907.2
ACC-INV5596,INV5596,2025-04-01,2000-AP,4752,237.6,4989.6
ACC-INV5597,INV5597,2025-04-02,2000-AP,4889,586.68,5475.68
ACC-INV5598,INV5598,2025-04-03,2000-AP,5026,904.68,5930.68
ACC-INV5599,INV5599,2025-04-04,2000-AP,5163,1445.64,6608.64
ACC-INV5600,INV5600,2025-04-05,2000-AP,5300,265,5565
ACC-INV5601,INV5601,2025-04-06,2000-AP,5437,652.44,6089.44
ACC-INV5602,INV5602,2025-04-07,2000-AP,5574,1003.32,6577.32
ACC-INV5603,INV5603,2025-04-08,2000-AP,5711,1599.08,7310.08
ACC-INV5604,INV5604,2025-04-09,2000-AP,5848,292.4,6140.4
ACC-INV5605,INV5605,2025-04-10,2000-AP,5985,718.2,6703.2
ACC-INV5606,INV5606,2025-04-11,2000-AP,6122,1101.96,7223.96
ACC-INV5607,INV5607,2025-04-12,2000-AP,6259,1752.52,8011.52
ACC-INV5608,INV5608,2025-04-13,2000-AP,6396,319.8,6715.8
ACC-INV5609,INV5609,2025-04-14,2000-AP,6533,783.96,7316.96
ACC-INV5610,INV5610,2025-04-15,2000-AP,6670,1200.6,7870.6
ACC-INV5611,INV5611,2025-04-16,2000-AP,6807,1905.96,8712.96
ACC-INV5612,INV5612,2025-04-17,2000-AP,6944,347.2,7291.2
ACC-INV5613,INV5613,2025-04-18,2000-AP,7081,849.72,7930.72
ACC-INV5614,INV5614,2025-04-19,2000-AP,7218,1299.24,8517.24
ACC-INV5615,INV5615,2025-04-20,2000-AP,7355,2059.4,9414.4
ACC-INV5616,INV5616,2025-04-21,2000-AP,7492,374.6,7866.6
ACC-INV5617,INV5617,2025-04-22,2000-AP,7629,915.48,8544.48
ACC-INV5618,INV5618,2025-04-23,2000-AP,7766,1397.88,9163.88
ACC-INV5619,INV5619,2025-04-24,2000-AP,7903,2212.84,10115.84
ACC-INV5620,INV5620,2025-04-25,2000-AP,8040,402,8442
ACC-INV5621,INV5621,2025-04-26,2000-AP,8177,981.24,9158.24
ACC-INV5622,INV5622,2025-04-27,2000-AP,8314,1496.52,9810.52
ACC-INV5623,INV5623,2025-04-28,2000-AP,8451,2366.28,10817.28
ACC-INV5624,INV5624,2025-04-01,2000-AP,8588,429.4,9017.4
ACC-INV5625,INV5625,2025-04-02,2000-AP,8725,1047,9772
ACC-INV5626,INV5626,2025-04-03,2000-AP,8862,1595.16,10457.16
ACC-INV5627,INV5627,2025-04-04,2000-AP,8999,2519.72,11518.72
ACC-INV5628,INV5628,2025-04-05,2000-AP,9136,456.8,9592.8
ACC-INV5629,INV5629,2025-04-06,2000-AP,9273,1112.76,10385.76
ACC-INV5630,INV5630,2025-04-07,2000-AP,9410,1693.8,11103.8
ACC-INV5631,INV5631,2025-04-08,2000-AP,9547,2673.16,12220.16
ACC-INV5632,INV5632,2025-04-09,2000-AP,9684,484.2,10168.2
ACC-INV5633,INV5633,2025-04-10,2000-AP,9821,1178.52,10999.52
ACC-INV5634,INV5634,2025-04-11,2000-AP,9958,1792.44,11750.44
ACC-INV5635,INV5635,2025-04-12,2000-AP,10095,2826.6,12921.6
ACC-INV5636,INV5636,2025-04-13,2000-AP,10232,511.6,10743.6
ACC-INV5637,INV5637,2025-04-14,2000-AP,10369,1244.28,11613.28
ACC-INV5638,INV5638,2025-04-15,2000-AP,10506,1891.08,12397.08
ACC-INV5639,INV5639,2025-04-16,2000-AP,10643,2980.04,13623.04
ACC-INV5640,INV5640,2025-04-17,2000-AP,10780,539,11319
ACC-INV5641,INV5641,2025-04-18,2000-AP,10917,1310.04,12227.04
ACC-INV5642,INV5642,2025-04-19,2000-AP,11054,1989.72,13043.72
ACC-INV5643,INV5643,2025-04-20,2000-AP,11191,3133.48,14324.48
ACC-INV5644,INV5644,2025-04-21,2000-AP,11328,566.4,11894.4
ACC-INV5645,INV5645,2025-04-22,2000-AP,11465,1375.8,12840.8
ACC-INV5646,INV5646,2025-04-23,2000-AP,11602,2088.36,13690.36
ACC-INV5647,INV5647,2025-04-24,2000-AP,11739,3286.92,15025.92
ACC-INV5648,INV5648,2025-04-25,2000-AP,11876,593.8,12469.8
ACC-INV5649,INV5649,2025-04-26,2000-AP,12013,1441.56,13454.56
ACC-INV5650,INV5650,2025-04-27,2000-AP,12150,2187,14337
ACC-INV5651,INV5651,2025-04-28,2000-AP,12287,3440.36,15727.36
ACC-INV5652,INV5652,2025-04-01,2000-AP,12424,621.2,13045.2
ACC-INV5653,INV5653,2025-04-02,2000-AP,12561,1507.32,14068.32
ACC-INV5654,INV5654,2025-04-03,2000-AP,12698,2285.64,14983.64
ACC-INV5655,INV5655,2025-04-04,2000-AP,12835,3593.8,16428.8
ACC-INV5656,INV5656,2025-04-05,2000-AP,12972,648.6,13620.6
ACC-INV5657,INV5657,2025-04-06,2000-AP,13109,1573.08,14682.08
ACC-INV5658,INV5658,2025-04-07,2000-AP,13246,2384.28,15630.28
ACC-INV5659,INV5659,2025-04-08,2000-AP,13383,3747.24,17130.24
ACC-INV5660,INV5660,2025-04-09,2000-AP,13520,676,14196
ACC-INV5661,INV5661,2025-04-10,2000-AP,13657,1638.84,15295.84
ACC-INV5662,INV5662,2025-04-11,2000-AP,13794,2482.92,16276.92
ACC-INV5663,INV5663,2025-04-12,2000-AP,13931,3900.68,17831.68
ACC-INV5664,INV5664,2025-04-13,2000-AP,14068,703.4,14771.4
ACC-INV5665,INV5665,2025-04-14,2000-AP,14205,1704.6,15909.6
ACC-INV5666,INV5666,2025-04-15,2000-AP,14342,2581.56,16923.56
ACC-INV5667,INV5667,2025-04-16,2000-AP,14479,4054.12,18533.12
ACC-INV5668,INV5668,2025-04-17,2000-AP,14616,730.8,15346.8
ACC-INV5669,INV5669,2025-04-18,2000-AP,14753,1770.36,16523.36
ACC-INV5670,INV5670,2025-04-19,2000-AP,14890,2680.2,17570.2
ACC-INV5671,INV5671,2025-04-20,2000-AP,15027,4207.56,19234.56
ACC-INV5672,INV5672,2025-04-21,2000-AP,15164,758.2,15922.2
ACC-INV5673,INV5673,2025-04-22,2000-AP,15301,1836.12,17137.12
ACC-INV5674,INV5674,2025-04-23,2000-AP,15438,2778.84,18216.84
ACC-INV5675,INV5675,2025-04-24,2000-AP,15575,4361,19936
ACC-INV5676,INV5676,2025-04-25,2000-AP,15712,785.6,16497.6
ACC-INV5677,INV5677,2025-04-26,2000-AP,15849,1901.88,17750.88
ACC-INV5678,INV5678,2025-04-27,2000-AP,15986,2877.48,18863.48
ACC-INV5679,INV5679,2025-04-28,2000-AP,16123,4514.44,20637.44
ACC-INV5680,INV5680,2025-04-01,2000-AP,16260,813,17073
ACC-INV5681,INV5681,2025-04-02,2000-AP,16397,1967.64,18364.64
ACC-INV5682,INV5682,2025-04-03,2000-AP,16534,2976.12,19510.12
ACC-INV5683,INV5683,2025-04-04,2000-AP,16671,4667.88,21338.88
ACC-INV5684,INV5684,2025-04-05,2000-AP,16808,840.4,17648.4
ACC-INV5685,INV5685,2025-04-06,2000-AP,16945,2033.4,18978.4
ACC-INV5686,INV5686,2025-04-07,2000-AP,17082,3074.76,20156.76
ACC-INV5687,INV5687,2025-04-08,2000-AP,17219,4821.32,22040.32
ACC-INV5688,INV5688,2025-04-09,2000-AP,17356,867.8,18223.8
ACC-INV5689,INV5689,2025-04-10,2000-AP,17493,2099.16,19592.16
ACC-INV5690,INV5690,2025-04-11,2000-AP,17630,3173.4,20803.4
ACC-INV5691,INV5691,2025-04-12,2000-AP,17767,4974.76,22741.76
ACC-INV5692,INV5692,2025-04-13,2000-AP,17904,895.2,18799.2
ACC-INV5693,INV5693,2025-04-14,2000-AP,18041,2164.92,20205.92
ACC-INV5694,INV5694,2025-04-15,2000-AP,18178,3272.04,21450.04
ACC-INV5695,INV5695,2025-04-16,2000-AP,18315,5128.2,23443.2
ACC-INV5696,INV5696,2025-04-17,2000-AP,18452,922.6,19374.6
ACC-INV5697,INV5697,2025-04-18,2000-AP,18589,2230.68,20819.68
ACC-INV5698,INV5698,2025-04-19,2000-AP,18726,3370.68,22096.68
ACC-INV5699,INV5699,2025-04-20,2000-AP,18863,5281.64,24144.64
ACC-INV5700,INV5700,2025-04-21,2000-AP,850000,42500,892500
ACC-INV5701,INV5701,2025-04-22,2000-AP,19137,2296.44,21433.44
ACC-INV5702,INV5702,2025-04-23,2000-AP,19274,3469.32,22743.32
ACC-INV5703,INV5703,2025-04-24,2000-AP,19411,5435.08,24846.08
ACC-INV5704,INV5704,2025-04-25,2000-AP,19548,977.4,20525.4
ACC-INV5705,INV5705,2025-04-26,2000-AP,19685,2362.2,22047.2
ACC-INV5706,INV5706,2025-04-27,2000-AP,19822,3567.96,23389.96
ACC-INV5707,INV5707,2025-04-28,2000-AP,19959,5588.52,25547.52
ACC-INV5708,INV5708,2025-04-01,2000-AP,20096,1004.8,21100.8
ACC-INV5709,INV5709,2025-04-02,2000-AP,20233,2427.96,22660.96
ACC-INV5710,INV5710,2025-04-03,2000-AP,20370,3666.6,24036.6
ACC-INV5711,INV5711,2025-04-04,2000-AP,20507,5741.96,26248.96
ACC-INV5712,INV5712,2025-04-05,2000-AP,20644,1032.2,21676.2
ACC-INV5713,INV5713,2025-04-06,2000-AP,20781,2493.72,23274.72
ACC-INV5714,INV5714,2025-04-07,2000-AP,20918,3765.24,24683.24
ACC-INV5715,INV5715,2025-04-08,2000-AP,21055,5895.4,26950.4
ACC-INV5716,INV5716,2025-04-09,2000-AP,21192,1059.6,22251.6
ACC-INV5717,INV5717,2025-04-10,2000-AP,21329,2559.48,23888.48
ACC-INV5718,INV5718,2025-04-11,2000-AP,21466,3863.88,25329.88
ACC-INV5719,INV5719,2025-04-12,2000-AP,21603,6048.84,27651.84
ACC-INV5720,INV5720,2025-04-13,2000-AP,21740,1087,22827
ACC-INV5721,INV5721,2025-04-14,2000-AP,21877,2625.24,24502.24
ACC-INV5722,INV5722,2025-04-15,2000-AP,22014,3962.52,25976.52
ACC-INV5723,INV5723,2025-04-16,2000-AP,22151,6202.28,28353.28
ACC-INV5724,INV5724,2025-04-17,2000-AP,22288,1114.4,23402.4
ACC-INV5725,INV5725,2025-04-18,2000-AP,22425,2691,25116
ACC-INV5726,INV5726,2025-04-19,2000-AP,22562,4061.16,26623.16
ACC-INV5727,INV5727,2025-04-20,2000-AP,22699,6355.72,29054.72
ACC-INV5728,INV5728,2025-04-21,2000-AP,22836,1141.8,23977.8
ACC-INV5729,INV5729,2025-04-22,2000-AP,22973,2756.76,25729.76
ACC-INV5730,INV5730,2025-04-23,2000-AP,23110,4159.8,27269.8
ACC-INV5731,INV5731,2025-04-24,2000-AP,23247,6509.16,29756.16
ACC-INV5732,INV5732,2025-04-25,2000-AP,23384,1169.2,24553.2
ACC-INV5733,INV5733,2025-04-26,2000-AP,23521,2822.52,26343.52
ACC-INV5734,INV5734,2025-04-27,2000-AP,23658,4258.44,27916.44
ACC-INV5735,INV5735,2025-04-28,2000-AP,23795,6662.6,30457.6
ACC-INV5736,INV5736,2025-04-01,2000-AP,23932,1196.6,25128.6
ACC-INV5737,INV5737,2025-04-02,2000-AP,24069,2888.28,26957.28
ACC-INV5738,INV5738,2025-04-03,2000-AP,24206,4357.08,28563.08
ACC-INV5739,INV5739,2025-04-04,2000-AP,24343,6816.04,31159.04
ACC-INV5740,INV5740,2025-04-05,2000-AP,24480,1224,25704
ACC-INV5741,INV5741,2025-04-06,2000-AP,24617,2954.04,27571.04
ACC-INV5742,INV5742,2025-04-07,2000-AP,24754,4455.72,29209.72
ACC-INV5743,INV5743,2025-04-08,2000-AP,24891,6969.48,31860.48
ACC-INV5744,INV5744,2025-04-09,2000-AP,25028,1251.4,26279.4
ACC-INV5745,INV5745,2025-04-10,2000-AP,25165,3019.8,28184.8
ACC-INV5746,INV5746,2025-04-11,2000-AP,25302,4554.36,29856.36
ACC-INV5747,INV5747,2025-04-12,2000-AP,25439,7122.92,32561.92
ACC-INV5748,INV5748,2025-04-13,2000-AP,25576,1278.8,26854.8
ACC-INV5749,INV5749,2025-04-14,2000-AP,25713,3085.56,28798.56
ACC-INV5750,INV5750,2025-04-15,2000-AP,25850,4653,30503
ACC-INV5751,INV5751,2025-04-16,2000-AP,25987,7276.36,33263.36
ACC-INV5752,INV5752,2025-04-17,2000-AP,26124,1306.2,27430.2
ACC-INV5753,INV5753,2025-04-18,2000-AP,26261,3151.32,29412.32
ACC-INV5754,INV5754,2025-04-19,2000-AP,26398,4751.64,31149.64
ACC-INV5755,INV5755,2025-04-20,2000-AP,26535,7429.8,33964.8
ACC-INV5756,INV5756,2025-04-21,2000-AP,26672,1333.6,28005.6
ACC-INV5757,INV5757,2025-04-22,2000-AP,26809,3217.08,30026.08
ACC-INV5758,INV5758,2025-04-23,2000-AP,26946,4850.28,31796.28
ACC-INV5759,INV5759,2025-04-24,2000-AP,27083,7583.24,34666.24
ACC-INV5760,INV5760,2025-04-25,2000-AP,27220,1361,28581
ACC-INV5761,INV5761,2025-04-26,2000-AP,27357,3282.84,30639.84
ACC-INV5762,INV5762,2025-04-27,2000-AP,27494,4948.92,32442.92
ACC-INV5763,INV5763,2025-04-28,2000-AP,27631,7736.68,35367.68
ACC-INV5764,INV5764,2025-04-01,2000-AP,27768,1388.4,29156.4
ACC-INV5765,INV5765,2025-04-02,2000-AP,27905,3348.6,31253.6
ACC-INV5766,INV5766,2025-04-03,2000-AP,28042,5047.56,33089.56
ACC-INV5767,INV5767,2025-04-04,2000-AP,28179,7890.12,36069.12
ACC-INV5768,INV5768,2025-04-05,2000-AP,28316,1415.8,29731.8
ACC-INV5769,INV5769,2025-04-06,2000-AP,28453,3414.36,31867.36
ACC-INV5770,INV5770,2025-04-07,2000-AP,28590,5146.2,33736.2
ACC-INV5771,INV5771,2025-04-08,2000-AP,28727,8043.56,36770.56
ACC-INV5772,INV5772,2025-04-09,2000-AP,28864,1443.2,30307.2
ACC-INV5773,INV5773,2025-04-10,2000-AP,29001,3480.12,32481.12
ACC-INV5774,INV5774,2025-04-11,2000-AP,29138,5244.84,34382.84
ACC-INV5775,INV5775,2025-04-12,2000-AP,29275,8197,37472
ACC-INV5776,INV5776,2025-04-13,2000-AP,29412,1470.6,30882.6
ACC-INV5777,INV5777,2025-04-14,2000-AP,29549,3545.88,33094.88
ACC-INV5778,INV5778,2025-04-15,2000-AP,29686,5343.48,35029.48
ACC-INV5779,INV5779,2025-04-16,2000-AP,29823,8350.44,38173.44
ACC-INV5780,INV5780,2025-04-17,2000-AP,29960,1498,31458
ACC-INV5781,INV5781,2025-04-18,2000-AP,30097,3611.64,33708.64
ACC-INV5782,INV5782,2025-04-19,2000-AP,30234,5442.12,35676.12
ACC-INV5783,INV5783,2025-04-20,2000-AP,30371,8503.88,38874.88
ACC-INV5784,INV5784,2025-04-21,2000-AP,30508,1525.4,32033.4
ACC-INV5785,INV5785,2025-04-22,2000-AP,30645,3677.4,34322.4
ACC-INV5786,INV5786,2025-04-23,2000-AP,30782,5540.76,36322.76
ACC-INV5787,INV5787,2025-04-24,2000-AP,30919,8657.32,39576.32
ACC-INV5788,INV5788,2025-04-25,2000-AP,31056,1552.8,32608.8
ACC-INV5789,INV5789,2025-04-26,2000-AP,31193,3743.16,34936.16
ACC-INV5790,INV5790,2025-04-27,2000-AP,31330,5639.4,36969.4
ACC-INV5791,INV5791,2025-04-28,2000-AP,31467,8810.76,40277.76
ACC-INV5792,INV5792,2025-04-01,2000-AP,31604,1580.2,33184.2
ACC-INV5793,INV5793,2025-04-02,2000-AP,31741,3808.92,35549.92
ACC-INV5794,INV5794,2025-04-03,2000-AP,31878,5738.04,37616.04
ACC-INV5795,INV5795,2025-04-04,2000-AP,32015,8964.2,40979.2
ACC-INV5796,INV5796,2025-04-05,2000-AP,32152,1607.6,33759.6
ACC-INV5797,INV5797,2025-04-06,2000-AP,32289,3874.68,36163.68
ACC-INV5798,INV5798,2025-04-07,2000-AP,32426,5836.68,38262.68
ACC-INV5799,INV5799,2025-04-08,2000-AP,32563,9117.64,41680.64
ACC-INV5800,INV5800,2025-04-09,2000-AP,32700,1635,34335
ACC-INV5801,INV5801,2025-04-10,2000-AP,32837,3940.44,36777.44
ACC-INV5802,INV5802,2025-04-11,2000-AP,32974,5935.32,38909.32
ACC-INV5803,INV5803,2025-04-12,2000-AP,33111,9271.08,42382.08
ACC-INV5804,INV5804,2025-04-13,2000-AP,33248,1662.4,34910.4
ACC-INV5805,INV5805,2025-04-14,2000-AP,33385,4006.2,37391.2
ACC-INV5806,INV5806,2025-04-15,2000-AP,33522,6033.96,39555.96
ACC-INV5807,INV5807,2025-04-16,2000-AP,33659,9424.52,43083.52
ACC-INV5808,INV5808,2025-04-17,2000-AP,33796,1689.8,35485.8
ACC-INV5809,INV5809,2025-04-18,2000-AP,33933,4071.96,38004.96
ACC-INV5810,INV5810,2025-04-19,2000-AP,34070,6132.6,40202.6
ACC-INV5811,INV5811,2025-04-20,2000-AP,34207,9577.96,43784.96
ACC-INV5812,INV5812,2025-04-21,2000-AP,34344,1717.2,36061.2
ACC-INV5813,INV5813,2025-04-22,2000-AP,34481,4137.72,38618.72
ACC-INV5814,INV5814,2025-04-23,2000-AP,34618,6231.24,40849.24
ACC-INV5815,INV5815,2025-04-24,2000-AP,34755,9731.4,44486.4
ACC-INV5816,INV5816,2025-04-25,2000-AP,34892,1744.6,36636.6
ACC-INV5817,INV5817,2025-04-26,2000-AP,35029,4203.48,39232.48
ACC-INV5818,INV5818,2025-04-27,2000-AP,35166,6329.88,41495.88
ACC-INV5819,INV5819,2025-04-28,2000-AP,35303,9884.84,45187.84
ACC-INV5820,INV5820,2025-04-01,2000-AP,35440,1772,37212
ACC-INV5821,INV5821,2025-04-02,2000-AP,35577,4269.24,39846.24
ACC-INV5822,INV5822,2025-04-03,2000-AP,35714,6428.52,42142.52
ACC-INV5823,INV5823,2025-04-04,2000-AP,35851,10038.28,45889.28
ACC-INV5824,INV5824,2025-04-05,2000-AP,35988,1799.4,37787.4
ACC-INV5825,INV5825,2025-04-06,2000-AP,36125,4335,40460
ACC-INV5826,INV5826,2025-04-07,2000-AP,36262,6527.16,42789.16
ACC-INV5827,INV5827,2025-04-08,2000-AP,36399,10191.72,46590.72
ACC-INV5828,INV5828,2025-04-09,2000-AP,36536,1826.8,38362.8
ACC-INV5829,INV5829,2025-04-10,2000-AP,36673,4400.76,41073.76
ACC-INV5830,INV5830,2025-04-11,2000-AP,36810,6625.8,43435.8
ACC-INV5831,INV5831,2025-04-12,2000-AP,36947,10345.16,47292.16
ACC-INV5832,INV5832,2025-04-13,2000-AP,37084,1854.2,38938.2
ACC-INV5833,INV5833,2025-04-14,2000-AP,37221,4466.52,41687.52
ACC-INV5834,INV5834,2025-04-15,2000-AP,37358,6724.44,44082.44
ACC-INV5835,INV5835,2025-04-16,2000-AP,37495,10498.6,47993.6
ACC-INV5836,INV5836,2025-04-17,2000-AP,37632,1881.6,39513.6
ACC-INV5837,INV5837,2025-04-18,2000-AP,37769,4532.28,42301.28
ACC-INV5838,INV5838,2025-04-19,2000-AP,37906,6823.08,44729.08
ACC-INV5839,INV5839,2025-04-20,2000-AP,38043,10652.04,48695.04
ACC-INV5840,INV5840,2025-04-21,2000-AP,38180,1909,40089
ACC-INV5841,INV5841,2025-04-22,2000-AP,38317,4598.04,42915.04
ACC-INV5842,INV5842,2025-04-23,2000-AP,38454,6921.72,45375.72
ACC-INV5843,INV5843,2025-04-24,2000-AP,38591,10805.48,49396.48
ACC-INV5844,INV5844,2025-04-25,2000-AP,38728,1936.4,40664.4
ACC-INV5845,INV5845,2025-04-26,2000-AP,38865,4663.8,43528.8
ACC-INV5846,INV5846,2025-04-27,2000-AP,39002,7020.36,46022.36
ACC-INV5847,INV5847,2025-04-28,2000-AP,39139,10958.92,50097.92
ACC-INV5848,INV5848,2025-04-01,2000-AP,39276,1963.8,41239.8
ACC-INV5849,INV5849,2025-04-02,2000-AP,39413,4729.56,44142.56
ACC-INV5850,INV5850,2025-04-03,2000-AP,39550,7119,46669
ACC-INV5851,INV5851,2025-04-04,2000-AP,39687,11112.36,50799.36
ACC-INV5852,INV5852,2025-04-05,2000-AP,39824,1991.2,41815.2
ACC-INV5853,INV5853,2025-04-06,2000-AP,39961,4795.32,44756.32
ACC-INV5854,INV5854,2025-04-07,2000-AP,40098,7217.64,47315.64
ACC-INV5855,INV5855,2025-04-08,2000-AP,40235,11265.8,51500.8
ACC-INV5856,INV5856,2025-04-09,2000-AP,40372,2018.6,42390.6
ACC-INV5857,INV5857,2025-04-10,2000-AP,40509,4861.08,45370.08
ACC-INV5858,INV5858,2025-04-11,2000-AP,40646,7316.28,47962.28
ACC-INV5859,INV5859,2025-04-12,2000-AP,40783,11419.24,52202.24
ACC-INV5860,INV5860,2025-04-13,2000-AP,40920,2046,42966
ACC-INV5861,INV5861,2025-04-14,2000-AP,41057,4926.84,45983.84
ACC-INV5862,INV5862,2025-04-15,2000-AP,41194,7414.92,48608.92
ACC-INV5863,INV5863,2025-04-16,2000-AP,41331,11572.68,52903.68
ACC-INV5864,INV5864,2025-04-17,2000-AP,41468,2073.4,43541.4
ACC-INV5865,INV5865,2025-04-18,2000-AP,41605,4992.6,46597.6
ACC-INV5866,INV5866,2025-04-19,2000-AP,41742,7513.56,49255.56
ACC-INV5867,INV5867,2025-04-20,2000-AP,41879,11726.12,53605.12
ACC-INV5868,INV5868,2025-04-21,2000-AP,42016,2100.8,44116.8
ACC-INV5869,INV5869,2025-04-22,2000-AP,42153,5058.36,47211.36
ACC-INV5870,INV5870,2025-04-23,2000-AP,42290,7612.2,49902.2
ACC-INV5871,INV5871,2025-04-24,2000-AP,42427,11879.56,54306.56
ACC-INV5872,INV5872,2025-04-25,2000-AP,42564,2128.2,44692.2
ACC-INV5873,INV5873,2025-04-26,2000-AP,42701,5124.12,47825.12
ACC-INV5874,INV5874,2025-04-27,2000-AP,42838,7710.84,50548.84
ACC-INV5875,INV5875,2025-04-28,2000-AP,42975,12033,55008
ACC-INV5876,INV5876,2025-04-01,2000-AP,43112,2155.6,45267.6
ACC-INV5877,INV5877,2025-04-02,2000-AP,43249,5189.88,48438.88
ACC-INV5878,INV5878,2025-04-03,2000-AP,43386,7809.48,51195.48
ACC-INV5879,INV5879,2025-04-04,2000-AP,43523,12186.44,55709.44
ACC-INV5880,INV5880,2025-04-05,2000-AP,43660,2183,45843
ACC-INV5881,INV5881,2025-04-06,2000-AP,43797,5255.64,49052.64
ACC-INV5882,INV5882,2025-04-07,2000-AP,43934,7908.12,51842.12
ACC-INV5883,INV5883,2025-04-08,2000-AP,44071,12339.88,56410.88
ACC-INV5884,INV5884,2025-04-09,2000-AP,44208,2210.4,46418.4
ACC-INV5885,INV5885,2025-04-10,2000-AP,44345,5321.4,49666.4
ACC-INV5886,INV5886,2025-04-11,2000-AP,44482,8006.76,52488.76
ACC-INV5887,INV5887,2025-04-12,2000-AP,44619,12493.32,57112.32
ACC-INV5888,INV5888,2025-04-13,2000-AP,44756,2237.8,46993.8
ACC-INV5889,INV5889,2025-04-14,2000-AP,44893,5387.16,50280.16
ACC-INV5890,INV5890,2025-04-15,2000-AP,45030,8105.4,53135.4
ACC-INV5891,INV5891,2025-04-16,2000-AP,45167,12646.76,57813.76
ACC-INV5892,INV5892,2025-04-17,2000-AP,45304,2265.2,47569.2
ACC-INV5893,INV5893,2025-04-18,2000-AP,45441,5452.92,50893.92
ACC-INV5894,INV5894,2025-04-19,2000-AP,45578,8204.04,53782.04
ACC-INV5895,INV5895,2025-04-20,2000-AP,45715,12800.2,58515.2
ACC-INV5896,INV5896,2025-04-21,2000-AP,45852,2292.6,48144.6
ACC-INV5897,INV5897,2025-04-22,2000-AP,45989,5518.68,51507.68
ACC-INV5898,INV5898,2025-04-23,2000-AP,46126,8302.68,54428.68
ACC-INV5899,INV5899,2025-04-24,2000-AP,46263,12953.64,59216.64
ACC-INV5900,INV5900,2025-04-25,2000-AP,46400,2320,48720
ACC-INV5901,INV5901,2025-04-26,2000-AP,46537,5584.44,52121.44
ACC-INV5902,INV5902,2025-04-27,2000-AP,46674,8401.32,55075.32
ACC-INV5903,INV5903,2025-04-28,2000-AP,46811,13107.08,59918.08
ACC-INV5904,INV5904,2025-04-01,2000-AP,46948,2347.4,49295.4
ACC-INV5905,INV5905,2025-04-02,2000-AP,47085,5650.2,52735.2
ACC-INV5906,INV5906,2025-04-03,2000-AP,47222,8499.96,55721.96
ACC-INV5907,INV5907,2025-04-04,2000-AP,47359,13260.52,60619.52
ACC-INV5908,INV5908,2025-04-05,2000-AP,47496,2374.8,49870.8
ACC-INV5909,INV5909,2025-04-06,2000-AP,47633,5715.96,53348.96
ACC-INV5910,INV5910,2025-04-07,2000-AP,47770,8598.6,56368.6
ACC-INV5911,INV5911,2025-04-08,2000-AP,47907,13413.96,61320.96
ACC-INV5912,INV5912,2025-04-09,2000-AP,48044,2402.2,50446.2
ACC-INV5913,INV5913,2025-04-10,2000-AP,48181,5781.72,53962.72
ACC-INV5914,INV5914,2025-04-11,2000-AP,48318,8697.24,57015.24
ACC-INV5915,INV5915,2025-04-12,2000-AP,48455,13567.4,62022.4
ACC-INV5916,INV5916,2025-04-13,2000-AP,48592,2429.6,51021.6
ACC-INV5917,INV5917,2025-04-14,2000-AP,48729,5847.48,54576.48
ACC-INV5918,INV5918,2025-04-15,2000-AP,48866,8795.88,57661.88
ACC-INV5919,INV5919,2025-04-16,2000-AP,49003,13720.84,62723.84
ACC-INV5920,INV5920,2025-04-17,2000-AP,49140,2457,51597
ACC-INV5921,INV5921,2025-04-18,2000-AP,49277,5913.24,55190.24
ACC-INV5922,INV5922,2025-04-19,2000-AP,49414,8894.52,58308.52
ACC-INV5923,INV5923,2025-04-20,2000-AP,49551,13874.28,63425.28
ACC-INV5924,INV5924,2025-04-21,2000-AP,49688,2484.4,52172.4
ACC-INV5925,INV5925,2025-04-22,2000-AP,49825,5979,55804
ACC-INV5926,INV5926,2025-04-23,2000-AP,49962,8993.16,58955.16
ACC-INV5927,INV5927,2025-04-24,2000-AP,50099,14027.72,64126.72
ACC-INV5928,INV5928,2025-04-25,2000-AP,50236,2511.8,52747.8
ACC-INV5929,INV5929,2025-04-26,2000-AP,50373,6044.76,56417.76
ACC-INV5930,INV5930,2025-04-27,2000-AP,50510,9091.8,59601.8
ACC-INV5931,INV5931,2025-04-28,2000-AP,50647,14181.16,64828.16
ACC-INV5932,INV5932,2025-04-01,2000-AP,50784,2539.2,53323.2
ACC-INV5933,INV5933,2025-04-02,2000-AP,50921,6110.52,57031.52
ACC-INV5934,INV5934,2025-04-03,2000-AP,51058,9190.44,60248.44
ACC-INV5935,INV5935,2025-04-04,2000-AP,51195,14334.6,65529.6
ACC-INV5936,INV5936,2025-04-05,2000-AP,51332,2566.6,53898.6
ACC-INV5937,INV5937,2025-04-06,2000-AP,51469,6176.28,57645.28
ACC-INV5938,INV5938,2025-04-07,2000-AP,51606,9289.08,60895.08
ACC-INV5939,INV5939,2025-04-08,2000-AP,51743,14488.04,66231.04
ACC-INV5940,INV5940,2025-04-09,2000-AP,51880,2594,54474
ACC-INV5941,INV5941,2025-04-10,2000-AP,52017,6242.04,58259.04
ACC-INV5942,INV5942,2025-04-11,2000-AP,52154,9387.72,61541.72
ACC-INV5943,INV5943,2025-04-12,2000-AP,52291,14641.48,66932.48
ACC-INV5944,INV5944,2025-04-13,2000-AP,52428,2621.4,55049.4
ACC-INV5945,INV5945,2025-04-14,2000-AP,52565,6307.8,58872.8
ACC-INV5946,INV5946,2025-04-15,2000-AP,52702,9486.36,62188.36
ACC-INV5947,INV5947,2025-04-16,2000-AP,52839,14794.92,67633.92
ACC-INV5948,INV5948,2025-04-17,2000-AP,52976,2648.8,55624.8
ACC-INV5949,INV5949,2025-04-18,2000-AP,53113,6373.56,59486.56
ACC-INV5950,INV5950,2025-04-19,2000-AP,1050000,189000,1239000
ACC-INV5951,INV5951,2025-04-20,2000-AP,53387,14948.36,68335.36
ACC-INV5952,INV5952,2025-04-21,2000-AP,53524,2676.2,56200.2
ACC-INV5953,INV5953,2025-04-22,2000-AP,53661,6439.32,60100.32
ACC-INV5954,INV5954,2025-04-23,2000-AP,53798,9683.64,63481.64
ACC-INV5955,INV5955,2025-04-24,2000-AP,53935,15101.8,69036.8
ACC-INV5956,INV5956,2025-04-25,2000-AP,54072,2703.6,56775.6
ACC-INV5957,INV5957,2025-04-26,2000-AP,54209,6505.08,60714.08
ACC-INV5958,INV5958,2025-04-27,2000-AP,54346,9782.28,64128.28
ACC-INV5959,INV5959,2025-04-28,2000-AP,54483,15255.24,69738.24
ACC-INV5960,INV5960,2025-04-01,2000-AP,54620,2731,57351
ACC-INV5961,INV5961,2025-04-02,2000-AP,54757,6570.84,61327.84
ACC-INV5962,INV5962,2025-04-03,2000-AP,54894,9880.92,64774.92
ACC-INV5963,INV5963,2025-04-04,2000-AP,55031,15408.68,70439.68
ACC-INV5964,INV5964,2025-04-05,2000-AP,55168,2758.4,57926.4
ACC-INV5965,INV5965,2025-04-06,2000-AP,55305,6636.6,61941.6
ACC-INV5966,INV5966,2025-04-07,2000-AP,55442,9979.56,65421.56
ACC-INV5967,INV5967,2025-04-08,2000-AP,55579,15562.12,71141.12
ACC-INV5968,INV5968,2025-04-09,2000-AP,55716,2785.8,58501.8
ACC-INV5969,INV5969,2025-04-10,2000-AP,55853,6702.36,62555.36
ACC-INV5970,INV5970,2025-04-11,2000-AP,55990,10078.2,66068.2
ACC-INV5971,INV5971,2025-04-12,2000-AP,56127,15715.56,71842.56
ACC-INV5972,INV5972,2025-04-13,2000-AP,56264,2813.2,59077.2
ACC-INV5973,INV5973,2025-04-14,2000-AP,56401,6768.12,63169.12
ACC-INV5974,INV5974,2025-04-15,2000-AP,56538,10176.84,66714.84
ACC-INV5975,INV5975,2025-04-16,2000-AP,56675,15869,72544
ACC-INV5976,INV5976,2025-04-17,2000-AP,56812,2840.6,59652.6
ACC-INV5977,INV5977,2025-04-18,2000-AP,56949,6833.88,63782.88
ACC-INV5978,INV5978,2025-04-19,2000-AP,57086,10275.48,67361.48
ACC-INV5979,INV5979,2025-04-20,2000-AP,57223,16022.44,73245.44
ACC-INV5980,INV5980,2025-04-21,2000-AP,57360,2868,60228
ACC-INV5981,INV5981,2025-04-22,2000-AP,57497,6899.64,64396.64
ACC-INV5982,INV5982,2025-04-23,2000-AP,57634,10374.12,68008.12
ACC-INV5983,INV5983,2025-04-24,2000-AP,57771,16175.88,73946.88
ACC-INV5984,INV5984,2025-04-25,2000-AP,57908,2895.4,60803.4
ACC-INV5985,INV5985,2025-04-26,2000-AP,58045,6965.4,65010.4
ACC-INV5986,INV5986,2025-04-27,2000-AP,58182,10472.76,68654.76
ACC-INV5987,INV5987,2025-04-28,2000-AP,58319,16329.32,74648.32
ACC-INV5988,INV5988,2025-04-01,2000-AP,58456,2922.8,61378.8
ACC-INV5989,INV5989,2025-04-02,2000-AP,58593,7031.16,65624.16
ACC-INV5990,INV5990,2025-04-03,2000-AP,58730,10571.4,69301.4
ACC-INV5991,INV5991,2025-04-04,2000-AP,58867,16482.76,75349.76
ACC-INV5992,INV5992,2025-04-05,2000-AP,59004,2950.2,61954.2
ACC-INV5993,INV5993,2025-04-06,2000-AP,59141,7096.92,66237.92
ACC-INV5994,INV5994,2025-04-07,2000-AP,59278,10670.04,69948.04
ACC-INV5995,INV5995,2025-04-08,2000-AP,59415,16636.2,76051.2
ACC-INV5996,INV5996,2025-04-09,2000-AP,59552,2977.6,62529.6
ACC-INV5997,INV5997,2025-04-10,2000-AP,59689,7162.68,66851.68
ACC-INV5998,INV5998,2025-04-11,2000-AP,59826,10768.68,70594.68
ACC-INV5999,INV5999,2025-04-12,2000-AP,59963,16789.64,76752.64
ACC-INV6000,INV6000,2025-04-13,2000-AP,60100,3005,63105
ACC-INV6001,INV6001,2025-04-14,2000-AP,60237,7228.44,67465.44
ACC-INV6002,INV6002,2025-04-15,2000-AP,60374,10867.32,71241.32
ACC-INV6003,INV6003,2025-04-16,2000-AP,60511,16943.08,77454.08
ACC-INV6004,INV6004,2025-04-17,2000-AP,60648,3032.4,63680.4
ACC-INV6005,INV6005,2025-04-18,2000-AP,60785,7294.2,68079.2
ACC-INV6006,INV6006,2025-04-19,2000-AP,60922,10965.96,71887.96
ACC-INV6007,INV6007,2025-04-20,2000-AP,61059,17096.52,78155.52
ACC-INV6008,INV6008,2025-04-21,2000-AP,61196,3059.8,64255.8
ACC-INV6009,INV6009,2025-04-22,2000-AP,61333,7359.96,68692.96
ACC-INV6010,INV6010,2025-04-23,2000-AP,61470,11064.6,72534.6
ACC-INV6011,INV6011,2025-04-24,2000-AP,61607,17249.96,78856.96
ACC-INV6012,INV6012,2025-04-25,2000-AP,61744,3087.2,64831.2
ACC-INV6013,INV6013,2025-04-26,2000-AP,61881,7425.72,69306.72
ACC-INV6014,INV6014,2025-04-27,2000-AP,62018,11163.24,73181.24
ACC-INV6015,INV6015,2025-04-28,2000-AP,62155,17403.4,79558.4
ACC-INV6016,INV6016,2025-04-01,2000-AP,62292,3114.6,65406.6
ACC-INV6017,INV6017,2025-04-02,2000-AP,62429,7491.48,69920.48
ACC-INV6018,INV6018,2025-04-03,2000-AP,62566,11261.88,73827.88
ACC-INV6019,INV6019,2025-04-04,2000-AP,62703,17556.84,80259.84
ACC-INV6020,INV6020,2025-04-05,2000-AP,62840,3142,65982
ACC-INV6021,INV6021,2025-04-06,2000-AP,62977,7557.24,70534.24
ACC-INV6022,INV6022,2025-04-07,2000-AP,63114,11360.52,74474.52
ACC-INV6023,INV6023,2025-04-08,2000-AP,63251,17710.28,80961.28
ACC-INV6024,INV6024,2025-04-09,2000-AP,63388,3169.4,66557.4
ACC-INV6025,INV6025,2025-04-10,2000-AP,63525,7623,71148
ACC-INV6026,INV6026,2025-04-11,2000-AP,63662,11459.16,75121.16
ACC-INV6027,INV6027,2025-04-12,2000-AP,63799,17863.72,81662.72
ACC-INV6028,INV6028,2025-04-13,2000-AP,63936,3196.8,67132.8
ACC-INV6029,INV6029,2025-04-14,2000-AP,64073,7688.76,71761.76
ACC-INV6030,INV6030,2025-04-15,2000-AP,64210,11557.8,75767.8
ACC-INV6031,INV6031,2025-04-16,2000-AP,64347,18017.16,82364.16
ACC-INV6032,INV6032,2025-04-17,2000-AP,64484,3224.2,67708.2
ACC-INV6033,INV6033,2025-04-18,2000-AP,64621,7754.52,72375.52
ACC-INV6034,INV6034,2025-04-19,2000-AP,64758,11656.44,76414.44
ACC-INV6035,INV6035,2025-04-20,2000-AP,64895,18170.6,83065.6
ACC-INV6036,INV6036,2025-04-21,2000-AP,65032,3251.6,68283.6
ACC-INV6037,INV6037,2025-04-22,2000-AP,65169,7820.28,72989.28
ACC-INV6038,INV6038,2025-04-23,2000-AP,65306,11755.08,77061.08
ACC-INV6039,INV6039,2025-04-24,2000-AP,65443,18324.04,83767.04
ACC-INV6040,INV6040,2025-04-25,2000-AP,65580,3279,68859
ACC-INV6041,INV6041,2025-04-26,2000-AP,65717,7886.04,73603.04
ACC-INV6042,INV6042,2025-04-27,2000-AP,65854,11853.72,77707.72
ACC-INV6043,INV6043,2025-04-28,2000-AP,65991,18477.48,84468.48
ACC-INV6044,INV6044,2025-04-01,2000-AP,66128,3306.4,69434.4
ACC-INV6045,INV6045,2025-04-02,2000-AP,66265,7951.8,74216.8
ACC-INV6046,INV6046,2025-04-03,2000-AP,66402,11952.36,78354.36
ACC-INV6047,INV6047,2025-04-04,2000-AP,66539,18630.92,85169.92
ACC-INV6048,INV6048,2025-04-05,2000-AP,66676,3333.8,70009.8
ACC-INV6049,INV6049,2025-04-06,2000-AP,66813,8017.56,74830.56
ACC-INV6050,INV6050,2025-04-07,2000-AP,66950,12051,79001
ACC-INV6051,INV6051,2025-04-08,2000-AP,67087,18784.36,85871.36
ACC-INV6052,INV6052,2025-04-09,2000-AP,67224,3361.2,70585.2
ACC-INV6053,INV6053,2025-04-10,2000-AP,67361,8083.32,75444.32
ACC-INV6054,INV6054,2025-04-11,2000-AP,67498,12149.64,79647.64
ACC-INV6055,INV6055,2025-04-12,2000-AP,67635,18937.8,86572.8
ACC-INV6056,INV6056,2025-04-13,2000-AP,67772,3388.6,71160.6
ACC-INV6057,INV6057,2025-04-14,2000-AP,67909,8149.08,76058.08
ACC-INV6058,INV6058,2025-04-15,2000-AP,68046,12248.28,80294.28
ACC-INV6059,INV6059,2025-04-16,2000-AP,68183,19091.24,87274.24
ACC-INV6060,INV6060,2025-04-17,2000-AP,68320,3416,71736
ACC-INV6061,INV6061,2025-04-18,2000-AP,68457,8214.84,76671.84
ACC-INV6062,INV6062,2025-04-19,2000-AP,68594,12346.92,80940.92
ACC-INV6063,INV6063,2025-04-20,2000-AP,68731,19244.68,87975.68
ACC-INV6064,INV6064,2025-04-21,2000-AP,68868,3443.4,72311.4
ACC-INV6065,INV6065,2025-04-22,2000-AP,69005,8280.6,77285.6
ACC-INV6066,INV6066,2025-04-23,2000-AP,69142,12445.56,81587.56
ACC-INV6067,INV6067,2025-04-24,2000-AP,69279,19398.12,88677.12
ACC-INV6068,INV6068,2025-04-25,2000-AP,69416,3470.8,72886.8
ACC-INV6069,INV6069,2025-04-26,2000-AP,69553,8346.36,77899.36
ACC-INV6070,INV6070,2025-04-27,2000-AP,69690,12544.2,82234.2
ACC-INV6071,INV6071,2025-04-28,2000-AP,69827,19551.56,89378.56
ACC-INV6072,INV6072,2025-04-01,2000-AP,69964,3498.2,73462.2
ACC-INV6073,INV6073,2025-04-02,2000-AP,70101,8412.12,78513.12
ACC-INV6074,INV6074,2025-04-03,2000-AP,70238,12642.84,82880.84
ACC-INV6075,INV6075,2025-04-04,2000-AP,70375,19705,90080
ACC-INV6076,INV6076,2025-04-05,2000-AP,70512,3525.6,74037.6
ACC-INV6077,INV6077,2025-04-06,2000-AP,70649,8477.88,79126.88
ACC-INV6078,INV6078,2025-04-07,2000-AP,70786,12741.48,83527.48
ACC-INV6079,INV6079,2025-04-08,2000-AP,70923,19858.44,90781.44
ACC-INV6080,INV6080,2025-04-09,2000-AP,71060,3553,74613
ACC-INV6081,INV6081,2025-04-10,2000-AP,71197,8543.64,79740.64
ACC-INV6082,INV6082,2025-04-11,2000-AP,71334,12840.12,84174.12
ACC-INV6083,INV6083,2025-04-12,2000-AP,71471,20011.88,91482.88
ACC-INV6084,INV6084,2025-04-13,2000-AP,71608,3580.4,75188.4
ACC-INV6085,INV6085,2025-04-14,2000-AP,71745,8609.4,80354.4
ACC-INV6086,INV6086,2025-04-15,2000-AP,71882,12938.76,84820.76
ACC-INV6087,INV6087,2025-04-16,2000-AP,72019,20165.32,92184.32
ACC-INV6088,INV6088,2025-04-17,2000-AP,72156,3607.8,75763.8
ACC-INV6089,INV6089,2025-04-18,2000-AP,72293,8675.16,80968.16
ACC-INV6090,INV6090,2025-04-19,2000-AP,72430,13037.4,85467.4
ACC-INV6091,INV6091,2025-04-20,2000-AP,72567,20318.76,92885.76
ACC-INV6092,INV6092,2025-04-21,2000-AP,72704,3635.2,76339.2
ACC-INV6093,INV6093,2025-04-22,2000-AP,72841,8740.92,81581.92
ACC-INV6094,INV6094,2025-04-23,2000-AP,72978,13136.04,86114.04
ACC-INV6095,INV6095,2025-04-24,2000-AP,73115,20472.2,93587.2
ACC-INV6096,INV6096,2025-04-25,2000-AP,73252,3662.6,76914.6
ACC-INV6097,INV6097,2025-04-26,2000-AP,73389,8806.68,82195.68
ACC-INV6098,INV6098,2025-04-27,2000-AP,73526,13234.68,86760.68
ACC-INV6099,INV6099,2025-04-28,2000-AP,73663,20625.64,94288.64
ACC-INV6100,INV6100,2025-04-01,2000-AP,73800,3690,77490
ACC-INV6101,INV6101,2025-04-02,2000-AP,73937,8872.44,82809.44
ACC-INV6102,INV6102,2025-04-03,2000-AP,74074,13333.32,87407.32
ACC-INV6103,INV6103,2025-04-04,2000-AP,74211,20779.08,94990.08
ACC-INV6104,INV6104,2025-04-05,2000-AP,74348,3717.4,78065.4
ACC-INV6105,INV6105,2025-04-06,2000-AP,74485,8938.2,83423.2
ACC-INV6106,INV6106,2025-04-07,2000-AP,74622,13431.96,88053.96
ACC-INV6107,INV6107,2025-04-08,2000-AP,74759,20932.52,95691.52
ACC-INV6108,INV6108,2025-04-09,2000-AP,74896,3744.8,78640.8
ACC-INV6109,INV6109,2025-04-10,2000-AP,75033,9003.96,84036.96
ACC-INV6110,INV6110,2025-04-11,2000-AP,75170,13530.6,88700.6
ACC-INV6111,INV6111,2025-04-12,2000-AP,75307,21085.96,96392.96
ACC-INV6112,INV6112,2025-04-13,2000-AP,75444,3772.2,79216.2
ACC-INV6113,INV6113,2025-04-14,2000-AP,75581,9069.72,84650.72
ACC-INV6114,INV6114,2025-04-15,2000-AP,75718,13629.24,89347.24
ACC-INV6115,INV6115,2025-04-16,2000-AP,75855,21239.4,97094.4
ACC-INV6116,INV6116,2025-04-17,2000-AP,75992,3799.6,79791.6
ACC-INV6117,INV6117,2025-04-18,2000-AP,76129,9135.48,85264.48
ACC-INV6118,INV6118,2025-04-19,2000-AP,76266,13727.88,89993.88
ACC-INV6119,INV6119,2025-04-20,2000-AP,76403,21392.84,97795.84
ACC-INV6120,INV6120,2025-04-21,2000-AP,76540,3827,80367
ACC-INV6121,INV6121,2025-04-22,2000-AP,76677,9201.24,85878.24
ACC-INV6122,INV6122,2025-04-23,2000-AP,76814,13826.52,90640.52
ACC-INV6123,INV6123,2025-04-24,2000-AP,76951,21546.28,98497.28
ACC-INV6124,INV6124,2025-04-25,2000-AP,77088,3854.4,80942.4
ACC-INV6125,INV6125,2025-04-26,2000-AP,77225,9267,86492
ACC-INV6126,INV6126,2025-04-27,2000-AP,77362,13925.16,91287.16
ACC-INV6127,INV6127,2025-04-28,2000-AP,77499,21699.72,99198.72
ACC-INV6128,INV6128,2025-04-01,2000-AP,2636,131.8,2767.8
ACC-INV6129,INV6129,2025-04-02,2000-AP,2773,332.76,3105.76
ACC-INV6130,INV6130,2025-04-03,2000-AP,2910,523.8,3433.8
ACC-INV6131,INV6131,2025-04-04,2000-AP,3047,853.16,3900.16
ACC-INV6132,INV6132,2025-04-05,2000-AP,3184,159.2,3343.2
ACC-INV6133,INV6133,2025-04-06,2000-AP,3321,398.52,3719.52
ACC-INV6134,INV6134,2025-04-07,2000-AP,3458,622.44,4080.44
ACC-INV6135,INV6135,2025-04-08,2000-AP,3595,1006.6,4601.6
ACC-INV6136,INV6136,2025-04-09,2000-AP,3732,186.6,3918.6
ACC-INV6137,INV6137,2025-04-10,2000-AP,3869,464.28,4333.28
ACC-INV6138,INV6138,2025-04-11,2000-AP,4006,721.08,4727.08
ACC-INV6139,INV6139,2025-04-12,2000-AP,4143,1160.04,5303.04
ACC-INV6140,INV6140,2025-04-13,2000-AP,4280,214,4494
ACC-INV6141,INV6141,2025-04-14,2000-AP,4417,530.04,4947.04
ACC-INV6142,INV6142,2025-04-15,2000-AP,4554,819.72,5373.72
ACC-INV6143,INV6143,2025-04-16,2000-AP,4691,1313.48,6004.48
ACC-INV6144,INV6144,2025-04-17,2000-AP,4828,241.4,5069.4
ACC-INV6145,INV6145,2025-04-18,2000-AP,4965,595.8,5560.8
ACC-INV6146,INV6146,2025-04-19,2000-AP,5102,918.36,6020.36
ACC-INV6147,INV6147,2025-04-20,2000-AP,5239,1466.92,6705.92
ACC-INV6148,INV6148,2025-04-21,2000-AP,5376,268.8,5644.8
ACC-INV6149,INV6149,2025-04-22,2000-AP,5513,661.56,6174.56
ACC-INV6150,INV6150,2025-04-23,2000-AP,5650,1017,6667
ACC-INV6151,INV6151,2025-04-24,2000-AP,5787,1620.36,7407.36
ACC-INV6152,INV6152,2025-04-25,2000-AP,5924,296.2,6220.2
ACC-INV6153,INV6153,2025-04-26,2000-AP,6061,727.32,6788.32
ACC-INV6154,INV6154,2025-04-27,2000-AP,6198,1115.64,7313.64
ACC-INV6155,INV6155,2025-04-28,2000-AP,6335,1773.8,8108.8
ACC-INV6156,INV6156,2025-04-01,2000-AP,6472,323.6,6795.6
ACC-INV6157,INV6157,2025-04-02,2000-AP,6609,793.08,7402.08
ACC-INV6158,INV6158,2025-04-03,2000-AP,6746,1214.28,7960.28
ACC-INV6159,INV6159,2025-04-04,2000-AP,6883,1927.24,8810.24
ACC-INV6160,INV6160,2025-04-05,2000-AP,7020,351,7371
ACC-INV6161,INV6161,2025-04-06,2000-AP,7157,858.84,8015.84
ACC-INV6162,INV6162,2025-04-07,2000-AP,7294,1312.92,8606.92
ACC-INV6163,INV6163,2025-04-08,2000-AP,7431,2080.68,9511.68
ACC-INV6164,INV6164,2025-04-09,2000-AP,7568,378.4,7946.4
ACC-INV6165,INV6165,2025-04-10,2000-AP,7705,924.6,8629.6
ACC-INV6166,INV6166,2025-04-11,2000-AP,7842,1411.56,9253.56
ACC-INV6167,INV6167,2025-04-12,2000-AP,7979,2234.12,10213.12
ACC-INV6168,INV6168,2025-04-13,2000-AP,8116,405.8,8521.8
ACC-INV6169,INV6169,2025-04-14,2000-AP,8253,990.36,9243.36
ACC-INV6170,INV6170,2025-04-15,2000-AP,8390,1510.2,9900.2
ACC-INV6171,INV6171,2025-04-16,2000-AP,8527,2387.56,10914.56
ACC-INV6172,INV6172,2025-04-17,2000-AP,8664,433.2,9097.2
ACC-INV6173,INV6173,2025-04-18,2000-AP,8801,1056.12,9857.12
ACC-INV6174,INV6174,2025-04-19,2000-AP,8938,1608.84,10546.84
ACC-INV6175,INV6175,2025-04-20,2000-AP,9075,2541,11616
ACC-INV6176,INV6176,2025-04-21,2000-AP,9212,460.6,9672.6
ACC-INV6177,INV6177,2025-04-22,2000-AP,9349,1121.88,10470.88
ACC-INV6178,INV6178,2025-04-23,2000-AP,9486,1707.48,11193.48
ACC-INV6179,INV6179,2025-04-24,2000-AP,9623,2694.44,12317.44
ACC-INV6180,INV6180,2025-04-25,2000-AP,9760,488,10248
ACC-INV6181,INV6181,2025-04-26,2000-AP,9897,1187.64,11084.64
ACC-INV6182,INV6182,2025-04-27,2000-AP,10034,1806.12,11840.12
ACC-INV6183,INV6183,2025-04-28,2000-AP,10171,2847.88,13018.88
ACC-INV6184,INV6184,2025-04-01,2000-AP,10308,515.4,10823.4
ACC-INV6185,INV6185,2025-04-02,2000-AP,10445,1253.4,11698.4
ACC-INV6186,INV6186,2025-04-03,2000-AP,10582,1904.76,12486.76
ACC-INV6187,INV6187,2025-04-04,2000-AP,10719,3001.32,13720.32
ACC-INV6188,INV6188,2025-04-05,2000-AP,10856,542.8,11398.8
ACC-INV6189,INV6189,2025-04-06,2000-AP,10993,1319.16,12312.16
ACC-INV6190,INV6190,2025-04-07,2000-AP,11130,2003.4,13133.4
ACC-INV6191,INV6191,2025-04-08,2000-AP,11267,3154.76,14421.76
ACC-INV6192,INV6192,2025-04-09,2000-AP,11404,570.2,11974.2
ACC-INV6193,INV6193,2025-04-10,2000-AP,11541,1384.92,12925.92
ACC-INV6194,INV6194,2025-04-11,2000-AP,11678,2102.04,13780.04
ACC-INV6195,INV6195,2025-04-12,2000-AP,11815,3308.2,15123.2
ACC-INV6196,INV6196,2025-04-13,2000-AP,11952,597.6,12549.6
ACC-INV6197,INV6197,2025-04-14,2000-AP,12089,1450.68,13539.68
ACC-INV6198,INV6198,2025-04-15,2000-AP,12226,2200.68,14426.68
ACC-INV6199,INV6199,2025-04-16,2000-AP,12363,3461.64,15824.64
ACC-INV6200,INV6200,2025-04-17,2000-AP,950000,47500,997500
ACC-INV6201,INV6201,2025-04-18,2000-AP,12637,1516.44,14153.44
ACC-INV6202,INV6202,2025-04-19,2000-AP,12774,2299.32,15073.32
ACC-INV6203,INV6203,2025-04-20,2000-AP,12911,3615.08,16526.08
ACC-INV6204,INV6204,2025-04-21,2000-AP,13048,652.4,13700.4
ACC-INV6205,INV6205,2025-04-22,2000-AP,13185,1582.2,14767.2
ACC-INV6206,INV6206,2025-04-23,2000-AP,13322,2397.96,15719.96
ACC-INV6207,INV6207,2025-04-24,2000-AP,13459,3768.52,17227.52
ACC-INV6208,INV6208,2025-04-25,2000-AP,13596,679.8,14275.8
ACC-INV6209,INV6209,2025-04-26,2000-AP,13733,1647.96,15380.96
ACC-INV6210,INV6210,2025-04-27,2000-AP,13870,2496.6,16366.6
ACC-INV6211,INV6211,2025-04-28,2000-AP,14007,3921.96,17928.96
ACC-INV6212,INV6212,2025-04-01,2000-AP,14144,707.2,14851.2
ACC-INV6213,INV6213,2025-04-02,2000-AP,14281,1713.72,15994.72
ACC-INV6214,INV6214,2025-04-03,2000-AP,14418,2595.24,17013.24
ACC-INV6215,INV6215,2025-04-04,2000-AP,14555,4075.4,18630.4
ACC-INV6216,INV6216,2025-04-05,2000-AP,14692,734.6,15426.6
ACC-INV6217,INV6217,2025-04-06,2000-AP,14829,1779.48,16608.48
ACC-INV6218,INV6218,2025-04-07,2000-AP,14966,2693.88,17659.88
ACC-INV6219,INV6219,2025-04-08,2000-AP,15103,4228.84,19331.84
ACC-INV6220,INV6220,2025-04-09,2000-AP,15240,762,16002
ACC-INV6221,INV6221,2025-04-10,2000-AP,15377,1845.24,17222.24
ACC-INV6222,INV6222,2025-04-11,2000-AP,15514,2792.52,18306.52
ACC-INV6223,INV6223,2025-04-12,2000-AP,15651,4382.28,20033.28
ACC-INV6224,INV6224,2025-04-13,2000-AP,15788,789.4,16577.4
ACC-INV6225,INV6225,2025-04-14,2000-AP,15925,1911,17836
ACC-INV6226,INV6226,2025-04-15,2000-AP,16062,2891.16,18953.16
ACC-INV6227,INV6227,2025-04-16,2000-AP,16199,4535.72,20734.72
ACC-INV6228,INV6228,2025-04-17,2000-AP,16336,816.8,17152.8
ACC-INV6229,INV6229,2025-04-18,2000-AP,16473,1976.76,18449.76
ACC-INV6230,INV6230,2025-04-19,2000-AP,16610,2989.8,19599.8
ACC-INV6231,INV6231,2025-04-20,2000-AP,16747,4689.16,21436.16
ACC-INV6232,INV6232,2025-04-21,2000-AP,16884,844.2,17728.2
ACC-INV6233,INV6233,2025-04-22,2000-AP,17021,2042.52,19063.52
ACC-INV6234,INV6234,2025-04-23,2000-AP,17158,3088.44,20246.44
ACC-INV6235,INV6235,2025-04-24,2000-AP,17295,4842.6,22137.6
ACC-INV6236,INV6236,2025-04-25,2000-AP,17432,871.6,18303.6
ACC-INV6237,INV6237,2025-04-26,2000-AP,17569,2108.28,19677.28
ACC-INV6238,INV6238,2025-04-27,2000-AP,17706,3187.08,20893.08
ACC-INV6239,INV6239,2025-04-28,2000-AP,17843,4996.04,22839.04
ACC-INV6240,INV6240,2025-04-01,2000-AP,17980,899,18879
ACC-INV6241,INV6241,2025-04-02,2000-AP,18117,2174.04,20291.04
ACC-INV6242,INV6242,2025-04-03,2000-AP,18254,3285.72,21539.72
ACC-INV6243,INV6243,2025-04-04,2000-AP,18391,5149.48,23540.48
ACC-INV6244,INV6244,2025-04-05,2000-AP,18528,926.4,19454.4
ACC-INV6245,INV6245,2025-04-06,2000-AP,18665,2239.8,20904.8
ACC-INV6246,INV6246,2025-04-07,2000-AP,18802,3384.36,22186.36
ACC-INV6247,INV6247,2025-04-08,2000-AP,18939,5302.92,24241.92
ACC-INV6248,INV6248,2025-04-09,2000-AP,19076,953.8,20029.8
ACC-INV6249,INV6249,2025-04-10,2000-AP,19213,2305.56,21518.56
ACC-INV6250,INV6250,2025-04-11,2000-AP,19350,3483,22833
ACC-INV6251,INV6251,2025-04-12,2000-AP,19487,5456.36,24943.36
ACC-INV6252,INV6252,2025-04-13,2000-AP,19624,981.2,20605.2
ACC-INV6253,INV6253,2025-04-14,2000-AP,19761,2371.32,22132.32
ACC-INV6254,INV6254,2025-04-15,2000-AP,19898,3581.64,23479.64
ACC-INV6255,INV6255,2025-04-16,2000-AP,20035,5609.8,25644.8
ACC-INV6256,INV6256,2025-04-17,2000-AP,20172,1008.6,21180.6
ACC-INV6257,INV6257,2025-04-18,2000-AP,20309,2437.08,22746.08
ACC-INV6258,INV6258,2025-04-19,2000-AP,20446,3680.28,24126.28
ACC-INV6259,INV6259,2025-04-20,2000-AP,20583,5763.24,26346.24
ACC-INV6260,INV6260,2025-04-21,2000-AP,20720,1036,21756
ACC-INV6261,INV6261,2025-04-22,2000-AP,20857,2502.84,23359.84
ACC-INV6262,INV6262,2025-04-23,2000-AP,20994,3778.92,24772.92
ACC-INV6263,INV6263,2025-04-24,2000-AP,21131,5916.68,27047.68
ACC-INV6264,INV6264,2025-04-25,2000-AP,21268,1063.4,22331.4
ACC-INV6265,INV6265,2025-04-26,2000-AP,21405,2568.6,23973.6
ACC-INV6266,INV6266,2025-04-27,2000-AP,21542,3877.56,25419.56
ACC-INV6267,INV6267,2025-04-28,2000-AP,21679,6070.12,27749.12
ACC-INV6268,INV6268,2025-04-01,2000-AP,21816,1090.8,22906.8
ACC-INV6269,INV6269,2025-04-02,2000-AP,21953,2634.36,24587.36
ACC-INV6270,INV6270,2025-04-03,2000-AP,22090,3976.2,26066.2
ACC-INV6271,INV6271,2025-04-04,2000-AP,22227,6223.56,28450.56
ACC-INV6272,INV6272,2025-04-05,2000-AP,22364,1118.2,23482.2
ACC-INV6273,INV6273,2025-04-06,2000-AP,22501,2700.12,25201.12
ACC-INV6274,INV6274,2025-04-07,2000-AP,22638,4074.84,26712.84
ACC-INV6275,INV6275,2025-04-08,2000-AP,22775,6377,29152
ACC-INV6276,INV6276,2025-04-09,2000-AP,22912,1145.6,24057.6
ACC-INV6277,INV6277,2025-04-10,2000-AP,23049,2765.88,25814.88
ACC-INV6278,INV6278,2025-04-11,2000-AP,23186,4173.48,27359.48
ACC-INV6279,INV6279,2025-04-12,2000-AP,23323,6530.44,29853.44
ACC-INV6280,INV6280,2025-04-13,2000-AP,23460,1173,24633
ACC-INV6281,INV6281,2025-04-14,2000-AP,23597,2831.64,26428.64
ACC-INV6282,INV6282,2025-04-15,2000-AP,23734,4272.12,28006.12
ACC-INV6283,INV6283,2025-04-16,2000-AP,23871,6683.88,30554.88
ACC-INV6284,INV6284,2025-04-17,2000-AP,24008,1200.4,25208.4
ACC-INV6285,INV6285,2025-04-18,2000-AP,24145,2897.4,27042.4
ACC-INV6286,INV6286,2025-04-19,2000-AP,24282,4370.76,28652.76
ACC-INV6287,INV6287,2025-04-20,2000-AP,24419,6837.32,31256.32
ACC-INV6288,INV6288,2025-04-21,2000-AP,24556,1227.8,25783.8
ACC-INV6289,INV6289,2025-04-22,2000-AP,24693,2963.16,27656.16
ACC-INV6290,INV6290,2025-04-23,2000-AP,24830,4469.4,29299.4
ACC-INV6291,INV6291,2025-04-24,2000-AP,24967,6990.76,31957.76
ACC-INV6292,INV6292,2025-04-25,2000-AP,25104,1255.2,26359.2
ACC-INV6293,INV6293,2025-04-26,2000-AP,25241,3028.92,28269.92
ACC-INV6294,INV6294,2025-04-27,2000-AP,25378,4568.04,29946.04
ACC-INV6295,INV6295,2025-04-28,2000-AP,25515,7144.2,32659.2
ACC-INV6296,INV6296,2025-04-01,2000-AP,25652,1282.6,26934.6
ACC-INV6297,INV6297,2025-04-02,2000-AP,25789,3094.68,28883.68
ACC-INV6298,INV6298,2025-04-03,2000-AP,25926,4666.68,30592.68
ACC-INV6299,INV6299,2025-04-04,2000-AP,26063,7297.64,33360.64
ACC-INV6300,INV6300,2025-04-05,2000-AP,26200,1310,27510
ACC-INV6301,INV6301,2025-04-06,2000-AP,26337,3160.44,29497.44
ACC-INV6302,INV6302,2025-04-07,2000-AP,26474,4765.32,31239.32
ACC-INV6303,INV6303,2025-04-08,2000-AP,26611,7451.08,34062.08
ACC-INV6304,INV6304,2025-04-09,2000-AP,26748,1337.4,28085.4
ACC-INV6305,INV6305,2025-04-10,2000-AP,26885,3226.2,30111.2
ACC-INV6306,INV6306,2025-04-11,2000-AP,27022,4863.96,31885.96
ACC-INV6307,INV6307,2025-04-12,2000-AP,27159,7604.52,34763.52
ACC-INV6308,INV6308,2025-04-13,2000-AP,27296,1364.8,28660.8
ACC-INV6309,INV6309,2025-04-14,2000-AP,27433,3291.96,30724.96
ACC-INV6310,INV6310,2025-04-15,2000-AP,27570,4962.6,32532.6
ACC-INV6311,INV6311,2025-04-16,2000-AP,27707,7757.96,35464.96
ACC-INV6312,INV6312,2025-04-17,2000-AP,27844,1392.2,29236.2
ACC-INV6313,INV6313,2025-04-18,2000-AP,27981,3357.72,31338.72
ACC-INV6314,INV6314,2025-04-19,2000-AP,28118,5061.24,33179.24
ACC-INV6315,INV6315,2025-04-20,2000-AP,28255,7911.4,36166.4
ACC-INV6316,INV6316,2025-04-21,2000-AP,28392,1419.6,29811.6
ACC-INV6317,INV6317,2025-04-22,2000-AP,28529,3423.48,31952.48
ACC-INV6318,INV6318,2025-04-23,2000-AP,28666,5159.88,33825.88
ACC-INV6319,INV6319,2025-04-24,2000-AP,28803,8064.84,36867.84
ACC-INV6320,INV6320,2025-04-25,2000-AP,28940,1447,30387
ACC-INV6321,INV6321,2025-04-26,2000-AP,29077,3489.24,32566.24
ACC-INV6322,INV6322,2025-04-27,2000-AP,29214,5258.52,34472.52
ACC-INV6323,INV6323,2025-04-28,2000-AP,29351,8218.28,37569.28
ACC-INV6324,INV6324,2025-04-01,2000-AP,29488,1474.4,30962.4
ACC-INV6325,INV6325,2025-04-02,2000-AP,29625,3555,33180
ACC-INV6326,INV6326,2025-04-03,2000-AP,29762,5357.16,35119.16
ACC-INV6327,INV6327,2025-04-04,2000-AP,29899,8371.72,38270.72
ACC-INV6328,INV6328,2025-04-05,2000-AP,30036,1501.8,31537.8
ACC-INV6329,INV6329,2025-04-06,2000-AP,30173,3620.76,33793.76
ACC-INV6330,INV6330,2025-04-07,2000-AP,30310,5455.8,35765.8
ACC-INV6331,INV6331,2025-04-08,2000-AP,30447,8525.16,38972.16
ACC-INV6332,INV6332,2025-04-09,2000-AP,30584,1529.2,32113.2
ACC-INV6333,INV6333,2025-04-10,2000-AP,30721,3686.52,34407.52
ACC-INV6334,INV6334,2025-04-11,2000-AP,30858,5554.44,36412.44
ACC-INV6335,INV6335,2025-04-12,2000-AP,30995,8678.6,39673.6
ACC-INV6336,INV6336,2025-04-13,2000-AP,31132,1556.6,32688.6
ACC-INV6337,INV6337,2025-04-14,2000-AP,31269,3752.28,35021.28
ACC-INV6338,INV6338,2025-04-15,2000-AP,31406,5653.08,37059.08
ACC-INV6339,INV6339,2025-04-16,2000-AP,31543,8832.04,40375.04
ACC-INV6340,INV6340,2025-04-17,2000-AP,31680,1584,33264
ACC-INV6341,INV6341,2025-04-18,2000-AP,31817,3818.04,35635.04
ACC-INV6342,INV6342,2025-04-19,2000-AP,31954,5751.72,37705.72
ACC-INV6343,INV6343,2025-04-20,2000-AP,32091,8985.48,41076.48
ACC-INV6344,INV6344,2025-04-21,2000-AP,32228,1611.4,33839.4
ACC-INV6345,INV6345,2025-04-22,2000-AP,32365,3883.8,36248.8
ACC-INV6346,INV6346,2025-04-23,2000-AP,32502,5850.36,38352.36
ACC-INV6347,INV6347,2025-04-24,2000-AP,32639,9138.92,41777.92
ACC-INV6348,INV6348,2025-04-25,2000-AP,32776,1638.8,34414.8
ACC-INV6349,INV6349,2025-04-26,2000-AP,32913,3949.56,36862.56
ACC-INV6350,INV6350,2025-04-27,2000-AP,33050,5949,38999
ACC-INV6351,INV6351,2025-04-28,2000-AP,33187,9292.36,42479.36
ACC-INV6352,INV6352,2025-04-01,2000-AP,33324,1666.2,34990.2
ACC-INV6353,INV6353,2025-04-02,2000-AP,33461,4015.32,37476.32
ACC-INV6354,INV6354,2025-04-03,2000-AP,33598,6047.64,39645.64
ACC-INV6355,INV6355,2025-04-04,2000-AP,33735,9445.8,43180.8
ACC-INV6356,INV6356,2025-04-05,2000-AP,33872,1693.6,35565.6
ACC-INV6357,INV6357,2025-04-06,2000-AP,34009,4081.08,38090.08
ACC-INV6358,INV6358,2025-04-07,2000-AP,34146,6146.28,40292.28
ACC-INV6359,INV6359,2025-04-08,2000-AP,34283,9599.24,43882.24
ACC-INV6360,INV6360,2025-04-09,2000-AP,34420,1721,36141
ACC-INV6361,INV6361,2025-04-10,2000-AP,34557,4146.84,38703.84
ACC-INV6362,INV6362,2025-04-11,2000-AP,34694,6244.92,40938.92
ACC-INV6363,INV6363,2025-04-12,2000-AP,34831,9752.68,44583.68
ACC-INV6364,INV6364,2025-04-13,2000-AP,34968,1748.4,36716.4
ACC-INV6365,INV6365,2025-04-14,2000-AP,35105,4212.6,39317.6
ACC-INV6366,INV6366,2025-04-15,2000-AP,35242,6343.56,41585.56
ACC-INV6367,INV6367,2025-04-16,2000-AP,35379,9906.12,45285.12
ACC-INV6368,INV6368,2025-04-17,2000-AP,35516,1775.8,37291.8
ACC-INV6369,INV6369,2025-04-18,2000-AP,35653,4278.36,39931.36
ACC-INV6370,INV6370,2025-04-19,2000-AP,35790,6442.2,42232.2
ACC-INV6371,INV6371,2025-04-20,2000-AP,35927,10059.56,45986.56
ACC-INV6372,INV6372,2025-04-21,2000-AP,36064,1803.2,37867.2
ACC-INV6373,INV6373,2025-04-22,2000-AP,36201,4344.12,40545.12
ACC-INV6374,INV6374,2025-04-23,2000-AP,36338,6540.84,42878.84
ACC-INV6375,INV6375,2025-04-24,2000-AP,36475,10213,46688
ACC-INV6376,INV6376,2025-04-25,2000-AP,36612,1830.6,38442.6
ACC-INV6377,INV6377,2025-04-26,2000-AP,36749,4409.88,41158.88
ACC-INV6378,INV6378,2025-04-27,2000-AP,36886,6639.48,43525.48
ACC-INV6379,INV6379,2025-04-28,2000-AP,37023,10366.44,47389.44
ACC-INV6380,INV6380,2025-04-01,2000-AP,37160,1858,39018
ACC-INV6381,INV6381,2025-04-02,2000-AP,37297,4475.64,41772.64
ACC-INV6382,INV6382,2025-04-03,2000-AP,37434,6738.12,44172.12
ACC-INV6383,INV6383,2025-04-04,2000-AP,37571,10519.88,48090.88
ACC-INV6384,INV6384,2025-04-05,2000-AP,37708,1885.4,39593.4
ACC-INV6385,INV6385,2025-04-06,2000-AP,37845,4541.4,42386.4
ACC-INV6386,INV6386,2025-04-07,2000-AP,37982,6836.76,44818.76
ACC-INV6387,INV6387,2025-04-08,2000-AP,38119,10673.32,48792.32
ACC-INV6388,INV6388,2025-04-09,2000-AP,38256,1912.8,40168.8
ACC-INV6389,INV6389,2025-04-10,2000-AP,38393,4607.16,43000.16
ACC-INV6390,INV6390,2025-04-11,2000-AP,38530,6935.4,45465.4
ACC-INV6391,INV6391,2025-04-12,2000-AP,38667,10826.76,49493.76
ACC-INV6392,INV6392,2025-04-13,2000-AP,38804,1940.2,40744.2
ACC-INV6393,INV6393,2025-04-14,2000-AP,38941,4672.92,43613.92
ACC-INV6394,INV6394,2025-04-15,2000-AP,39078,7034.04,46112.04
ACC-INV6395,INV6395,2025-04-16,2000-AP,39215,10980.2,50195.2
ACC-INV6396,INV6396,2025-04-17,2000-AP,39352,1967.6,41319.6
ACC-INV6397,INV6397,2025-04-18,2000-AP,39489,4738.68,44227.68
ACC-INV6398,INV6398,2025-04-19,2000-AP,39626,7132.68,46758.68
ACC-INV6399,INV6399,2025-04-20,2000-AP,39763,11133.64,50896.64
ACC-INV6400,INV6400,2025-04-21,2000-AP,39900,1995,41895
ACC-INV6401,INV6401,2025-04-22,2000-AP,40037,4804.44,44841.44
ACC-INV6402,INV6402,2025-04-23,2000-AP,40174,7231.32,47405.32
ACC-INV6403,INV6403,2025-04-24,2000-AP,40311,11287.08,51598.08
ACC-INV6404,INV6404,2025-04-25,2000-AP,40448,2022.4,42470.4
ACC-INV6405,INV6405,2025-04-26,2000-AP,40585,4870.2,45455.2
ACC-INV6406,INV6406,2025-04-27,2000-AP,40722,7329.96,48051.96
ACC-INV6407,INV6407,2025-04-28,2000-AP,40859,11440.52,52299.52
ACC-INV6408,INV6408,2025-04-01,2000-AP,40996,2049.8,43045.8
ACC-INV6409,INV6409,2025-04-02,2000-AP,41133,4935.96,46068.96
ACC-INV6410,INV6410,2025-04-03,2000-AP,41270,7428.6,48698.6
ACC-INV6411,INV6411,2025-04-04,2000-AP,41407,11593.96,53000.96
ACC-INV6412,INV6412,2025-04-05,2000-AP,41544,2077.2,43621.2
ACC-INV6413,INV6413,2025-04-06,2000-AP,41681,5001.72,46682.72
ACC-INV6414,INV6414,2025-04-07,2000-AP,41818,7527.24,49345.24
ACC-INV6415,INV6415,2025-04-08,2000-AP,41955,11747.4,53702.4
ACC-INV6416,INV6416,2025-04-09,2000-AP,42092,2104.6,44196.6
ACC-INV6417,INV6417,2025-04-10,2000-AP,42229,5067.48,47296.48
ACC-INV6418,INV6418,2025-04-11,2000-AP,42366,7625.88,49991.88
ACC-INV6419,INV6419,2025-04-12,2000-AP,42503,11900.84,54403.84
ACC-INV6420,INV6420,2025-04-13,2000-AP,42640,2132,44772
ACC-INV6421,INV6421,2025-04-14,2000-AP,42777,5133.24,47910.24
ACC-INV6422,INV6422,2025-04-15,2000-AP,42914,7724.52,50638.52
ACC-INV6423,INV6423,2025-04-16,2000-AP,43051,12054.28,55105.28
ACC-INV6424,INV6424,2025-04-17,2000-AP,43188,2159.4,45347.4
ACC-INV6425,INV6425,2025-04-18,2000-AP,43325,5199,48524
ACC-INV6426,INV6426,2025-04-19,2000-AP,43462,7823.16,51285.16
ACC-INV6427,INV6427,2025-04-20,2000-AP,43599,12207.72,55806.72
ACC-INV6428,INV6428,2025-04-21,2000-AP,43736,2186.8,45922.8
ACC-INV6429,INV6429,2025-04-22,2000-AP,43873,5264.76,49137.76
ACC-INV6430,INV6430,2025-04-23,2000-AP,44010,7921.8,51931.8
ACC-INV6431,INV6431,2025-04-24,2000-AP,44147,12361.16,56508.16
ACC-INV6432,INV6432,2025-04-25,2000-AP,44284,2214.2,46498.2
ACC-INV6433,INV6433,2025-04-26,2000-AP,44421,5330.52,49751.52
ACC-INV6434,INV6434,2025-04-27,2000-AP,44558,8020.44,52578.44
ACC-INV6435,INV6435,2025-04-28,2000-AP,44695,12514.6,57209.6
ACC-INV6436,INV6436,2025-04-01,2000-AP,44832,2241.6,47073.6
ACC-INV6437,INV6437,2025-04-02,2000-AP,44969,5396.28,50365.28
ACC-INV6438,INV6438,2025-04-03,2000-AP,45106,8119.08,53225.08
ACC-INV6439,INV6439,2025-04-04,2000-AP,45243,12668.04,57911.04
ACC-INV6440,INV6440,2025-04-05,2000-AP,45380,2269,47649
ACC-INV6441,INV6441,2025-04-06,2000-AP,45517,5462.04,50979.04
ACC-INV6442,INV6442,2025-04-07,2000-AP,45654,8217.72,53871.72
ACC-INV6443,INV6443,2025-04-08,2000-AP,45791,12821.48,58612.48
ACC-INV6444,INV6444,2025-04-09,2000-AP,45928,2296.4,48224.4
ACC-INV6445,INV6445,2025-04-10,2000-AP,46065,5527.8,51592.8
ACC-INV6446,INV6446,2025-04-11,2000-AP,46202,8316.36,54518.36
ACC-INV6447,INV6447,2025-04-12,2000-AP,46339,12974.92,59313.92
ACC-INV6448,INV6448,2025-04-13,2000-AP,46476,2323.8,48799.8
ACC-INV6449,INV6449,2025-04-14,2000-AP,46613,5593.56,52206.56
ACC-INV6450,INV6450,2025-04-15,2000-AP,850000,153000,1003000
ACC-INV6451,INV6451,2025-04-16,2000-AP,46887,13128.36,60015.36
ACC-INV6452,INV6452,2025-04-17,2000-AP,47024,2351.2,49375.2
ACC-INV6453,INV6453,2025-04-18,2000-AP,47161,5659.32,52820.32
ACC-INV6454,INV6454,2025-04-19,2000-AP,47298,8513.64,55811.64
ACC-INV6455,INV6455,2025-04-20,2000-AP,47435,13281.8,60716.8
ACC-INV6456,INV6456,2025-04-21,2000-AP,47572,2378.6,49950.6
ACC-INV6457,INV6457,2025-04-22,2000-AP,47709,5725.08,53434.08
ACC-INV6458,INV6458,2025-04-23,2000-AP,47846,8612.28,56458.28
ACC-INV6459,INV6459,2025-04-24,2000-AP,47983,13435.24,61418.24
ACC-INV6460,INV6460,2025-04-25,2000-AP,48120,2406,50526
ACC-INV6461,INV6461,2025-04-26,2000-AP,48257,5790.84,54047.84
ACC-INV6462,INV6462,2025-04-27,2000-AP,48394,8710.92,57104.92
ACC-INV6463,INV6463,2025-04-28,2000-AP,48531,13588.68,62119.68
ACC-INV6464,INV6464,2025-04-01,2000-AP,48668,2433.4,51101.4
ACC-INV6465,INV6465,2025-04-02,2000-AP,48805,5856.6,54661.6
ACC-INV6466,INV6466,2025-04-03,2000-AP,48942,8809.56,57751.56
ACC-INV6467,INV6467,2025-04-04,2000-AP,49079,13742.12,62821.12
ACC-INV6468,INV6468,2025-04-05,2000-AP,49216,2460.8,51676.8
ACC-INV6469,INV6469,2025-04-06,2000-AP,49353,5922.36,55275.36
ACC-INV6470,INV6470,2025-04-07,2000-AP,49490,8908.2,58398.2
ACC-INV6471,INV6471,2025-04-08,2000-AP,49627,13895.56,63522.56
ACC-INV6472,INV6472,2025-04-09,2000-AP,49764,2488.2,52252.2
ACC-INV6473,INV6473,2025-04-10,2000-AP,49901,5988.12,55889.12
ACC-INV6474,INV6474,2025-04-11,2000-AP,50038,9006.84,59044.84
ACC-INV6475,INV6475,2025-04-12,2000-AP,50175,14049,64224
ACC-INV6476,INV6476,2025-04-13,2000-AP,50312,2515.6,52827.6
ACC-INV6477,INV6477,2025-04-14,2000-AP,50449,6053.88,56502.88
ACC-INV6478,INV6478,2025-04-15,2000-AP,50586,9105.48,59691.48
ACC-INV6479,INV6479,2025-04-16,2000-AP,50723,14202.44,64925.44
ACC-INV6480,INV6480,2025-04-17,2000-AP,50860,2543,53403
ACC-INV6481,INV6481,2025-04-18,2000-AP,50997,6119.64,57116.64
ACC-INV6482,INV6482,2025-04-19,2000-AP,51134,9204.12,60338.12
ACC-INV6483,INV6483,2025-04-20,2000-AP,51271,14355.88,65626.88
ACC-INV6484,INV6484,2025-04-21,2000-AP,51408,2570.4,53978.4
ACC-INV6485,INV6485,2025-04-22,2000-AP,51545,6185.4,57730.4
ACC-INV6486,INV6486,2025-04-23,2000-AP,51682,9302.76,60984.76
ACC-INV6487,INV6487,2025-04-24,2000-AP,51819,14509.32,66328.32
ACC-INV6488,INV6488,2025-04-25,2000-AP,51956,2597.8,54553.8
ACC-INV6489,INV6489,2025-04-26,2000-AP,52093,6251.16,58344.16
ACC-INV6490,INV6490,2025-04-27,2000-AP,52230,9401.4,61631.4
ACC-INV6491,INV6491,2025-04-28,2000-AP,52367,14662.76,67029.76
ACC-INV6492,INV6492,2025-04-01,2000-AP,52504,2625.2,55129.2
ACC-INV6493,INV6493,2025-04-02,2000-AP,52641,6316.92,58957.92
ACC-INV6494,INV6494,2025-04-03,2000-AP,52778,9500.04,62278.04
ACC-INV6495,INV6495,2025-04-04,2000-AP,52915,14816.2,67731.2
ACC-INV6496,INV6496,2025-04-05,2000-AP,53052,2652.6,55704.6
ACC-INV6497,INV6497,2025-04-06,2000-AP,53189,6382.68,59571.68
ACC-INV6498,INV6498,2025-04-07,2000-AP,53326,9598.68,62924.68
ACC-INV6499,INV6499,2025-04-08,2000-AP,53463,14969.64,68432.64
ACC-INV6500,INV6500,2025-04-09,2000-AP,53600,2680,56280
ACC-INV6501,INV6501,2025-04-10,2000-AP,53737,6448.44,60185.44
ACC-INV6502,INV6502,2025-04-11,2000-AP,53874,9697.32,63571.32
ACC-INV6503,INV6503,2025-04-12,2000-AP,54011,15123.08,69134.08
ACC-INV6504,INV6504,2025-04-13,2000-AP,54148,2707.4,56855.4
ACC-INV6505,INV6505,2025-04-14,2000-AP,54285,6514.2,60799.2
ACC-INV6506,INV6506,2025-04-15,2000-AP,54422,9795.96,64217.96
ACC-INV6507,INV6507,2025-04-16,2000-AP,54559,15276.52,69835.52
ACC-INV6508,INV6508,2025-04-17,2000-AP,54696,2734.8,57430.8
ACC-INV6509,INV6509,2025-04-18,2000-AP,54833,6579.96,61412.96
ACC-INV6510,INV6510,2025-04-19,2000-AP,54970,9894.6,64864.6
ACC-INV6511,INV6511,2025-04-20,2000-AP,55107,15429.96,70536.96
ACC-INV6512,INV6512,2025-04-21,2000-AP,55244,2762.2,58006.2
ACC-INV6513,INV6513,2025-04-22,2000-AP,55381,6645.72,62026.72
ACC-INV6514,INV6514,2025-04-23,2000-AP,55518,9993.24,65511.24
ACC-INV6515,INV6515,2025-04-24,2000-AP,55655,15583.4,71238.4
ACC-INV6516,INV6516,2025-04-25,2000-AP,55792,2789.6,58581.6
ACC-INV6517,INV6517,2025-04-26,2000-AP,55929,6711.48,62640.48
ACC-INV6518,INV6518,2025-04-27,2000-AP,56066,10091.88,66157.88
ACC-INV6519,INV6519,2025-04-28,2000-AP,56203,15736.84,71939.84
ACC-INV6520,INV6520,2025-04-01,2000-AP,56340,2817,59157
ACC-INV6521,INV6521,2025-04-02,2000-AP,56477,6777.24,63254.24
ACC-INV6522,INV6522,2025-04-03,2000-AP,56614,10190.52,66804.52
ACC-INV6523,INV6523,2025-04-04,2000-AP,56751,15890.28,72641.28
ACC-INV6524,INV6524,2025-04-05,2000-AP,56888,2844.4,59732.4
ACC-INV6525,INV6525,2025-04-06,2000-AP,57025,6843,63868
ACC-INV6526,INV6526,2025-04-07,2000-AP,57162,10289.16,67451.16
ACC-INV6527,INV6527,2025-04-08,2000-AP,57299,16043.72,73342.72
ACC-INV6528,INV6528,2025-04-09,2000-AP,57436,2871.8,60307.8
ACC-INV6529,INV6529,2025-04-10,2000-AP,57573,6908.76,64481.76
ACC-INV6530,INV6530,2025-04-11,2000-AP,57710,10387.8,68097.8
ACC-INV6531,INV6531,2025-04-12,2000-AP,57847,16197.16,74044.16
ACC-INV6532,INV6532,2025-04-13,2000-AP,57984,2899.2,60883.2
ACC-INV6533,INV6533,2025-04-14,2000-AP,58121,6974.52,65095.52
ACC-INV6534,INV6534,2025-04-15,2000-AP,58258,10486.44,68744.44
ACC-INV6535,INV6535,2025-04-16,2000-AP,58395,16350.6,74745.6
ACC-INV6536,INV6536,2025-04-17,2000-AP,58532,2926.6,61458.6
ACC-INV6537,INV6537,2025-04-18,2000-AP,58669,7040.28,65709.28
ACC-INV6538,INV6538,2025-04-19,2000-AP,58806,10585.08,69391.08
ACC-INV6539,INV6539,2025-04-20,2000-AP,58943,16504.04,75447.04
ACC-INV6540,INV6540,2025-04-21,2000-AP,59080,2954,62034
ACC-INV6541,INV6541,2025-04-22,2000-AP,59217,7106.04,66323.04
ACC-INV6542,INV6542,2025-04-23,2000-AP,59354,10683.72,70037.72
ACC-INV6543,INV6543,2025-04-24,2000-AP,59491,16657.48,76148.48
ACC-INV6544,INV6544,2025-04-25,2000-AP,59628,2981.4,62609.4
ACC-INV6545,INV6545,2025-04-26,2000-AP,59765,7171.8,66936.8
ACC-INV6546,INV6546,2025-04-27,2000-AP,59902,10782.36,70684.36
ACC-INV6547,INV6547,2025-04-28,2000-AP,60039,16810.92,76849.92
ACC-INV6548,INV6548,2025-04-01,2000-AP,60176,3008.8,63184.8
ACC-INV6549,INV6549,2025-04-02,2000-AP,60313,7237.56,67550.56
ACC-INV6550,INV6550,2025-04-03,2000-AP,60450,10881,71331
ACC-INV6551,INV6551,2025-04-04,2000-AP,60587,16964.36,77551.36
ACC-INV6552,INV6552,2025-04-05,2000-AP,60724,3036.2,63760.2
ACC-INV6553,INV6553,2025-04-06,2000-AP,60861,7303.32,68164.32
ACC-INV6554,INV6554,2025-04-07,2000-AP,60998,10979.64,71977.64
ACC-INV6555,INV6555,2025-04-08,2000-AP,61135,17117.8,78252.8
ACC-INV6556,INV6556,2025-04-09,2000-AP,61272,3063.6,64335.6
ACC-INV6557,INV6557,2025-04-10,2000-AP,61409,7369.08,68778.08
ACC-INV6558,INV6558,2025-04-11,2000-AP,61546,11078.28,72624.28
ACC-INV6559,INV6559,2025-04-12,2000-AP,61683,17271.24,78954.24
ACC-INV6560,INV6560,2025-04-13,2000-AP,61820,3091,64911
ACC-INV6561,INV6561,2025-04-14,2000-AP,61957,7434.84,69391.84
ACC-INV6562,INV6562,2025-04-15,2000-AP,62094,11176.92,73270.92
ACC-INV6563,INV6563,2025-04-16,2000-AP,62231,17424.68,79655.68
ACC-INV6564,INV6564,2025-04-17,2000-AP,62368,3118.4,65486.4
ACC-INV6565,INV6565,2025-04-18,2000-AP,62505,7500.6,70005.6
ACC-INV6566,INV6566,2025-04-19,2000-AP,62642,11275.56,73917.56
ACC-INV6567,INV6567,2025-04-20,2000-AP,62779,17578.12,80357.12
ACC-INV6568,INV6568,2025-04-21,2000-AP,62916,3145.8,66061.8
ACC-INV6569,INV6569,2025-04-22,2000-AP,63053,7566.36,70619.36
ACC-INV6570,INV6570,2025-04-23,2000-AP,63190,11374.2,74564.2
ACC-INV6571,INV6571,2025-04-24,2000-AP,63327,17731.56,81058.56
ACC-INV6572,INV6572,2025-04-25,2000-AP,63464,3173.2,66637.2
ACC-INV6573,INV6573,2025-04-26,2000-AP,63601,7632.12,71233.12
ACC-INV6574,INV6574,2025-04-27,2000-AP,63738,11472.84,75210.84
ACC-INV6575,INV6575,2025-04-28,2000-AP,63875,17885,81760
ACC-INV6576,INV6576,2025-04-01,2000-AP,64012,3200.6,67212.6
ACC-INV6577,INV6577,2025-04-02,2000-AP,64149,7697.88,71846.88
ACC-INV6578,INV6578,2025-04-03,2000-AP,64286,11571.48,75857.48
ACC-INV6579,INV6579,2025-04-04,2000-AP,64423,18038.44,82461.44
ACC-INV6580,INV6580,2025-04-05,2000-AP,64560,3228,67788
ACC-INV6581,INV6581,2025-04-06,2000-AP,64697,7763.64,72460.64
ACC-INV6582,INV6582,2025-04-07,2000-AP,64834,11670.12,76504.12
ACC-INV6583,INV6583,2025-04-08,2000-AP,64971,18191.88,83162.88
ACC-INV6584,INV6584,2025-04-09,2000-AP,65108,3255.4,68363.4
ACC-INV6585,INV6585,2025-04-10,2000-AP,65245,7829.4,73074.4
ACC-INV6586,INV6586,2025-04-11,2000-AP,65382,11768.76,77150.76
ACC-INV6587,INV6587,2025-04-12,2000-AP,65519,18345.32,83864.32
ACC-INV6588,INV6588,2025-04-13,2000-AP,65656,3282.8,68938.8
ACC-INV6589,INV6589,2025-04-14,2000-AP,65793,7895.16,73688.16
ACC-INV6590,INV6590,2025-04-15,2000-AP,65930,11867.4,77797.4
ACC-INV6591,INV6591,2025-04-16,2000-AP,66067,18498.76,84565.76
ACC-INV6592,INV6592,2025-04-17,2000-AP,66204,3310.2,69514.2
ACC-INV6593,INV6593,2025-04-18,2000-AP,66341,7960.92,74301.92
ACC-INV6594,INV6594,2025-04-19,2000-AP,66478,11966.04,78444.04
ACC-INV6595,INV6595,2025-04-20,2000-AP,66615,18652.2,85267.2
ACC-INV6596,INV6596,2025-04-21,2000-AP,66752,3337.6,70089.6
ACC-INV6597,INV6597,2025-04-22,2000-AP,66889,8026.68,74915.68
ACC-INV6598,INV6598,2025-04-23,2000-AP,67026,12064.68,79090.68
ACC-INV6599,INV6599,2025-04-24,2000-AP,67163,18805.64,85968.64
ACC-INV6600,INV6600,2025-04-25,2000-AP,67300,3365,70665
ACC-INV6601,INV6601,2025-04-26,2000-AP,67437,8092.44,75529.44
ACC-INV6602,INV6602,2025-04-27,2000-AP,67574,12163.32,79737.32
ACC-INV6603,INV6603,2025-04-28,2000-AP,67711,18959.08,86670.08
ACC-INV6604,INV6604,2025-04-01,2000-AP,67848,3392.4,71240.4
ACC-INV6605,INV6605,2025-04-02,2000-AP,67985,8158.2,76143.2
ACC-INV6606,INV6606,2025-04-03,2000-AP,68122,12261.96,80383.96
ACC-INV6607,INV6607,2025-04-04,2000-AP,68259,19112.52,87371.52
ACC-INV6608,INV6608,2025-04-05,2000-AP,68396,3419.8,71815.8
ACC-INV6609,INV6609,2025-04-06,2000-AP,68533,8223.96,76756.96
ACC-INV6610,INV6610,2025-04-07,2000-AP,68670,12360.6,81030.6
ACC-INV6611,INV6611,2025-04-08,2000-AP,68807,19265.96,88072.96
ACC-INV6612,INV6612,2025-04-09,2000-AP,68944,3447.2,72391.2
ACC-INV6613,INV6613,2025-04-10,2000-AP,69081,8289.72,77370.72
ACC-INV6614,INV6614,2025-04-11,2000-AP,69218,12459.24,81677.24
ACC-INV6615,INV6615,2025-04-12,2000-AP,69355,19419.4,88774.4
ACC-INV6616,INV6616,2025-04-13,2000-AP,69492,3474.6,72966.6
ACC-INV6617,INV6617,2025-04-14,2000-AP,69629,8355.48,77984.48
ACC-INV6618,INV6618,2025-04-15,2000-AP,69766,12557.88,82323.88
ACC-INV6619,INV6619,2025-04-16,2000-AP,69903,19572.84,89475.84
ACC-INV6620,INV6620,2025-04-17,2000-AP,70040,3502,73542
ACC-INV6621,INV6621,2025-04-18,2000-AP,70177,8421.24,78598.24
ACC-INV6622,INV6622,2025-04-19,2000-AP,70314,12656.52,82970.52
ACC-INV6623,INV6623,2025-04-20,2000-AP,70451,19726.28,90177.28
ACC-INV6624,INV6624,2025-04-21,2000-AP,70588,3529.4,74117.4
ACC-INV6625,INV6625,2025-04-22,2000-AP,70725,8487,79212
ACC-INV6626,INV6626,2025-04-23,2000-AP,70862,12755.16,83617.16
ACC-INV6627,INV6627,2025-04-24,2000-AP,70999,19879.72,90878.72
ACC-INV6628,INV6628,2025-04-25,2000-AP,71136,3556.8,74692.8
ACC-INV6629,INV6629,2025-04-26,2000-AP,71273,8552.76,79825.76
ACC-INV6630,INV6630,2025-04-27,2000-AP,71410,12853.8,84263.8
ACC-INV6631,INV6631,2025-04-28,2000-AP,71547,20033.16,91580.16
ACC-INV6632,INV6632,2025-04-01,2000-AP,71684,3584.2,75268.2
ACC-INV6633,INV6633,2025-04-02,2000-AP,71821,8618.52,80439.52
ACC-INV6634,INV6634,2025-04-03,2000-AP,71958,12952.44,84910.44
ACC-INV6635,INV6635,2025-04-04,2000-AP,72095,20186.6,92281.6
ACC-INV6636,INV6636,2025-04-05,2000-AP,72232,3611.6,75843.6
ACC-INV6637,INV6637,2025-04-06,2000-AP,72369,8684.28,81053.28
ACC-INV6638,INV6638,2025-04-07,2000-AP,72506,13051.08,85557.08
ACC-INV6639,INV6639,2025-04-08,2000-AP,72643,20340.04,92983.04
ACC-INV6640,INV6640,2025-04-09,2000-AP,72780,3639,76419
ACC-INV6641,INV6641,2025-04-10,2000-AP,72917,8750.04,81667.04
ACC-INV6642,INV6642,2025-04-11,2000-AP,73054,13149.72,86203.72
ACC-INV6643,INV6643,2025-04-12,2000-AP,73191,20493.48,93684.48
ACC-INV6644,INV6644,2025-04-13,2000-AP,73328,3666.4,76994.4
ACC-INV6645,INV6645,2025-04-14,2000-AP,73465,8815.8,82280.8
ACC-INV6646,INV6646,2025-04-15,2000-AP,73602,13248.36,86850.36
ACC-INV6647,INV6647,2025-04-16,2000-AP,73739,20646.92,94385.92
ACC-INV6648,INV6648,2025-04-17,2000-AP,73876,3693.8,77569.8
ACC-INV6649,INV6649,2025-04-18,2000-AP,74013,8881.56,82894.56
ACC-INV6650,INV6650,2025-04-19,2000-AP,74150,13347,87497
ACC-INV6651,INV6651,2025-04-20,2000-AP,74287,20800.36,95087.36
ACC-INV6652,INV6652,2025-04-21,2000-AP,74424,3721.2,78145.2
ACC-INV6653,INV6653,2025-04-22,2000-AP,74561,8947.32,83508.32
ACC-INV6654,INV6654,2025-04-23,2000-AP,74698,13445.64,88143.64
ACC-INV6655,INV6655,2025-04-24,2000-AP,74835,20953.8,95788.8
ACC-INV6656,INV6656,2025-04-25,2000-AP,74972,3748.6,78720.6
ACC-INV6657,INV6657,2025-04-26,2000-AP,75109,9013.08,84122.08
ACC-INV6658,INV6658,2025-04-27,2000-AP,75246,13544.28,88790.28
ACC-INV6659,INV6659,2025-04-28,2000-AP,75383,21107.24,96490.24
ACC-INV6660,INV6660,2025-04-01,2000-AP,75520,3776,79296
ACC-INV6661,INV6661,2025-04-02,2000-AP,75657,9078.84,84735.84
ACC-INV6662,INV6662,2025-04-03,2000-AP,75794,13642.92,89436.92
ACC-INV6663,INV6663,2025-04-04,2000-AP,75931,21260.68,97191.68
ACC-INV6664,INV6664,2025-04-05,2000-AP,76068,3803.4,79871.4
ACC-INV6665,INV6665,2025-04-06,2000-AP,76205,9144.6,85349.6
ACC-INV6666,INV6666,2025-04-07,2000-AP,76342,13741.56,90083.56
ACC-INV6667,INV6667,2025-04-08,2000-AP,76479,21414.12,97893.12
ACC-INV6668,INV6668,2025-04-09,2000-AP,76616,3830.8,80446.8
ACC-INV6669,INV6669,2025-04-10,2000-AP,76753,9210.36,85963.36
ACC-INV6670,INV6670,2025-04-11,2000-AP,76890,13840.2,90730.2
ACC-INV6671,INV6671,2025-04-12,2000-AP,77027,21567.56,98594.56
ACC-INV6672,INV6672,2025-04-13,2000-AP,77164,3858.2,81022.2
ACC-INV6673,INV6673,2025-04-14,2000-AP,77301,9276.12,86577.12
ACC-INV6674,INV6674,2025-04-15,2000-AP,77438,13938.84,91376.84
ACC-INV6675,INV6675,2025-04-16,2000-AP,2575,721,3296
ACC-INV6676,INV6676,2025-04-17,2000-AP,2712,135.6,2847.6
ACC-INV6677,INV6677,2025-04-18,2000-AP,2849,341.88,3190.88
ACC-INV6678,INV6678,2025-04-19,2000-AP,2986,537.48,3523.48
ACC-INV6679,INV6679,2025-04-20,2000-AP,3123,874.44,3997.44
ACC-INV6680,INV6680,2025-04-21,2000-AP,3260,163,3423
ACC-INV6681,INV6681,2025-04-22,2000-AP,3397,407.64,3804.64
ACC-INV6682,INV6682,2025-04-23,2000-AP,3534,636.12,4170.12
ACC-INV6683,INV6683,2025-04-24,2000-AP,3671,1027.88,4698.88
ACC-INV6684,INV6684,2025-04-25,2000-AP,3808,190.4,3998.4
ACC-INV6685,INV6685,2025-04-26,2000-AP,3945,473.4,4418.4
ACC-INV6686,INV6686,2025-04-27,2000-AP,4082,734.76,4816.76
ACC-INV6687,INV6687,2025-04-28,2000-AP,4219,1181.32,5400.32
ACC-INV6688,INV6688,2025-04-01,2000-AP,4356,217.8,4573.8
ACC-INV6689,INV6689,2025-04-02,2000-AP,4493,539.16,5032.16
ACC-INV6690,INV6690,2025-04-03,2000-AP,4630,833.4,5463.4
ACC-INV6691,INV6691,2025-04-04,2000-AP,4767,1334.76,6101.76
ACC-INV6692,INV6692,2025-04-05,2000-AP,4904,245.2,5149.2
ACC-INV6693,INV6693,2025-04-06,2000-AP,5041,604.92,5645.92
ACC-INV6694,INV6694,2025-04-07,2000-AP,5178,932.04,6110.04
ACC-INV6695,INV6695,2025-04-08,2000-AP,5315,1488.2,6803.2
ACC-INV6696,INV6696,2025-04-09,2000-AP,5452,272.6,5724.6
ACC-INV6697,INV6697,2025-04-10,2000-AP,5589,670.68,6259.68
ACC-INV6698,INV6698,2025-04-11,2000-AP,5726,1030.68,6756.68
ACC-INV6699,INV6699,2025-04-12,2000-AP,5863,1641.64,7504.64
ACC-INV6700,INV6700,2025-04-13,2000-AP,1050000,52500,1102500
ACC-INV6701,INV6701,2025-04-14,2000-AP,6137,736.44,6873.44
ACC-INV6702,INV6702,2025-04-15,2000-AP,6274,1129.32,7403.32
ACC-INV6703,INV6703,2025-04-16,2000-AP,6411,1795.08,8206.08
ACC-INV6704,INV6704,2025-04-17,2000-AP,6548,327.4,6875.4
ACC-INV6705,INV6705,2025-04-18,2000-AP,6685,802.2,7487.2
ACC-INV6706,INV6706,2025-04-19,2000-AP,6822,1227.96,8049.96
ACC-INV6707,INV6707,2025-04-20,2000-AP,6959,1948.52,8907.52
ACC-INV6708,INV6708,2025-04-21,2000-AP,7096,354.8,7450.8
ACC-INV6709,INV6709,2025-04-22,2000-AP,7233,867.96,8100.96
ACC-INV6710,INV6710,2025-04-23,2000-AP,7370,1326.6,8696.6
ACC-INV6711,INV6711,2025-04-24,2000-AP,7507,2101.96,9608.96
ACC-INV6712,INV6712,2025-04-25,2000-AP,7644,382.2,8026.2
ACC-INV6713,INV6713,2025-04-26,2000-AP,7781,933.72,8714.72
ACC-INV6714,INV6714,2025-04-27,2000-AP,7918,1425.24,9343.24
ACC-INV6715,INV6715,2025-04-28,2000-AP,8055,2255.4,10310.4
ACC-INV6716,INV6716,2025-04-01,2000-AP,8192,409.6,8601.6
ACC-INV6717,INV6717,2025-04-02,2000-AP,8329,999.48,9328.48
ACC-INV6718,INV6718,2025-04-03,2000-AP,8466,1523.88,9989.88
ACC-INV6719,INV6719,2025-04-04,2000-AP,8603,2408.84,11011.84
ACC-INV6720,INV6720,2025-04-05,2000-AP,8740,437,9177
ACC-INV6721,INV6721,2025-04-06,2000-AP,8877,1065.24,9942.24
ACC-INV6722,INV6722,2025-04-07,2000-AP,9014,1622.52,10636.52
ACC-INV6723,INV6723,2025-04-08,2000-AP,9151,2562.28,11713.28
ACC-INV6724,INV6724,2025-04-09,2000-AP,9288,464.4,9752.4
ACC-INV6725,INV6725,2025-04-10,2000-AP,9425,1131,10556
ACC-INV6726,INV6726,2025-04-11,2000-AP,9562,1721.16,11283.16
ACC-INV6727,INV6727,2025-04-12,2000-AP,9699,2715.72,12414.72
ACC-INV6728,INV6728,2025-04-13,2000-AP,9836,491.8,10327.8
ACC-INV6729,INV6729,2025-04-14,2000-AP,9973,1196.76,11169.76
ACC-INV6730,INV6730,2025-04-15,2000-AP,10110,1819.8,11929.8
ACC-INV6731,INV6731,2025-04-16,2000-AP,10247,2869.16,13116.16
ACC-INV6732,INV6732,2025-04-17,2000-AP,10384,519.2,10903.2
ACC-INV6733,INV6733,2025-04-18,2000-AP,10521,1262.52,11783.52
ACC-INV6734,INV6734,2025-04-19,2000-AP,10658,1918.44,12576.44
ACC-INV6735,INV6735,2025-04-20,2000-AP,10795,3022.6,13817.6
ACC-INV6736,INV6736,2025-04-21,2000-AP,10932,546.6,11478.6
ACC-INV6737,INV6737,2025-04-22,2000-AP,11069,1328.28,12397.28
ACC-INV6738,INV6738,2025-04-23,2000-AP,11206,2017.08,13223.08
ACC-INV6739,INV6739,2025-04-24,2000-AP,11343,3176.04,14519.04
ACC-INV6740,INV6740,2025-04-25,2000-AP,11480,574,12054
ACC-INV6741,INV6741,2025-04-26,2000-AP,11617,1394.04,13011.04
ACC-INV6742,INV6742,2025-04-27,2000-AP,11754,2115.72,13869.72
ACC-INV6743,INV6743,2025-04-28,2000-AP,11891,3329.48,15220.48
ACC-INV6744,INV6744,2025-04-01,2000-AP,12028,601.4,12629.4
ACC-INV6745,INV6745,2025-04-02,2000-AP,12165,1459.8,13624.8
ACC-INV6746,INV6746,2025-04-03,2000-AP,12302,2214.36,14516.36
ACC-INV6747,INV6747,2025-04-04,2000-AP,12439,3482.92,15921.92
ACC-INV6748,INV6748,2025-04-05,2000-AP,12576,628.8,13204.8
ACC-INV6749,INV6749,2025-04-06,2000-AP,12713,1525.56,14238.56
ACC-INV6750,INV6750,2025-04-07,2000-AP,12850,2313,15163
ACC-INV6751,INV6751,2025-04-08,2000-AP,12987,3636.36,16623.36
ACC-INV6752,INV6752,2025-04-09,2000-AP,13124,656.2,13780.2
ACC-INV6753,INV6753,2025-04-10,2000-AP,13261,1591.32,14852.32
ACC-INV6754,INV6754,2025-04-11,2000-AP,13398,2411.64,15809.64
ACC-INV6755,INV6755,2025-04-12,2000-AP,13535,3789.8,17324.8
ACC-INV6756,INV6756,2025-04-13,2000-AP,13672,683.6,14355.6
ACC-INV6757,INV6757,2025-04-14,2000-AP,13809,1657.08,15466.08
ACC-INV6758,INV6758,2025-04-15,2000-AP,13946,2510.28,16456.28
ACC-INV6759,INV6759,2025-04-16,2000-AP,14083,3943.24,18026.24
ACC-INV6760,INV6760,2025-04-17,2000-AP,14220,711,14931
ACC-INV6761,INV6761,2025-04-18,2000-AP,14357,1722.84,16079.84
ACC-INV6762,INV6762,2025-04-19,2000-AP,14494,2608.92,17102.92
ACC-INV6763,INV6763,2025-04-20,2000-AP,14631,4096.68,18727.68
ACC-INV6764,INV6764,2025-04-21,2000-AP,14768,738.4,15506.4
ACC-INV6765,INV6765,2025-04-22,2000-AP,14905,1788.6,16693.6
ACC-INV6766,INV6766,2025-04-23,2000-AP,15042,2707.56,17749.56
ACC-INV6767,INV6767,2025-04-24,2000-AP,15179,4250.12,19429.12
ACC-INV6768,INV6768,2025-04-25,2000-AP,15316,765.8,16081.8
ACC-INV6769,INV6769,2025-04-26,2000-AP,15453,1854.36,17307.36
ACC-INV6770,INV6770,2025-04-27,2000-AP,15590,2806.2,18396.2
ACC-INV6771,INV6771,2025-04-28,2000-AP,15727,4403.56,20130.56
ACC-INV6772,INV6772,2025-04-01,2000-AP,15864,793.2,16657.2
ACC-INV6773,INV6773,2025-04-02,2000-AP,16001,1920.12,17921.12
ACC-INV6774,INV6774,2025-04-03,2000-AP,16138,2904.84,19042.84
ACC-INV6775,INV6775,2025-04-04,2000-AP,16275,4557,20832
ACC-INV6776,INV6776,2025-04-05,2000-AP,16412,820.6,17232.6
ACC-INV6777,INV6777,2025-04-06,2000-AP,16549,1985.88,18534.88
ACC-INV6778,INV6778,2025-04-07,2000-AP,16686,3003.48,19689.48
ACC-INV6779,INV6779,2025-04-08,2000-AP,16823,4710.44,21533.44
ACC-INV6780,INV6780,2025-04-09,2000-AP,16960,848,17808
ACC-INV6781,INV6781,2025-04-10,2000-AP,17097,2051.64,19148.64
ACC-INV6782,INV6782,2025-04-11,2000-AP,17234,3102.12,20336.12
ACC-INV6783,INV6783,2025-04-12,2000-AP,17371,4863.88,22234.88
ACC-INV6784,INV6784,2025-04-13,2000-AP,17508,875.4,18383.4
ACC-INV6785,INV6785,2025-04-14,2000-AP,17645,2117.4,19762.4
ACC-INV6786,INV6786,2025-04-15,2000-AP,17782,3200.76,20982.76
ACC-INV6787,INV6787,2025-04-16,2000-AP,17919,5017.32,22936.32
ACC-INV6788,INV6788,2025-04-17,2000-AP,18056,902.8,18958.8
ACC-INV6789,INV6789,2025-04-18,2000-AP,18193,2183.16,20376.16
ACC-INV6790,INV6790,2025-04-19,2000-AP,18330,3299.4,21629.4
ACC-INV6791,INV6791,2025-04-20,2000-AP,18467,5170.76,23637.76
ACC-INV6792,INV6792,2025-04-21,2000-AP,18604,930.2,19534.2
ACC-INV6793,INV6793,2025-04-22,2000-AP,18741,2248.92,20989.92
ACC-INV6794,INV6794,2025-04-23,2000-AP,18878,3398.04,22276.04
ACC-INV6795,INV6795,2025-04-24,2000-AP,19015,5324.2,24339.2
ACC-INV6796,INV6796,2025-04-25,2000-AP,19152,957.6,20109.6
ACC-INV6797,INV6797,2025-04-26,2000-AP,19289,2314.68,21603.68
ACC-INV6798,INV6798,2025-04-27,2000-AP,19426,3496.68,22922.68
ACC-INV6799,INV6799,2025-04-28,2000-AP,19563,5477.64,25040.64
ACC-INV6800,INV6800,2025-04-01,2000-AP,19700,985,20685
ACC-INV6801,INV6801,2025-04-02,2000-AP,19837,2380.44,22217.44
ACC-INV6802,INV6802,2025-04-03,2000-AP,19974,3595.32,23569.32
ACC-INV6803,INV6803,2025-04-04,2000-AP,20111,5631.08,25742.08
ACC-INV6804,INV6804,2025-04-05,2000-AP,20248,1012.4,21260.4
ACC-INV6805,INV6805,2025-04-06,2000-AP,20385,2446.2,22831.2
ACC-INV6806,INV6806,2025-04-07,2000-AP,20522,3693.96,24215.96
ACC-INV6807,INV6807,2025-04-08,2000-AP,20659,5784.52,26443.52
ACC-INV6808,INV6808,2025-04-09,2000-AP,20796,1039.8,21835.8
ACC-INV6809,INV6809,2025-04-10,2000-AP,20933,2511.96,23444.96
ACC-INV6810,INV6810,2025-04-11,2000-AP,21070,3792.6,24862.6
ACC-INV6811,INV6811,2025-04-12,2000-AP,21207,5937.96,27144.96
ACC-INV6812,INV6812,2025-04-13,2000-AP,21344,1067.2,22411.2
ACC-INV6813,INV6813,2025-04-14,2000-AP,21481,2577.72,24058.72
ACC-INV6814,INV6814,2025-04-15,2000-AP,21618,3891.24,25509.24
ACC-INV6815,INV6815,2025-04-16,2000-AP,21755,6091.4,27846.4
ACC-INV6816,INV6816,2025-04-17,2000-AP,21892,1094.6,22986.6
ACC-INV6817,INV6817,2025-04-18,2000-AP,22029,2643.48,24672.48
ACC-INV6818,INV6818,2025-04-19,2000-AP,22166,3989.88,26155.88
ACC-INV6819,INV6819,2025-04-20,2000-AP,22303,6244.84,28547.84
ACC-INV6820,INV6820,2025-04-21,2000-AP,22440,1122,23562
ACC-INV6821,INV6821,2025-04-22,2000-AP,22577,2709.24,25286.24
ACC-INV6822,INV6822,2025-04-23,2000-AP,22714,4088.52,26802.52
ACC-INV6823,INV6823,2025-04-24,2000-AP,22851,6398.28,29249.28
ACC-INV6824,INV6824,2025-04-25,2000-AP,22988,1149.4,24137.4
ACC-INV6825,INV6825,2025-04-26,2000-AP,23125,2775,25900
ACC-INV6826,INV6826,2025-04-27,2000-AP,23262,4187.16,27449.16
ACC-INV6827,INV6827,2025-04-28,2000-AP,23399,6551.72,29950.72
ACC-INV6828,INV6828,2025-04-01,2000-AP,23536,1176.8,24712.8
ACC-INV6829,INV6829,2025-04-02,2000-AP,23673,2840.76,26513.76
ACC-INV6830,INV6830,2025-04-03,2000-AP,23810,4285.8,28095.8
ACC-INV6831,INV6831,2025-04-04,2000-AP,23947,6705.16,30652.16
ACC-INV6832,INV6832,2025-04-05,2000-AP,24084,1204.2,25288.2
ACC-INV6833,INV6833,2025-04-06,2000-AP,24221,2906.52,27127.52
ACC-INV6834,INV6834,2025-04-07,2000-AP,24358,4384.44,28742.44
ACC-INV6835,INV6835,2025-04-08,2000-AP,24495,6858.6,31353.6
ACC-INV6836,INV6836,2025-04-09,2000-AP,24632,1231.6,25863.6
ACC-INV6837,INV6837,2025-04-10,2000-AP,24769,2972.28,27741.28
ACC-INV6838,INV6838,2025-04-11,2000-AP,24906,4483.08,29389.08
ACC-INV6839,INV6839,2025-04-12,2000-AP,25043,7012.04,32055.04
ACC-INV6840,INV6840,2025-04-13,2000-AP,25180,1259,26439
ACC-INV6841,INV6841,2025-04-14,2000-AP,25317,3038.04,28355.04
ACC-INV6842,INV6842,2025-04-15,2000-AP,25454,4581.72,30035.72
ACC-INV6843,INV6843,2025-04-16,2000-AP,25591,7165.48,32756.48
ACC-INV6844,INV6844,2025-04-17,2000-AP,25728,1286.4,27014.4
ACC-INV6845,INV6845,2025-04-18,2000-AP,25865,3103.8,28968.8
ACC-INV6846,INV6846,2025-04-19,2000-AP,26002,4680.36,30682.36
ACC-INV6847,INV6847,2025-04-20,2000-AP,26139,7318.92,33457.92
ACC-INV6848,INV6848,2025-04-21,2000-AP,26276,1313.8,27589.8
ACC-INV6849,INV6849,2025-04-22,2000-AP,26413,3169.56,29582.56
ACC-INV6850,INV6850,2025-04-23,2000-AP,26550,4779,31329
ACC-INV6851,INV6851,2025-04-24,2000-AP,26687,7472.36,34159.36
ACC-INV6852,INV6852,2025-04-25,2000-AP,26824,1341.2,28165.2
ACC-INV6853,INV6853,2025-04-26,2000-AP,26961,3235.32,30196.32
ACC-INV6854,INV6854,2025-04-27,2000-AP,27098,4877.64,31975.64
ACC-INV6855,INV6855,2025-04-28,2000-AP,27235,7625.8,34860.8
ACC-INV6856,INV6856,2025-04-01,2000-AP,27372,1368.6,28740.6
ACC-INV6857,INV6857,2025-04-02,2000-AP,27509,3301.08,30810.08
ACC-INV6858,INV6858,2025-04-03,2000-AP,27646,4976.28,32622.28
ACC-INV6859,INV6859,2025-04-04,2000-AP,27783,7779.24,35562.24
ACC-INV6860,INV6860,2025-04-05,2000-AP,27920,1396,29316
ACC-INV6861,INV6861,2025-04-06,2000-AP,28057,3366.84,31423.84
ACC-INV6862,INV6862,2025-04-07,2000-AP,28194,5074.92,33268.92
ACC-INV6863,INV6863,2025-04-08,2000-AP,28331,7932.68,36263.68
ACC-INV6864,INV6864,2025-04-09,2000-AP,28468,1423.4,29891.4
ACC-INV6865,INV6865,2025-04-10,2000-AP,28605,3432.6,32037.6
ACC-INV6866,INV6866,2025-04-11,2000-AP,28742,5173.56,33915.56
ACC-INV6867,INV6867,2025-04-12,2000-AP,28879,8086.12,36965.12
ACC-INV6868,INV6868,2025-04-13,2000-AP,29016,1450.8,30466.8
ACC-INV6869,INV6869,2025-04-14,2000-AP,29153,3498.36,32651.36
ACC-INV6870,INV6870,2025-04-15,2000-AP,29290,5272.2,34562.2
ACC-INV6871,INV6871,2025-04-16,2000-AP,29427,8239.56,37666.56
ACC-INV6872,INV6872,2025-04-17,2000-AP,29564,1478.2,31042.2
ACC-INV6873,INV6873,2025-04-18,2000-AP,29701,3564.12,33265.12
ACC-INV6874,INV6874,2025-04-19,2000-AP,29838,5370.84,35208.84
ACC-INV6875,INV6875,2025-04-20,2000-AP,29975,8393,38368
ACC-INV6876,INV6876,2025-04-21,2000-AP,30112,1505.6,31617.6
ACC-INV6877,INV6877,2025-04-22,2000-AP,30249,3629.88,33878.88
ACC-INV6878,INV6878,2025-04-23,2000-AP,30386,5469.48,35855.48
ACC-INV6879,INV6879,2025-04-24,2000-AP,30523,8546.44,39069.44
ACC-INV6880,INV6880,2025-04-25,2000-AP,30660,1533,32193
ACC-INV6881,INV6881,2025-04-26,2000-AP,30797,3695.64,34492.64
ACC-INV6882,INV6882,2025-04-27,2000-AP,30934,5568.12,36502.12
ACC-INV6883,INV6883,2025-04-28,2000-AP,31071,8699.88,39770.88
ACC-INV6884,INV6884,2025-04-01,2000-AP,31208,1560.4,32768.4
ACC-INV6885,INV6885,2025-04-02,2000-AP,31345,3761.4,35106.4
ACC-INV6886,INV6886,2025-04-03,2000-AP,31482,5666.76,37148.76
ACC-INV6887,INV6887,2025-04-04,2000-AP,31619,8853.32,40472.32
ACC-INV6888,INV6888,2025-04-05,2000-AP,31756,1587.8,33343.8
ACC-INV6889,INV6889,2025-04-06,2000-AP,31893,3827.16,35720.16
ACC-INV6890,INV6890,2025-04-07,2000-AP,32030,5765.4,37795.4
ACC-INV6891,INV6891,2025-04-08,2000-AP,32167,9006.76,41173.76
ACC-INV6892,INV6892,2025-04-09,2000-AP,32304,1615.2,33919.2
ACC-INV6893,INV6893,2025-04-10,2000-AP,32441,3892.92,36333.92
ACC-INV6894,INV6894,2025-04-11,2000-AP,32578,5864.04,38442.04
ACC-INV6895,INV6895,2025-04-12,2000-AP,32715,9160.2,41875.2
ACC-INV6896,INV6896,2025-04-13,2000-AP,32852,1642.6,34494.6
ACC-INV6897,INV6897,2025-04-14,2000-AP,32989,3958.68,36947.68
ACC-INV6898,INV6898,2025-04-15,2000-AP,33126,5962.68,39088.68
ACC-INV6899,INV6899,2025-04-16,2000-AP,33263,9313.64,42576.64
ACC-INV6900,INV6900,2025-04-17,2000-AP,33400,1670,35070
ACC-INV6901,INV6901,2025-04-18,2000-AP,33537,4024.44,37561.44
ACC-INV6902,INV6902,2025-04-19,2000-AP,33674,6061.32,39735.32
ACC-INV6903,INV6903,2025-04-20,2000-AP,33811,9467.08,43278.08
ACC-INV6904,INV6904,2025-04-21,2000-AP,33948,1697.4,35645.4
ACC-INV6905,INV6905,2025-04-22,2000-AP,34085,4090.2,38175.2
ACC-INV6906,INV6906,2025-04-23,2000-AP,34222,6159.96,40381.96
ACC-INV6907,INV6907,2025-04-24,2000-AP,34359,9620.52,43979.52
ACC-INV6908,INV6908,2025-04-25,2000-AP,34496,1724.8,36220.8
ACC-INV6909,INV6909,2025-04-26,2000-AP,34633,4155.96,38788.96
ACC-INV6910,INV6910,2025-04-27,2000-AP,34770,6258.6,41028.6
ACC-INV6911,INV6911,2025-04-28,2000-AP,34907,9773.96,44680.96
ACC-INV6912,INV6912,2025-04-01,2000-AP,35044,1752.2,36796.2
ACC-INV6913,INV6913,2025-04-02,2000-AP,35181,4221.72,39402.72
ACC-INV6914,INV6914,2025-04-03,2000-AP,35318,6357.24,41675.24
ACC-INV6915,INV6915,2025-04-04,2000-AP,35455,9927.4,45382.4
ACC-INV6916,INV6916,2025-04-05,2000-AP,35592,1779.6,37371.6
ACC-INV6917,INV6917,2025-04-06,2000-AP,35729,4287.48,40016.48
ACC-INV6918,INV6918,2025-04-07,2000-AP,35866,6455.88,42321.88
ACC-INV6919,INV6919,2025-04-08,2000-AP,36003,10080.84,46083.84
ACC-INV6920,INV6920,2025-04-09,2000-AP,36140,1807,37947
ACC-INV6921,INV6921,2025-04-10,2000-AP,36277,4353.24,40630.24
ACC-INV6922,INV6922,2025-04-11,2000-AP,36414,6554.52,42968.52
ACC-INV6923,INV6923,2025-04-12,2000-AP,36551,10234.28,46785.28
ACC-INV6924,INV6924,2025-04-13,2000-AP,36688,1834.4,38522.4
ACC-INV6925,INV6925,2025-04-14,2000-AP,36825,4419,41244
ACC-INV6926,INV6926,2025-04-15,2000-AP,36962,6653.16,43615.16
ACC-INV6927,INV6927,2025-04-16,2000-AP,37099,10387.72,47486.72
ACC-INV6928,INV6928,2025-04-17,2000-AP,37236,1861.8,39097.8
ACC-INV6929,INV6929,2025-04-18,2000-AP,37373,4484.76,41857.76
ACC-INV6930,INV6930,2025-04-19,2000-AP,37510,6751.8,44261.8
ACC-INV6931,INV6931,2025-04-20,2000-AP,37647,10541.16,48188.16
ACC-INV6932,INV6932,2025-04-21,2000-AP,37784,1889.2,39673.2
ACC-INV6933,INV6933,2025-04-22,2000-AP,37921,4550.52,42471.52
ACC-INV6934,INV6934,2025-04-23,2000-AP,38058,6850.44,44908.44
ACC-INV6935,INV6935,2025-04-24,2000-AP,38195,10694.6,48889.6
ACC-INV6936,INV6936,2025-04-25,2000-AP,38332,1916.6,40248.6
ACC-INV6937,INV6937,2025-04-26,2000-AP,38469,4616.28,43085.28
ACC-INV6938,INV6938,2025-04-27,2000-AP,38606,6949.08,45555.08
ACC-INV6939,INV6939,2025-04-28,2000-AP,38743,10848.04,49591.04
ACC-INV6940,INV6940,2025-04-01,2000-AP,38880,1944,40824
ACC-INV6941,INV6941,2025-04-02,2000-AP,39017,4682.04,43699.04
ACC-INV6942,INV6942,2025-04-03,2000-AP,39154,7047.72,46201.72
ACC-INV6943,INV6943,2025-04-04,2000-AP,39291,11001.48,50292.48
ACC-INV6944,INV6944,2025-04-05,2000-AP,39428,1971.4,41399.4
ACC-INV6945,INV6945,2025-04-06,2000-AP,39565,4747.8,44312.8
ACC-INV6946,INV6946,2025-04-07,2000-AP,39702,7146.36,46848.36
ACC-INV6947,INV6947,2025-04-08,2000-AP,39839,11154.92,50993.92
ACC-INV6948,INV6948,2025-04-09,2000-AP,39976,1998.8,41974.8
ACC-INV6949,INV6949,2025-04-10,2000-AP,40113,4813.56,44926.56
ACC-INV6950,INV6950,2025-04-11,2000-AP,950000,171000,1121000
ACC-INV6951,INV6951,2025-04-12,2000-AP,40387,11308.36,51695.36
ACC-INV6952,INV6952,2025-04-13,2000-AP,40524,2026.2,42550.2
ACC-INV6953,INV6953,2025-04-14,2000-AP,40661,4879.32,45540.32
ACC-INV6954,INV6954,2025-04-15,2000-AP,40798,7343.64,48141.64
ACC-INV6955,INV6955,2025-04-16,2000-AP,40935,11461.8,52396.8
ACC-INV6956,INV6956,2025-04-17,2000-AP,41072,2053.6,43125.6
ACC-INV6957,INV6957,2025-04-18,2000-AP,41209,4945.08,46154.08
ACC-INV6958,INV6958,2025-04-19,2000-AP,41346,7442.28,48788.28
ACC-INV6959,INV6959,2025-04-20,2000-AP,41483,11615.24,53098.24
ACC-INV6960,INV6960,2025-04-21,2000-AP,41620,2081,43701
ACC-INV6961,INV6961,2025-04-22,2000-AP,41757,5010.84,46767.84
ACC-INV6962,INV6962,2025-04-23,2000-AP,41894,7540.92,49434.92
ACC-INV6963,INV6963,2025-04-24,2000-AP,42031,11768.68,53799.68
ACC-INV6964,INV6964,2025-04-25,2000-AP,42168,2108.4,44276.4
ACC-INV6965,INV6965,2025-04-26,2000-AP,42305,5076.6,47381.6
ACC-INV6966,INV6966,2025-04-27,2000-AP,42442,7639.56,50081.56
ACC-INV6967,INV6967,2025-04-28,2000-AP,42579,11922.12,54501.12
ACC-INV6968,INV6968,2025-04-01,2000-AP,42716,2135.8,44851.8
ACC-INV6969,INV6969,2025-04-02,2000-AP,42853,5142.36,47995.36
ACC-INV6970,INV6970,2025-04-03,2000-AP,42990,7738.2,50728.2
ACC-INV6971,INV6971,2025-04-04,2000-AP,43127,12075.56,55202.56
ACC-INV6972,INV6972,2025-04-05,2000-AP,43264,2163.2,45427.2
ACC-INV6973,INV6973,2025-04-06,2000-AP,43401,5208.12,48609.12
ACC-INV6974,INV6974,2025-04-07,2000-AP,43538,7836.84,51374.84
ACC-INV6975,INV6975,2025-04-08,2000-AP,43675,12229,55904
ACC-INV6976,INV6976,2025-04-09,2000-AP,43812,2190.6,46002.6
ACC-INV6977,INV6977,2025-04-10,2000-AP,43949,5273.88,49222.88
ACC-INV6978,INV6978,2025-04-11,2000-AP,44086,7935.48,52021.48
ACC-INV6979,INV6979,2025-04-12,2000-AP,44223,12382.44,56605.44
ACC-INV6980,INV6980,2025-04-13,2000-AP,44360,2218,46578
ACC-INV6981,INV6981,2025-04-14,2000-AP,44497,5339.64,49836.64
ACC-INV6982,INV6982,2025-04-15,2000-AP,44634,8034.12,52668.12
ACC-INV6983,INV6983,2025-04-16,2000-AP,44771,12535.88,57306.88
ACC-INV6984,INV6984,2025-04-17,2000-AP,44908,2245.4,47153.4
ACC-INV6985,INV6985,2025-04-18,2000-AP,45045,5405.4,50450.4
ACC-INV6986,INV6986,2025-04-19,2000-AP,45182,8132.76,53314.76
ACC-INV6987,INV6987,2025-04-20,2000-AP,45319,12689.32,58008.32
ACC-INV6988,INV6988,2025-04-21,2000-AP,45456,2272.8,47728.8
ACC-INV6989,INV6989,2025-04-22,2000-AP,45593,5471.16,51064.16
ACC-INV6990,INV6990,2025-04-23,2000-AP,45730,8231.4,53961.4
ACC-INV6991,INV6991,2025-04-24,2000-AP,45867,12842.76,58709.76
ACC-INV6992,INV6992,2025-04-25,2000-AP,46004,2300.2,48304.2
ACC-INV6993,INV6993,2025-04-26,2000-AP,46141,5536.92,51677.92
ACC-INV6994,INV6994,2025-04-27,2000-AP,46278,8330.04,54608.04
ACC-INV6995,INV6995,2025-04-28,2000-AP,46415,12996.2,59411.2
ACC-INV6996,INV6996,2025-04-01,2000-AP,46552,2327.6,48879.6
ACC-INV6997,INV6997,2025-04-02,2000-AP,46689,5602.68,52291.68
ACC-INV6998,INV6998,2025-04-03,2000-AP,46826,8428.68,55254.68
ACC-INV6999,INV6999,2025-04-04,2000-AP,46963,13149.64,60112.64
ACC-INV7000,INV7000,2025-04-05,2000-AP,47100,2355,49455
ACC-INV7001,INV7001,2025-04-06,2000-AP,47237,5668.44,52905.44
ACC-INV7002,INV7002,2025-04-07,2000-AP,47374,8527.32,55901.32
ACC-INV7003,INV7003,2025-04-08,2000-AP,47511,13303.08,60814.08
ACC-INV7004,INV7004,2025-04-09,2000-AP,47648,2382.4,50030.4
ACC-INV7005,INV7005,2025-04-10,2000-AP,47785,5734.2,53519.2
ACC-INV7006,INV7006,2025-04-11,2000-AP,47922,8625.96,56547.96
ACC-INV7007,INV7007,2025-04-12,2000-AP,48059,13456.52,61515.52
ACC-INV7008,INV7008,2025-04-13,2000-AP,48196,2409.8,50605.8
ACC-INV7009,INV7009,2025-04-14,2000-AP,48333,5799.96,54132.96
ACC-INV7010,INV7010,2025-04-15,2000-AP,48470,8724.6,57194.6
ACC-INV7011,INV7011,2025-04-16,2000-AP,48607,13609.96,62216.96
ACC-INV7012,INV7012,2025-04-17,2000-AP,48744,2437.2,51181.2
ACC-INV7013,INV7013,2025-04-18,2000-AP,48881,5865.72,54746.72
ACC-INV7014,INV7014,2025-04-19,2000-AP,49018,8823.24,57841.24
ACC-INV7015,INV7015,2025-04-20,2000-AP,49155,13763.4,62918.4
ACC-INV7016,INV7016,2025-04-21,2000-AP,49292,2464.6,51756.6
ACC-INV7017,INV7017,2025-04-22,2000-AP,49429,5931.48,55360.48
ACC-INV7018,INV7018,2025-04-23,2000-AP,49566,8921.88,58487.88
ACC-INV7019,INV7019,2025-04-24,2000-AP,49703,13916.84,63619.84
ACC-INV7020,INV7020,2025-04-25,2000-AP,49840,2492,52332
ACC-INV7021,INV7021,2025-04-26,2000-AP,49977,5997.24,55974.24
ACC-INV7022,INV7022,2025-04-27,2000-AP,50114,9020.52,59134.52
ACC-INV7023,INV7023,2025-04-28,2000-AP,50251,14070.28,64321.28
ACC-INV7024,INV7024,2025-04-01,2000-AP,50388,2519.4,52907.4
ACC-INV7025,INV7025,2025-04-02,2000-AP,50525,6063,56588
ACC-INV7026,INV7026,2025-04-03,2000-AP,50662,9119.16,59781.16
ACC-INV7027,INV7027,2025-04-04,2000-AP,50799,14223.72,65022.72
ACC-INV7028,INV7028,2025-04-05,2000-AP,50936,2546.8,53482.8
ACC-INV7029,INV7029,2025-04-06,2000-AP,51073,6128.76,57201.76
ACC-INV7030,INV7030,2025-04-07,2000-AP,51210,9217.8,60427.8
ACC-INV7031,INV7031,2025-04-08,2000-AP,51347,14377.16,65724.16
ACC-INV7032,INV7032,2025-04-09,2000-AP,51484,2574.2,54058.2
ACC-INV7033,INV7033,2025-04-10,2000-AP,51621,6194.52,57815.52
ACC-INV7034,INV7034,2025-04-11,2000-AP,51758,9316.44,61074.44
ACC-INV7035,INV7035,2025-04-12,2000-AP,51895,14530.6,66425.6
ACC-INV7036,INV7036,2025-04-13,2000-AP,52032,2601.6,54633.6
ACC-INV7037,INV7037,2025-04-14,2000-AP,52169,6260.28,58429.28
ACC-INV7038,INV7038,2025-04-15,2000-AP,52306,9415.08,61721.08
ACC-INV7039,INV7039,2025-04-16,2000-AP,52443,14684.04,67127.04
ACC-INV7040,INV7040,2025-04-17,2000-AP,52580,2629,55209
ACC-INV7041,INV7041,2025-04-18,2000-AP,52717,6326.04,59043.04
ACC-INV7042,INV7042,2025-04-19,2000-AP,52854,9513.72,62367.72
ACC-INV7043,INV7043,2025-04-20,2000-AP,52991,14837.48,67828.48
ACC-INV7044,INV7044,2025-04-21,2000-AP,53128,2656.4,55784.4
ACC-INV7045,INV7045,2025-04-22,2000-AP,53265,6391.8,59656.8
ACC-INV7046,INV7046,2025-04-23,2000-AP,53402,9612.36,63014.36
ACC-INV7047,INV7047,2025-04-24,2000-AP,53539,14990.92,68529.92
ACC-INV7048,INV7048,2025-04-25,2000-AP,53676,2683.8,56359.8
ACC-INV7049,INV7049,2025-04-26,2000-AP,53813,6457.56,60270.56
ACC-INV7050,INV7050,2025-04-27,2000-AP,53950,9711,63661
ACC-INV7051,INV7051,2025-04-28,2000-AP,54087,15144.36,69231.36
ACC-INV7052,INV7052,2025-04-01,2000-AP,54224,2711.2,56935.2
ACC-INV7053,INV7053,2025-04-02,2000-AP,54361,6523.32,60884.32
ACC-INV7054,INV7054,2025-04-03,2000-AP,54498,9809.64,64307.64
ACC-INV7055,INV7055,2025-04-04,2000-AP,54635,15297.8,69932.8
ACC-INV7056,INV7056,2025-04-05,2000-AP,54772,2738.6,57510.6
ACC-INV7057,INV7057,2025-04-06,2000-AP,54909,6589.08,61498.08
ACC-INV7058,INV7058,2025-04-07,2000-AP,55046,9908.28,64954.28
ACC-INV7059,INV7059,2025-04-08,2000-AP,55183,15451.24,70634.24
ACC-INV7060,INV7060,2025-04-09,2000-AP,55320,2766,58086
ACC-INV7061,INV7061,2025-04-10,2000-AP,55457,6654.84,62111.84
ACC-INV7062,INV7062,2025-04-11,2000-AP,55594,10006.92,65600.92
ACC-INV7063,INV7063,2025-04-12,2000-AP,55731,15604.68,71335.68
ACC-INV7064,INV7064,2025-04-13,2000-AP,55868,2793.4,58661.4
ACC-INV7065,INV7065,2025-04-14,2000-AP,56005,6720.6,62725.6
ACC-INV7066,INV7066,2025-04-15,2000-AP,56142,10105.56,66247.56
ACC-INV7067,INV7067,2025-04-16,2000-AP,56279,15758.12,72037.12
ACC-INV7068,INV7068,2025-04-17,2000-AP,56416,2820.8,59236.8
ACC-INV7069,INV7069,2025-04-18,2000-AP,56553,6786.36,63339.36
ACC-INV7070,INV7070,2025-04-19,2000-AP,56690,10204.2,66894.2
ACC-INV7071,INV7071,2025-04-20,2000-AP,56827,15911.56,72738.56
ACC-INV7072,INV7072,2025-04-21,2000-AP,56964,2848.2,59812.2
ACC-INV7073,INV7073,2025-04-22,2000-AP,57101,6852.12,63953.12
ACC-INV7074,INV7074,2025-04-23,2000-AP,57238,10302.84,67540.84
ACC-INV7075,INV7075,2025-04-24,2000-AP,57375,16065,73440
ACC-INV7076,INV7076,2025-04-25,2000-AP,57512,2875.6,60387.6
ACC-INV7077,INV7077,2025-04-26,2000-AP,57649,6917.88,64566.88
ACC-INV7078,INV7078,2025-04-27,2000-AP,57786,10401.48,68187.48
ACC-INV7079,INV7079,2025-04-28,2000-AP,57923,16218.44,74141.44
ACC-INV7080,INV7080,2025-04-01,2000-AP,58060,2903,60963
ACC-INV7081,INV7081,2025-04-02,2000-AP,58197,6983.64,65180.64
ACC-INV7082,INV7082,2025-04-03,2000-AP,58334,10500.12,68834.12
ACC-INV7083,INV7083,2025-04-04,2000-AP,58471,16371.88,74842.88
ACC-INV7084,INV7084,2025-04-05,2000-AP,58608,2930.4,61538.4
ACC-INV7085,INV7085,2025-04-06,2000-AP,58745,7049.4,65794.4
ACC-INV7086,INV7086,2025-04-07,2000-AP,58882,10598.76,69480.76
ACC-INV7087,INV7087,2025-04-08,2000-AP,59019,16525.32,75544.32
ACC-INV7088,INV7088,2025-04-09,2000-AP,59156,2957.8,62113.8
ACC-INV7089,INV7089,2025-04-10,2000-AP,59293,7115.16,66408.16
ACC-INV7090,INV7090,2025-04-11,2000-AP,59430,10697.4,70127.4
ACC-INV7091,INV7091,2025-04-12,2000-AP,59567,16678.76,76245.76
ACC-INV7092,INV7092,2025-04-13,2000-AP,59704,2985.2,62689.2
ACC-INV7093,INV7093,2025-04-14,2000-AP,59841,7180.92,67021.92
ACC-INV7094,INV7094,2025-04-15,2000-AP,59978,10796.04,70774.04
ACC-INV7095,INV7095,2025-04-16,2000-AP,60115,16832.2,76947.2
ACC-INV7096,INV7096,2025-04-17,2000-AP,60252,3012.6,63264.6
ACC-INV7097,INV7097,2025-04-18,2000-AP,60389,7246.68,67635.68
ACC-INV7098,INV7098,2025-04-19,2000-AP,60526,10894.68,71420.68
ACC-INV7099,INV7099,2025-04-20,2000-AP,60663,16985.64,77648.64
ACC-INV7100,INV7100,2025-04-21,2000-AP,60800,3040,63840
ACC-INV7101,INV7101,2025-04-22,2000-AP,60937,7312.44,68249.44
ACC-INV7102,INV7102,2025-04-23,2000-AP,61074,10993.32,72067.32
ACC-INV7103,INV7103,2025-04-24,2000-AP,61211,17139.08,78350.08
ACC-INV7104,INV7104,2025-04-25,2000-AP,61348,3067.4,64415.4
ACC-INV7105,INV7105,2025-04-26,2000-AP,61485,7378.2,68863.2
ACC-INV7106,INV7106,2025-04-27,2000-AP,61622,11091.96,72713.96
ACC-INV7107,INV7107,2025-04-28,2000-AP,61759,17292.52,79051.52
ACC-INV7108,INV7108,2025-04-01,2000-AP,61896,3094.8,64990.8
ACC-INV7109,INV7109,2025-04-02,2000-AP,62033,7443.96,69476.96
ACC-INV7110,INV7110,2025-04-03,2000-AP,62170,11190.6,73360.6
ACC-INV7111,INV7111,2025-04-04,2000-AP,62307,17445.96,79752.96
ACC-INV7112,INV7112,2025-04-05,2000-AP,62444,3122.2,65566.2
ACC-INV7113,INV7113,2025-04-06,2000-AP,62581,7509.72,70090.72
ACC-INV7114,INV7114,2025-04-07,2000-AP,62718,11289.24,74007.24
ACC-INV7115,INV7115,2025-04-08,2000-AP,62855,17599.4,80454.4
ACC-INV7116,INV7116,2025-04-09,2000-AP,62992,3149.6,66141.6
ACC-INV7117,INV7117,2025-04-10,2000-AP,63129,7575.48,70704.48
ACC-INV7118,INV7118,2025-04-11,2000-AP,63266,11387.88,74653.88
ACC-INV7119,INV7119,2025-04-12,2000-AP,63403,17752.84,81155.84
ACC-INV7120,INV7120,2025-04-13,2000-AP,63540,3177,66717
ACC-INV7121,INV7121,2025-04-14,2000-AP,63677,7641.24,71318.24
ACC-INV7122,INV7122,2025-04-15,2000-AP,63814,11486.52,75300.52
ACC-INV7123,INV7123,2025-04-16,2000-AP,63951,17906.28,81857.28
ACC-INV7124,INV7124,2025-04-17,2000-AP,64088,3204.4,67292.4
ACC-INV7125,INV7125,2025-04-18,2000-AP,64225,7707,71932
ACC-INV7126,INV7126,2025-04-19,2000-AP,64362,11585.16,75947.16
ACC-INV7127,INV7127,2025-04-20,2000-AP,64499,18059.72,82558.72
ACC-INV7128,INV7128,2025-04-21,2000-AP,64636,3231.8,67867.8
ACC-INV7129,INV7129,2025-04-22,2000-AP,64773,7772.76,72545.76
ACC-INV7130,INV7130,2025-04-23,2000-AP,64910,11683.8,76593.8
ACC-INV7131,INV7131,2025-04-24,2000-AP,65047,18213.16,83260.16
ACC-INV7132,INV7132,2025-04-25,2000-AP,65184,3259.2,68443.2
ACC-INV7133,INV7133,2025-04-26,2000-AP,65321,7838.52,73159.52
ACC-INV7134,INV7134,2025-04-27,2000-AP,65458,11782.44,77240.44
ACC-INV7135,INV7135,2025-04-28,2000-AP,65595,18366.6,83961.6
ACC-INV7136,INV7136,2025-04-01,2000-AP,65732,3286.6,69018.6
ACC-INV7137,INV7137,2025-04-02,2000-AP,65869,7904.28,73773.28
ACC-INV7138,INV7138,2025-04-03,2000-AP,66006,11881.08,77887.08
ACC-INV7139,INV7139,2025-04-04,2000-AP,66143,18520.04,84663.04
ACC-INV7140,INV7140,2025-04-05,2000-AP,66280,3314,69594
ACC-INV7141,INV7141,2025-04-06,2000-AP,66417,7970.04,74387.04
ACC-INV7142,INV7142,2025-04-07,2000-AP,66554,11979.72,78533.72
ACC-INV7143,INV7143,2025-04-08,2000-AP,66691,18673.48,85364.48
ACC-INV7144,INV7144,2025-04-09,2000-AP,66828,3341.4,70169.4
ACC-INV7145,INV7145,2025-04-10,2000-AP,66965,8035.8,75000.8
ACC-INV7146,INV7146,2025-04-11,2000-AP,67102,12078.36,79180.36
ACC-INV7147,INV7147,2025-04-12,2000-AP,67239,18826.92,86065.92
ACC-INV7148,INV7148,2025-04-13,2000-AP,67376,3368.8,70744.8
ACC-INV7149,INV7149,2025-04-14,2000-AP,67513,8101.56,75614.56
ACC-INV7150,INV7150,2025-04-15,2000-AP,67650,12177,79827
ACC-INV7151,INV7151,2025-04-16,2000-AP,67787,18980.36,86767.36
ACC-INV7152,INV7152,2025-04-17,2000-AP,67924,3396.2,71320.2
ACC-INV7153,INV7153,2025-04-18,2000-AP,68061,8167.32,76228.32
ACC-INV7154,INV7154,2025-04-19,2000-AP,68198,12275.64,80473.64
ACC-INV7155,INV7155,2025-04-20,2000-AP,68335,19133.8,87468.8
ACC-INV7156,INV7156,2025-04-21,2000-AP,68472,3423.6,71895.6
ACC-INV7157,INV7157,2025-04-22,2000-AP,68609,8233.08,76842.08
ACC-INV7158,INV7158,2025-04-23,2000-AP,68746,12374.28,81120.28
ACC-INV7159,INV7159,2025-04-24,2000-AP,68883,19287.24,88170.24
ACC-INV7160,INV7160,2025-04-25,2000-AP,69020,3451,72471
ACC-INV7161,INV7161,2025-04-26,2000-AP,69157,8298.84,77455.84
ACC-INV7162,INV7162,2025-04-27,2000-AP,69294,12472.92,81766.92
ACC-INV7163,INV7163,2025-04-28,2000-AP,69431,19440.68,88871.68
ACC-INV7164,INV7164,2025-04-01,2000-AP,69568,3478.4,73046.4
ACC-INV7165,INV7165,2025-04-02,2000-AP,69705,8364.6,78069.6
ACC-INV7166,INV7166,2025-04-03,2000-AP,69842,12571.56,82413.56
ACC-INV7167,INV7167,2025-04-04,2000-AP,69979,19594.12,89573.12
ACC-INV7168,INV7168,2025-04-05,2000-AP,70116,3505.8,73621.8
ACC-INV7169,INV7169,2025-04-06,2000-AP,70253,8430.36,78683.36
ACC-INV7170,INV7170,2025-04-07,2000-AP,70390,12670.2,83060.2
ACC-INV7171,INV7171,2025-04-08,2000-AP,70527,19747.56,90274.56
ACC-INV7172,INV7172,2025-04-09,2000-AP,70664,3533.2,74197.2
ACC-INV7173,INV7173,2025-04-10,2000-AP,70801,8496.12,79297.12
ACC-INV7174,INV7174,2025-04-11,2000-AP,70938,12768.84,83706.84
ACC-INV7175,INV7175,2025-04-12,2000-AP,71075,19901,90976
ACC-INV7176,INV7176,2025-04-13,2000-AP,71212,3560.6,74772.6
ACC-INV7177,INV7177,2025-04-14,2000-AP,71349,8561.88,79910.88
ACC-INV7178,INV7178,2025-04-15,2000-AP,71486,12867.48,84353.48
ACC-INV7179,INV7179,2025-04-16,2000-AP,71623,20054.44,91677.44
ACC-INV7180,INV7180,2025-04-17,2000-AP,71760,3588,75348
ACC-INV7181,INV7181,2025-04-18,2000-AP,71897,8627.64,80524.64
ACC-INV7182,INV7182,2025-04-19,2000-AP,72034,12966.12,85000.12
ACC-INV7183,INV7183,2025-04-20,2000-AP,72171,20207.88,92378.88
ACC-INV7184,INV7184,2025-04-21,2000-AP,72308,3615.4,75923.4
ACC-INV7185,INV7185,2025-04-22,2000-AP,72445,8693.4,81138.4
ACC-INV7186,INV7186,2025-04-23,2000-AP,72582,13064.76,85646.76
ACC-INV7187,INV7187,2025-04-24,2000-AP,72719,20361.32,93080.32
ACC-INV7188,INV7188,2025-04-25,2000-AP,72856,3642.8,76498.8
ACC-INV7189,INV7189,2025-04-26,2000-AP,72993,8759.16,81752.16
ACC-INV7190,INV7190,2025-04-27,2000-AP,73130,13163.4,86293.4
ACC-INV7191,INV7191,2025-04-28,2000-AP,73267,20514.76,93781.76
ACC-INV7192,INV7192,2025-04-01,2000-AP,73404,3670.2,77074.2
ACC-INV7193,INV7193,2025-04-02,2000-AP,73541,8824.92,82365.92
ACC-INV7194,INV7194,2025-04-03,2000-AP,73678,13262.04,86940.04
ACC-INV7195,INV7195,2025-04-04,2000-AP,73815,20668.2,94483.2
ACC-INV7196,INV7196,2025-04-05,2000-AP,73952,3697.6,77649.6
ACC-INV7197,INV7197,2025-04-06,2000-AP,74089,8890.68,82979.68
ACC-INV7198,INV7198,2025-04-07,2000-AP,74226,13360.68,87586.68
ACC-INV7199,INV7199,2025-04-08,2000-AP,74363,20821.64,95184.64
ACC-INV7200,INV7200,2025-04-09,2000-AP,850000,42500,892500
ACC-INV7201,INV7201,2025-04-10,2000-AP,74637,8956.44,83593.44
ACC-INV7202,INV7202,2025-04-11,2000-AP,74774,13459.32,88233.32
ACC-INV7203,INV7203,2025-04-12,2000-AP,74911,20975.08,95886.08
ACC-INV7204,INV7204,2025-04-13,2000-AP,75048,3752.4,78800.4
ACC-INV7205,INV7205,2025-04-14,2000-AP,75185,9022.2,84207.2
ACC-INV7206,INV7206,2025-04-15,2000-AP,75322,13557.96,88879.96
ACC-INV7207,INV7207,2025-04-16,2000-AP,75459,21128.52,96587.52
ACC-INV7208,INV7208,2025-04-17,2000-AP,75596,3779.8,79375.8
ACC-INV7209,INV7209,2025-04-18,2000-AP,75733,9087.96,84820.96
ACC-INV7210,INV7210,2025-04-19,2000-AP,75870,13656.6,89526.6
ACC-INV7211,INV7211,2025-04-20,2000-AP,76007,21281.96,97288.96
ACC-INV7212,INV7212,2025-04-21,2000-AP,76144,3807.2,79951.2
ACC-INV7213,INV7213,2025-04-22,2000-AP,76281,9153.72,85434.72
ACC-INV7214,INV7214,2025-04-23,2000-AP,76418,13755.24,90173.24
ACC-INV7215,INV7215,2025-04-24,2000-AP,76555,21435.4,97990.4
ACC-INV7216,INV7216,2025-04-25,2000-AP,76692,3834.6,80526.6
ACC-INV7217,INV7217,2025-04-26,2000-AP,76829,9219.48,86048.48
ACC-INV7218,INV7218,2025-04-27,2000-AP,76966,13853.88,90819.88
ACC-INV7219,INV7219,2025-04-28,2000-AP,77103,21588.84,98691.84
ACC-INV7220,INV7220,2025-04-01,2000-AP,77240,3862,81102
ACC-INV7221,INV7221,2025-04-02,2000-AP,77377,9285.24,86662.24
ACC-INV7222,INV7222,2025-04-03,2000-AP,2514,452.52,2966.52
ACC-INV7223,INV7223,2025-04-04,2000-AP,2651,742.28,3393.28
ACC-INV7224,INV7224,2025-04-05,2000-AP,2788,139.4,2927.4
ACC-INV7225,INV7225,2025-04-06,2000-AP,2925,351,3276
ACC-INV7226,INV7226,2025-04-07,2000-AP,3062,551.16,3613.16
ACC-INV7227,INV7227,2025-04-08,2000-AP,3199,895.72,4094.72
ACC-INV7228,INV7228,2025-04-09,2000-AP,3336,166.8,3502.8
ACC-INV7229,INV7229,2025-04-10,2000-AP,3473,416.76,3889.76
ACC-INV7230,INV7230,2025-04-11,2000-AP,3610,649.8,4259.8
ACC-INV7231,INV7231,2025-04-12,2000-AP,3747,1049.16,4796.16
ACC-INV7232,INV7232,2025-04-13,2000-AP,3884,194.2,4078.2
ACC-INV7233,INV7233,2025-04-14,2000-AP,4021,482.52,4503.52
ACC-INV7234,INV7234,2025-04-15,2000-AP,4158,748.44,4906.44
ACC-INV7235,INV7235,2025-04-16,2000-AP,4295,1202.6,5497.6
ACC-INV7236,INV7236,2025-04-17,2000-AP,4432,221.6,4653.6
ACC-INV7237,INV7237,2025-04-18,2000-AP,4569,548.28,5117.28
ACC-INV7238,INV7238,2025-04-19,2000-AP,4706,847.08,5553.08
ACC-INV7239,INV7239,2025-04-20,2000-AP,4843,1356.04,6199.04
ACC-INV7240,INV7240,2025-04-21,2000-AP,4980,249,5229
ACC-INV7241,INV7241,2025-04-22,2000-AP,5117,614.04,5731.04
ACC-INV7242,INV7242,2025-04-23,2000-AP,5254,945.72,6199.72
ACC-INV7243,INV7243,2025-04-24,2000-AP,5391,1509.48,6900.48
ACC-INV7244,INV7244,2025-04-25,2000-AP,5528,276.4,5804.4
ACC-INV7245,INV7245,2025-04-26,2000-AP,5665,679.8,6344.8
ACC-INV7246,INV7246,2025-04-27,2000-AP,5802,1044.36,6846.36
ACC-INV7247,INV7247,2025-04-28,2000-AP,5939,1662.92,7601.92
ACC-INV7248,INV7248,2025-04-01,2000-AP,6076,303.8,6379.8
ACC-INV7249,INV7249,2025-04-02,2000-AP,6213,745.56,6958.56
ACC-INV7250,INV7250,2025-04-03,2000-AP,6350,1143,7493
ACC-INV7251,INV7251,2025-04-04,2000-AP,6487,1816.36,8303.36
ACC-INV7252,INV7252,2025-04-05,2000-AP,6624,331.2,6955.2
ACC-INV7253,INV7253,2025-04-06,2000-AP,6761,811.32,7572.32
ACC-INV7254,INV7254,2025-04-07,2000-AP,6898,1241.64,8139.64
ACC-INV7255,INV7255,2025-04-08,2000-AP,7035,1969.8,9004.8
ACC-INV7256,INV7256,2025-04-09,2000-AP,7172,358.6,7530.6
ACC-INV7257,INV7257,2025-04-10,2000-AP,7309,877.08,8186.08
ACC-INV7258,INV7258,2025-04-11,2000-AP,7446,1340.28,8786.28
ACC-INV7259,INV7259,2025-04-12,2000-AP,7583,2123.24,9706.24
ACC-INV7260,INV7260,2025-04-13,2000-AP,7720,386,8106
ACC-INV7261,INV7261,2025-04-14,2000-AP,7857,942.84,8799.84
ACC-INV7262,INV7262,2025-04-15,2000-AP,7994,1438.92,9432.92
ACC-INV7263,INV7263,2025-04-16,2000-AP,8131,2276.68,10407.68
ACC-INV7264,INV7264,2025-04-17,2000-AP,8268,413.4,8681.4
ACC-INV7265,INV7265,2025-04-18,2000-AP,8405,1008.6,9413.6
ACC-INV7266,INV7266,2025-04-19,2000-AP,8542,1537.56,10079.56
ACC-INV7267,INV7267,2025-04-20,2000-AP,8679,2430.12,11109.12
ACC-INV7268,INV7268,2025-04-21,2000-AP,8816,440.8,9256.8
ACC-INV7269,INV7269,2025-04-22,2000-AP,8953,1074.36,10027.36
ACC-INV7270,INV7270,2025-04-23,2000-AP,9090,1636.2,10726.2
ACC-INV7271,INV7271,2025-04-24,2000-AP,9227,2583.56,11810.56
ACC-INV7272,INV7272,2025-04-25,2000-AP,9364,468.2,9832.2
ACC-INV7273,INV7273,2025-04-26,2000-AP,9501,1140.12,10641.12
ACC-INV7274,INV7274,2025-04-27,2000-AP,9638,1734.84,11372.84
ACC-INV7275,INV7275,2025-04-28,2000-AP,9775,2737,12512
ACC-INV7276,INV7276,2025-04-01,2000-AP,9912,495.6,10407.6
ACC-INV7277,INV7277,2025-04-02,2000-AP,10049,1205.88,11254.88
ACC-INV7278,INV7278,2025-04-03,2000-AP,10186,1833.48,12019.48
ACC-INV7279,INV7279,2025-04-04,2000-AP,10323,2890.44,13213.44
ACC-INV7280,INV7280,2025-04-05,2000-AP,10460,523,10983
ACC-INV7281,INV7281,2025-04-06,2000-AP,10597,1271.64,11868.64
ACC-INV7282,INV7282,2025-04-07,2000-AP,10734,1932.12,12666.12
ACC-INV7283,INV7283,2025-04-08,2000-AP,10871,3043.88,13914.88
ACC-INV7284,INV7284,2025-04-09,2000-AP,11008,550.4,11558.4
ACC-INV7285,INV7285,2025-04-10,2000-AP,11145,1337.4,12482.4
ACC-INV7286,INV7286,2025-04-11,2000-AP,11282,2030.76,13312.76
ACC-INV7287,INV7287,2025-04-12,2000-AP,11419,3197.32,14616.32
ACC-INV7288,INV7288,2025-04-13,2000-AP,11556,577.8,12133.8
ACC-INV7289,INV7289,2025-04-14,2000-AP,11693,1403.16,13096.16
ACC-INV7290,INV7290,2025-04-15,2000-AP,11830,2129.4,13959.4
ACC-INV7291,INV7291,2025-04-16,2000-AP,11967,3350.76,15317.76
ACC-INV7292,INV7292,2025-04-17,2000-AP,12104,605.2,12709.2
ACC-INV7293,INV7293,2025-04-18,2000-AP,12241,1468.92,13709.92
ACC-INV7294,INV7294,2025-04-19,2000-AP,12378,2228.04,14606.04
ACC-INV7295,INV7295,2025-04-20,2000-AP,12515,3504.2,16019.2
ACC-INV7296,INV7296,2025-04-21,2000-AP,12652,632.6,13284.6
ACC-INV7297,INV7297,2025-04-22,2000-AP,12789,1534.68,14323.68
ACC-INV7298,INV7298,2025-04-23,2000-AP,12926,2326.68,15252.68
ACC-INV7299,INV7299,2025-04-24,2000-AP,13063,3657.64,16720.64
ACC-INV7300,INV7300,2025-04-25,2000-AP,13200,660,13860
ACC-INV7301,INV7301,2025-04-26,2000-AP,13337,1600.44,14937.44
ACC-INV7302,INV7302,2025-04-27,2000-AP,13474,2425.32,15899.32
ACC-INV7303,INV7303,2025-04-28,2000-AP,13611,3811.08,17422.08
ACC-INV7304,INV7304,2025-04-01,2000-AP,13748,687.4,14435.4
ACC-INV7305,INV7305,2025-04-02,2000-AP,13885,1666.2,15551.2
ACC-INV7306,INV7306,2025-04-03,2000-AP,14022,2523.96,16545.96
ACC-INV7307,INV7307,2025-04-04,2000-AP,14159,3964.52,18123.52
ACC-INV7308,INV7308,2025-04-05,2000-AP,14296,714.8,15010.8
ACC-INV7309,INV7309,2025-04-06,2000-AP,14433,1731.96,16164.96
ACC-INV7310,INV7310,2025-04-07,2000-AP,14570,2622.6,17192.6
ACC-INV7311,INV7311,2025-04-08,2000-AP,14707,4117.96,18824.96
ACC-INV7312,INV7312,2025-04-09,2000-AP,14844,742.2,15586.2
ACC-INV7313,INV7313,2025-04-10,2000-AP,14981,1797.72,16778.72
ACC-INV7314,INV7314,2025-04-11,2000-AP,15118,2721.24,17839.24
ACC-INV7315,INV7315,2025-04-12,2000-AP,15255,4271.4,19526.4
ACC-INV7316,INV7316,2025-04-13,2000-AP,15392,769.6,16161.6
ACC-INV7317,INV7317,2025-04-14,2000-AP,15529,1863.48,17392.48
ACC-INV7318,INV7318,2025-04-15,2000-AP,15666,2819.88,18485.88
ACC-INV7319,INV7319,2025-04-16,2000-AP,15803,4424.84,20227.84
ACC-INV7320,INV7320,2025-04-17,2000-AP,15940,797,16737
ACC-INV7321,INV7321,2025-04-18,2000-AP,16077,1929.24,18006.24
ACC-INV7322,INV7322,2025-04-19,2000-AP,16214,2918.52,19132.52
ACC-INV7323,INV7323,2025-04-20,2000-AP,16351,4578.28,20929.28
ACC-INV7324,INV7324,2025-04-21,2000-AP,16488,824.4,17312.4
ACC-INV7325,INV7325,2025-04-22,2000-AP,16625,1995,18620
ACC-INV7326,INV7326,2025-04-23,2000-AP,16762,3017.16,19779.16
ACC-INV7327,INV7327,2025-04-24,2000-AP,16899,4731.72,21630.72
ACC-INV7328,INV7328,2025-04-25,2000-AP,17036,851.8,17887.8
ACC-INV7329,INV7329,2025-04-26,2000-AP,17173,2060.76,19233.76
ACC-INV7330,INV7330,2025-04-27,2000-AP,17310,3115.8,20425.8
ACC-INV7331,INV7331,2025-04-28,2000-AP,17447,4885.16,22332.16
ACC-INV7332,INV7332,2025-04-01,2000-AP,17584,879.2,18463.2
ACC-INV7333,INV7333,2025-04-02,2000-AP,17721,2126.52,19847.52
ACC-INV7334,INV7334,2025-04-03,2000-AP,17858,3214.44,21072.44
ACC-INV7335,INV7335,2025-04-04,2000-AP,17995,5038.6,23033.6
ACC-INV7336,INV7336,2025-04-05,2000-AP,18132,906.6,19038.6
ACC-INV7337,INV7337,2025-04-06,2000-AP,18269,2192.28,20461.28
ACC-INV7338,INV7338,2025-04-07,2000-AP,18406,3313.08,21719.08
ACC-INV7339,INV7339,2025-04-08,2000-AP,18543,5192.04,23735.04
ACC-INV7340,INV7340,2025-04-09,2000-AP,18680,934,19614
ACC-INV7341,INV7341,2025-04-10,2000-AP,18817,2258.04,21075.04
ACC-INV7342,INV7342,2025-04-11,2000-AP,18954,3411.72,22365.72
ACC-INV7343,INV7343,2025-04-12,2000-AP,19091,5345.48,24436.48
ACC-INV7344,INV7344,2025-04-13,2000-AP,19228,961.4,20189.4
ACC-INV7345,INV7345,2025-04-14,2000-AP,19365,2323.8,21688.8
ACC-INV7346,INV7346,2025-04-15,2000-AP,19502,3510.36,23012.36
ACC-INV7347,INV7347,2025-04-16,2000-AP,19639,5498.92,25137.92
ACC-INV7348,INV7348,2025-04-17,2000-AP,19776,988.8,20764.8
ACC-INV7349,INV7349,2025-04-18,2000-AP,19913,2389.56,22302.56
ACC-INV7350,INV7350,2025-04-19,2000-AP,20050,3609,23659
ACC-INV7351,INV7351,2025-04-20,2000-AP,20187,5652.36,25839.36
ACC-INV7352,INV7352,2025-04-21,2000-AP,20324,1016.2,21340.2
ACC-INV7353,INV7353,2025-04-22,2000-AP,20461,2455.32,22916.32
ACC-INV7354,INV7354,2025-04-23,2000-AP,20598,3707.64,24305.64
ACC-INV7355,INV7355,2025-04-24,2000-AP,20735,5805.8,26540.8
ACC-INV7356,INV7356,2025-04-25,2000-AP,20872,1043.6,21915.6
ACC-INV7357,INV7357,2025-04-26,2000-AP,21009,2521.08,23530.08
ACC-INV7358,INV7358,2025-04-27,2000-AP,21146,3806.28,24952.28
ACC-INV7359,INV7359,2025-04-28,2000-AP,21283,5959.24,27242.24
ACC-INV7360,INV7360,2025-04-01,2000-AP,21420,1071,22491
ACC-INV7361,INV7361,2025-04-02,2000-AP,21557,2586.84,24143.84
ACC-INV7362,INV7362,2025-04-03,2000-AP,21694,3904.92,25598.92
ACC-INV7363,INV7363,2025-04-04,2000-AP,21831,6112.68,27943.68
ACC-INV7364,INV7364,2025-04-05,2000-AP,21968,1098.4,23066.4
ACC-INV7365,INV7365,2025-04-06,2000-AP,22105,2652.6,24757.6
ACC-INV7366,INV7366,2025-04-07,2000-AP,22242,4003.56,26245.56
ACC-INV7367,INV7367,2025-04-08,2000-AP,22379,6266.12,28645.12
ACC-INV7368,INV7368,2025-04-09,2000-AP,22516,1125.8,23641.8
ACC-INV7369,INV7369,2025-04-10,2000-AP,22653,2718.36,25371.36
ACC-INV7370,INV7370,2025-04-11,2000-AP,22790,4102.2,26892.2
ACC-INV7371,INV7371,2025-04-12,2000-AP,22927,6419.56,29346.56
ACC-INV7372,INV7372,2025-04-13,2000-AP,23064,1153.2,24217.2
ACC-INV7373,INV7373,2025-04-14,2000-AP,23201,2784.12,25985.12
ACC-INV7374,INV7374,2025-04-15,2000-AP,23338,4200.84,27538.84
ACC-INV7375,INV7375,2025-04-16,2000-AP,23475,6573,30048
ACC-INV7376,INV7376,2025-04-17,2000-AP,23612,1180.6,24792.6
ACC-INV7377,INV7377,2025-04-18,2000-AP,23749,2849.88,26598.88
ACC-INV7378,INV7378,2025-04-19,2000-AP,23886,4299.48,28185.48
ACC-INV7379,INV7379,2025-04-20,2000-AP,24023,6726.44,30749.44
ACC-INV7380,INV7380,2025-04-21,2000-AP,24160,1208,25368
ACC-INV7381,INV7381,2025-04-22,2000-AP,24297,2915.64,27212.64
ACC-INV7382,INV7382,2025-04-23,2000-AP,24434,4398.12,28832.12
ACC-INV7383,INV7383,2025-04-24,2000-AP,24571,6879.88,31450.88
ACC-INV7384,INV7384,2025-04-25,2000-AP,24708,1235.4,25943.4
ACC-INV7385,INV7385,2025-04-26,2000-AP,24845,2981.4,27826.4
ACC-INV7386,INV7386,2025-04-27,2000-AP,24982,4496.76,29478.76
ACC-INV7387,INV7387,2025-04-28,2000-AP,25119,7033.32,32152.32
ACC-INV7388,INV7388,2025-04-01,2000-AP,25256,1262.8,26518.8
ACC-INV7389,INV7389,2025-04-02,2000-AP,25393,3047.16,28440.16
ACC-INV7390,INV7390,2025-04-03,2000-AP,25530,4595.4,30125.4
ACC-INV7391,INV7391,2025-04-04,2000-AP,25667,7186.76,32853.76
ACC-INV7392,INV7392,2025-04-05,2000-AP,25804,1290.2,27094.2
ACC-INV7393,INV7393,2025-04-06,2000-AP,25941,3112.92,29053.92
ACC-INV7394,INV7394,2025-04-07,2000-AP,26078,4694.04,30772.04
ACC-INV7395,INV7395,2025-04-08,2000-AP,26215,7340.2,33555.2
ACC-INV7396,INV7396,2025-04-09,2000-AP,26352,1317.6,27669.6
ACC-INV7397,INV7397,2025-04-10,2000-AP,26489,3178.68,29667.68
ACC-INV7398,INV7398,2025-04-11,2000-AP,26626,4792.68,31418.68
ACC-INV7399,INV7399,2025-04-12,2000-AP,26763,7493.64,34256.64
ACC-INV7400,INV7400,2025-04-13,2000-AP,26900,1345,28245
ACC-INV7401,INV7401,2025-04-14,2000-AP,27037,3244.44,30281.44
ACC-INV7402,INV7402,2025-04-15,2000-AP,27174,4891.32,32065.32
ACC-INV7403,INV7403,2025-04-16,2000-AP,27311,7647.08,34958.08
ACC-INV7404,INV7404,2025-04-17,2000-AP,27448,1372.4,28820.4
ACC-INV7405,INV7405,2025-04-18,2000-AP,27585,3310.2,30895.2
ACC-INV7406,INV7406,2025-04-19,2000-AP,27722,4989.96,32711.96
ACC-INV7407,INV7407,2025-04-20,2000-AP,27859,7800.52,35659.52
ACC-INV7408,INV7408,2025-04-21,2000-AP,27996,1399.8,29395.8
ACC-INV7409,INV7409,2025-04-22,2000-AP,28133,3375.96,31508.96
ACC-INV7410,INV7410,2025-04-23,2000-AP,28270,5088.6,33358.6
ACC-INV7411,INV7411,2025-04-24,2000-AP,28407,7953.96,36360.96
ACC-INV7412,INV7412,2025-04-25,2000-AP,28544,1427.2,29971.2
ACC-INV7413,INV7413,2025-04-26,2000-AP,28681,3441.72,32122.72
ACC-INV7414,INV7414,2025-04-27,2000-AP,28818,5187.24,34005.24
ACC-INV7415,INV7415,2025-04-28,2000-AP,28955,8107.4,37062.4
ACC-INV7416,INV7416,2025-04-01,2000-AP,29092,1454.6,30546.6
ACC-INV7417,INV7417,2025-04-02,2000-AP,29229,3507.48,32736.48
ACC-INV7418,INV7418,2025-04-03,2000-AP,29366,5285.88,34651.88
ACC-INV7419,INV7419,2025-04-04,2000-AP,29503,8260.84,37763.84
ACC-INV7420,INV7420,2025-04-05,2000-AP,29640,1482,31122
ACC-INV7421,INV7421,2025-04-06,2000-AP,29777,3573.24,33350.24
ACC-INV7422,INV7422,2025-04-07,2000-AP,29914,5384.52,35298.52
ACC-INV7423,INV7423,2025-04-08,2000-AP,30051,8414.28,38465.28
ACC-INV7424,INV7424,2025-04-09,2000-AP,30188,1509.4,31697.4
ACC-INV7425,INV7425,2025-04-10,2000-AP,30325,3639,33964
ACC-INV7426,INV7426,2025-04-11,2000-AP,30462,5483.16,35945.16
ACC-INV7427,INV7427,2025-04-12,2000-AP,30599,8567.72,39166.72
ACC-INV7428,INV7428,2025-04-13,2000-AP,30736,1536.8,32272.8
ACC-INV7429,INV7429,2025-04-14,2000-AP,30873,3704.76,34577.76
ACC-INV7430,INV7430,2025-04-15,2000-AP,31010,5581.8,36591.8
ACC-INV7431,INV7431,2025-04-16,2000-AP,31147,8721.16,39868.16
ACC-INV7432,INV7432,2025-04-17,2000-AP,31284,1564.2,32848.2
ACC-INV7433,INV7433,2025-04-18,2000-AP,31421,3770.52,35191.52
ACC-INV7434,INV7434,2025-04-19,2000-AP,31558,5680.44,37238.44
ACC-INV7435,INV7435,2025-04-20,2000-AP,31695,8874.6,40569.6
ACC-INV7436,INV7436,2025-04-21,2000-AP,31832,1591.6,33423.6
ACC-INV7437,INV7437,2025-04-22,2000-AP,31969,3836.28,35805.28
ACC-INV7438,INV7438,2025-04-23,2000-AP,32106,5779.08,37885.08
ACC-INV7439,INV7439,2025-04-24,2000-AP,32243,9028.04,41271.04
ACC-INV7440,INV7440,2025-04-25,2000-AP,32380,1619,33999
ACC-INV7441,INV7441,2025-04-26,2000-AP,32517,3902.04,36419.04
ACC-INV7442,INV7442,2025-04-27,2000-AP,32654,5877.72,38531.72
ACC-INV7443,INV7443,2025-04-28,2000-AP,32791,9181.48,41972.48
ACC-INV7444,INV7444,2025-04-01,2000-AP,32928,1646.4,34574.4
ACC-INV7445,INV7445,2025-04-02,2000-AP,33065,3967.8,37032.8
ACC-INV7446,INV7446,2025-04-03,2000-AP,33202,5976.36,39178.36
ACC-INV7447,INV7447,2025-04-04,2000-AP,33339,9334.92,42673.92
ACC-INV7448,INV7448,2025-04-05,2000-AP,33476,1673.8,35149.8
ACC-INV7449,INV7449,2025-04-06,2000-AP,33613,4033.56,37646.56
ACC-INV7450,INV7450,2025-04-07,2000-AP,1050000,189000,1239000
ACC-INV7451,INV7451,2025-04-08,2000-AP,33887,9488.36,43375.36
ACC-INV7452,INV7452,2025-04-09,2000-AP,34024,1701.2,35725.2
ACC-INV7453,INV7453,2025-04-10,2000-AP,34161,4099.32,38260.32
ACC-INV7454,INV7454,2025-04-11,2000-AP,34298,6173.64,40471.64
ACC-INV7455,INV7455,2025-04-12,2000-AP,34435,9641.8,44076.8
ACC-INV7456,INV7456,2025-04-13,2000-AP,34572,1728.6,36300.6
ACC-INV7457,INV7457,2025-04-14,2000-AP,34709,4165.08,38874.08
ACC-INV7458,INV7458,2025-04-15,2000-AP,34846,6272.28,41118.28
ACC-INV7459,INV7459,2025-04-16,2000-AP,34983,9795.24,44778.24
ACC-INV7460,INV7460,2025-04-17,2000-AP,35120,1756,36876
ACC-INV7461,INV7461,2025-04-18,2000-AP,35257,4230.84,39487.84
ACC-INV7462,INV7462,2025-04-19,2000-AP,35394,6370.92,41764.92
ACC-INV7463,INV7463,2025-04-20,2000-AP,35531,9948.68,45479.68
ACC-INV7464,INV7464,2025-04-21,2000-AP,35668,1783.4,37451.4
ACC-INV7465,INV7465,2025-04-22,2000-AP,35805,4296.6,40101.6
ACC-INV7466,INV7466,2025-04-23,2000-AP,35942,6469.56,42411.56
ACC-INV7467,INV7467,2025-04-24,2000-AP,36079,10102.12,46181.12
ACC-INV7468,INV7468,2025-04-25,2000-AP,36216,1810.8,38026.8
ACC-INV7469,INV7469,2025-04-26,2000-AP,36353,4362.36,40715.36
ACC-INV7470,INV7470,2025-04-27,2000-AP,36490,6568.2,43058.2
ACC-INV7471,INV7471,2025-04-28,2000-AP,36627,10255.56,46882.56
ACC-INV7472,INV7472,2025-04-01,2000-AP,36764,1838.2,38602.2
ACC-INV7473,INV7473,2025-04-02,2000-AP,36901,4428.12,41329.12
ACC-INV7474,INV7474,2025-04-03,2000-AP,37038,6666.84,43704.84
ACC-INV7475,INV7475,2025-04-04,2000-AP,37175,10409,47584
ACC-INV7476,INV7476,2025-04-05,2000-AP,37312,1865.6,39177.6
ACC-INV7477,INV7477,2025-04-06,2000-AP,37449,4493.88,41942.88
ACC-INV7478,INV7478,2025-04-07,2000-AP,37586,6765.48,44351.48
ACC-INV7479,INV7479,2025-04-08,2000-AP,37723,10562.44,48285.44
ACC-INV7480,INV7480,2025-04-09,2000-AP,37860,1893,39753
ACC-INV7481,INV7481,2025-04-10,2000-AP,37997,4559.64,42556.64
ACC-INV7482,INV7482,2025-04-11,2000-AP,38134,6864.12,44998.12
ACC-INV7483,INV7483,2025-04-12,2000-AP,38271,10715.88,48986.88
ACC-INV7484,INV7484,2025-04-13,2000-AP,38408,1920.4,40328.4
ACC-INV7485,INV7485,2025-04-14,2000-AP,38545,4625.4,43170.4
ACC-INV7486,INV7486,2025-04-15,2000-AP,38682,6962.76,45644.76
ACC-INV7487,INV7487,2025-04-16,2000-AP,38819,10869.32,49688.32
ACC-INV7488,INV7488,2025-04-17,2000-AP,38956,1947.8,40903.8
ACC-INV7489,INV7489,2025-04-18,2000-AP,39093,4691.16,43784.16
ACC-INV7490,INV7490,2025-04-19,2000-AP,39230,7061.4,46291.4
ACC-INV7491,INV7491,2025-04-20,2000-AP,39367,11022.76,50389.76
ACC-INV7492,INV7492,2025-04-21,2000-AP,39504,1975.2,41479.2
ACC-INV7493,INV7493,2025-04-22,2000-AP,39641,4756.92,44397.92
ACC-INV7494,INV7494,2025-04-23,2000-AP,39778,7160.04,46938.04
ACC-INV7495,INV7495,2025-04-24,2000-AP,39915,11176.2,51091.2
ACC-INV7496,INV7496,2025-04-25,2000-AP,40052,2002.6,42054.6
ACC-INV7497,INV7497,2025-04-26,2000-AP,40189,4822.68,45011.68
ACC-INV7498,INV7498,2025-04-27,2000-AP,40326,7258.68,47584.68
ACC-INV7499,INV7499,2025-04-28,2000-AP,40463,11329.64,51792.64
ACC-INV7500,INV7500,2025-04-01,2000-AP,40600,2030,42630
ACC-INV7501,INV7501,2025-04-02,2000-AP,40737,4888.44,45625.44
ACC-INV7502,INV7502,2025-04-03,2000-AP,40874,7357.32,48231.32
ACC-INV7503,INV7503,2025-04-04,2000-AP,41011,11483.08,52494.08
ACC-INV7504,INV7504,2025-04-05,2000-AP,41148,2057.4,43205.4
ACC-INV7505,INV7505,2025-04-06,2000-AP,41285,4954.2,46239.2
ACC-INV7506,INV7506,2025-04-07,2000-AP,41422,7455.96,48877.96
ACC-INV7507,INV7507,2025-04-08,2000-AP,41559,11636.52,53195.52
ACC-INV7508,INV7508,2025-04-09,2000-AP,41696,2084.8,43780.8
ACC-INV7509,INV7509,2025-04-10,2000-AP,41833,5019.96,46852.96
ACC-INV7510,INV7510,2025-04-11,2000-AP,41970,7554.6,49524.6
ACC-INV7511,INV7511,2025-04-12,2000-AP,42107,11789.96,53896.96
ACC-INV7512,INV7512,2025-04-13,2000-AP,42244,2112.2,44356.2
ACC-INV7513,INV7513,2025-04-14,2000-AP,42381,5085.72,47466.72
ACC-INV7514,INV7514,2025-04-15,2000-AP,42518,7653.24,50171.24
ACC-INV7515,INV7515,2025-04-16,2000-AP,42655,11943.4,54598.4
ACC-INV7516,INV7516,2025-04-17,2000-AP,42792,2139.6,44931.6
ACC-INV7517,INV7517,2025-04-18,2000-AP,42929,5151.48,48080.48
ACC-INV7518,INV7518,2025-04-19,2000-AP,43066,7751.88,50817.88
ACC-INV7519,INV7519,2025-04-20,2000-AP,43203,12096.84,55299.84
ACC-INV7520,INV7520,2025-04-21,2000-AP,43340,2167,45507
ACC-INV7521,INV7521,2025-04-22,2000-AP,43477,5217.24,48694.24
ACC-INV7522,INV7522,2025-04-23,2000-AP,43614,7850.52,51464.52
ACC-INV7523,INV7523,2025-04-24,2000-AP,43751,12250.28,56001.28
ACC-INV7524,INV7524,2025-04-25,2000-AP,43888,2194.4,46082.4
ACC-INV7525,INV7525,2025-04-26,2000-AP,44025,5283,49308
ACC-INV7526,INV7526,2025-04-27,2000-AP,44162,7949.16,52111.16
ACC-INV7527,INV7527,2025-04-28,2000-AP,44299,12403.72,56702.72
ACC-INV7528,INV7528,2025-04-01,2000-AP,44436,2221.8,46657.8
ACC-INV7529,INV7529,2025-04-02,2000-AP,44573,5348.76,49921.76
ACC-INV7530,INV7530,2025-04-03,2000-AP,44710,8047.8,52757.8
ACC-INV7531,INV7531,2025-04-04,2000-AP,44847,12557.16,57404.16
ACC-INV7532,INV7532,2025-04-05,2000-AP,44984,2249.2,47233.2
ACC-INV7533,INV7533,2025-04-06,2000-AP,45121,5414.52,50535.52
ACC-INV7534,INV7534,2025-04-07,2000-AP,45258,8146.44,53404.44
ACC-INV7535,INV7535,2025-04-08,2000-AP,45395,12710.6,58105.6
ACC-INV7536,INV7536,2025-04-09,2000-AP,45532,2276.6,47808.6
ACC-INV7537,INV7537,2025-04-10,2000-AP,45669,5480.28,51149.28
ACC-INV7538,INV7538,2025-04-11,2000-AP,45806,8245.08,54051.08
ACC-INV7539,INV7539,2025-04-12,2000-AP,45943,12864.04,58807.04
ACC-INV7540,INV7540,2025-04-13,2000-AP,46080,2304,48384
ACC-INV7541,INV7541,2025-04-14,2000-AP,46217,5546.04,51763.04
ACC-INV7542,INV7542,2025-04-15,2000-AP,46354,8343.72,54697.72
ACC-INV7543,INV7543,2025-04-16,2000-AP,46491,13017.48,59508.48
ACC-INV7544,INV7544,2025-04-17,2000-AP,46628,2331.4,48959.4
ACC-INV7545,INV7545,2025-04-18,2000-AP,46765,5611.8,52376.8
ACC-INV7546,INV7546,2025-04-19,2000-AP,46902,8442.36,55344.36
ACC-INV7547,INV7547,2025-04-20,2000-AP,47039,13170.92,60209.92
ACC-INV7548,INV7548,2025-04-21,2000-AP,47176,2358.8,49534.8
ACC-INV7549,INV7549,2025-04-22,2000-AP,47313,5677.56,52990.56
ACC-INV7550,INV7550,2025-04-23,2000-AP,47450,8541,55991
ACC-INV7551,INV7551,2025-04-24,2000-AP,47587,13324.36,60911.36
ACC-INV7552,INV7552,2025-04-25,2000-AP,47724,2386.2,50110.2
ACC-INV7553,INV7553,2025-04-26,2000-AP,47861,5743.32,53604.32
ACC-INV7554,INV7554,2025-04-27,2000-AP,47998,8639.64,56637.64
ACC-INV7555,INV7555,2025-04-28,2000-AP,48135,13477.8,61612.8
ACC-INV7556,INV7556,2025-04-01,2000-AP,48272,2413.6,50685.6
ACC-INV7557,INV7557,2025-04-02,2000-AP,48409,5809.08,54218.08
ACC-INV7558,INV7558,2025-04-03,2000-AP,48546,8738.28,57284.28
ACC-INV7559,INV7559,2025-04-04,2000-AP,48683,13631.24,62314.24
ACC-INV7560,INV7560,2025-04-05,2000-AP,48820,2441,51261
ACC-INV7561,INV7561,2025-04-06,2000-AP,48957,5874.84,54831.84
ACC-INV7562,INV7562,2025-04-07,2000-AP,49094,8836.92,57930.92
ACC-INV7563,INV7563,2025-04-08,2000-AP,49231,13784.68,63015.68
ACC-INV7564,INV7564,2025-04-09,2000-AP,49368,2468.4,51836.4
ACC-INV7565,INV7565,2025-04-10,2000-AP,49505,5940.6,55445.6
ACC-INV7566,INV7566,2025-04-11,2000-AP,49642,8935.56,58577.56
ACC-INV7567,INV7567,2025-04-12,2000-AP,49779,13938.12,63717.12
ACC-INV7568,INV7568,2025-04-13,2000-AP,49916,2495.8,52411.8
ACC-INV7569,INV7569,2025-04-14,2000-AP,50053,6006.36,56059.36
ACC-INV7570,INV7570,2025-04-15,2000-AP,50190,9034.2,59224.2
ACC-INV7571,INV7571,2025-04-16,2000-AP,50327,14091.56,64418.56
ACC-INV7572,INV7572,2025-04-17,2000-AP,50464,2523.2,52987.2
ACC-INV7573,INV7573,2025-04-18,2000-AP,50601,6072.12,56673.12
ACC-INV7574,INV7574,2025-04-19,2000-AP,50738,9132.84,59870.84
ACC-INV7575,INV7575,2025-04-20,2000-AP,50875,14245,65120
ACC-INV7576,INV7576,2025-04-21,2000-AP,51012,2550.6,53562.6
ACC-INV7577,INV7577,2025-04-22,2000-AP,51149,6137.88,57286.88
ACC-INV7578,INV7578,2025-04-23,2000-AP,51286,9231.48,60517.48
ACC-INV7579,INV7579,2025-04-24,2000-AP,51423,14398.44,65821.44
ACC-INV7580,INV7580,2025-04-25,2000-AP,51560,2578,54138
ACC-INV7581,INV7581,2025-04-26,2000-AP,51697,6203.64,57900.64
ACC-INV7582,INV7582,2025-04-27,2000-AP,51834,9330.12,61164.12
ACC-INV7583,INV7583,2025-04-28,2000-AP,51971,14551.88,66522.88
ACC-INV7584,INV7584,2025-04-01,2000-AP,52108,2605.4,54713.4
ACC-INV7585,INV7585,2025-04-02,2000-AP,52245,6269.4,58514.4
ACC-INV7586,INV7586,2025-04-03,2000-AP,52382,9428.76,61810.76
ACC-INV7587,INV7587,2025-04-04,2000-AP,52519,14705.32,67224.32
ACC-INV7588,INV7588,2025-04-05,2000-AP,52656,2632.8,55288.8
ACC-INV7589,INV7589,2025-04-06,2000-AP,52793,6335.16,59128.16
ACC-INV7590,INV7590,2025-04-07,2000-AP,52930,9527.4,62457.4
ACC-INV7591,INV7591,2025-04-08,2000-AP,53067,14858.76,67925.76
ACC-INV7592,INV7592,2025-04-09,2000-AP,53204,2660.2,55864.2
ACC-INV7593,INV7593,2025-04-10,2000-AP,53341,6400.92,59741.92
ACC-INV7594,INV7594,2025-04-11,2000-AP,53478,9626.04,63104.04
ACC-INV7595,INV7595,2025-04-12,2000-AP,53615,15012.2,68627.2
ACC-INV7596,INV7596,2025-04-13,2000-AP,53752,2687.6,56439.6
ACC-INV7597,INV7597,2025-04-14,2000-AP,53889,6466.68,60355.68
ACC-INV7598,INV7598,2025-04-15,2000-AP,54026,9724.68,63750.68
ACC-INV7599,INV7599,2025-04-16,2000-AP,54163,15165.64,69328.64
ACC-INV7600,INV7600,2025-04-17,2000-AP,54300,2715,57015
ACC-INV7601,INV7601,2025-04-18,2000-AP,54437,6532.44,60969.44
ACC-INV7602,INV7602,2025-04-19,2000-AP,54574,9823.32,64397.32
ACC-INV7603,INV7603,2025-04-20,2000-AP,54711,15319.08,70030.08
ACC-INV7604,INV7604,2025-04-21,2000-AP,54848,2742.4,57590.4
ACC-INV7605,INV7605,2025-04-22,2000-AP,54985,6598.2,61583.2
ACC-INV7606,INV7606,2025-04-23,2000-AP,55122,9921.96,65043.96
ACC-INV7607,INV7607,2025-04-24,2000-AP,55259,15472.52,70731.52
ACC-INV7608,INV7608,2025-04-25,2000-AP,55396,2769.8,58165.8
ACC-INV7609,INV7609,2025-04-26,2000-AP,55533,6663.96,62196.96
ACC-INV7610,INV7610,2025-04-27,2000-AP,55670,10020.6,65690.6
ACC-INV7611,INV7611,2025-04-28,2000-AP,55807,15625.96,71432.96
ACC-INV7612,INV7612,2025-04-01,2000-AP,55944,2797.2,58741.2
ACC-INV7613,INV7613,2025-04-02,2000-AP,56081,6729.72,62810.72
ACC-INV7614,INV7614,2025-04-03,2000-AP,56218,10119.24,66337.24
ACC-INV7615,INV7615,2025-04-04,2000-AP,56355,15779.4,72134.4
ACC-INV7616,INV7616,2025-04-05,2000-AP,56492,2824.6,59316.6
ACC-INV7617,INV7617,2025-04-06,2000-AP,56629,6795.48,63424.48
ACC-INV7618,INV7618,2025-04-07,2000-AP,56766,10217.88,66983.88
ACC-INV7619,INV7619,2025-04-08,2000-AP,56903,15932.84,72835.84
ACC-INV7620,INV7620,2025-04-09,2000-AP,57040,2852,59892
ACC-INV7621,INV7621,2025-04-10,2000-AP,57177,6861.24,64038.24
ACC-INV7622,INV7622,2025-04-11,2000-AP,57314,10316.52,67630.52
ACC-INV7623,INV7623,2025-04-12,2000-AP,57451,16086.28,73537.28
ACC-INV7624,INV7624,2025-04-13,2000-AP,57588,2879.4,60467.4
ACC-INV7625,INV7625,2025-04-14,2000-AP,57725,6927,64652
ACC-INV7626,INV7626,2025-04-15,2000-AP,57862,10415.16,68277.16
ACC-INV7627,INV7627,2025-04-16,2000-AP,57999,16239.72,74238.72
ACC-INV7628,INV7628,2025-04-17,2000-AP,58136,2906.8,61042.8
ACC-INV7629,INV7629,2025-04-18,2000-AP,58273,6992.76,65265.76
ACC-INV7630,INV7630,2025-04-19,2000-AP,58410,10513.8,68923.8
ACC-INV7631,INV7631,2025-04-20,2000-AP,58547,16393.16,74940.16
ACC-INV7632,INV7632,2025-04-21,2000-AP,58684,2934.2,61618.2
ACC-INV7633,INV7633,2025-04-22,2000-AP,58821,7058.52,65879.52
ACC-INV7634,INV7634,2025-04-23,2000-AP,58958,10612.44,69570.44
ACC-INV7635,INV7635,2025-04-24,2000-AP,59095,16546.6,75641.6
ACC-INV7636,INV7636,2025-04-25,2000-AP,59232,2961.6,62193.6
ACC-INV7637,INV7637,2025-04-26,2000-AP,59369,7124.28,66493.28
ACC-INV7638,INV7638,2025-04-27,2000-AP,59506,10711.08,70217.08
ACC-INV7639,INV7639,2025-04-28,2000-AP,59643,16700.04,76343.04
ACC-INV7640,INV7640,2025-04-01,2000-AP,59780,2989,62769
ACC-INV7641,INV7641,2025-04-02,2000-AP,59917,7190.04,67107.04
ACC-INV7642,INV7642,2025-04-03,2000-AP,60054,10809.72,70863.72
ACC-INV7643,INV7643,2025-04-04,2000-AP,60191,16853.48,77044.48
ACC-INV7644,INV7644,2025-04-05,2000-AP,60328,3016.4,63344.4
ACC-INV7645,INV7645,2025-04-06,2000-AP,60465,7255.8,67720.8
ACC-INV7646,INV7646,2025-04-07,2000-AP,60602,10908.36,71510.36
ACC-INV7647,INV7647,2025-04-08,2000-AP,60739,17006.92,77745.92
ACC-INV7648,INV7648,2025-04-09,2000-AP,60876,3043.8,63919.8
ACC-INV7649,INV7649,2025-04-10,2000-AP,61013,7321.56,68334.56
ACC-INV7650,INV7650,2025-04-11,2000-AP,61150,11007,72157
ACC-INV7651,INV7651,2025-04-12,2000-AP,61287,17160.36,78447.36
ACC-INV7652,INV7652,2025-04-13,2000-AP,61424,3071.2,64495.2
ACC-INV7653,INV7653,2025-04-14,2000-AP,61561,7387.32,68948.32
ACC-INV7654,INV7654,2025-04-15,2000-AP,61698,11105.64,72803.64
ACC-INV7655,INV7655,2025-04-16,2000-AP,61835,17313.8,79148.8
ACC-INV7656,INV7656,2025-04-17,2000-AP,61972,3098.6,65070.6
ACC-INV7657,INV7657,2025-04-18,2000-AP,62109,7453.08,69562.08
ACC-INV7658,INV7658,2025-04-19,2000-AP,62246,11204.28,73450.28
ACC-INV7659,INV7659,2025-04-20,2000-AP,62383,17467.24,79850.24
ACC-INV7660,INV7660,2025-04-21,2000-AP,62520,3126,65646
ACC-INV7661,INV7661,2025-04-22,2000-AP,62657,7518.84,70175.84
ACC-INV7662,INV7662,2025-04-23,2000-AP,62794,11302.92,74096.92
ACC-INV7663,INV7663,2025-04-24,2000-AP,62931,17620.68,80551.68
ACC-INV7664,INV7664,2025-04-25,2000-AP,63068,3153.4,66221.4
ACC-INV7665,INV7665,2025-04-26,2000-AP,63205,7584.6,70789.6
ACC-INV7666,INV7666,2025-04-27,2000-AP,63342,11401.56,74743.56
ACC-INV7667,INV7667,2025-04-28,2000-AP,63479,17774.12,81253.12
ACC-INV7668,INV7668,2025-04-01,2000-AP,63616,3180.8,66796.8
ACC-INV7669,INV7669,2025-04-02,2000-AP,63753,7650.36,71403.36
ACC-INV7670,INV7670,2025-04-03,2000-AP,63890,11500.2,75390.2
ACC-INV7671,INV7671,2025-04-04,2000-AP,64027,17927.56,81954.56
ACC-INV7672,INV7672,2025-04-05,2000-AP,64164,3208.2,67372.2
ACC-INV7673,INV7673,2025-04-06,2000-AP,64301,7716.12,72017.12
ACC-INV7674,INV7674,2025-04-07,2000-AP,64438,11598.84,76036.84
ACC-INV7675,INV7675,2025-04-08,2000-AP,64575,18081,82656
ACC-INV7676,INV7676,2025-04-09,2000-AP,64712,3235.6,67947.6
ACC-INV7677,INV7677,2025-04-10,2000-AP,64849,7781.88,72630.88
ACC-INV7678,INV7678,2025-04-11,2000-AP,64986,11697.48,76683.48
ACC-INV7679,INV7679,2025-04-12,2000-AP,65123,18234.44,83357.44
ACC-INV7680,INV7680,2025-04-13,2000-AP,65260,3263,68523
ACC-INV7681,INV7681,2025-04-14,2000-AP,65397,7847.64,73244.64
ACC-INV7682,INV7682,2025-04-15,2000-AP,65534,11796.12,77330.12
ACC-INV7683,INV7683,2025-04-16,2000-AP,65671,18387.88,84058.88
ACC-INV7684,INV7684,2025-04-17,2000-AP,65808,3290.4,69098.4
ACC-INV7685,INV7685,2025-04-18,2000-AP,65945,7913.4,73858.4
ACC-INV7686,INV7686,2025-04-19,2000-AP,66082,11894.76,77976.76
ACC-INV7687,INV7687,2025-04-20,2000-AP,66219,18541.32,84760.32
ACC-INV7688,INV7688,2025-04-21,2000-AP,66356,3317.8,69673.8
ACC-INV7689,INV7689,2025-04-22,2000-AP,66493,7979.16,74472.16
ACC-INV7690,INV7690,2025-04-23,2000-AP,66630,11993.4,78623.4
ACC-INV7691,INV7691,2025-04-24,2000-AP,66767,18694.76,85461.76
ACC-INV7692,INV7692,2025-04-25,2000-AP,66904,3345.2,70249.2
ACC-INV7693,INV7693,2025-04-26,2000-AP,67041,8044.92,75085.92
ACC-INV7694,INV7694,2025-04-27,2000-AP,67178,12092.04,79270.04
ACC-INV7695,INV7695,2025-04-28,2000-AP,67315,18848.2,86163.2
ACC-INV7696,INV7696,2025-04-01,2000-AP,67452,3372.6,70824.6
ACC-INV7697,INV7697,2025-04-02,2000-AP,67589,8110.68,75699.68
ACC-INV7698,INV7698,2025-04-03,2000-AP,67726,12190.68,79916.68
ACC-INV7699,INV7699,2025-04-04,2000-AP,67863,19001.64,86864.64
ACC-INV7700,INV7700,2025-04-05,2000-AP,950000,47500,997500
ACC-INV7701,INV7701,2025-04-06,2000-AP,68137,8176.44,76313.44
ACC-INV7702,INV7702,2025-04-07,2000-AP,68274,12289.32,80563.32
ACC-INV7703,INV7703,2025-04-08,2000-AP,68411,19155.08,87566.08
ACC-INV7704,INV7704,2025-04-09,2000-AP,68548,3427.4,71975.4
ACC-INV7705,INV7705,2025-04-10,2000-AP,68685,8242.2,76927.2
ACC-INV7706,INV7706,2025-04-11,2000-AP,68822,12387.96,81209.96
ACC-INV7707,INV7707,2025-04-12,2000-AP,68959,19308.52,88267.52
ACC-INV7708,INV7708,2025-04-13,2000-AP,69096,3454.8,72550.8
ACC-INV7709,INV7709,2025-04-14,2000-AP,69233,8307.96,77540.96
ACC-INV7710,INV7710,2025-04-15,2000-AP,69370,12486.6,81856.6
ACC-INV7711,INV7711,2025-04-16,2000-AP,69507,19461.96,88968.96
ACC-INV7712,INV7712,2025-04-17,2000-AP,69644,3482.2,73126.2
ACC-INV7713,INV7713,2025-04-18,2000-AP,69781,8373.72,78154.72
ACC-INV7714,INV7714,2025-04-19,2000-AP,69918,12585.24,82503.24
ACC-INV7715,INV7715,2025-04-20,2000-AP,70055,19615.4,89670.4
ACC-INV7716,INV7716,2025-04-21,2000-AP,70192,3509.6,73701.6
ACC-INV7717,INV7717,2025-04-22,2000-AP,70329,8439.48,78768.48
ACC-INV7718,INV7718,2025-04-23,2000-AP,70466,12683.88,83149.88
ACC-INV7719,INV7719,2025-04-24,2000-AP,70603,19768.84,90371.84
ACC-INV7720,INV7720,2025-04-25,2000-AP,70740,3537,74277
ACC-INV7721,INV7721,2025-04-26,2000-AP,70877,8505.24,79382.24
ACC-INV7722,INV7722,2025-04-27,2000-AP,71014,12782.52,83796.52
ACC-INV7723,INV7723,2025-04-28,2000-AP,71151,19922.28,91073.28
ACC-INV7724,INV7724,2025-04-01,2000-AP,71288,3564.4,74852.4
ACC-INV7725,INV7725,2025-04-02,2000-AP,71425,8571,79996
ACC-INV7726,INV7726,2025-04-03,2000-AP,71562,12881.16,84443.16
ACC-INV7727,INV7727,2025-04-04,2000-AP,71699,20075.72,91774.72
ACC-INV7728,INV7728,2025-04-05,2000-AP,71836,3591.8,75427.8
ACC-INV7729,INV7729,2025-04-06,2000-AP,71973,8636.76,80609.76
ACC-INV7730,INV7730,2025-04-07,2000-AP,72110,12979.8,85089.8
ACC-INV7731,INV7731,2025-04-08,2000-AP,72247,20229.16,92476.16
ACC-INV7732,INV7732,2025-04-09,2000-AP,72384,3619.2,76003.2
ACC-INV7733,INV7733,2025-04-10,2000-AP,72521,8702.52,81223.52
ACC-INV7734,INV7734,2025-04-11,2000-AP,72658,13078.44,85736.44
ACC-INV7735,INV7735,2025-04-12,2000-AP,72795,20382.6,93177.6
ACC-INV7736,INV7736,2025-04-13,2000-AP,72932,3646.6,76578.6
ACC-INV7737,INV7737,2025-04-14,2000-AP,73069,8768.28,81837.28
ACC-INV7738,INV7738,2025-04-15,2000-AP,73206,13177.08,86383.08
ACC-INV7739,INV7739,2025-04-16,2000-AP,73343,20536.04,93879.04
ACC-INV7740,INV7740,2025-04-17,2000-AP,73480,3674,77154
ACC-INV7741,INV7741,2025-04-18,2000-AP,73617,8834.04,82451.04
ACC-INV7742,INV7742,2025-04-19,2000-AP,73754,13275.72,87029.72
ACC-INV7743,INV7743,2025-04-20,2000-AP,73891,20689.48,94580.48
ACC-INV7744,INV7744,2025-04-21,2000-AP,74028,3701.4,77729.4
ACC-INV7745,INV7745,2025-04-22,2000-AP,74165,8899.8,83064.8
ACC-INV7746,INV7746,2025-04-23,2000-AP,74302,13374.36,87676.36
ACC-INV7747,INV7747,2025-04-24,2000-AP,74439,20842.92,95281.92
ACC-INV7748,INV7748,2025-04-25,2000-AP,74576,3728.8,78304.8
ACC-INV7749,INV7749,2025-04-26,2000-AP,74713,8965.56,83678.56
ACC-INV7750,INV7750,2025-04-27,2000-AP,74850,13473,88323
ACC-INV7751,INV7751,2025-04-28,2000-AP,74987,20996.36,95983.36
ACC-INV7752,INV7752,2025-04-01,2000-AP,75124,3756.2,78880.2
ACC-INV7753,INV7753,2025-04-02,2000-AP,75261,9031.32,84292.32
ACC-INV7754,INV7754,2025-04-03,2000-AP,75398,13571.64,88969.64
ACC-INV7755,INV7755,2025-04-04,2000-AP,75535,21149.8,96684.8
ACC-INV7756,INV7756,2025-04-05,2000-AP,75672,3783.6,79455.6
ACC-INV7757,INV7757,2025-04-06,2000-AP,75809,9097.08,84906.08
ACC-INV7758,INV7758,2025-04-07,2000-AP,75946,13670.28,89616.28
ACC-INV7759,INV7759,2025-04-08,2000-AP,76083,21303.24,97386.24
ACC-INV7760,INV7760,2025-04-09,2000-AP,76220,3811,80031
ACC-INV7761,INV7761,2025-04-10,2000-AP,76357,9162.84,85519.84
ACC-INV7762,INV7762,2025-04-11,2000-AP,76494,13768.92,90262.92
ACC-INV7763,INV7763,2025-04-12,2000-AP,76631,21456.68,98087.68
ACC-INV7764,INV7764,2025-04-13,2000-AP,76768,3838.4,80606.4
ACC-INV7765,INV7765,2025-04-14,2000-AP,76905,9228.6,86133.6
ACC-INV7766,INV7766,2025-04-15,2000-AP,77042,13867.56,90909.56
ACC-INV7767,INV7767,2025-04-16,2000-AP,77179,21610.12,98789.12
ACC-INV7768,INV7768,2025-04-17,2000-AP,77316,3865.8,81181.8
ACC-INV7769,INV7769,2025-04-18,2000-AP,77453,9294.36,86747.36
ACC-INV7770,INV7770,2025-04-19,2000-AP,2590,466.2,3056.2
ACC-INV7771,INV7771,2025-04-20,2000-AP,2727,763.56,3490.56
ACC-INV7772,INV7772,2025-04-21,2000-AP,2864,143.2,3007.2
ACC-INV7773,INV7773,2025-04-22,2000-AP,3001,360.12,3361.12
ACC-INV7774,INV7774,2025-04-23,2000-AP,3138,564.84,3702.84
ACC-INV7775,INV7775,2025-04-24,2000-AP,3275,917,4192
ACC-INV7776,INV7776,2025-04-25,2000-AP,3412,170.6,3582.6
ACC-INV7777,INV7777,2025-04-26,2000-AP,3549,425.88,3974.88
ACC-INV7778,INV7778,2025-04-27,2000-AP,3686,663.48,4349.48
ACC-INV7779,INV7779,2025-04-28,2000-AP,3823,1070.44,4893.44
ACC-INV7780,INV7780,2025-04-01,2000-AP,3960,198,4158
ACC-INV7781,INV7781,2025-04-02,2000-AP,4097,491.64,4588.64
ACC-INV7782,INV7782,2025-04-03,2000-AP,4234,762.12,4996.12
ACC-INV7783,INV7783,2025-04-04,2000-AP,4371,1223.88,5594.88
ACC-INV7784,INV7784,2025-04-05,2000-AP,4508,225.4,4733.4
ACC-INV7785,INV7785,2025-04-06,2000-AP,4645,557.4,5202.4
ACC-INV7786,INV7786,2025-04-07,2000-AP,4782,860.76,5642.76
ACC-INV7787,INV7787,2025-04-08,2000-AP,4919,1377.32,6296.32
ACC-INV7788,INV7788,2025-04-09,2000-AP,5056,252.8,5308.8
ACC-INV7789,INV7789,2025-04-10,2000-AP,5193,623.16,5816.16
ACC-INV7790,INV7790,2025-04-11,2000-AP,5330,959.4,6289.4
ACC-INV7791,INV7791,2025-04-12,2000-AP,5467,1530.76,6997.76
ACC-INV7792,INV7792,2025-04-13,2000-AP,5604,280.2,5884.2
ACC-INV7793,INV7793,2025-04-14,2000-AP,5741,688.92,6429.92
ACC-INV7794,INV7794,2025-04-15,2000-AP,5878,1058.04,6936.04
ACC-INV7795,INV7795,2025-04-16,2000-AP,6015,1684.2,7699.2
ACC-INV7796,INV7796,2025-04-17,2000-AP,6152,307.6,6459.6
ACC-INV7797,INV7797,2025-04-18,2000-AP,6289,754.68,7043.68
ACC-INV7798,INV7798,2025-04-19,2000-AP,6426,1156.68,7582.68
ACC-INV7799,INV7799,2025-04-20,2000-AP,6563,1837.64,8400.64
ACC-INV7800,INV7800,2025-04-21,2000-AP,6700,335,7035
ACC-INV7801,INV7801,2025-04-22,2000-AP,6837,820.44,7657.44
ACC-INV7802,INV7802,2025-04-23,2000-AP,6974,1255.32,8229.32
ACC-INV7803,INV7803,2025-04-24,2000-AP,7111,1991.08,9102.08
ACC-INV7804,INV7804,2025-04-25,2000-AP,7248,362.4,7610.4
ACC-INV7805,INV7805,2025-04-26,2000-AP,7385,886.2,8271.2
ACC-INV7806,INV7806,2025-04-27,2000-AP,7522,1353.96,8875.96
ACC-INV7807,INV7807,2025-04-28,2000-AP,7659,2144.52,9803.52
ACC-INV7808,INV7808,2025-04-01,2000-AP,7796,389.8,8185.8
ACC-INV7809,INV7809,2025-04-02,2000-AP,7933,951.96,8884.96
ACC-INV7810,INV7810,2025-04-03,2000-AP,8070,1452.6,9522.6
ACC-INV7811,INV7811,2025-04-04,2000-AP,8207,2297.96,10504.96
ACC-INV7812,INV7812,2025-04-05,2000-AP,8344,417.2,8761.2
ACC-INV7813,INV7813,2025-04-06,2000-AP,8481,1017.72,9498.72
ACC-INV7814,INV7814,2025-04-07,2000-AP,8618,1551.24,10169.24
ACC-INV7815,INV7815,2025-04-08,2000-AP,8755,2451.4,11206.4
ACC-INV7816,INV7816,2025-04-09,2000-AP,8892,444.6,9336.6
ACC-INV7817,INV7817,2025-04-10,2000-AP,9029,1083.48,10112.48
ACC-INV7818,INV7818,2025-04-11,2000-AP,9166,1649.88,10815.88
ACC-INV7819,INV7819,2025-04-12,2000-AP,9303,2604.84,11907.84
ACC-INV7820,INV7820,2025-04-13,2000-AP,9440,472,9912
ACC-INV7821,INV7821,2025-04-14,2000-AP,9577,1149.24,10726.24
ACC-INV7822,INV7822,2025-04-15,2000-AP,9714,1748.52,11462.52
ACC-INV7823,INV7823,2025-04-16,2000-AP,9851,2758.28,12609.28
ACC-INV7824,INV7824,2025-04-17,2000-AP,9988,499.4,10487.4
ACC-INV7825,INV7825,2025-04-18,2000-AP,10125,1215,11340
ACC-INV7826,INV7826,2025-04-19,2000-AP,10262,1847.16,12109.16
ACC-INV7827,INV7827,2025-04-20,2000-AP,10399,2911.72,13310.72
ACC-INV7828,INV7828,2025-04-21,2000-AP,10536,526.8,11062.8
ACC-INV7829,INV7829,2025-04-22,2000-AP,10673,1280.76,11953.76
ACC-INV7830,INV7830,2025-04-23,2000-AP,10810,1945.8,12755.8
ACC-INV7831,INV7831,2025-04-24,2000-AP,10947,3065.16,14012.16
ACC-INV7832,INV7832,2025-04-25,2000-AP,11084,554.2,11638.2
ACC-INV7833,INV7833,2025-04-26,2000-AP,11221,1346.52,12567.52
ACC-INV7834,INV7834,2025-04-27,2000-AP,11358,2044.44,13402.44
ACC-INV7835,INV7835,2025-04-28,2000-AP,11495,3218.6,14713.6
ACC-INV7836,INV7836,2025-04-01,2000-AP,11632,581.6,12213.6
ACC-INV7837,INV7837,2025-04-02,2000-AP,11769,1412.28,13181.28
ACC-INV7838,INV7838,2025-04-03,2000-AP,11906,2143.08,14049.08
ACC-INV7839,INV7839,2025-04-04,2000-AP,12043,3372.04,15415.04
ACC-INV7840,INV7840,2025-04-05,2000-AP,12180,609,12789
ACC-INV7841,INV7841,2025-04-06,2000-AP,12317,1478.04,13795.04
ACC-INV7842,INV7842,2025-04-07,2000-AP,12454,2241.72,14695.72
ACC-INV7843,INV7843,2025-04-08,2000-AP,12591,3525.48,16116.48
ACC-INV7844,INV7844,2025-04-09,2000-AP,12728,636.4,13364.4
ACC-INV7845,INV7845,2025-04-10,2000-AP,12865,1543.8,14408.8
ACC-INV7846,INV7846,2025-04-11,2000-AP,13002,2340.36,15342.36
ACC-INV7847,INV7847,2025-04-12,2000-AP,13139,3678.92,16817.92
ACC-INV7848,INV7848,2025-04-13,2000-AP,13276,663.8,13939.8
ACC-INV7849,INV7849,2025-04-14,2000-AP,13413,1609.56,15022.56
ACC-INV7850,INV7850,2025-04-15,2000-AP,13550,2439,15989
ACC-INV7851,INV7851,2025-04-16,2000-AP,13687,3832.36,17519.36
ACC-INV7852,INV7852,2025-04-17,2000-AP,13824,691.2,14515.2
ACC-INV7853,INV7853,2025-04-18,2000-AP,13961,1675.32,15636.32
ACC-INV7854,INV7854,2025-04-19,2000-AP,14098,2537.64,16635.64
ACC-INV7855,INV7855,2025-04-20,2000-AP,14235,3985.8,18220.8
ACC-INV7856,INV7856,2025-04-21,2000-AP,14372,718.6,15090.6
ACC-INV7857,INV7857,2025-04-22,2000-AP,14509,1741.08,16250.08
ACC-INV7858,INV7858,2025-04-23,2000-AP,14646,2636.28,17282.28
ACC-INV7859,INV7859,2025-04-24,2000-AP,14783,4139.24,18922.24
ACC-INV7860,INV7860,2025-04-25,2000-AP,14920,746,15666
ACC-INV7861,INV7861,2025-04-26,2000-AP,15057,1806.84,16863.84
ACC-INV7862,INV7862,2025-04-27,2000-AP,15194,2734.92,17928.92
ACC-INV7863,INV7863,2025-04-28,2000-AP,15331,4292.68,19623.68
ACC-INV7864,INV7864,2025-04-01,2000-AP,15468,773.4,16241.4
ACC-INV7865,INV7865,2025-04-02,2000-AP,15605,1872.6,17477.6
ACC-INV7866,INV7866,2025-04-03,2000-AP,15742,2833.56,18575.56
ACC-INV7867,INV7867,2025-04-04,2000-AP,15879,4446.12,20325.12
ACC-INV7868,INV7868,2025-04-05,2000-AP,16016,800.8,16816.8
ACC-INV7869,INV7869,2025-04-06,2000-AP,16153,1938.36,18091.36
ACC-INV7870,INV7870,2025-04-07,2000-AP,16290,2932.2,19222.2
ACC-INV7871,INV7871,2025-04-08,2000-AP,16427,4599.56,21026.56
ACC-INV7872,INV7872,2025-04-09,2000-AP,16564,828.2,17392.2
ACC-INV7873,INV7873,2025-04-10,2000-AP,16701,2004.12,18705.12
ACC-INV7874,INV7874,2025-04-11,2000-AP,16838,3030.84,19868.84
ACC-INV7875,INV7875,2025-04-12,2000-AP,16975,4753,21728
ACC-INV7876,INV7876,2025-04-13,2000-AP,17112,855.6,17967.6
ACC-INV7877,INV7877,2025-04-14,2000-AP,17249,2069.88,19318.88
ACC-INV7878,INV7878,2025-04-15,2000-AP,17386,3129.48,20515.48
ACC-INV7879,INV7879,2025-04-16,2000-AP,17523,4906.44,22429.44
ACC-INV7880,INV7880,2025-04-17,2000-AP,17660,883,18543
ACC-INV7881,INV7881,2025-04-18,2000-AP,17797,2135.64,19932.64
ACC-INV7882,INV7882,2025-04-19,2000-AP,17934,3228.12,21162.12
ACC-INV7883,INV7883,2025-04-20,2000-AP,18071,5059.88,23130.88
ACC-INV7884,INV7884,2025-04-21,2000-AP,18208,910.4,19118.4
ACC-INV7885,INV7885,2025-04-22,2000-AP,18345,2201.4,20546.4
ACC-INV7886,INV7886,2025-04-23,2000-AP,18482,3326.76,21808.76
ACC-INV7887,INV7887,2025-04-24,2000-AP,18619,5213.32,23832.32
ACC-INV7888,INV7888,2025-04-25,2000-AP,18756,937.8,19693.8
ACC-INV7889,INV7889,2025-04-26,2000-AP,18893,2267.16,21160.16
ACC-INV7890,INV7890,2025-04-27,2000-AP,19030,3425.4,22455.4
ACC-INV7891,INV7891,2025-04-28,2000-AP,19167,5366.76,24533.76
ACC-INV7892,INV7892,2025-04-01,2000-AP,19304,965.2,20269.2
ACC-INV7893,INV7893,2025-04-02,2000-AP,19441,2332.92,21773.92
ACC-INV7894,INV7894,2025-04-03,2000-AP,19578,3524.04,23102.04
ACC-INV7895,INV7895,2025-04-04,2000-AP,19715,5520.2,25235.2
ACC-INV7896,INV7896,2025-04-05,2000-AP,19852,992.6,20844.6
ACC-INV7897,INV7897,2025-04-06,2000-AP,19989,2398.68,22387.68
ACC-INV7898,INV7898,2025-04-07,2000-AP,20126,3622.68,23748.68
ACC-INV7899,INV7899,2025-04-08,2000-AP,20263,5673.64,25936.64
ACC-INV7900,INV7900,2025-04-09,2000-AP,20400,1020,21420
ACC-INV7901,INV7901,2025-04-10,2000-AP,20537,2464.44,23001.44
ACC-INV7902,INV7902,2025-04-11,2000-AP,20674,3721.32,24395.32
ACC-INV7903,INV7903,2025-04-12,2000-AP,20811,5827.08,26638.08
ACC-INV7904,INV7904,2025-04-13,2000-AP,20948,1047.4,21995.4
ACC-INV7905,INV7905,2025-04-14,2000-AP,21085,2530.2,23615.2
ACC-INV7906,INV7906,2025-04-15,2000-AP,21222,3819.96,25041.96
ACC-INV7907,INV7907,2025-04-16,2000-AP,21359,5980.52,27339.52
ACC-INV7908,INV7908,2025-04-17,2000-AP,21496,1074.8,22570.8
ACC-INV7909,INV7909,2025-04-18,2000-AP,21633,2595.96,24228.96
ACC-INV7910,INV7910,2025-04-19,2000-AP,21770,3918.6,25688.6
ACC-INV7911,INV7911,2025-04-20,2000-AP,21907,6133.96,28040.96
ACC-INV7912,INV7912,2025-04-21,2000-AP,22044,1102.2,23146.2
ACC-INV7913,INV7913,2025-04-22,2000-AP,22181,2661.72,24842.72
ACC-INV7914,INV7914,2025-04-23,2000-AP,22318,4017.24,26335.24
ACC-INV7915,INV7915,2025-04-24,2000-AP,22455,6287.4,28742.4
ACC-INV7916,INV7916,2025-04-25,2000-AP,22592,1129.6,23721.6
ACC-INV7917,INV7917,2025-04-26,2000-AP,22729,2727.48,25456.48
ACC-INV7918,INV7918,2025-04-27,2000-AP,22866,4115.88,26981.88
ACC-INV7919,INV7919,2025-04-28,2000-AP,23003,6440.84,29443.84
ACC-INV7920,INV7920,2025-04-01,2000-AP,23140,1157,24297
ACC-INV7921,INV7921,2025-04-02,2000-AP,23277,2793.24,26070.24
ACC-INV7922,INV7922,2025-04-03,2000-AP,23414,4214.52,27628.52
ACC-INV7923,INV7923,2025-04-04,2000-AP,23551,6594.28,30145.28
ACC-INV7924,INV7924,2025-04-05,2000-AP,23688,1184.4,24872.4
ACC-INV7925,INV7925,2025-04-06,2000-AP,23825,2859,26684
ACC-INV7926,INV7926,2025-04-07,2000-AP,23962,4313.16,28275.16
ACC-INV7927,INV7927,2025-04-08,2000-AP,24099,6747.72,30846.72
ACC-INV7928,INV7928,2025-04-09,2000-AP,24236,1211.8,25447.8
ACC-INV7929,INV7929,2025-04-10,2000-AP,24373,2924.76,27297.76
ACC-INV7930,INV7930,2025-04-11,2000-AP,24510,4411.8,28921.8
ACC-INV7931,INV7931,2025-04-12,2000-AP,24647,6901.16,31548.16
ACC-INV7932,INV7932,2025-04-13,2000-AP,24784,1239.2,26023.2
ACC-INV7933,INV7933,2025-04-14,2000-AP,24921,2990.52,27911.52
ACC-INV7934,INV7934,2025-04-15,2000-AP,25058,4510.44,29568.44
ACC-INV7935,INV7935,2025-04-16,2000-AP,25195,7054.6,32249.6
ACC-INV7936,INV7936,2025-04-17,2000-AP,25332,1266.6,26598.6
ACC-INV7937,INV7937,2025-04-18,2000-AP,25469,3056.28,28525.28
ACC-INV7938,INV7938,2025-04-19,2000-AP,25606,4609.08,30215.08
ACC-INV7939,INV7939,2025-04-20,2000-AP,25743,7208.04,32951.04
ACC-INV7940,INV7940,2025-04-21,2000-AP,25880,1294,27174
ACC-INV7941,INV7941,2025-04-22,2000-AP,26017,3122.04,29139.04
ACC-INV7942,INV7942,2025-04-23,2000-AP,26154,4707.72,30861.72
ACC-INV7943,INV7943,2025-04-24,2000-AP,26291,7361.48,33652.48
ACC-INV7944,INV7944,2025-04-25,2000-AP,26428,1321.4,27749.4
ACC-INV7945,INV7945,2025-04-26,2000-AP,26565,3187.8,29752.8
ACC-INV7946,INV7946,2025-04-27,2000-AP,26702,4806.36,31508.36
ACC-INV7947,INV7947,2025-04-28,2000-AP,26839,7514.92,34353.92
ACC-INV7948,INV7948,2025-04-01,2000-AP,26976,1348.8,28324.8
ACC-INV7949,INV7949,2025-04-02,2000-AP,27113,3253.56,30366.56
ACC-INV7950,INV7950,2025-04-03,2000-AP,850000,153000,1003000
ACC-INV7951,INV7951,2025-04-04,2000-AP,27387,7668.36,35055.36
ACC-INV7952,INV7952,2025-04-05,2000-AP,27524,1376.2,28900.2
ACC-INV7953,INV7953,2025-04-06,2000-AP,27661,3319.32,30980.32
ACC-INV7954,INV7954,2025-04-07,2000-AP,27798,5003.64,32801.64
ACC-INV7955,INV7955,2025-04-08,2000-AP,27935,7821.8,35756.8
ACC-INV7956,INV7956,2025-04-09,2000-AP,28072,1403.6,29475.6
ACC-INV7957,INV7957,2025-04-10,2000-AP,28209,3385.08,31594.08
ACC-INV7958,INV7958,2025-04-11,2000-AP,28346,5102.28,33448.28
ACC-INV7959,INV7959,2025-04-12,2000-AP,28483,7975.24,36458.24
ACC-INV7960,INV7960,2025-04-13,2000-AP,28620,1431,30051
ACC-INV7961,INV7961,2025-04-14,2000-AP,28757,3450.84,32207.84
ACC-INV7962,INV7962,2025-04-15,2000-AP,28894,5200.92,34094.92
ACC-INV7963,INV7963,2025-04-16,2000-AP,29031,8128.68,37159.68
ACC-INV7964,INV7964,2025-04-17,2000-AP,29168,1458.4,30626.4
ACC-INV7965,INV7965,2025-04-18,2000-AP,29305,3516.6,32821.6
ACC-INV7966,INV7966,2025-04-19,2000-AP,29442,5299.56,34741.56
ACC-INV7967,INV7967,2025-04-20,2000-AP,29579,8282.12,37861.12
ACC-INV7968,INV7968,2025-04-21,2000-AP,29716,1485.8,31201.8
ACC-INV7969,INV7969,2025-04-22,2000-AP,29853,3582.36,33435.36
ACC-INV7970,INV7970,2025-04-23,2000-AP,29990,5398.2,35388.2
ACC-INV7971,INV7971,2025-04-24,2000-AP,30127,8435.56,38562.56
ACC-INV7972,INV7972,2025-04-25,2000-AP,30264,1513.2,31777.2
ACC-INV7973,INV7973,2025-04-26,2000-AP,30401,3648.12,34049.12
ACC-INV7974,INV7974,2025-04-27,2000-AP,30538,5496.84,36034.84
ACC-INV7975,INV7975,2025-04-28,2000-AP,30675,8589,39264
ACC-INV7976,INV7976,2025-04-01,2000-AP,30812,1540.6,32352.6
ACC-INV7977,INV7977,2025-04-02,2000-AP,30949,3713.88,34662.88
ACC-INV7978,INV7978,2025-04-03,2000-AP,31086,5595.48,36681.48
ACC-INV7979,INV7979,2025-04-04,2000-AP,31223,8742.44,39965.44
ACC-INV7980,INV7980,2025-04-05,2000-AP,31360,1568,32928
ACC-INV7981,INV7981,2025-04-06,2000-AP,31497,3779.64,35276.64
ACC-INV7982,INV7982,2025-04-07,2000-AP,31634,5694.12,37328.12
ACC-INV7983,INV7983,2025-04-08,2000-AP,31771,8895.88,40666.88
ACC-INV7984,INV7984,2025-04-09,2000-AP,31908,1595.4,33503.4
ACC-INV7985,INV7985,2025-04-10,2000-AP,32045,3845.4,35890.4
ACC-INV7986,INV7986,2025-04-11,2000-AP,32182,5792.76,37974.76
ACC-INV7987,INV7987,2025-04-12,2000-AP,32319,9049.32,41368.32
ACC-INV7988,INV7988,2025-04-13,2000-AP,32456,1622.8,34078.8
ACC-INV7989,INV7989,2025-04-14,2000-AP,32593,3911.16,36504.16
ACC-INV7990,INV7990,2025-04-15,2000-AP,32730,5891.4,38621.4
ACC-INV7991,INV7991,2025-04-16,2000-AP,32867,9202.76,42069.76
ACC-INV7992,INV7992,2025-04-17,2000-AP,33004,1650.2,34654.2
ACC-INV7993,INV7993,2025-04-18,2000-AP,33141,3976.92,37117.92
ACC-INV7994,INV7994,2025-04-19,2000-AP,33278,5990.04,39268.04
ACC-INV7995,INV7995,2025-04-20,2000-AP,33415,9356.2,42771.2
ACC-INV7996,INV7996,2025-04-21,2000-AP,33552,1677.6,35229.6
ACC-INV7997,INV7997,2025-04-22,2000-AP,33689,4042.68,37731.68
ACC-INV7998,INV7998,2025-04-23,2000-AP,33826,6088.68,39914.68
ACC-INV7999,INV7999,2025-04-24,2000-AP,33963,9509.64,43472.64
ACC-INV8000,INV8000,2025-04-25,2000-AP,34100,1705,35805
ACC-INV8001,INV8001,2025-04-26,2000-AP,34237,4108.44,38345.44
ACC-INV8002,INV8002,2025-04-27,2000-AP,34374,6187.32,40561.32
ACC-INV8003,INV8003,2025-04-28,2000-AP,34511,9663.08,44174.08
ACC-INV8004,INV8004,2025-04-01,2000-AP,34648,1732.4,36380.4
ACC-INV8005,INV8005,2025-04-02,2000-AP,34785,4174.2,38959.2
ACC-INV8006,INV8006,2025-04-03,2000-AP,34922,6285.96,41207.96
ACC-INV8007,INV8007,2025-04-04,2000-AP,35059,9816.52,44875.52
ACC-INV8008,INV8008,2025-04-05,2000-AP,35196,1759.8,36955.8
ACC-INV8009,INV8009,2025-04-06,2000-AP,35333,4239.96,39572.96
ACC-INV8010,INV8010,2025-04-07,2000-AP,35470,6384.6,41854.6
ACC-INV8011,INV8011,2025-04-08,2000-AP,35607,9969.96,45576.96
ACC-INV8012,INV8012,2025-04-09,2000-AP,35744,1787.2,37531.2
ACC-INV8013,INV8013,2025-04-10,2000-AP,35881,4305.72,40186.72
ACC-INV8014,INV8014,2025-04-11,2000-AP,36018,6483.24,42501.24
ACC-INV8015,INV8015,2025-04-12,2000-AP,36155,10123.4,46278.4
ACC-INV8016,INV8016,2025-04-13,2000-AP,36292,1814.6,38106.6
ACC-INV8017,INV8017,2025-04-14,2000-AP,36429,4371.48,40800.48
ACC-INV8018,INV8018,2025-04-15,2000-AP,36566,6581.88,43147.88
ACC-INV8019,INV8019,2025-04-16,2000-AP,36703,10276.84,46979.84
ACC-INV8020,INV8020,2025-04-17,2000-AP,36840,1842,38682
ACC-INV8021,INV8021,2025-04-18,2000-AP,36977,4437.24,41414.24
ACC-INV8022,INV8022,2025-04-19,2000-AP,37114,6680.52,43794.52
ACC-INV8023,INV8023,2025-04-20,2000-AP,37251,10430.28,47681.28
ACC-INV8024,INV8024,2025-04-21,2000-AP,37388,1869.4,39257.4
ACC-INV8025,INV8025,2025-04-22,2000-AP,37525,4503,42028
ACC-INV8026,INV8026,2025-04-23,2000-AP,37662,6779.16,44441.16
ACC-INV8027,INV8027,2025-04-24,2000-AP,37799,10583.72,48382.72
ACC-INV8028,INV8028,2025-04-25,2000-AP,37936,1896.8,39832.8
ACC-INV8029,INV8029,2025-04-26,2000-AP,38073,4568.76,42641.76
ACC-INV8030,INV8030,2025-04-27,2000-AP,38210,6877.8,45087.8
ACC-INV8031,INV8031,2025-04-28,2000-AP,38347,10737.16,49084.16
ACC-INV8032,INV8032,2025-04-01,2000-AP,38484,1924.2,40408.2
ACC-INV8033,INV8033,2025-04-02,2000-AP,38621,4634.52,43255.52
ACC-INV8034,INV8034,2025-04-03,2000-AP,38758,6976.44,45734.44
ACC-INV8035,INV8035,2025-04-04,2000-AP,38895,10890.6,49785.6
ACC-INV8036,INV8036,2025-04-05,2000-AP,39032,1951.6,40983.6
ACC-INV8037,INV8037,2025-04-06,2000-AP,39169,4700.28,43869.28
ACC-INV8038,INV8038,2025-04-07,2000-AP,39306,7075.08,46381.08
ACC-INV8039,INV8039,2025-04-08,2000-AP,39443,11044.04,50487.04
ACC-INV8040,INV8040,2025-04-09,2000-AP,39580,1979,41559
ACC-INV8041,INV8041,2025-04-10,2000-AP,39717,4766.04,44483.04
ACC-INV8042,INV8042,2025-04-11,2000-AP,39854,7173.72,47027.72
ACC-INV8043,INV8043,2025-04-12,2000-AP,39991,11197.48,51188.48
ACC-INV8044,INV8044,2025-04-13,2000-AP,40128,2006.4,42134.4
ACC-INV8045,INV8045,2025-04-14,2000-AP,40265,4831.8,45096.8
ACC-INV8046,INV8046,2025-04-15,2000-AP,40402,7272.36,47674.36
ACC-INV8047,INV8047,2025-04-16,2000-AP,40539,11350.92,51889.92
ACC-INV8048,INV8048,2025-04-17,2000-AP,40676,2033.8,42709.8
ACC-INV8049,INV8049,2025-04-18,2000-AP,40813,4897.56,45710.56
ACC-INV8050,INV8050,2025-04-19,2000-AP,40950,7371,48321
ACC-INV8051,INV8051,2025-04-20,2000-AP,41087,11504.36,52591.36
ACC-INV8052,INV8052,2025-04-21,2000-AP,41224,2061.2,43285.2
ACC-INV8053,INV8053,2025-04-22,2000-AP,41361,4963.32,46324.32
ACC-INV8054,INV8054,2025-04-23,2000-AP,41498,7469.64,48967.64
ACC-INV8055,INV8055,2025-04-24,2000-AP,41635,11657.8,53292.8
ACC-INV8056,INV8056,2025-04-25,2000-AP,41772,2088.6,43860.6
ACC-INV8057,INV8057,2025-04-26,2000-AP,41909,5029.08,46938.08
ACC-INV8058,INV8058,2025-04-27,2000-AP,42046,7568.28,49614.28
ACC-INV8059,INV8059,2025-04-28,2000-AP,42183,11811.24,53994.24
ACC-INV8060,INV8060,2025-04-01,2000-AP,42320,2116,44436
ACC-INV8061,INV8061,2025-04-02,2000-AP,42457,5094.84,47551.84
ACC-INV8062,INV8062,2025-04-03,2000-AP,42594,7666.92,50260.92
ACC-INV8063,INV8063,2025-04-04,2000-AP,42731,11964.68,54695.68
ACC-INV8064,INV8064,2025-04-05,2000-AP,42868,2143.4,45011.4
ACC-INV8065,INV8065,2025-04-06,2000-AP,43005,5160.6,48165.6
ACC-INV8066,INV8066,2025-04-07,2000-AP,43142,7765.56,50907.56
ACC-INV8067,INV8067,2025-04-08,2000-AP,43279,12118.12,55397.12
ACC-INV8068,INV8068,2025-04-09,2000-AP,43416,2170.8,45586.8
ACC-INV8069,INV8069,2025-04-10,2000-AP,43553,5226.36,48779.36
ACC-INV8070,INV8070,2025-04-11,2000-AP,43690,7864.2,51554.2
ACC-INV8071,INV8071,2025-04-12,2000-AP,43827,12271.56,56098.56
ACC-INV8072,INV8072,2025-04-13,2000-AP,43964,2198.2,46162.2
ACC-INV8073,INV8073,2025-04-14,2000-AP,44101,5292.12,49393.12
ACC-INV8074,INV8074,2025-04-15,2000-AP,44238,7962.84,52200.84
ACC-INV8075,INV8075,2025-04-16,2000-AP,44375,12425,56800
ACC-INV8076,INV8076,2025-04-17,2000-AP,44512,2225.6,46737.6
ACC-INV8077,INV8077,2025-04-18,2000-AP,44649,5357.88,50006.88
ACC-INV8078,INV8078,2025-04-19,2000-AP,44786,8061.48,52847.48
ACC-INV8079,INV8079,2025-04-20,2000-AP,44923,12578.44,57501.44
ACC-INV8080,INV8080,2025-04-21,2000-AP,45060,2253,47313
ACC-INV8081,INV8081,2025-04-22,2000-AP,45197,5423.64,50620.64
ACC-INV8082,INV8082,2025-04-23,2000-AP,45334,8160.12,53494.12
ACC-INV8083,INV8083,2025-04-24,2000-AP,45471,12731.88,58202.88
ACC-INV8084,INV8084,2025-04-25,2000-AP,45608,2280.4,47888.4
ACC-INV8085,INV8085,2025-04-26,2000-AP,45745,5489.4,51234.4
ACC-INV8086,INV8086,2025-04-27,2000-AP,45882,8258.76,54140.76
ACC-INV8087,INV8087,2025-04-28,2000-AP,46019,12885.32,58904.32
ACC-INV8088,INV8088,2025-04-01,2000-AP,46156,2307.8,48463.8
ACC-INV8089,INV8089,2025-04-02,2000-AP,46293,5555.16,51848.16
ACC-INV8090,INV8090,2025-04-03,2000-AP,46430,8357.4,54787.4
ACC-INV8091,INV8091,2025-04-04,2000-AP,46567,13038.76,59605.76
ACC-INV8092,INV8092,2025-04-05,2000-AP,46704,2335.2,49039.2
ACC-INV8093,INV8093,2025-04-06,2000-AP,46841,5620.92,52461.92
ACC-INV8094,INV8094,2025-04-07,2000-AP,46978,8456.04,55434.04
ACC-INV8095,INV8095,2025-04-08,2000-AP,47115,13192.2,60307.2
ACC-INV8096,INV8096,2025-04-09,2000-AP,47252,2362.6,49614.6
ACC-INV8097,INV8097,2025-04-10,2000-AP,47389,5686.68,53075.68
ACC-INV8098,INV8098,2025-04-11,2000-AP,47526,8554.68,56080.68
ACC-INV8099,INV8099,2025-04-12,2000-AP,47663,13345.64,61008.64
ACC-INV8100,INV8100,2025-04-13,2000-AP,47800,2390,50190
ACC-INV8101,INV8101,2025-04-14,2000-AP,47937,5752.44,53689.44
ACC-INV8102,INV8102,2025-04-15,2000-AP,48074,8653.32,56727.32
ACC-INV8103,INV8103,2025-04-16,2000-AP,48211,13499.08,61710.08
ACC-INV8104,INV8104,2025-04-17,2000-AP,48348,2417.4,50765.4
ACC-INV8105,INV8105,2025-04-18,2000-AP,48485,5818.2,54303.2
ACC-INV8106,INV8106,2025-04-19,2000-AP,48622,8751.96,57373.96
ACC-INV8107,INV8107,2025-04-20,2000-AP,48759,13652.52,62411.52
ACC-INV8108,INV8108,2025-04-21,2000-AP,48896,2444.8,51340.8
ACC-INV8109,INV8109,2025-04-22,2000-AP,49033,5883.96,54916.96
ACC-INV8110,INV8110,2025-04-23,2000-AP,49170,8850.6,58020.6
ACC-INV8111,INV8111,2025-04-24,2000-AP,49307,13805.96,63112.96
ACC-INV8112,INV8112,2025-04-25,2000-AP,49444,2472.2,51916.2
ACC-INV8113,INV8113,2025-04-26,2000-AP,49581,5949.72,55530.72
ACC-INV8114,INV8114,2025-04-27,2000-AP,49718,8949.24,58667.24
ACC-INV8115,INV8115,2025-04-28,2000-AP,49855,13959.4,63814.4
ACC-INV8116,INV8116,2025-04-01,2000-AP,49992,2499.6,52491.6
ACC-INV8117,INV8117,2025-04-02,2000-AP,50129,6015.48,56144.48
ACC-INV8118,INV8118,2025-04-03,2000-AP,50266,9047.88,59313.88
ACC-INV8119,INV8119,2025-04-04,2000-AP,50403,14112.84,64515.84
ACC-INV8120,INV8120,2025-04-05,2000-AP,50540,2527,53067
ACC-INV8121,INV8121,2025-04-06,2000-AP,50677,6081.24,56758.24
ACC-INV8122,INV8122,2025-04-07,2000-AP,50814,9146.52,59960.52
ACC-INV8123,INV8123,2025-04-08,2000-AP,50951,14266.28,65217.28
ACC-INV8124,INV8124,2025-04-09,2000-AP,51088,2554.4,53642.4
ACC-INV8125,INV8125,2025-04-10,2000-AP,51225,6147,57372
ACC-INV8126,INV8126,2025-04-11,2000-AP,51362,9245.16,60607.16
ACC-INV8127,INV8127,2025-04-12,2000-AP,51499,14419.72,65918.72
ACC-INV8128,INV8128,2025-04-13,2000-AP,51636,2581.8,54217.8
ACC-INV8129,INV8129,2025-04-14,2000-AP,51773,6212.76,57985.76
ACC-INV8130,INV8130,2025-04-15,2000-AP,51910,9343.8,61253.8
ACC-INV8131,INV8131,2025-04-16,2000-AP,52047,14573.16,66620.16
ACC-INV8132,INV8132,2025-04-17,2000-AP,52184,2609.2,54793.2
ACC-INV8133,INV8133,2025-04-18,2000-AP,52321,6278.52,58599.52
ACC-INV8134,INV8134,2025-04-19,2000-AP,52458,9442.44,61900.44
ACC-INV8135,INV8135,2025-04-20,2000-AP,52595,14726.6,67321.6
ACC-INV8136,INV8136,2025-04-21,2000-AP,52732,2636.6,55368.6
ACC-INV8137,INV8137,2025-04-22,2000-AP,52869,6344.28,59213.28
ACC-INV8138,INV8138,2025-04-23,2000-AP,53006,9541.08,62547.08
ACC-INV8139,INV8139,2025-04-24,2000-AP,53143,14880.04,68023.04
ACC-INV8140,INV8140,2025-04-25,2000-AP,53280,2664,55944
ACC-INV8141,INV8141,2025-04-26,2000-AP,53417,6410.04,59827.04
ACC-INV8142,INV8142,2025-04-27,2000-AP,53554,9639.72,63193.72
ACC-INV8143,INV8143,2025-04-28,2000-AP,53691,15033.48,68724.48
ACC-INV8144,INV8144,2025-04-01,2000-AP,53828,2691.4,56519.4
ACC-INV8145,INV8145,2025-04-02,2000-AP,53965,6475.8,60440.8
ACC-INV8146,INV8146,2025-04-03,2000-AP,54102,9738.36,63840.36
ACC-INV8147,INV8147,2025-04-04,2000-AP,54239,15186.92,69425.92
ACC-INV8148,INV8148,2025-04-05,2000-AP,54376,2718.8,57094.8
ACC-INV8149,INV8149,2025-04-06,2000-AP,54513,6541.56,61054.56
ACC-INV8150,INV8150,2025-04-07,2000-AP,54650,9837,64487
ACC-INV8151,INV8151,2025-04-08,2000-AP,54787,15340.36,70127.36
ACC-INV8152,INV8152,2025-04-09,2000-AP,54924,2746.2,57670.2
ACC-INV8153,INV8153,2025-04-10,2000-AP,55061,6607.32,61668.32
ACC-INV8154,INV8154,2025-04-11,2000-AP,55198,9935.64,65133.64
ACC-INV8155,INV8155,2025-04-12,2000-AP,55335,15493.8,70828.8
ACC-INV8156,INV8156,2025-04-13,2000-AP,55472,2773.6,58245.6
ACC-INV8157,INV8157,2025-04-14,2000-AP,55609,6673.08,62282.08
ACC-INV8158,INV8158,2025-04-15,2000-AP,55746,10034.28,65780.28
ACC-INV8159,INV8159,2025-04-16,2000-AP,55883,15647.24,71530.24
ACC-INV8160,INV8160,2025-04-17,2000-AP,56020,2801,58821
ACC-INV8161,INV8161,2025-04-18,2000-AP,56157,6738.84,62895.84
ACC-INV8162,INV8162,2025-04-19,2000-AP,56294,10132.92,66426.92
ACC-INV8163,INV8163,2025-04-20,2000-AP,56431,15800.68,72231.68
ACC-INV8164,INV8164,2025-04-21,2000-AP,56568,2828.4,59396.4
ACC-INV8165,INV8165,2025-04-22,2000-AP,56705,6804.6,63509.6
ACC-INV8166,INV8166,2025-04-23,2000-AP,56842,10231.56,67073.56
ACC-INV8167,INV8167,2025-04-24,2000-AP,56979,15954.12,72933.12
ACC-INV8168,INV8168,2025-04-25,2000-AP,57116,2855.8,59971.8
ACC-INV8169,INV8169,2025-04-26,2000-AP,57253,6870.36,64123.36
ACC-INV8170,INV8170,2025-04-27,2000-AP,57390,10330.2,67720.2
ACC-INV8171,INV8171,2025-04-28,2000-AP,57527,16107.56,73634.56
ACC-INV8172,INV8172,2025-04-01,2000-AP,57664,2883.2,60547.2
ACC-INV8173,INV8173,2025-04-02,2000-AP,57801,6936.12,64737.12
ACC-INV8174,INV8174,2025-04-03,2000-AP,57938,10428.84,68366.84
ACC-INV8175,INV8175,2025-04-04,2000-AP,58075,16261,74336
ACC-INV8176,INV8176,2025-04-05,2000-AP,58212,2910.6,61122.6
ACC-INV8177,INV8177,2025-04-06,2000-AP,58349,7001.88,65350.88
ACC-INV8178,INV8178,2025-04-07,2000-AP,58486,10527.48,69013.48
ACC-INV8179,INV8179,2025-04-08,2000-AP,58623,16414.44,75037.44
ACC-INV8180,INV8180,2025-04-09,2000-AP,58760,2938,61698
ACC-INV8181,INV8181,2025-04-10,2000-AP,58897,7067.64,65964.64
ACC-INV8182,INV8182,2025-04-11,2000-AP,59034,10626.12,69660.12
ACC-INV8183,INV8183,2025-04-12,2000-AP,59171,16567.88,75738.88
ACC-INV8184,INV8184,2025-04-13,2000-AP,59308,2965.4,62273.4
ACC-INV8185,INV8185,2025-04-14,2000-AP,59445,7133.4,66578.4
ACC-INV8186,INV8186,2025-04-15,2000-AP,59582,10724.76,70306.76
ACC-INV8187,INV8187,2025-04-16,2000-AP,59719,16721.32,76440.32
ACC-INV8188,INV8188,2025-04-17,2000-AP,59856,2992.8,62848.8
ACC-INV8189,INV8189,2025-04-18,2000-AP,59993,7199.16,67192.16
ACC-INV8190,INV8190,2025-04-19,2000-AP,60130,10823.4,70953.4
ACC-INV8191,INV8191,2025-04-20,2000-AP,60267,16874.76,77141.76
ACC-INV8192,INV8192,2025-04-21,2000-AP,60404,3020.2,63424.2
ACC-INV8193,INV8193,2025-04-22,2000-AP,60541,7264.92,67805.92
ACC-INV8194,INV8194,2025-04-23,2000-AP,60678,10922.04,71600.04
ACC-INV8195,INV8195,2025-04-24,2000-AP,60815,17028.2,77843.2
ACC-INV8196,INV8196,2025-04-25,2000-AP,60952,3047.6,63999.6
ACC-INV8197,INV8197,2025-04-26,2000-AP,61089,7330.68,68419.68
ACC-INV8198,INV8198,2025-04-27,2000-AP,61226,11020.68,72246.68
ACC-INV8199,INV8199,2025-04-28,2000-AP,61363,17181.64,78544.64
ACC-INV8200,INV8200,2025-04-01,2000-AP,1050000,52500,1102500
ACC-INV8201,INV8201,2025-04-02,2000-AP,61637,7396.44,69033.44
ACC-INV8202,INV8202,2025-04-03,2000-AP,61774,11119.32,72893.32
ACC-INV8203,INV8203,2025-04-04,2000-AP,61911,17335.08,79246.08
ACC-INV8204,INV8204,2025-04-05,2000-AP,62048,3102.4,65150.4
ACC-INV8205,INV8205,2025-04-06,2000-AP,62185,7462.2,69647.2
ACC-INV8206,INV8206,2025-04-07,2000-AP,62322,11217.96,73539.96
ACC-INV8207,INV8207,2025-04-08,2000-AP,62459,17488.52,79947.52
ACC-INV8208,INV8208,2025-04-09,2000-AP,62596,3129.8,65725.8
ACC-INV8209,INV8209,2025-04-10,2000-AP,62733,7527.96,70260.96
ACC-INV8210,INV8210,2025-04-11,2000-AP,62870,11316.6,74186.6
ACC-INV8211,INV8211,2025-04-12,2000-AP,63007,17641.96,80648.96
ACC-INV8212,INV8212,2025-04-13,2000-AP,63144,3157.2,66301.2
ACC-INV8213,INV8213,2025-04-14,2000-AP,63281,7593.72,70874.72
ACC-INV8214,INV8214,2025-04-15,2000-AP,63418,11415.24,74833.24
ACC-INV8215,INV8215,2025-04-16,2000-AP,63555,17795.4,81350.4
ACC-INV8216,INV8216,2025-04-17,2000-AP,63692,3184.6,66876.6
ACC-INV8217,INV8217,2025-04-18,2000-AP,63829,7659.48,71488.48
ACC-INV8218,INV8218,2025-04-19,2000-AP,63966,11513.88,75479.88
ACC-INV8219,INV8219,2025-04-20,2000-AP,64103,17948.84,82051.84
ACC-INV8220,INV8220,2025-04-21,2000-AP,64240,3212,67452
ACC-INV8221,INV8221,2025-04-22,2000-AP,64377,7725.24,72102.24
ACC-INV8222,INV8222,2025-04-23,2000-AP,64514,11612.52,76126.52
ACC-INV8223,INV8223,2025-04-24,2000-AP,64651,18102.28,82753.28
ACC-INV8224,INV8224,2025-04-25,2000-AP,64788,3239.4,68027.4
ACC-INV8225,INV8225,2025-04-26,2000-AP,64925,7791,72716
ACC-INV8226,INV8226,2025-04-27,2000-AP,65062,11711.16,76773.16
ACC-INV8227,INV8227,2025-04-28,2000-AP,65199,18255.72,83454.72
ACC-INV8228,INV8228,2025-04-01,2000-AP,65336,3266.8,68602.8
ACC-INV8229,INV8229,2025-04-02,2000-AP,65473,7856.76,73329.76
ACC-INV8230,INV8230,2025-04-03,2000-AP,65610,11809.8,77419.8
ACC-INV8231,INV8231,2025-04-04,2000-AP,65747,18409.16,84156.16
ACC-INV8232,INV8232,2025-04-05,2000-AP,65884,3294.2,69178.2
ACC-INV8233,INV8233,2025-04-06,2000-AP,66021,7922.52,73943.52
ACC-INV8234,INV8234,2025-04-07,2000-AP,66158,11908.44,78066.44
ACC-INV8235,INV8235,2025-04-08,2000-AP,66295,18562.6,84857.6
ACC-INV8236,INV8236,2025-04-09,2000-AP,66432,3321.6,69753.6
ACC-INV8237,INV8237,2025-04-10,2000-AP,66569,7988.28,74557.28
ACC-INV8238,INV8238,2025-04-11,2000-AP,66706,12007.08,78713.08
ACC-INV8239,INV8239,2025-04-12,2000-AP,66843,18716.04,85559.04
ACC-INV8240,INV8240,2025-04-13,2000-AP,66980,3349,70329
ACC-INV8241,INV8241,2025-04-14,2000-AP,67117,8054.04,75171.04
ACC-INV8242,INV8242,2025-04-15,2000-AP,67254,12105.72,79359.72
ACC-INV8243,INV8243,2025-04-16,2000-AP,67391,18869.48,86260.48
ACC-INV8244,INV8244,2025-04-17,2000-AP,67528,3376.4,70904.4
ACC-INV8245,INV8245,2025-04-18,2000-AP,67665,8119.8,75784.8
ACC-INV8246,INV8246,2025-04-19,2000-AP,67802,12204.36,80006.36
ACC-INV8247,INV8247,2025-04-20,2000-AP,67939,19022.92,86961.92
ACC-INV8248,INV8248,2025-04-21,2000-AP,68076,3403.8,71479.8
ACC-INV8249,INV8249,2025-04-22,2000-AP,68213,8185.56,76398.56
ACC-INV8250,INV8250,2025-04-23,2000-AP,68350,12303,80653
ACC-INV8251,INV8251,2025-04-24,2000-AP,68487,19176.36,87663.36
ACC-INV8252,INV8252,2025-04-25,2000-AP,68624,3431.2,72055.2
ACC-INV8253,INV8253,2025-04-26,2000-AP,68761,8251.32,77012.32
ACC-INV8254,INV8254,2025-04-27,2000-AP,68898,12401.64,81299.64
ACC-INV8255,INV8255,2025-04-28,2000-AP,69035,19329.8,88364.8
ACC-INV8256,INV8256,2025-04-01,2000-AP,69172,3458.6,72630.6
ACC-INV8257,INV8257,2025-04-02,2000-AP,69309,8317.08,77626.08
ACC-INV8258,INV8258,2025-04-03,2000-AP,69446,12500.28,81946.28
ACC-INV8259,INV8259,2025-04-04,2000-AP,69583,19483.24,89066.24
ACC-INV8260,INV8260,2025-04-05,2000-AP,69720,3486,73206
ACC-INV8261,INV8261,2025-04-06,2000-AP,69857,8382.84,78239.84
ACC-INV8262,INV8262,2025-04-07,2000-AP,69994,12598.92,82592.92
ACC-INV8263,INV8263,2025-04-08,2000-AP,70131,19636.68,89767.68
ACC-INV8264,INV8264,2025-04-09,2000-AP,70268,3513.4,73781.4
ACC-INV8265,INV8265,2025-04-10,2000-AP,70405,8448.6,78853.6
ACC-INV8266,INV8266,2025-04-11,2000-AP,70542,12697.56,83239.56
ACC-INV8267,INV8267,2025-04-12,2000-AP,70679,19790.12,90469.12
ACC-INV8268,INV8268,2025-04-13,2000-AP,70816,3540.8,74356.8
ACC-INV8269,INV8269,2025-04-14,2000-AP,70953,8514.36,79467.36
ACC-INV8270,INV8270,2025-04-15,2000-AP,71090,12796.2,83886.2
ACC-INV8271,INV8271,2025-04-16,2000-AP,71227,19943.56,91170.56
ACC-INV8272,INV8272,2025-04-17,2000-AP,71364,3568.2,74932.2
ACC-INV8273,INV8273,2025-04-18,2000-AP,71501,8580.12,80081.12
ACC-INV8274,INV8274,2025-04-19,2000-AP,71638,12894.84,84532.84
ACC-INV8275,INV8275,2025-04-20,2000-AP,71775,20097,91872
ACC-INV8276,INV8276,2025-04-21,2000-AP,71912,3595.6,75507.6
ACC-INV8277,INV8277,2025-04-22,2000-AP,72049,8645.88,80694.88
ACC-INV8278,INV8278,2025-04-23,2000-AP,72186,12993.48,85179.48
ACC-INV8279,INV8279,2025-04-24,2000-AP,72323,20250.44,92573.44
ACC-INV8280,INV8280,2025-04-25,2000-AP,72460,3623,76083
ACC-INV8281,INV8281,2025-04-26,2000-AP,72597,8711.64,81308.64
ACC-INV8282,INV8282,2025-04-27,2000-AP,72734,13092.12,85826.12
ACC-INV8283,INV8283,2025-04-28,2000-AP,72871,20403.88,93274.88
ACC-INV8284,INV8284,2025-04-01,2000-AP,73008,3650.4,76658.4
ACC-INV8285,INV8285,2025-04-02,2000-AP,73145,8777.4,81922.4
ACC-INV8286,INV8286,2025-04-03,2000-AP,73282,13190.76,86472.76
ACC-INV8287,INV8287,2025-04-04,2000-AP,73419,20557.32,93976.32
ACC-INV8288,INV8288,2025-04-05,2000-AP,73556,3677.8,77233.8
ACC-INV8289,INV8289,2025-04-06,2000-AP,73693,8843.16,82536.16
ACC-INV8290,INV8290,2025-04-07,2000-AP,73830,13289.4,87119.4
ACC-INV8291,INV8291,2025-04-08,2000-AP,73967,20710.76,94677.76
ACC-INV8292,INV8292,2025-04-09,2000-AP,74104,3705.2,77809.2
ACC-INV8293,INV8293,2025-04-10,2000-AP,74241,8908.92,83149.92
ACC-INV8294,INV8294,2025-04-11,2000-AP,74378,13388.04,87766.04
ACC-INV8295,INV8295,2025-04-12,2000-AP,74515,20864.2,95379.2
ACC-INV8296,INV8296,2025-04-13,2000-AP,74652,3732.6,78384.6
ACC-INV8297,INV8297,2025-04-14,2000-AP,74789,8974.68,83763.68
ACC-INV8298,INV8298,2025-04-15,2000-AP,74926,13486.68,88412.68
ACC-INV8299,INV8299,2025-04-16,2000-AP,75063,21017.64,96080.64
ACC-INV8300,INV8300,2025-04-17,2000-AP,75200,3760,78960
ACC-INV8301,INV8301,2025-04-18,2000-AP,75337,9040.44,84377.44
ACC-INV8302,INV8302,2025-04-19,2000-AP,75474,13585.32,89059.32
ACC-INV8303,INV8303,2025-04-20,2000-AP,75611,21171.08,96782.08
ACC-INV8304,INV8304,2025-04-21,2000-AP,75748,3787.4,79535.4
ACC-INV8305,INV8305,2025-04-22,2000-AP,75885,9106.2,84991.2
ACC-INV8306,INV8306,2025-04-23,2000-AP,76022,13683.96,89705.96
ACC-INV8307,INV8307,2025-04-24,2000-AP,76159,21324.52,97483.52
ACC-INV8308,INV8308,2025-04-25,2000-AP,76296,3814.8,80110.8
ACC-INV8309,INV8309,2025-04-26,2000-AP,76433,9171.96,85604.96
ACC-INV8310,INV8310,2025-04-27,2000-AP,76570,13782.6,90352.6
ACC-INV8311,INV8311,2025-04-28,2000-AP,76707,21477.96,98184.96
ACC-INV8312,INV8312,2025-04-01,2000-AP,76844,3842.2,80686.2
ACC-INV8313,INV8313,2025-04-02,2000-AP,76981,9237.72,86218.72
ACC-INV8314,INV8314,2025-04-03,2000-AP,77118,13881.24,90999.24
ACC-INV8315,INV8315,2025-04-04,2000-AP,77255,21631.4,98886.4
ACC-INV8316,INV8316,2025-04-05,2000-AP,77392,3869.6,81261.6
ACC-INV8317,INV8317,2025-04-06,2000-AP,2529,303.48,2832.48
ACC-INV8318,INV8318,2025-04-07,2000-AP,2666,479.88,3145.88
ACC-INV8319,INV8319,2025-04-08,2000-AP,2803,784.84,3587.84
ACC-INV8320,INV8320,2025-04-09,2000-AP,2940,147,3087
ACC-INV8321,INV8321,2025-04-10,2000-AP,3077,369.24,3446.24
ACC-INV8322,INV8322,2025-04-11,2000-AP,3214,578.52,3792.52
ACC-INV8323,INV8323,2025-04-12,2000-AP,3351,938.28,4289.28
ACC-INV8324,INV8324,2025-04-13,2000-AP,3488,174.4,3662.4
ACC-INV8325,INV8325,2025-04-14,2000-AP,3625,435,4060
ACC-INV8326,INV8326,2025-04-15,2000-AP,3762,677.16,4439.16
ACC-INV8327,INV8327,2025-04-16,2000-AP,3899,1091.72,4990.72
ACC-INV8328,INV8328,2025-04-17,2000-AP,4036,201.8,4237.8
ACC-INV8329,INV8329,2025-04-18,2000-AP,4173,500.76,4673.76
ACC-INV8330,INV8330,2025-04-19,2000-AP,4310,775.8,5085.8
ACC-INV8331,INV8331,2025-04-20,2000-AP,4447,1245.16,5692.16
ACC-INV8332,INV8332,2025-04-21,2000-AP,4584,229.2,4813.2
ACC-INV8333,INV8333,2025-04-22,2000-AP,4721,566.52,5287.52
ACC-INV8334,INV8334,2025-04-23,2000-AP,4858,874.44,5732.44
ACC-INV8335,INV8335,2025-04-24,2000-AP,4995,1398.6,6393.6
ACC-INV8336,INV8336,2025-04-25,2000-AP,5132,256.6,5388.6
ACC-INV8337,INV8337,2025-04-26,2000-AP,5269,632.28,5901.28
ACC-INV8338,INV8338,2025-04-27,2000-AP,5406,973.08,6379.08
ACC-INV8339,INV8339,2025-04-28,2000-AP,5543,1552.04,7095.04
ACC-INV8340,INV8340,2025-04-01,2000-AP,5680,284,5964
ACC-INV8341,INV8341,2025-04-02,2000-AP,5817,698.04,6515.04
ACC-INV8342,INV8342,2025-04-03,2000-AP,5954,1071.72,7025.72
ACC-INV8343,INV8343,2025-04-04,2000-AP,6091,1705.48,7796.48
ACC-INV8344,INV8344,2025-04-05,2000-AP,6228,311.4,6539.4
ACC-INV8345,INV8345,2025-04-06,2000-AP,6365,763.8,7128.8
ACC-INV8346,INV8346,2025-04-07,2000-AP,6502,1170.36,7672.36
ACC-INV8347,INV8347,2025-04-08,2000-AP,6639,1858.92,8497.92
ACC-INV8348,INV8348,2025-04-09,2000-AP,6776,338.8,7114.8
ACC-INV8349,INV8349,2025-04-10,2000-AP,6913,829.56,7742.56
ACC-INV8350,INV8350,2025-04-11,2000-AP,7050,1269,8319
ACC-INV8351,INV8351,2025-04-12,2000-AP,7187,2012.36,9199.36
ACC-INV8352,INV8352,2025-04-13,2000-AP,7324,366.2,7690.2
ACC-INV8353,INV8353,2025-04-14,2000-AP,7461,895.32,8356.32
ACC-INV8354,INV8354,2025-04-15,2000-AP,7598,1367.64,8965.64
ACC-INV8355,INV8355,2025-04-16,2000-AP,7735,2165.8,9900.8
ACC-INV8356,INV8356,2025-04-17,2000-AP,7872,393.6,8265.6
ACC-INV8357,INV8357,2025-04-18,2000-AP,8009,961.08,8970.08
ACC-INV8358,INV8358,2025-04-19,2000-AP,8146,1466.28,9612.28
ACC-INV8359,INV8359,2025-04-20,2000-AP,8283,2319.24,10602.24
ACC-INV8360,INV8360,2025-04-21,2000-AP,8420,421,8841
ACC-INV8361,INV8361,2025-04-22,2000-AP,8557,1026.84,9583.84
ACC-INV8362,INV8362,2025-04-23,2000-AP,8694,1564.92,10258.92
ACC-INV8363,INV8363,2025-04-24,2000-AP,8831,2472.68,11303.68
ACC-INV8364,INV8364,2025-04-25,2000-AP,8968,448.4,9416.4
ACC-INV8365,INV8365,2025-04-26,2000-AP,9105,1092.6,10197.6
ACC-INV8366,INV8366,2025-04-27,2000-AP,9242,1663.56,10905.56
ACC-INV8367,INV8367,2025-04-28,2000-AP,9379,2626.12,12005.12
ACC-INV8368,INV8368,2025-04-01,2000-AP,9516,475.8,9991.8
ACC-INV8369,INV8369,2025-04-02,2000-AP,9653,1158.36,10811.36
ACC-INV8370,INV8370,2025-04-03,2000-AP,9790,1762.2,11552.2
ACC-INV8371,INV8371,2025-04-04,2000-AP,9927,2779.56,12706.56
ACC-INV8372,INV8372,2025-04-05,2000-AP,10064,503.2,10567.2
ACC-INV8373,INV8373,2025-04-06,2000-AP,10201,1224.12,11425.12
ACC-INV8374,INV8374,2025-04-07,2000-AP,10338,1860.84,12198.84
ACC-INV8375,INV8375,2025-04-08,2000-AP,10475,2933,13408
ACC-INV8376,INV8376,2025-04-09,2000-AP,10612,530.6,11142.6
ACC-INV8377,INV8377,2025-04-10,2000-AP,10749,1289.88,12038.88
ACC-INV8378,INV8378,2025-04-11,2000-AP,10886,1959.48,12845.48
ACC-INV8379,INV8379,2025-04-12,2000-AP,11023,3086.44,14109.44
ACC-INV8380,INV8380,2025-04-13,2000-AP,11160,558,11718
ACC-INV8381,INV8381,2025-04-14,2000-AP,11297,1355.64,12652.64
ACC-INV8382,INV8382,2025-04-15,2000-AP,11434,2058.12,13492.12
ACC-INV8383,INV8383,2025-04-16,2000-AP,11571,3239.88,14810.88
ACC-INV8384,INV8384,2025-04-17,2000-AP,11708,585.4,12293.4
ACC-INV8385,INV8385,2025-04-18,2000-AP,11845,1421.4,13266.4
ACC-INV8386,INV8386,2025-04-19,2000-AP,11982,2156.76,14138.76
ACC-INV8387,INV8387,2025-04-20,2000-AP,12119,3393.32,15512.32
ACC-INV8388,INV8388,2025-04-21,2000-AP,12256,612.8,12868.8
ACC-INV8389,INV8389,2025-04-22,2000-AP,12393,1487.16,13880.16
ACC-INV8390,INV8390,2025-04-23,2000-AP,12530,2255.4,14785.4
ACC-INV8391,INV8391,2025-04-24,2000-AP,12667,3546.76,16213.76
ACC-INV8392,INV8392,2025-04-25,2000-AP,12804,640.2,13444.2
ACC-INV8393,INV8393,2025-04-26,2000-AP,12941,1552.92,14493.92
ACC-INV8394,INV8394,2025-04-27,2000-AP,13078,2354.04,15432.04
ACC-INV8395,INV8395,2025-04-28,2000-AP,13215,3700.2,16915.2
ACC-INV8396,INV8396,2025-04-01,2000-AP,13352,667.6,14019.6
ACC-INV8397,INV8397,2025-04-02,2000-AP,13489,1618.68,15107.68
ACC-INV8398,INV8398,2025-04-03,2000-AP,13626,2452.68,16078.68
ACC-INV8399,INV8399,2025-04-04,2000-AP,13763,3853.64,17616.64
ACC-INV8400,INV8400,2025-04-05,2000-AP,13900,695,14595
ACC-INV8401,INV8401,2025-04-06,2000-AP,14037,1684.44,15721.44
ACC-INV8402,INV8402,2025-04-07,2000-AP,14174,2551.32,16725.32
ACC-INV8403,INV8403,2025-04-08,2000-AP,14311,4007.08,18318.08
ACC-INV8404,INV8404,2025-04-09,2000-AP,14448,722.4,15170.4
ACC-INV8405,INV8405,2025-04-10,2000-AP,14585,1750.2,16335.2
ACC-INV8406,INV8406,2025-04-11,2000-AP,14722,2649.96,17371.96
ACC-INV8407,INV8407,2025-04-12,2000-AP,14859,4160.52,19019.52
ACC-INV8408,INV8408,2025-04-13,2000-AP,14996,749.8,15745.8
ACC-INV8409,INV8409,2025-04-14,2000-AP,15133,1815.96,16948.96
ACC-INV8410,INV8410,2025-04-15,2000-AP,15270,2748.6,18018.6
ACC-INV8411,INV8411,2025-04-16,2000-AP,15407,4313.96,19720.96
ACC-INV8412,INV8412,2025-04-17,2000-AP,15544,777.2,16321.2
ACC-INV8413,INV8413,2025-04-18,2000-AP,15681,1881.72,17562.72
ACC-INV8414,INV8414,2025-04-19,2000-AP,15818,2847.24,18665.24
ACC-INV8415,INV8415,2025-04-20,2000-AP,15955,4467.4,20422.4
ACC-INV8416,INV8416,2025-04-21,2000-AP,16092,804.6,16896.6
ACC-INV8417,INV8417,2025-04-22,2000-AP,16229,1947.48,18176.48
ACC-INV8418,INV8418,2025-04-23,2000-AP,16366,2945.88,19311.88
ACC-INV8419,INV8419,2025-04-24,2000-AP,16503,4620.84,21123.84
ACC-INV8420,INV8420,2025-04-25,2000-AP,16640,832,17472
ACC-INV8421,INV8421,2025-04-26,2000-AP,16777,2013.24,18790.24
ACC-INV8422,INV8422,2025-04-27,2000-AP,16914,3044.52,19958.52
ACC-INV8423,INV8423,2025-04-28,2000-AP,17051,4774.28,21825.28
ACC-INV8424,INV8424,2025-04-01,2000-AP,17188,859.4,18047.4
ACC-INV8425,INV8425,2025-04-02,2000-AP,17325,2079,19404
ACC-INV8426,INV8426,2025-04-03,2000-AP,17462,3143.16,20605.16
ACC-INV8427,INV8427,2025-04-04,2000-AP,17599,4927.72,22526.72
ACC-INV8428,INV8428,2025-04-05,2000-AP,17736,886.8,18622.8
ACC-INV8429,INV8429,2025-04-06,2000-AP,17873,2144.76,20017.76
ACC-INV8430,INV8430,2025-04-07,2000-AP,18010,3241.8,21251.8
ACC-INV8431,INV8431,2025-04-08,2000-AP,18147,5081.16,23228.16
ACC-INV8432,INV8432,2025-04-09,2000-AP,18284,914.2,19198.2
ACC-INV8433,INV8433,2025-04-10,2000-AP,18421,2210.52,20631.52
ACC-INV8434,INV8434,2025-04-11,2000-AP,18558,3340.44,21898.44
ACC-INV8435,INV8435,2025-04-12,2000-AP,18695,5234.6,23929.6
ACC-INV8436,INV8436,2025-04-13,2000-AP,18832,941.6,19773.6
ACC-INV8437,INV8437,2025-04-14,2000-AP,18969,2276.28,21245.28
ACC-INV8438,INV8438,2025-04-15,2000-AP,19106,3439.08,22545.08
ACC-INV8439,INV8439,2025-04-16,2000-AP,19243,5388.04,24631.04
ACC-INV8440,INV8440,2025-04-17,2000-AP,19380,969,20349
ACC-INV8441,INV8441,2025-04-18,2000-AP,19517,2342.04,21859.04
ACC-INV8442,INV8442,2025-04-19,2000-AP,19654,3537.72,23191.72
ACC-INV8443,INV8443,2025-04-20,2000-AP,19791,5541.48,25332.48
ACC-INV8444,INV8444,2025-04-21,2000-AP,19928,996.4,20924.4
ACC-INV8445,INV8445,2025-04-22,2000-AP,20065,2407.8,22472.8
ACC-INV8446,INV8446,2025-04-23,2000-AP,20202,3636.36,23838.36
ACC-INV8447,INV8447,2025-04-24,2000-AP,20339,5694.92,26033.92
ACC-INV8448,INV8448,2025-04-25,2000-AP,20476,1023.8,21499.8
ACC-INV8449,INV8449,2025-04-26,2000-AP,20613,2473.56,23086.56
ACC-INV8450,INV8450,2025-04-27,2000-AP,950000,171000,1121000
ACC-INV8451,INV8451,2025-04-28,2000-AP,20887,5848.36,26735.36
ACC-INV8452,INV8452,2025-04-01,2000-AP,21024,1051.2,22075.2
ACC-INV8453,INV8453,2025-04-02,2000-AP,21161,2539.32,23700.32
ACC-INV8454,INV8454,2025-04-03,2000-AP,21298,3833.64,25131.64
ACC-INV8455,INV8455,2025-04-04,2000-AP,21435,6001.8,27436.8
ACC-INV8456,INV8456,2025-04-05,2000-AP,21572,1078.6,22650.6
ACC-INV8457,INV8457,2025-04-06,2000-AP,21709,2605.08,24314.08
ACC-INV8458,INV8458,2025-04-07,2000-AP,21846,3932.28,25778.28
ACC-INV8459,INV8459,2025-04-08,2000-AP,21983,6155.24,28138.24
ACC-INV8460,INV8460,2025-04-09,2000-AP,22120,1106,23226
ACC-INV8461,INV8461,2025-04-10,2000-AP,22257,2670.84,24927.84
ACC-INV8462,INV8462,2025-04-11,2000-AP,22394,4030.92,26424.92
ACC-INV8463,INV8463,2025-04-12,2000-AP,22531,6308.68,28839.68
ACC-INV8464,INV8464,2025-04-13,2000-AP,22668,1133.4,23801.4
ACC-INV8465,INV8465,2025-04-14,2000-AP,22805,2736.6,25541.6
ACC-INV8466,INV8466,2025-04-15,2000-AP,22942,4129.56,27071.56
ACC-INV8467,INV8467,2025-04-16,2000-AP,23079,6462.12,29541.12
ACC-INV8468,INV8468,2025-04-17,2000-AP,23216,1160.8,24376.8
ACC-INV8469,INV8469,2025-04-18,2000-AP,23353,2802.36,26155.36
ACC-INV8470,INV8470,2025-04-19,2000-AP,23490,4228.2,27718.2
ACC-INV8471,INV8471,2025-04-20,2000-AP,23627,6615.56,30242.56
ACC-INV8472,INV8472,2025-04-21,2000-AP,23764,1188.2,24952.2
ACC-INV8473,INV8473,2025-04-22,2000-AP,23901,2868.12,26769.12
ACC-INV8474,INV8474,2025-04-23,2000-AP,24038,4326.84,28364.84
ACC-INV8475,INV8475,2025-04-24,2000-AP,24175,6769,30944
ACC-INV8476,INV8476,2025-04-25,2000-AP,24312,1215.6,25527.6
ACC-INV8477,INV8477,2025-04-26,2000-AP,24449,2933.88,27382.88
ACC-INV8478,INV8478,2025-04-27,2000-AP,24586,4425.48,29011.48
ACC-INV8479,INV8479,2025-04-28,2000-AP,24723,6922.44,31645.44
ACC-INV8480,INV8480,2025-04-01,2000-AP,24860,1243,26103
ACC-INV8481,INV8481,2025-04-02,2000-AP,24997,2999.64,27996.64
ACC-INV8482,INV8482,2025-04-03,2000-AP,25134,4524.12,29658.12
ACC-INV8483,INV8483,2025-04-04,2000-AP,25271,7075.88,32346.88
ACC-INV8484,INV8484,2025-04-05,2000-AP,25408,1270.4,26678.4
ACC-INV8485,INV8485,2025-04-06,2000-AP,25545,3065.4,28610.4
ACC-INV8486,INV8486,2025-04-07,2000-AP,25682,4622.76,30304.76
ACC-INV8487,INV8487,2025-04-08,2000-AP,25819,7229.32,33048.32
ACC-INV8488,INV8488,2025-04-09,2000-AP,25956,1297.8,27253.8
ACC-INV8489,INV8489,2025-04-10,2000-AP,26093,3131.16,29224.16
ACC-INV8490,INV8490,2025-04-11,2000-AP,26230,4721.4,30951.4
ACC-INV8491,INV8491,2025-04-12,2000-AP,26367,7382.76,33749.76
ACC-INV8492,INV8492,2025-04-13,2000-AP,26504,1325.2,27829.2
ACC-INV8493,INV8493,2025-04-14,2000-AP,26641,3196.92,29837.92
ACC-INV8494,INV8494,2025-04-15,2000-AP,26778,4820.04,31598.04
ACC-INV8495,INV8495,2025-04-16,2000-AP,26915,7536.2,34451.2
ACC-INV8496,INV8496,2025-04-17,2000-AP,27052,1352.6,28404.6
ACC-INV8497,INV8497,2025-04-18,2000-AP,27189,3262.68,30451.68
ACC-INV8498,INV8498,2025-04-19,2000-AP,27326,4918.68,32244.68
ACC-INV8499,INV8499,2025-04-20,2000-AP,27463,7689.64,35152.64
ACC-INV8500,INV8500,2025-04-21,2000-AP,27600,1380,28980
ACC-INV8501,INV8501,2025-04-22,2000-AP,27737,3328.44,31065.44
ACC-INV8502,INV8502,2025-04-23,2000-AP,27874,5017.32,32891.32
ACC-INV8503,INV8503,2025-04-24,2000-AP,28011,7843.08,35854.08
ACC-INV8504,INV8504,2025-04-25,2000-AP,28148,1407.4,29555.4
ACC-INV8505,INV8505,2025-04-26,2000-AP,28285,3394.2,31679.2
ACC-INV8506,INV8506,2025-04-27,2000-AP,28422,5115.96,33537.96
ACC-INV8507,INV8507,2025-04-28,2000-AP,28559,7996.52,36555.52
ACC-INV8508,INV8508,2025-04-01,2000-AP,28696,1434.8,30130.8
ACC-INV8509,INV8509,2025-04-02,2000-AP,28833,3459.96,32292.96
ACC-INV8510,INV8510,2025-04-03,2000-AP,28970,5214.6,34184.6
ACC-INV8511,INV8511,2025-04-04,2000-AP,29107,8149.96,37256.96
ACC-INV8512,INV8512,2025-04-05,2000-AP,29244,1462.2,30706.2
ACC-INV8513,INV8513,2025-04-06,2000-AP,29381,3525.72,32906.72
ACC-INV8514,INV8514,2025-04-07,2000-AP,29518,5313.24,34831.24
ACC-INV8515,INV8515,2025-04-08,2000-AP,29655,8303.4,37958.4
ACC-INV8516,INV8516,2025-04-09,2000-AP,29792,1489.6,31281.6
ACC-INV8517,INV8517,2025-04-10,2000-AP,29929,3591.48,33520.48
ACC-INV8518,INV8518,2025-04-11,2000-AP,30066,5411.88,35477.88
ACC-INV8519,INV8519,2025-04-12,2000-AP,30203,8456.84,38659.84
ACC-INV8520,INV8520,2025-04-13,2000-AP,30340,1517,31857
ACC-INV8521,INV8521,2025-04-14,2000-AP,30477,3657.24,34134.24
ACC-INV8522,INV8522,2025-04-15,2000-AP,30614,5510.52,36124.52
ACC-INV8523,INV8523,2025-04-16,2000-AP,30751,8610.28,39361.28
ACC-INV8524,INV8524,2025-04-17,2000-AP,30888,1544.4,32432.4
ACC-INV8525,INV8525,2025-04-18,2000-AP,31025,3723,34748
ACC-INV8526,INV8526,2025-04-19,2000-AP,31162,5609.16,36771.16
ACC-INV8527,INV8527,2025-04-20,2000-AP,31299,8763.72,40062.72
ACC-INV8528,INV8528,2025-04-21,2000-AP,31436,1571.8,33007.8
ACC-INV8529,INV8529,2025-04-22,2000-AP,31573,3788.76,35361.76
ACC-INV8530,INV8530,2025-04-23,2000-AP,31710,5707.8,37417.8
ACC-INV8531,INV8531,2025-04-24,2000-AP,31847,8917.16,40764.16
ACC-INV8532,INV8532,2025-04-25,2000-AP,31984,1599.2,33583.2
ACC-INV8533,INV8533,2025-04-26,2000-AP,32121,3854.52,35975.52
ACC-INV8534,INV8534,2025-04-27,2000-AP,32258,5806.44,38064.44
ACC-INV8535,INV8535,2025-04-28,2000-AP,32395,9070.6,41465.6
ACC-INV8536,INV8536,2025-04-01,2000-AP,32532,1626.6,34158.6
ACC-INV8537,INV8537,2025-04-02,2000-AP,32669,3920.28,36589.28
ACC-INV8538,INV8538,2025-04-03,2000-AP,32806,5905.08,38711.08
ACC-INV8539,INV8539,2025-04-04,2000-AP,32943,9224.04,42167.04
ACC-INV8540,INV8540,2025-04-05,2000-AP,33080,1654,34734
ACC-INV8541,INV8541,2025-04-06,2000-AP,33217,3986.04,37203.04
ACC-INV8542,INV8542,2025-04-07,2000-AP,33354,6003.72,39357.72
ACC-INV8543,INV8543,2025-04-08,2000-AP,33491,9377.48,42868.48
ACC-INV8544,INV8544,2025-04-09,2000-AP,33628,1681.4,35309.4
ACC-INV8545,INV8545,2025-04-10,2000-AP,33765,4051.8,37816.8
ACC-INV8546,INV8546,2025-04-11,2000-AP,33902,6102.36,40004.36
ACC-INV8547,INV8547,2025-04-12,2000-AP,34039,9530.92,43569.92
ACC-INV8548,INV8548,2025-04-13,2000-AP,34176,1708.8,35884.8
ACC-INV8549,INV8549,2025-04-14,2000-AP,34313,4117.56,38430.56
ACC-INV8550,INV8550,2025-04-15,2000-AP,34450,6201,40651
ACC-INV8551,INV8551,2025-04-16,2000-AP,34587,9684.36,44271.36
ACC-INV8552,INV8552,2025-04-17,2000-AP,34724,1736.2,36460.2
ACC-INV8553,INV8553,2025-04-18,2000-AP,34861,4183.32,39044.32
ACC-INV8554,INV8554,2025-04-19,2000-AP,34998,6299.64,41297.64
ACC-INV8555,INV8555,2025-04-20,2000-AP,35135,9837.8,44972.8
ACC-INV8556,INV8556,2025-04-21,2000-AP,35272,1763.6,37035.6
ACC-INV8557,INV8557,2025-04-22,2000-AP,35409,4249.08,39658.08
ACC-INV8558,INV8558,2025-04-23,2000-AP,35546,6398.28,41944.28
ACC-INV8559,INV8559,2025-04-24,2000-AP,35683,9991.24,45674.24
ACC-INV8560,INV8560,2025-04-25,2000-AP,35820,1791,37611
ACC-INV8561,INV8561,2025-04-26,2000-AP,35957,4314.84,40271.84
ACC-INV8562,INV8562,2025-04-27,2000-AP,36094,6496.92,42590.92
ACC-INV8563,INV8563,2025-04-28,2000-AP,36231,10144.68,46375.68
ACC-INV8564,INV8564,2025-04-01,2000-AP,36368,1818.4,38186.4
ACC-INV8565,INV8565,2025-04-02,2000-AP,36505,4380.6,40885.6
ACC-INV8566,INV8566,2025-04-03,2000-AP,36642,6595.56,43237.56
ACC-INV8567,INV8567,2025-04-04,2000-AP,36779,10298.12,47077.12
ACC-INV8568,INV8568,2025-04-05,2000-AP,36916,1845.8,38761.8
ACC-INV8569,INV8569,2025-04-06,2000-AP,37053,4446.36,41499.36
ACC-INV8570,INV8570,2025-04-07,2000-AP,37190,6694.2,43884.2
ACC-INV8571,INV8571,2025-04-08,2000-AP,37327,10451.56,47778.56
ACC-INV8572,INV8572,2025-04-09,2000-AP,37464,1873.2,39337.2
ACC-INV8573,INV8573,2025-04-10,2000-AP,37601,4512.12,42113.12
ACC-INV8574,INV8574,2025-04-11,2000-AP,37738,6792.84,44530.84
ACC-INV8575,INV8575,2025-04-12,2000-AP,37875,10605,48480
ACC-INV8576,INV8576,2025-04-13,2000-AP,38012,1900.6,39912.6
ACC-INV8577,INV8577,2025-04-14,2000-AP,38149,4577.88,42726.88
ACC-INV8578,INV8578,2025-04-15,2000-AP,38286,6891.48,45177.48
ACC-INV8579,INV8579,2025-04-16,2000-AP,38423,10758.44,49181.44
ACC-INV8580,INV8580,2025-04-17,2000-AP,38560,1928,40488
ACC-INV8581,INV8581,2025-04-18,2000-AP,38697,4643.64,43340.64
ACC-INV8582,INV8582,2025-04-19,2000-AP,38834,6990.12,45824.12
ACC-INV8583,INV8583,2025-04-20,2000-AP,38971,10911.88,49882.88
ACC-INV8584,INV8584,2025-04-21,2000-AP,39108,1955.4,41063.4
ACC-INV8585,INV8585,2025-04-22,2000-AP,39245,4709.4,43954.4
ACC-INV8586,INV8586,2025-04-23,2000-AP,39382,7088.76,46470.76
ACC-INV8587,INV8587,2025-04-24,2000-AP,39519,11065.32,50584.32
ACC-INV8588,INV8588,2025-04-25,2000-AP,39656,1982.8,41638.8
ACC-INV8589,INV8589,2025-04-26,2000-AP,39793,4775.16,44568.16
ACC-INV8590,INV8590,2025-04-27,2000-AP,39930,7187.4,47117.4
ACC-INV8591,INV8591,2025-04-28,2000-AP,40067,11218.76,51285.76
ACC-INV8592,INV8592,2025-04-01,2000-AP,40204,2010.2,42214.2
ACC-INV8593,INV8593,2025-04-02,2000-AP,40341,4840.92,45181.92
ACC-INV8594,INV8594,2025-04-03,2000-AP,40478,7286.04,47764.04
ACC-INV8595,INV8595,2025-04-04,2000-AP,40615,11372.2,51987.2
ACC-INV8596,INV8596,2025-04-05,2000-AP,40752,2037.6,42789.6
ACC-INV8597,INV8597,2025-04-06,2000-AP,40889,4906.68,45795.68
ACC-INV8598,INV8598,2025-04-07,2000-AP,41026,7384.68,48410.68
ACC-INV8599,INV8599,2025-04-08,2000-AP,41163,11525.64,52688.64
ACC-INV8600,INV8600,2025-04-09,2000-AP,41300,2065,43365
ACC-INV8601,INV8601,2025-04-10,2000-AP,41437,4972.44,46409.44
ACC-INV8602,INV8602,2025-04-11,2000-AP,41574,7483.32,49057.32
ACC-INV8603,INV8603,2025-04-12,2000-AP,41711,11679.08,53390.08
ACC-INV8604,INV8604,2025-04-13,2000-AP,41848,2092.4,43940.4
ACC-INV8605,INV8605,2025-04-14,2000-AP,41985,5038.2,47023.2
ACC-INV8606,INV8606,2025-04-15,2000-AP,42122,7581.96,49703.96
ACC-INV8607,INV8607,2025-04-16,2000-AP,42259,11832.52,54091.52
ACC-INV8608,INV8608,2025-04-17,2000-AP,42396,2119.8,44515.8
ACC-INV8609,INV8609,2025-04-18,2000-AP,42533,5103.96,47636.96
ACC-INV8610,INV8610,2025-04-19,2000-AP,42670,7680.6,50350.6
ACC-INV8611,INV8611,2025-04-20,2000-AP,42807,11985.96,54792.96
ACC-INV8612,INV8612,2025-04-21,2000-AP,42944,2147.2,45091.2
ACC-INV8613,INV8613,2025-04-22,2000-AP,43081,5169.72,48250.72
ACC-INV8614,INV8614,2025-04-23,2000-AP,43218,7779.24,50997.24
ACC-INV8615,INV8615,2025-04-24,2000-AP,43355,12139.4,55494.4
ACC-INV8616,INV8616,2025-04-25,2000-AP,43492,2174.6,45666.6
ACC-INV8617,INV8617,2025-04-26,2000-AP,43629,5235.48,48864.48
ACC-INV8618,INV8618,2025-04-27,2000-AP,43766,7877.88,51643.88
ACC-INV8619,INV8619,2025-04-28,2000-AP,43903,12292.84,56195.84
ACC-INV8620,INV8620,2025-04-01,2000-AP,44040,2202,46242
ACC-INV8621,INV8621,2025-04-02,2000-AP,44177,5301.24,49478.24
ACC-INV8622,INV8622,2025-04-03,2000-AP,44314,7976.52,52290.52
ACC-INV8623,INV8623,2025-04-04,2000-AP,44451,12446.28,56897.28
ACC-INV8624,INV8624,2025-04-05,2000-AP,44588,2229.4,46817.4
ACC-INV8625,INV8625,2025-04-06,2000-AP,44725,5367,50092
ACC-INV8626,INV8626,2025-04-07,2000-AP,44862,8075.16,52937.16
ACC-INV8627,INV8627,2025-04-08,2000-AP,44999,12599.72,57598.72
ACC-INV8628,INV8628,2025-04-09,2000-AP,45136,2256.8,47392.8
ACC-INV8629,INV8629,2025-04-10,2000-AP,45273,5432.76,50705.76
ACC-INV8630,INV8630,2025-04-11,2000-AP,45410,8173.8,53583.8
ACC-INV8631,INV8631,2025-04-12,2000-AP,45547,12753.16,58300.16
ACC-INV8632,INV8632,2025-04-13,2000-AP,45684,2284.2,47968.2
ACC-INV8633,INV8633,2025-04-14,2000-AP,45821,5498.52,51319.52
ACC-INV8634,INV8634,2025-04-15,2000-AP,45958,8272.44,54230.44
ACC-INV8635,INV8635,2025-04-16,2000-AP,46095,12906.6,59001.6
ACC-INV8636,INV8636,2025-04-17,2000-AP,46232,2311.6,48543.6
ACC-INV8637,INV8637,2025-04-18,2000-AP,46369,5564.28,51933.28
ACC-INV8638,INV8638,2025-04-19,2000-AP,46506,8371.08,54877.08
ACC-INV8639,INV8639,2025-04-20,2000-AP,46643,13060.04,59703.04
ACC-INV8640,INV8640,2025-04-21,2000-AP,46780,2339,49119
ACC-INV8641,INV8641,2025-04-22,2000-AP,46917,5630.04,52547.04
ACC-INV8642,INV8642,2025-04-23,2000-AP,47054,8469.72,55523.72
ACC-INV8643,INV8643,2025-04-24,2000-AP,47191,13213.48,60404.48
ACC-INV8644,INV8644,2025-04-25,2000-AP,47328,2366.4,49694.4
ACC-INV8645,INV8645,2025-04-26,2000-AP,47465,5695.8,53160.8
ACC-INV8646,INV8646,2025-04-27,2000-AP,47602,8568.36,56170.36
ACC-INV8647,INV8647,2025-04-28,2000-AP,47739,13366.92,61105.92
ACC-INV8648,INV8648,2025-04-01,2000-AP,47876,2393.8,50269.8
ACC-INV8649,INV8649,2025-04-02,2000-AP,48013,5761.56,53774.56
ACC-INV8650,INV8650,2025-04-03,2000-AP,48150,8667,56817
ACC-INV8651,INV8651,2025-04-04,2000-AP,48287,13520.36,61807.36
ACC-INV8652,INV8652,2025-04-05,2000-AP,48424,2421.2,50845.2
ACC-INV8653,INV8653,2025-04-06,2000-AP,48561,5827.32,54388.32
ACC-INV8654,INV8654,2025-04-07,2000-AP,48698,8765.64,57463.64
ACC-INV8655,INV8655,2025-04-08,2000-AP,48835,13673.8,62508.8
ACC-INV8656,INV8656,2025-04-09,2000-AP,48972,2448.6,51420.6
ACC-INV8657,INV8657,2025-04-10,2000-AP,49109,5893.08,55002.08
ACC-INV8658,INV8658,2025-04-11,2000-AP,49246,8864.28,58110.28
ACC-INV8659,INV8659,2025-04-12,2000-AP,49383,13827.24,63210.24
ACC-INV8660,INV8660,2025-04-13,2000-AP,49520,2476,51996
ACC-INV8661,INV8661,2025-04-14,2000-AP,49657,5958.84,55615.84
ACC-INV8662,INV8662,2025-04-15,2000-AP,49794,8962.92,58756.92
ACC-INV8663,INV8663,2025-04-16,2000-AP,49931,13980.68,63911.68
ACC-INV8664,INV8664,2025-04-17,2000-AP,50068,2503.4,52571.4
ACC-INV8665,INV8665,2025-04-18,2000-AP,50205,6024.6,56229.6
ACC-INV8666,INV8666,2025-04-19,2000-AP,50342,9061.56,59403.56
ACC-INV8667,INV8667,2025-04-20,2000-AP,50479,14134.12,64613.12
ACC-INV8668,INV8668,2025-04-21,2000-AP,50616,2530.8,53146.8
ACC-INV8669,INV8669,2025-04-22,2000-AP,50753,6090.36,56843.36
ACC-INV8670,INV8670,2025-04-23,2000-AP,50890,9160.2,60050.2
ACC-INV8671,INV8671,2025-04-24,2000-AP,51027,14287.56,65314.56
ACC-INV8672,INV8672,2025-04-25,2000-AP,51164,2558.2,53722.2
ACC-INV8673,INV8673,2025-04-26,2000-AP,51301,6156.12,57457.12
ACC-INV8674,INV8674,2025-04-27,2000-AP,51438,9258.84,60696.84
ACC-INV8675,INV8675,2025-04-28,2000-AP,51575,14441,66016
ACC-INV8676,INV8676,2025-04-01,2000-AP,51712,2585.6,54297.6
ACC-INV8677,INV8677,2025-04-02,2000-AP,51849,6221.88,58070.88
ACC-INV8678,INV8678,2025-04-03,2000-AP,51986,9357.48,61343.48
ACC-INV8679,INV8679,2025-04-04,2000-AP,52123,14594.44,66717.44
ACC-INV8680,INV8680,2025-04-05,2000-AP,52260,2613,54873
ACC-INV8681,INV8681,2025-04-06,2000-AP,52397,6287.64,58684.64
ACC-INV8682,INV8682,2025-04-07,2000-AP,52534,9456.12,61990.12
ACC-INV8683,INV8683,2025-04-08,2000-AP,52671,14747.88,67418.88
ACC-INV8684,INV8684,2025-04-09,2000-AP,52808,2640.4,55448.4
ACC-INV8685,INV8685,2025-04-10,2000-AP,52945,6353.4,59298.4
ACC-INV8686,INV8686,2025-04-11,2000-AP,53082,9554.76,62636.76
ACC-INV8687,INV8687,2025-04-12,2000-AP,53219,14901.32,68120.32
ACC-INV8688,INV8688,2025-04-13,2000-AP,53356,2667.8,56023.8
ACC-INV8689,INV8689,2025-04-14,2000-AP,53493,6419.16,59912.16
ACC-INV8690,INV8690,2025-04-15,2000-AP,53630,9653.4,63283.4
ACC-INV8691,INV8691,2025-04-16,2000-AP,53767,15054.76,68821.76
ACC-INV8692,INV8692,2025-04-17,2000-AP,53904,2695.2,56599.2
ACC-INV8693,INV8693,2025-04-18,2000-AP,54041,6484.92,60525.92
ACC-INV8694,INV8694,2025-04-19,2000-AP,54178,9752.04,63930.04
ACC-INV8695,INV8695,2025-04-20,2000-AP,54315,15208.2,69523.2
ACC-INV8696,INV8696,2025-04-21,2000-AP,54452,2722.6,57174.6
ACC-INV8697,INV8697,2025-04-22,2000-AP,54589,6550.68,61139.68
ACC-INV8698,INV8698,2025-04-23,2000-AP,54726,9850.68,64576.68
ACC-INV8699,INV8699,2025-04-24,2000-AP,54863,15361.64,70224.64
ACC-INV8700,INV8700,2025-04-25,2000-AP,850000,42500,892500
ACC-INV8701,INV8701,2025-04-26,2000-AP,55137,6616.44,61753.44
ACC-INV8702,INV8702,2025-04-27,2000-AP,55274,9949.32,65223.32
ACC-INV8703,INV8703,2025-04-28,2000-AP,55411,15515.08,70926.08
ACC-INV8704,INV8704,2025-04-01,2000-AP,55548,2777.4,58325.4
ACC-INV8705,INV8705,2025-04-02,2000-AP,55685,6682.2,62367.2
ACC-INV8706,INV8706,2025-04-03,2000-AP,55822,10047.96,65869.96
ACC-INV8707,INV8707,2025-04-04,2000-AP,55959,15668.52,71627.52
ACC-INV8708,INV8708,2025-04-05,2000-AP,56096,2804.8,58900.8
ACC-INV8709,INV8709,2025-04-06,2000-AP,56233,6747.96,62980.96
ACC-INV8710,INV8710,2025-04-07,2000-AP,56370,10146.6,66516.6
ACC-INV8711,INV8711,2025-04-08,2000-AP,56507,15821.96,72328.96
ACC-INV8712,INV8712,2025-04-09,2000-AP,56644,2832.2,59476.2
ACC-INV8713,INV8713,2025-04-10,2000-AP,56781,6813.72,63594.72
ACC-INV8714,INV8714,2025-04-11,2000-AP,56918,10245.24,67163.24
ACC-INV8715,INV8715,2025-04-12,2000-AP,57055,15975.4,73030.4
ACC-INV8716,INV8716,2025-04-13,2000-AP,57192,2859.6,60051.6
ACC-INV8717,INV8717,2025-04-14,2000-AP,57329,6879.48,64208.48
ACC-INV8718,INV8718,2025-04-15,2000-AP,57466,10343.88,67809.88
ACC-INV8719,INV8719,2025-04-16,2000-AP,57603,16128.84,73731.84
ACC-INV8720,INV8720,2025-04-17,2000-AP,57740,2887,60627
ACC-INV8721,INV8721,2025-04-18,2000-AP,57877,6945.24,64822.24
ACC-INV8722,INV8722,2025-04-19,2000-AP,58014,10442.52,68456.52
ACC-INV8723,INV8723,2025-04-20,2000-AP,58151,16282.28,74433.28
ACC-INV8724,INV8724,2025-04-21,2000-AP,58288,2914.4,61202.4
ACC-INV8725,INV8725,2025-04-22,2000-AP,58425,7011,65436
ACC-INV8726,INV8726,2025-04-23,2000-AP,58562,10541.16,69103.16
ACC-INV8727,INV8727,2025-04-24,2000-AP,58699,16435.72,75134.72
ACC-INV8728,INV8728,2025-04-25,2000-AP,58836,2941.8,61777.8
ACC-INV8729,INV8729,2025-04-26,2000-AP,58973,7076.76,66049.76
ACC-INV8730,INV8730,2025-04-27,2000-AP,59110,10639.8,69749.8
ACC-INV8731,INV8731,2025-04-28,2000-AP,59247,16589.16,75836.16
ACC-INV8732,INV8732,2025-04-01,2000-AP,59384,2969.2,62353.2
ACC-INV8733,INV8733,2025-04-02,2000-AP,59521,7142.52,66663.52
ACC-INV8734,INV8734,2025-04-03,2000-AP,59658,10738.44,70396.44
ACC-INV8735,INV8735,2025-04-04,2000-AP,59795,16742.6,76537.6
ACC-INV8736,INV8736,2025-04-05,2000-AP,59932,2996.6,62928.6
ACC-INV8737,INV8737,2025-04-06,2000-AP,60069,7208.28,67277.28
ACC-INV8738,INV8738,2025-04-07,2000-AP,60206,10837.08,71043.08
ACC-INV8739,INV8739,2025-04-08,2000-AP,60343,16896.04,77239.04
ACC-INV8740,INV8740,2025-04-09,2000-AP,60480,3024,63504
ACC-INV8741,INV8741,2025-04-10,2000-AP,60617,7274.04,67891.04
ACC-INV8742,INV8742,2025-04-11,2000-AP,60754,10935.72,71689.72
ACC-INV8743,INV8743,2025-04-12,2000-AP,60891,17049.48,77940.48
ACC-INV8744,INV8744,2025-04-13,2000-AP,61028,3051.4,64079.4
ACC-INV8745,INV8745,2025-04-14,2000-AP,61165,7339.8,68504.8
ACC-INV8746,INV8746,2025-04-15,2000-AP,61302,11034.36,72336.36
ACC-INV8747,INV8747,2025-04-16,2000-AP,61439,17202.92,78641.92
ACC-INV8748,INV8748,2025-04-17,2000-AP,61576,3078.8,64654.8
ACC-INV8749,INV8749,2025-04-18,2000-AP,61713,7405.56,69118.56
ACC-INV8750,INV8750,2025-04-19,2000-AP,61850,11133,72983
ACC-INV8751,INV8751,2025-04-20,2000-AP,61987,17356.36,79343.36
ACC-INV8752,INV8752,2025-04-21,2000-AP,62124,3106.2,65230.2
ACC-INV8753,INV8753,2025-04-22,2000-AP,62261,7471.32,69732.32
ACC-INV8754,INV8754,2025-04-23,2000-AP,62398,11231.64,73629.64
ACC-INV8755,INV8755,2025-04-24,2000-AP,62535,17509.8,80044.8
ACC-INV8756,INV8756,2025-04-25,2000-AP,62672,3133.6,65805.6
ACC-INV8757,INV8757,2025-04-26,2000-AP,62809,7537.08,70346.08
ACC-INV8758,INV8758,2025-04-27,2000-AP,62946,11330.28,74276.28
ACC-INV8759,INV8759,2025-04-28,2000-AP,63083,17663.24,80746.24
ACC-INV8760,INV8760,2025-04-01,2000-AP,63220,3161,66381
ACC-INV8761,INV8761,2025-04-02,2000-AP,63357,7602.84,70959.84
ACC-INV8762,INV8762,2025-04-03,2000-AP,63494,11428.92,74922.92
ACC-INV8763,INV8763,2025-04-04,2000-AP,63631,17816.68,81447.68
ACC-INV8764,INV8764,2025-04-05,2000-AP,63768,3188.4,66956.4
ACC-INV8765,INV8765,2025-04-06,2000-AP,63905,7668.6,71573.6
ACC-INV8766,INV8766,2025-04-07,2000-AP,64042,11527.56,75569.56
ACC-INV8767,INV8767,2025-04-08,2000-AP,64179,17970.12,82149.12
ACC-INV8768,INV8768,2025-04-09,2000-AP,64316,3215.8,67531.8
ACC-INV8769,INV8769,2025-04-10,2000-AP,64453,7734.36,72187.36
ACC-INV8770,INV8770,2025-04-11,2000-AP,64590,11626.2,76216.2
ACC-INV8771,INV8771,2025-04-12,2000-AP,64727,18123.56,82850.56
ACC-INV8772,INV8772,2025-04-13,2000-AP,64864,3243.2,68107.2
ACC-INV8773,INV8773,2025-04-14,2000-AP,65001,7800.12,72801.12
ACC-INV8774,INV8774,2025-04-15,2000-AP,65138,11724.84,76862.84
ACC-INV8775,INV8775,2025-04-16,2000-AP,65275,18277,83552
ACC-INV8776,INV8776,2025-04-17,2000-AP,65412,3270.6,68682.6
ACC-INV8777,INV8777,2025-04-18,2000-AP,65549,7865.88,73414.88
ACC-INV8778,INV8778,2025-04-19,2000-AP,65686,11823.48,77509.48
ACC-INV8779,INV8779,2025-04-20,2000-AP,65823,18430.44,84253.44
ACC-INV8780,INV8780,2025-04-21,2000-AP,65960,3298,69258
ACC-INV8781,INV8781,2025-04-22,2000-AP,66097,7931.64,74028.64
ACC-INV8782,INV8782,2025-04-23,2000-AP,66234,11922.12,78156.12
ACC-INV8783,INV8783,2025-04-24,2000-AP,66371,18583.88,84954.88
ACC-INV8784,INV8784,2025-04-25,2000-AP,66508,3325.4,69833.4
ACC-INV8785,INV8785,2025-04-26,2000-AP,66645,7997.4,74642.4
ACC-INV8786,INV8786,2025-04-27,2000-AP,66782,12020.76,78802.76
ACC-INV8787,INV8787,2025-04-28,2000-AP,66919,18737.32,85656.32
ACC-INV8788,INV8788,2025-04-01,2000-AP,67056,3352.8,70408.8
ACC-INV8789,INV8789,2025-04-02,2000-AP,67193,8063.16,75256.16
ACC-INV8790,INV8790,2025-04-03,2000-AP,67330,12119.4,79449.4
ACC-INV8791,INV8791,2025-04-04,2000-AP,67467,18890.76,86357.76
ACC-INV8792,INV8792,2025-04-05,2000-AP,67604,3380.2,70984.2
ACC-INV8793,INV8793,2025-04-06,2000-AP,67741,8128.92,75869.92
ACC-INV8794,INV8794,2025-04-07,2000-AP,67878,12218.04,80096.04
ACC-INV8795,INV8795,2025-04-08,2000-AP,68015,19044.2,87059.2
ACC-INV8796,INV8796,2025-04-09,2000-AP,68152,3407.6,71559.6
ACC-INV8797,INV8797,2025-04-10,2000-AP,68289,8194.68,76483.68
ACC-INV8798,INV8798,2025-04-11,2000-AP,68426,12316.68,80742.68
ACC-INV8799,INV8799,2025-04-12,2000-AP,68563,19197.64,87760.64
ACC-INV8800,INV8800,2025-04-13,2000-AP,68700,3435,72135
ACC-INV8801,INV8801,2025-04-14,2000-AP,68837,8260.44,77097.44
ACC-INV8802,INV8802,2025-04-15,2000-AP,68974,12415.32,81389.32
ACC-INV8803,INV8803,2025-04-16,2000-AP,69111,19351.08,88462.08
ACC-INV8804,INV8804,2025-04-17,2000-AP,69248,3462.4,72710.4
ACC-INV8805,INV8805,2025-04-18,2000-AP,69385,8326.2,77711.2
ACC-INV8806,INV8806,2025-04-19,2000-AP,69522,12513.96,82035.96
ACC-INV8807,INV8807,2025-04-20,2000-AP,69659,19504.52,89163.52
ACC-INV8808,INV8808,2025-04-21,2000-AP,69796,3489.8,73285.8
ACC-INV8809,INV8809,2025-04-22,2000-AP,69933,8391.96,78324.96
ACC-INV8810,INV8810,2025-04-23,2000-AP,70070,12612.6,82682.6
ACC-INV8811,INV8811,2025-04-24,2000-AP,70207,19657.96,89864.96
ACC-INV8812,INV8812,2025-04-25,2000-AP,70344,3517.2,73861.2
ACC-INV8813,INV8813,2025-04-26,2000-AP,70481,8457.72,78938.72
ACC-INV8814,INV8814,2025-04-27,2000-AP,70618,12711.24,83329.24
ACC-INV8815,INV8815,2025-04-28,2000-AP,70755,19811.4,90566.4
ACC-INV8816,INV8816,2025-04-01,2000-AP,70892,3544.6,74436.6
ACC-INV8817,INV8817,2025-04-02,2000-AP,71029,8523.48,79552.48
ACC-INV8818,INV8818,2025-04-03,2000-AP,71166,12809.88,83975.88
ACC-INV8819,INV8819,2025-04-04,2000-AP,71303,19964.84,91267.84
ACC-INV8820,INV8820,2025-04-05,2000-AP,71440,3572,75012
ACC-INV8821,INV8821,2025-04-06,2000-AP,71577,8589.24,80166.24
ACC-INV8822,INV8822,2025-04-07,2000-AP,71714,12908.52,84622.52
ACC-INV8823,INV8823,2025-04-08,2000-AP,71851,20118.28,91969.28
ACC-INV8824,INV8824,2025-04-09,2000-AP,71988,3599.4,75587.4
ACC-INV8825,INV8825,2025-04-10,2000-AP,72125,8655,80780
ACC-INV8826,INV8826,2025-04-11,2000-AP,72262,13007.16,85269.16
ACC-INV8827,INV8827,2025-04-12,2000-AP,72399,20271.72,92670.72
ACC-INV8828,INV8828,2025-04-13,2000-AP,72536,3626.8,76162.8
ACC-INV8829,INV8829,2025-04-14,2000-AP,72673,8720.76,81393.76
ACC-INV8830,INV8830,2025-04-15,2000-AP,72810,13105.8,85915.8
ACC-INV8831,INV8831,2025-04-16,2000-AP,72947,20425.16,93372.16
ACC-INV8832,INV8832,2025-04-17,2000-AP,73084,3654.2,76738.2
ACC-INV8833,INV8833,2025-04-18,2000-AP,73221,8786.52,82007.52
ACC-INV8834,INV8834,2025-04-19,2000-AP,73358,13204.44,86562.44
ACC-INV8835,INV8835,2025-04-20,2000-AP,73495,20578.6,94073.6
ACC-INV8836,INV8836,2025-04-21,2000-AP,73632,3681.6,77313.6
ACC-INV8837,INV8837,2025-04-22,2000-AP,73769,8852.28,82621.28
ACC-INV8838,INV8838,2025-04-23,2000-AP,73906,13303.08,87209.08
ACC-INV8839,INV8839,2025-04-24,2000-AP,74043,20732.04,94775.04
ACC-INV8840,INV8840,2025-04-25,2000-AP,74180,3709,77889
ACC-INV8841,INV8841,2025-04-26,2000-AP,74317,8918.04,83235.04
ACC-INV8842,INV8842,2025-04-27,2000-AP,74454,13401.72,87855.72
ACC-INV8843,INV8843,2025-04-28,2000-AP,74591,20885.48,95476.48
ACC-INV8844,INV8844,2025-04-01,2000-AP,74728,3736.4,78464.4
ACC-INV8845,INV8845,2025-04-02,2000-AP,74865,8983.8,83848.8
ACC-INV8846,INV8846,2025-04-03,2000-AP,75002,13500.36,88502.36
ACC-INV8847,INV8847,2025-04-04,2000-AP,75139,21038.92,96177.92
ACC-INV8848,INV8848,2025-04-05,2000-AP,75276,3763.8,79039.8
ACC-INV8849,INV8849,2025-04-06,2000-AP,75413,9049.56,84462.56
ACC-INV8850,INV8850,2025-04-07,2000-AP,75550,13599,89149
ACC-INV8851,INV8851,2025-04-08,2000-AP,75687,21192.36,96879.36
ACC-INV8852,INV8852,2025-04-09,2000-AP,75824,3791.2,79615.2
ACC-INV8853,INV8853,2025-04-10,2000-AP,75961,9115.32,85076.32
ACC-INV8854,INV8854,2025-04-11,2000-AP,76098,13697.64,89795.64
ACC-INV8855,INV8855,2025-04-12,2000-AP,76235,21345.8,97580.8
ACC-INV8856,INV8856,2025-04-13,2000-AP,76372,3818.6,80190.6
ACC-INV8857,INV8857,2025-04-14,2000-AP,76509,9181.08,85690.08
ACC-INV8858,INV8858,2025-04-15,2000-AP,76646,13796.28,90442.28
ACC-INV8859,INV8859,2025-04-16,2000-AP,76783,21499.24,98282.24
ACC-INV8860,INV8860,2025-04-17,2000-AP,76920,3846,80766
ACC-INV8861,INV8861,2025-04-18,2000-AP,77057,9246.84,86303.84
ACC-INV8862,INV8862,2025-04-19,2000-AP,77194,13894.92,91088.92
ACC-INV8863,INV8863,2025-04-20,2000-AP,77331,21652.68,98983.68
ACC-INV8864,INV8864,2025-04-21,2000-AP,77468,3873.4,81341.4
ACC-INV8865,INV8865,2025-04-22,2000-AP,2605,312.6,2917.6
ACC-INV8866,INV8866,2025-04-23,2000-AP,2742,493.56,3235.56
ACC-INV8867,INV8867,2025-04-24,2000-AP,2879,806.12,3685.12
ACC-INV8868,INV8868,2025-04-25,2000-AP,3016,150.8,3166.8
ACC-INV8869,INV8869,2025-04-26,2000-AP,3153,378.36,3531.36
ACC-INV8870,INV8870,2025-04-27,2000-AP,3290,592.2,3882.2
ACC-INV8871,INV8871,2025-04-28,2000-AP,3427,959.56,4386.56
ACC-INV8872,INV8872,2025-04-01,2000-AP,3564,178.2,3742.2
ACC-INV8873,INV8873,2025-04-02,2000-AP,3701,444.12,4145.12
ACC-INV8874,INV8874,2025-04-03,2000-AP,3838,690.84,4528.84
ACC-INV8875,INV8875,2025-04-04,2000-AP,3975,1113,5088
ACC-INV8876,INV8876,2025-04-05,2000-AP,4112,205.6,4317.6
ACC-INV8877,INV8877,2025-04-06,2000-AP,4249,509.88,4758.88
ACC-INV8878,INV8878,2025-04-07,2000-AP,4386,789.48,5175.48
ACC-INV8879,INV8879,2025-04-08,2000-AP,4523,1266.44,5789.44
ACC-INV8880,INV8880,2025-04-09,2000-AP,4660,233,4893
ACC-INV8881,INV8881,2025-04-10,2000-AP,4797,575.64,5372.64
ACC-INV8882,INV8882,2025-04-11,2000-AP,4934,888.12,5822.12
ACC-INV8883,INV8883,2025-04-12,2000-AP,5071,1419.88,6490.88
ACC-INV8884,INV8884,2025-04-13,2000-AP,5208,260.4,5468.4
ACC-INV8885,INV8885,2025-04-14,2000-AP,5345,641.4,5986.4
ACC-INV8886,INV8886,2025-04-15,2000-AP,5482,986.76,6468.76
ACC-INV8887,INV8887,2025-04-16,2000-AP,5619,1573.32,7192.32
ACC-INV8888,INV8888,2025-04-17,2000-AP,5756,287.8,6043.8
ACC-INV8889,INV8889,2025-04-18,2000-AP,5893,707.16,6600.16
ACC-INV8890,INV8890,2025-04-19,2000-AP,6030,1085.4,7115.4
ACC-INV8891,INV8891,2025-04-20,2000-AP,6167,1726.76,7893.76
ACC-INV8892,INV8892,2025-04-21,2000-AP,6304,315.2,6619.2
ACC-INV8893,INV8893,2025-04-22,2000-AP,6441,772.92,7213.92
ACC-INV8894,INV8894,2025-04-23,2000-AP,6578,1184.04,7762.04
ACC-INV8895,INV8895,2025-04-24,2000-AP,6715,1880.2,8595.2
ACC-INV8896,INV8896,2025-04-25,2000-AP,6852,342.6,7194.6
ACC-INV8897,INV8897,2025-04-26,2000-AP,6989,838.68,7827.68
ACC-INV8898,INV8898,2025-04-27,2000-AP,7126,1282.68,8408.68
ACC-INV8899,INV8899,2025-04-28,2000-AP,7263,2033.64,9296.64
ACC-INV8900,INV8900,2025-04-01,2000-AP,7400,370,7770
ACC-INV8901,INV8901,2025-04-02,2000-AP,7537,904.44,8441.44
ACC-INV8902,INV8902,2025-04-03,2000-AP,7674,1381.32,9055.32
ACC-INV8903,INV8903,2025-04-04,2000-AP,7811,2187.08,9998.08
ACC-INV8904,INV8904,2025-04-05,2000-AP,7948,397.4,8345.4
ACC-INV8905,INV8905,2025-04-06,2000-AP,8085,970.2,9055.2
ACC-INV8906,INV8906,2025-04-07,2000-AP,8222,1479.96,9701.96
ACC-INV8907,INV8907,2025-04-08,2000-AP,8359,2340.52,10699.52
ACC-INV8908,INV8908,2025-04-09,2000-AP,8496,424.8,8920.8
ACC-INV8909,INV8909,2025-04-10,2000-AP,8633,1035.96,9668.96
ACC-INV8910,INV8910,2025-04-11,2000-AP,8770,1578.6,10348.6
ACC-INV8911,INV8911,2025-04-12,2000-AP,8907,2493.96,11400.96
ACC-INV8912,INV8912,2025-04-13,2000-AP,9044,452.2,9496.2
ACC-INV8913,INV8913,2025-04-14,2000-AP,9181,1101.72,10282.72
ACC-INV8914,INV8914,2025-04-15,2000-AP,9318,1677.24,10995.24
ACC-INV8915,INV8915,2025-04-16,2000-AP,9455,2647.4,12102.4
ACC-INV8916,INV8916,2025-04-17,2000-AP,9592,479.6,10071.6
ACC-INV8917,INV8917,2025-04-18,2000-AP,9729,1167.48,10896.48
ACC-INV8918,INV8918,2025-04-19,2000-AP,9866,1775.88,11641.88
ACC-INV8919,INV8919,2025-04-20,2000-AP,10003,2800.84,12803.84
ACC-INV8920,INV8920,2025-04-21,2000-AP,10140,507,10647
ACC-INV8921,INV8921,2025-04-22,2000-AP,10277,1233.24,11510.24
ACC-INV8922,INV8922,2025-04-23,2000-AP,10414,1874.52,12288.52
ACC-INV8923,INV8923,2025-04-24,2000-AP,10551,2954.28,13505.28
ACC-INV8924,INV8924,2025-04-25,2000-AP,10688,534.4,11222.4
ACC-INV8925,INV8925,2025-04-26,2000-AP,10825,1299,12124
ACC-INV8926,INV8926,2025-04-27,2000-AP,10962,1973.16,12935.16
ACC-INV8927,INV8927,2025-04-28,2000-AP,11099,3107.72,14206.72
ACC-INV8928,INV8928,2025-04-01,2000-AP,11236,561.8,11797.8
ACC-INV8929,INV8929,2025-04-02,2000-AP,11373,1364.76,12737.76
ACC-INV8930,INV8930,2025-04-03,2000-AP,11510,2071.8,13581.8
ACC-INV8931,INV8931,2025-04-04,2000-AP,11647,3261.16,14908.16
ACC-INV8932,INV8932,2025-04-05,2000-AP,11784,589.2,12373.2
ACC-INV8933,INV8933,2025-04-06,2000-AP,11921,1430.52,13351.52
ACC-INV8934,INV8934,2025-04-07,2000-AP,12058,2170.44,14228.44
ACC-INV8935,INV8935,2025-04-08,2000-AP,12195,3414.6,15609.6
ACC-INV8936,INV8936,2025-04-09,2000-AP,12332,616.6,12948.6
ACC-INV8937,INV8937,2025-04-10,2000-AP,12469,1496.28,13965.28
ACC-INV8938,INV8938,2025-04-11,2000-AP,12606,2269.08,14875.08
ACC-INV8939,INV8939,2025-04-12,2000-AP,12743,3568.04,16311.04
ACC-INV8940,INV8940,2025-04-13,2000-AP,12880,644,13524
ACC-INV8941,INV8941,2025-04-14,2000-AP,13017,1562.04,14579.04
ACC-INV8942,INV8942,2025-04-15,2000-AP,13154,2367.72,15521.72
ACC-INV8943,INV8943,2025-04-16,2000-AP,13291,3721.48,17012.48
ACC-INV8944,INV8944,2025-04-17,2000-AP,13428,671.4,14099.4
ACC-INV8945,INV8945,2025-04-18,2000-AP,13565,1627.8,15192.8
ACC-INV8946,INV8946,2025-04-19,2000-AP,13702,2466.36,16168.36
ACC-INV8947,INV8947,2025-04-20,2000-AP,13839,3874.92,17713.92
ACC-INV8948,INV8948,2025-04-21,2000-AP,13976,698.8,14674.8
ACC-INV8949,INV8949,2025-04-22,2000-AP,14113,1693.56,15806.56
ACC-INV8950,INV8950,2025-04-23,2000-AP,1050000,189000,1239000
ACC-INV8951,INV8951,2025-04-24,2000-AP,14387,4028.36,18415.36
ACC-INV8952,INV8952,2025-04-25,2000-AP,14524,726.2,15250.2
ACC-INV8953,INV8953,2025-04-26,2000-AP,14661,1759.32,16420.32
ACC-INV8954,INV8954,2025-04-27,2000-AP,14798,2663.64,17461.64
ACC-INV8955,INV8955,2025-04-28,2000-AP,14935,4181.8,19116.8
ACC-INV8956,INV8956,2025-04-01,2000-AP,15072,753.6,15825.6
ACC-INV8957,INV8957,2025-04-02,2000-AP,15209,1825.08,17034.08
ACC-INV8958,INV8958,2025-04-03,2000-AP,15346,2762.28,18108.28
ACC-INV8959,INV8959,2025-04-04,2000-AP,15483,4335.24,19818.24
ACC-INV8960,INV8960,2025-04-05,2000-AP,15620,781,16401
ACC-INV8961,INV8961,2025-04-06,2000-AP,15757,1890.84,17647.84
ACC-INV8962,INV8962,2025-04-07,2000-AP,15894,2860.92,18754.92
ACC-INV8963,INV8963,2025-04-08,2000-AP,16031,4488.68,20519.68
ACC-INV8964,INV8964,2025-04-09,2000-AP,16168,808.4,16976.4
ACC-INV8965,INV8965,2025-04-10,2000-AP,16305,1956.6,18261.6
ACC-INV8966,INV8966,2025-04-11,2000-AP,16442,2959.56,19401.56
ACC-INV8967,INV8967,2025-04-12,2000-AP,16579,4642.12,21221.12
ACC-INV8968,INV8968,2025-04-13,2000-AP,16716,835.8,17551.8
ACC-INV8969,INV8969,2025-04-14,2000-AP,16853,2022.36,18875.36
ACC-INV8970,INV8970,2025-04-15,2000-AP,16990,3058.2,20048.2
ACC-INV8971,INV8971,2025-04-16,2000-AP,17127,4795.56,21922.56
ACC-INV8972,INV8972,2025-04-17,2000-AP,17264,863.2,18127.2
ACC-INV8973,INV8973,2025-04-18,2000-AP,17401,2088.12,19489.12
ACC-INV8974,INV8974,2025-04-19,2000-AP,17538,3156.84,20694.84
ACC-INV8975,INV8975,2025-04-20,2000-AP,17675,4949,22624
ACC-INV8976,INV8976,2025-04-21,2000-AP,17812,890.6,18702.6
ACC-INV8977,INV8977,2025-04-22,2000-AP,17949,2153.88,20102.88
ACC-INV8978,INV8978,2025-04-23,2000-AP,18086,3255.48,21341.48
ACC-INV8979,INV8979,2025-04-24,2000-AP,18223,5102.44,23325.44
ACC-INV8980,INV8980,2025-04-25,2000-AP,18360,918,19278
ACC-INV8981,INV8981,2025-04-26,2000-AP,18497,2219.64,20716.64
ACC-INV8982,INV8982,2025-04-27,2000-AP,18634,3354.12,21988.12
ACC-INV8983,INV8983,2025-04-28,2000-AP,18771,5255.88,24026.88
ACC-INV8984,INV8984,2025-04-01,2000-AP,18908,945.4,19853.4
ACC-INV8985,INV8985,2025-04-02,2000-AP,19045,2285.4,21330.4
ACC-INV8986,INV8986,2025-04-03,2000-AP,19182,3452.76,22634.76
ACC-INV8987,INV8987,2025-04-04,2000-AP,19319,5409.32,24728.32
ACC-INV8988,INV8988,2025-04-05,2000-AP,19456,972.8,20428.8
ACC-INV8989,INV8989,2025-04-06,2000-AP,19593,2351.16,21944.16
ACC-INV8990,INV8990,2025-04-07,2000-AP,19730,3551.4,23281.4
ACC-INV8991,INV8991,2025-04-08,2000-AP,19867,5562.76,25429.76
ACC-INV8992,INV8992,2025-04-09,2000-AP,20004,1000.2,21004.2
ACC-INV8993,INV8993,2025-04-10,2000-AP,20141,2416.92,22557.92
ACC-INV8994,INV8994,2025-04-11,2000-AP,20278,3650.04,23928.04
ACC-INV8995,INV8995,2025-04-12,2000-AP,20415,5716.2,26131.2
ACC-INV8996,INV8996,2025-04-13,2000-AP,20552,1027.6,21579.6
ACC-INV8997,INV8997,2025-04-14,2000-AP,20689,2482.68,23171.68
ACC-INV8998,INV8998,2025-04-15,2000-AP,20826,3748.68,24574.68
ACC-INV8999,INV8999,2025-04-16,2000-AP,20963,5869.64,26832.64
ACC-INV9000,INV9000,2025-04-17,2000-AP,21100,1055,22155
ACC-INV9001,INV9001,2025-04-18,2000-AP,21237,2548.44,23785.44
ACC-INV9002,INV9002,2025-04-19,2000-AP,21374,3847.32,25221.32
ACC-INV9003,INV9003,2025-04-20,2000-AP,21511,6023.08,27534.08
ACC-INV9004,INV9004,2025-04-21,2000-AP,21648,1082.4,22730.4
ACC-INV9005,INV9005,2025-04-22,2000-AP,21785,2614.2,24399.2
ACC-INV9006,INV9006,2025-04-23,2000-AP,21922,3945.96,25867.96
ACC-INV9007,INV9007,2025-04-24,2000-AP,22059,6176.52,28235.52
ACC-INV9008,INV9008,2025-04-25,2000-AP,22196,1109.8,23305.8
ACC-INV9009,INV9009,2025-04-26,2000-AP,22333,2679.96,25012.96
ACC-INV9010,INV9010,2025-04-27,2000-AP,22470,4044.6,26514.6
ACC-INV9011,INV9011,2025-04-28,2000-AP,22607,6329.96,28936.96
ACC-INV9012,INV9012,2025-04-01,2000-AP,22744,1137.2,23881.2
ACC-INV9013,INV9013,2025-04-02,2000-AP,22881,2745.72,25626.72
ACC-INV9014,INV9014,2025-04-03,2000-AP,23018,4143.24,27161.24
ACC-INV9015,INV9015,2025-04-04,2000-AP,23155,6483.4,29638.4
ACC-INV9016,INV9016,2025-04-05,2000-AP,23292,1164.6,24456.6
ACC-INV9017,INV9017,2025-04-06,2000-AP,23429,2811.48,26240.48
ACC-INV9018,INV9018,2025-04-07,2000-AP,23566,4241.88,27807.88
ACC-INV9019,INV9019,2025-04-08,2000-AP,23703,6636.84,30339.84
ACC-INV9020,INV9020,2025-04-09,2000-AP,23840,1192,25032
ACC-INV9021,INV9021,2025-04-10,2000-AP,23977,2877.24,26854.24
ACC-INV9022,INV9022,2025-04-11,2000-AP,24114,4340.52,28454.52
ACC-INV9023,INV9023,2025-04-12,2000-AP,24251,6790.28,31041.28
ACC-INV9024,INV9024,2025-04-13,2000-AP,24388,1219.4,25607.4
ACC-INV9025,INV9025,2025-04-14,2000-AP,24525,2943,27468
ACC-INV9026,INV9026,2025-04-15,2000-AP,24662,4439.16,29101.16
ACC-INV9027,INV9027,2025-04-16,2000-AP,24799,6943.72,31742.72
ACC-INV9028,INV9028,2025-04-17,2000-AP,24936,1246.8,26182.8
ACC-INV9029,INV9029,2025-04-18,2000-AP,25073,3008.76,28081.76
ACC-INV9030,INV9030,2025-04-19,2000-AP,25210,4537.8,29747.8
ACC-INV9031,INV9031,2025-04-20,2000-AP,25347,7097.16,32444.16
ACC-INV9032,INV9032,2025-04-21,2000-AP,25484,1274.2,26758.2
ACC-INV9033,INV9033,2025-04-22,2000-AP,25621,3074.52,28695.52
ACC-INV9034,INV9034,2025-04-23,2000-AP,25758,4636.44,30394.44
ACC-INV9035,INV9035,2025-04-24,2000-AP,25895,7250.6,33145.6
ACC-INV9036,INV9036,2025-04-25,2000-AP,26032,1301.6,27333.6
ACC-INV9037,INV9037,2025-04-26,2000-AP,26169,3140.28,29309.28
ACC-INV9038,INV9038,2025-04-27,2000-AP,26306,4735.08,31041.08
ACC-INV9039,INV9039,2025-04-28,2000-AP,26443,7404.04,33847.04
ACC-INV9040,INV9040,2025-04-01,2000-AP,26580,1329,27909
ACC-INV9041,INV9041,2025-04-02,2000-AP,26717,3206.04,29923.04
ACC-INV9042,INV9042,2025-04-03,2000-AP,26854,4833.72,31687.72
ACC-INV9043,INV9043,2025-04-04,2000-AP,26991,7557.48,34548.48
ACC-INV9044,INV9044,2025-04-05,2000-AP,27128,1356.4,28484.4
ACC-INV9045,INV9045,2025-04-06,2000-AP,27265,3271.8,30536.8
ACC-INV9046,INV9046,2025-04-07,2000-AP,27402,4932.36,32334.36
ACC-INV9047,INV9047,2025-04-08,2000-AP,27539,7710.92,35249.92
ACC-INV9048,INV9048,2025-04-09,2000-AP,27676,1383.8,29059.8
ACC-INV9049,INV9049,2025-04-10,2000-AP,27813,3337.56,31150.56
ACC-INV9050,INV9050,2025-04-11,2000-AP,27950,5031,32981
ACC-INV9051,INV9051,2025-04-12,2000-AP,28087,7864.36,35951.36
ACC-INV9052,INV9052,2025-04-13,2000-AP,28224,1411.2,29635.2
ACC-INV9053,INV9053,2025-04-14,2000-AP,28361,3403.32,31764.32
ACC-INV9054,INV9054,2025-04-15,2000-AP,28498,5129.64,33627.64
ACC-INV9055,INV9055,2025-04-16,2000-AP,28635,8017.8,36652.8
ACC-INV9056,INV9056,2025-04-17,2000-AP,28772,1438.6,30210.6
ACC-INV9057,INV9057,2025-04-18,2000-AP,28909,3469.08,32378.08
ACC-INV9058,INV9058,2025-04-19,2000-AP,29046,5228.28,34274.28
ACC-INV9059,INV9059,2025-04-20,2000-AP,29183,8171.24,37354.24
ACC-INV9060,INV9060,2025-04-21,2000-AP,29320,1466,30786
ACC-INV9061,INV9061,2025-04-22,2000-AP,29457,3534.84,32991.84
ACC-INV9062,INV9062,2025-04-23,2000-AP,29594,5326.92,34920.92
ACC-INV9063,INV9063,2025-04-24,2000-AP,29731,8324.68,38055.68
ACC-INV9064,INV9064,2025-04-25,2000-AP,29868,1493.4,31361.4
ACC-INV9065,INV9065,2025-04-26,2000-AP,30005,3600.6,33605.6
ACC-INV9066,INV9066,2025-04-27,2000-AP,30142,5425.56,35567.56
ACC-INV9067,INV9067,2025-04-28,2000-AP,30279,8478.12,38757.12
ACC-INV9068,INV9068,2025-04-01,2000-AP,30416,1520.8,31936.8
ACC-INV9069,INV9069,2025-04-02,2000-AP,30553,3666.36,34219.36
ACC-INV9070,INV9070,2025-04-03,2000-AP,30690,5524.2,36214.2
ACC-INV9071,INV9071,2025-04-04,2000-AP,30827,8631.56,39458.56
ACC-INV9072,INV9072,2025-04-05,2000-AP,30964,1548.2,32512.2
ACC-INV9073,INV9073,2025-04-06,2000-AP,31101,3732.12,34833.12
ACC-INV9074,INV9074,2025-04-07,2000-AP,31238,5622.84,36860.84
ACC-INV9075,INV9075,2025-04-08,2000-AP,31375,8785,40160
ACC-INV9076,INV9076,2025-04-09,2000-AP,31512,1575.6,33087.6
ACC-INV9077,INV9077,2025-04-10,2000-AP,31649,3797.88,35446.88
ACC-INV9078,INV9078,2025-04-11,2000-AP,31786,5721.48,37507.48
ACC-INV9079,INV9079,2025-04-12,2000-AP,31923,8938.44,40861.44
ACC-INV9080,INV9080,2025-04-13,2000-AP,32060,1603,33663
ACC-INV9081,INV9081,2025-04-14,2000-AP,32197,3863.64,36060.64
ACC-INV9082,INV9082,2025-04-15,2000-AP,32334,5820.12,38154.12
ACC-INV9083,INV9083,2025-04-16,2000-AP,32471,9091.88,41562.88
ACC-INV9084,INV9084,2025-04-17,2000-AP,32608,1630.4,34238.4
ACC-INV9085,INV9085,2025-04-18,2000-AP,32745,3929.4,36674.4
ACC-INV9086,INV9086,2025-04-19,2000-AP,32882,5918.76,38800.76
ACC-INV9087,INV9087,2025-04-20,2000-AP,33019,9245.32,42264.32
ACC-INV9088,INV9088,2025-04-21,2000-AP,33156,1657.8,34813.8
ACC-INV9089,INV9089,2025-04-22,2000-AP,33293,3995.16,37288.16
ACC-INV9090,INV9090,2025-04-23,2000-AP,33430,6017.4,39447.4
ACC-INV9091,INV9091,2025-04-24,2000-AP,33567,9398.76,42965.76
ACC-INV9092,INV9092,2025-04-25,2000-AP,33704,1685.2,35389.2
ACC-INV9093,INV9093,2025-04-26,2000-AP,33841,4060.92,37901.92
ACC-INV9094,INV9094,2025-04-27,2000-AP,33978,6116.04,40094.04
ACC-INV9095,INV9095,2025-04-28,2000-AP,34115,9552.2,43667.2
ACC-INV9096,INV9096,2025-04-01,2000-AP,34252,1712.6,35964.6
ACC-INV9097,INV9097,2025-04-02,2000-AP,34389,4126.68,38515.68
ACC-INV9098,INV9098,2025-04-03,2000-AP,34526,6214.68,40740.68
ACC-INV9099,INV9099,2025-04-04,2000-AP,34663,9705.64,44368.64
ACC-INV9100,INV9100,2025-04-05,2000-AP,34800,1740,36540
ACC-INV9101,INV9101,2025-04-06,2000-AP,34937,4192.44,39129.44
ACC-INV9102,INV9102,2025-04-07,2000-AP,35074,6313.32,41387.32
ACC-INV9103,INV9103,2025-04-08,2000-AP,35211,9859.08,45070.08
ACC-INV9104,INV9104,2025-04-09,2000-AP,35348,1767.4,37115.4
ACC-INV9105,INV9105,2025-04-10,2000-AP,35485,4258.2,39743.2
ACC-INV9106,INV9106,2025-04-11,2000-AP,35622,6411.96,42033.96
ACC-INV9107,INV9107,2025-04-12,2000-AP,35759,10012.52,45771.52
ACC-INV9108,INV9108,2025-04-13,2000-AP,35896,1794.8,37690.8
ACC-INV9109,INV9109,2025-04-14,2000-AP,36033,4323.96,40356.96
ACC-INV9110,INV9110,2025-04-15,2000-AP,36170,6510.6,42680.6
ACC-INV9111,INV9111,2025-04-16,2000-AP,36307,10165.96,46472.96
ACC-INV9112,INV9112,2025-04-17,2000-AP,36444,1822.2,38266.2
ACC-INV9113,INV9113,2025-04-18,2000-AP,36581,4389.72,40970.72
ACC-INV9114,INV9114,2025-04-19,2000-AP,36718,6609.24,43327.24
ACC-INV9115,INV9115,2025-04-20,2000-AP,36855,10319.4,47174.4
ACC-INV9116,INV9116,2025-04-21,2000-AP,36992,1849.6,38841.6
ACC-INV9117,INV9117,2025-04-22,2000-AP,37129,4455.48,41584.48
ACC-INV9118,INV9118,2025-04-23,2000-AP,37266,6707.88,43973.88
ACC-INV9119,INV9119,2025-04-24,2000-AP,37403,10472.84,47875.84
ACC-INV9120,INV9120,2025-04-25,2000-AP,37540,1877,39417
ACC-INV9121,INV9121,2025-04-26,2000-AP,37677,4521.24,42198.24
ACC-INV9122,INV9122,2025-04-27,2000-AP,37814,6806.52,44620.52
ACC-INV9123,INV9123,2025-04-28,2000-AP,37951,10626.28,48577.28
ACC-INV9124,INV9124,2025-04-01,2000-AP,38088,1904.4,39992.4
ACC-INV9125,INV9125,2025-04-02,2000-AP,38225,4587,42812
ACC-INV9126,INV9126,2025-04-03,2000-AP,38362,6905.16,45267.16
ACC-INV9127,INV9127,2025-04-04,2000-AP,38499,10779.72,49278.72
ACC-INV9128,INV9128,2025-04-05,2000-AP,38636,1931.8,40567.8
ACC-INV9129,INV9129,2025-04-06,2000-AP,38773,4652.76,43425.76
ACC-INV9130,INV9130,2025-04-07,2000-AP,38910,7003.8,45913.8
ACC-INV9131,INV9131,2025-04-08,2000-AP,39047,10933.16,49980.16
ACC-INV9132,INV9132,2025-04-09,2000-AP,39184,1959.2,41143.2
ACC-INV9133,INV9133,2025-04-10,2000-AP,39321,4718.52,44039.52
ACC-INV9134,INV9134,2025-04-11,2000-AP,39458,7102.44,46560.44
ACC-INV9135,INV9135,2025-04-12,2000-AP,39595,11086.6,50681.6
ACC-INV9136,INV9136,2025-04-13,2000-AP,39732,1986.6,41718.6
ACC-INV9137,INV9137,2025-04-14,2000-AP,39869,4784.28,44653.28
ACC-INV9138,INV9138,2025-04-15,2000-AP,40006,7201.08,47207.08
ACC-INV9139,INV9139,2025-04-16,2000-AP,40143,11240.04,51383.04
ACC-INV9140,INV9140,2025-04-17,2000-AP,40280,2014,42294
ACC-INV9141,INV9141,2025-04-18,2000-AP,40417,4850.04,45267.04
ACC-INV9142,INV9142,2025-04-19,2000-AP,40554,7299.72,47853.72
ACC-INV9143,INV9143,2025-04-20,2000-AP,40691,11393.48,52084.48
ACC-INV9144,INV9144,2025-04-21,2000-AP,40828,2041.4,42869.4
ACC-INV9145,INV9145,2025-04-22,2000-AP,40965,4915.8,45880.8
ACC-INV9146,INV9146,2025-04-23,2000-AP,41102,7398.36,48500.36
ACC-INV9147,INV9147,2025-04-24,2000-AP,41239,11546.92,52785.92
ACC-INV9148,INV9148,2025-04-25,2000-AP,41376,2068.8,43444.8
ACC-INV9149,INV9149,2025-04-26,2000-AP,41513,4981.56,46494.56
ACC-INV9150,INV9150,2025-04-27,2000-AP,41650,7497,49147
ACC-INV9151,INV9151,2025-04-28,2000-AP,41787,11700.36,53487.36
ACC-INV9152,INV9152,2025-04-01,2000-AP,41924,2096.2,44020.2
ACC-INV9153,INV9153,2025-04-02,2000-AP,42061,5047.32,47108.32
ACC-INV9154,INV9154,2025-04-03,2000-AP,42198,7595.64,49793.64
ACC-INV9155,INV9155,2025-04-04,2000-AP,42335,11853.8,54188.8
ACC-INV9156,INV9156,2025-04-05,2000-AP,42472,2123.6,44595.6
ACC-INV9157,INV9157,2025-04-06,2000-AP,42609,5113.08,47722.08
ACC-INV9158,INV9158,2025-04-07,2000-AP,42746,7694.28,50440.28
ACC-INV9159,INV9159,2025-04-08,2000-AP,42883,12007.24,54890.24
ACC-INV9160,INV9160,2025-04-09,2000-AP,43020,2151,45171
ACC-INV9161,INV9161,2025-04-10,2000-AP,43157,5178.84,48335.84
ACC-INV9162,INV9162,2025-04-11,2000-AP,43294,7792.92,51086.92
ACC-INV9163,INV9163,2025-04-12,2000-AP,43431,12160.68,55591.68
ACC-INV9164,INV9164,2025-04-13,2000-AP,43568,2178.4,45746.4
ACC-INV9165,INV9165,2025-04-14,2000-AP,43705,5244.6,48949.6
ACC-INV9166,INV9166,2025-04-15,2000-AP,43842,7891.56,51733.56
ACC-INV9167,INV9167,2025-04-16,2000-AP,43979,12314.12,56293.12
ACC-INV9168,INV9168,2025-04-17,2000-AP,44116,2205.8,46321.8
ACC-INV9169,INV9169,2025-04-18,2000-AP,44253,5310.36,49563.36
ACC-INV9170,INV9170,2025-04-19,2000-AP,44390,7990.2,52380.2
ACC-INV9171,INV9171,2025-04-20,2000-AP,44527,12467.56,56994.56
ACC-INV9172,INV9172,2025-04-21,2000-AP,44664,2233.2,46897.2
ACC-INV9173,INV9173,2025-04-22,2000-AP,44801,5376.12,50177.12
ACC-INV9174,INV9174,2025-04-23,2000-AP,44938,8088.84,53026.84
ACC-INV9175,INV9175,2025-04-24,2000-AP,45075,12621,57696
ACC-INV9176,INV9176,2025-04-25,2000-AP,45212,2260.6,47472.6
ACC-INV9177,INV9177,2025-04-26,2000-AP,45349,5441.88,50790.88
ACC-INV9178,INV9178,2025-04-27,2000-AP,45486,8187.48,53673.48
ACC-INV9179,INV9179,2025-04-28,2000-AP,45623,12774.44,58397.44
ACC-INV9180,INV9180,2025-04-01,2000-AP,45760,2288,48048
ACC-INV9181,INV9181,2025-04-02,2000-AP,45897,5507.64,51404.64
ACC-INV9182,INV9182,2025-04-03,2000-AP,46034,8286.12,54320.12
ACC-INV9183,INV9183,2025-04-04,2000-AP,46171,12927.88,59098.88
ACC-INV9184,INV9184,2025-04-05,2000-AP,46308,2315.4,48623.4
ACC-INV9185,INV9185,2025-04-06,2000-AP,46445,5573.4,52018.4
ACC-INV9186,INV9186,2025-04-07,2000-AP,46582,8384.76,54966.76
ACC-INV9187,INV9187,2025-04-08,2000-AP,46719,13081.32,59800.32
ACC-INV9188,INV9188,2025-04-09,2000-AP,46856,2342.8,49198.8
ACC-INV9189,INV9189,2025-04-10,2000-AP,46993,5639.16,52632.16
ACC-INV9190,INV9190,2025-04-11,2000-AP,47130,8483.4,55613.4
ACC-INV9191,INV9191,2025-04-12,2000-AP,47267,13234.76,60501.76
ACC-INV9192,INV9192,2025-04-13,2000-AP,47404,2370.2,49774.2
ACC-INV9193,INV9193,2025-04-14,2000-AP,47541,5704.92,53245.92
ACC-INV9194,INV9194,2025-04-15,2000-AP,47678,8582.04,56260.04
ACC-INV9195,INV9195,2025-04-16,2000-AP,47815,13388.2,61203.2
ACC-INV9196,INV9196,2025-04-17,2000-AP,47952,2397.6,50349.6
ACC-INV9197,INV9197,2025-04-18,2000-AP,48089,5770.68,53859.68
ACC-INV9198,INV9198,2025-04-19,2000-AP,48226,8680.68,56906.68
ACC-INV9199,INV9199,2025-04-20,2000-AP,48363,13541.64,61904.64
ACC-INV9200,INV9200,2025-04-21,2000-AP,950000,47500,997500
ACC-INV9201,INV9201,2025-04-22,2000-AP,48637,5836.44,54473.44
ACC-INV9202,INV9202,2025-04-23,2000-AP,48774,8779.32,57553.32
ACC-INV9203,INV9203,2025-04-24,2000-AP,48911,13695.08,62606.08
ACC-INV9204,INV9204,2025-04-25,2000-AP,49048,2452.4,51500.4
ACC-INV9205,INV9205,2025-04-26,2000-AP,49185,5902.2,55087.2
ACC-INV9206,INV9206,2025-04-27,2000-AP,49322,8877.96,58199.96
ACC-INV9207,INV9207,2025-04-28,2000-AP,49459,13848.52,63307.52
ACC-INV9208,INV9208,2025-04-01,2000-AP,49596,2479.8,52075.8
ACC-INV9209,INV9209,2025-04-02,2000-AP,49733,5967.96,55700.96
ACC-INV9210,INV9210,2025-04-03,2000-AP,49870,8976.6,58846.6
ACC-INV9211,INV9211,2025-04-04,2000-AP,50007,14001.96,64008.96
ACC-INV9212,INV9212,2025-04-05,2000-AP,50144,2507.2,52651.2
ACC-INV9213,INV9213,2025-04-06,2000-AP,50281,6033.72,56314.72
ACC-INV9214,INV9214,2025-04-07,2000-AP,50418,9075.24,59493.24
ACC-INV9215,INV9215,2025-04-08,2000-AP,50555,14155.4,64710.4
ACC-INV9216,INV9216,2025-04-09,2000-AP,50692,2534.6,53226.6
ACC-INV9217,INV9217,2025-04-10,2000-AP,50829,6099.48,56928.48
ACC-INV9218,INV9218,2025-04-11,2000-AP,50966,9173.88,60139.88
ACC-INV9219,INV9219,2025-04-12,2000-AP,51103,14308.84,65411.84
ACC-INV9220,INV9220,2025-04-13,2000-AP,51240,2562,53802
ACC-INV9221,INV9221,2025-04-14,2000-AP,51377,6165.24,57542.24
ACC-INV9222,INV9222,2025-04-15,2000-AP,51514,9272.52,60786.52
ACC-INV9223,INV9223,2025-04-16,2000-AP,51651,14462.28,66113.28
ACC-INV9224,INV9224,2025-04-17,2000-AP,51788,2589.4,54377.4
ACC-INV9225,INV9225,2025-04-18,2000-AP,51925,6231,58156
ACC-INV9226,INV9226,2025-04-19,2000-AP,52062,9371.16,61433.16
ACC-INV9227,INV9227,2025-04-20,2000-AP,52199,14615.72,66814.72
ACC-INV9228,INV9228,2025-04-21,2000-AP,52336,2616.8,54952.8
ACC-INV9229,INV9229,2025-04-22,2000-AP,52473,6296.76,58769.76
ACC-INV9230,INV9230,2025-04-23,2000-AP,52610,9469.8,62079.8
ACC-INV9231,INV9231,2025-04-24,2000-AP,52747,14769.16,67516.16
ACC-INV9232,INV9232,2025-04-25,2000-AP,52884,2644.2,55528.2
ACC-INV9233,INV9233,2025-04-26,2000-AP,53021,6362.52,59383.52
ACC-INV9234,INV9234,2025-04-27,2000-AP,53158,9568.44,62726.44
ACC-INV9235,INV9235,2025-04-28,2000-AP,53295,14922.6,68217.6
ACC-INV9236,INV9236,2025-04-01,2000-AP,53432,2671.6,56103.6
ACC-INV9237,INV9237,2025-04-02,2000-AP,53569,6428.28,59997.28
ACC-INV9238,INV9238,2025-04-03,2000-AP,53706,9667.08,63373.08
ACC-INV9239,INV9239,2025-04-04,2000-AP,53843,15076.04,68919.04
ACC-INV9240,INV9240,2025-04-05,2000-AP,53980,2699,56679
ACC-INV9241,INV9241,2025-04-06,2000-AP,54117,6494.04,60611.04
ACC-INV9242,INV9242,2025-04-07,2000-AP,54254,9765.72,64019.72
ACC-INV9243,INV9243,2025-04-08,2000-AP,54391,15229.48,69620.48
ACC-INV9244,INV9244,2025-04-09,2000-AP,54528,2726.4,57254.4
ACC-INV9245,INV9245,2025-04-10,2000-AP,54665,6559.8,61224.8
ACC-INV9246,INV9246,2025-04-11,2000-AP,54802,9864.36,64666.36
ACC-INV9247,INV9247,2025-04-12,2000-AP,54939,15382.92,70321.92
ACC-INV9248,INV9248,2025-04-13,2000-AP,55076,2753.8,57829.8
ACC-INV9249,INV9249,2025-04-14,2000-AP,55213,6625.56,61838.56
ACC-INV9250,INV9250,2025-04-15,2000-AP,55350,9963,65313
ACC-INV9251,INV9251,2025-04-16,2000-AP,55487,15536.36,71023.36
ACC-INV9252,INV9252,2025-04-17,2000-AP,55624,2781.2,58405.2
ACC-INV9253,INV9253,2025-04-18,2000-AP,55761,6691.32,62452.32
ACC-INV9254,INV9254,2025-04-19,2000-AP,55898,10061.64,65959.64
ACC-INV9255,INV9255,2025-04-20,2000-AP,56035,15689.8,71724.8
ACC-INV9256,INV9256,2025-04-21,2000-AP,56172,2808.6,58980.6
ACC-INV9257,INV9257,2025-04-22,2000-AP,56309,6757.08,63066.08
ACC-INV9258,INV9258,2025-04-23,2000-AP,56446,10160.28,66606.28
ACC-INV9259,INV9259,2025-04-24,2000-AP,56583,15843.24,72426.24
ACC-INV9260,INV9260,2025-04-25,2000-AP,56720,2836,59556
ACC-INV9261,INV9261,2025-04-26,2000-AP,56857,6822.84,63679.84
ACC-INV9262,INV9262,2025-04-27,2000-AP,56994,10258.92,67252.92
ACC-INV9263,INV9263,2025-04-28,2000-AP,57131,15996.68,73127.68
ACC-INV9264,INV9264,2025-04-01,2000-AP,57268,2863.4,60131.4
ACC-INV9265,INV9265,2025-04-02,2000-AP,57405,6888.6,64293.6
ACC-INV9266,INV9266,2025-04-03,2000-AP,57542,10357.56,67899.56
ACC-INV9267,INV9267,2025-04-04,2000-AP,57679,16150.12,73829.12
ACC-INV9268,INV9268,2025-04-05,2000-AP,57816,2890.8,60706.8
ACC-INV9269,INV9269,2025-04-06,2000-AP,57953,6954.36,64907.36
ACC-INV9270,INV9270,2025-04-07,2000-AP,58090,10456.2,68546.2
ACC-INV9271,INV9271,2025-04-08,2000-AP,58227,16303.56,74530.56
ACC-INV9272,INV9272,2025-04-09,2000-AP,58364,2918.2,61282.2
ACC-INV9273,INV9273,2025-04-10,2000-AP,58501,7020.12,65521.12
ACC-INV9274,INV9274,2025-04-11,2000-AP,58638,10554.84,69192.84
ACC-INV9275,INV9275,2025-04-12,2000-AP,58775,16457,75232
ACC-INV9276,INV9276,2025-04-13,2000-AP,58912,2945.6,61857.6
ACC-INV9277,INV9277,2025-04-14,2000-AP,59049,7085.88,66134.88
ACC-INV9278,INV9278,2025-04-15,2000-AP,59186,10653.48,69839.48
ACC-INV9279,INV9279,2025-04-16,2000-AP,59323,16610.44,75933.44
ACC-INV9280,INV9280,2025-04-17,2000-AP,59460,2973,62433
ACC-INV9281,INV9281,2025-04-18,2000-AP,59597,7151.64,66748.64
ACC-INV9282,INV9282,2025-04-19,2000-AP,59734,10752.12,70486.12
ACC-INV9283,INV9283,2025-04-20,2000-AP,59871,16763.88,76634.88
ACC-INV9284,INV9284,2025-04-21,2000-AP,60008,3000.4,63008.4
ACC-INV9285,INV9285,2025-04-22,2000-AP,60145,7217.4,67362.4
ACC-INV9286,INV9286,2025-04-23,2000-AP,60282,10850.76,71132.76
ACC-INV9287,INV9287,2025-04-24,2000-AP,60419,16917.32,77336.32
ACC-INV9288,INV9288,2025-04-25,2000-AP,60556,3027.8,63583.8
ACC-INV9289,INV9289,2025-04-26,2000-AP,60693,7283.16,67976.16
ACC-INV9290,INV9290,2025-04-27,2000-AP,60830,10949.4,71779.4
ACC-INV9291,INV9291,2025-04-28,2000-AP,60967,17070.76,78037.76
ACC-INV9292,INV9292,2025-04-01,2000-AP,61104,3055.2,64159.2
ACC-INV9293,INV9293,2025-04-02,2000-AP,61241,7348.92,68589.92
ACC-INV9294,INV9294,2025-04-03,2000-AP,61378,11048.04,72426.04
ACC-INV9295,INV9295,2025-04-04,2000-AP,61515,17224.2,78739.2
ACC-INV9296,INV9296,2025-04-05,2000-AP,61652,3082.6,64734.6
ACC-INV9297,INV9297,2025-04-06,2000-AP,61789,7414.68,69203.68
ACC-INV9298,INV9298,2025-04-07,2000-AP,61926,11146.68,73072.68
ACC-INV9299,INV9299,2025-04-08,2000-AP,62063,17377.64,79440.64
ACC-INV9300,INV9300,2025-04-09,2000-AP,62200,3110,65310
ACC-INV9301,INV9301,2025-04-10,2000-AP,62337,7480.44,69817.44
ACC-INV9302,INV9302,2025-04-11,2000-AP,62474,11245.32,73719.32
ACC-INV9303,INV9303,2025-04-12,2000-AP,62611,17531.08,80142.08
ACC-INV9304,INV9304,2025-04-13,2000-AP,62748,3137.4,65885.4
ACC-INV9305,INV9305,2025-04-14,2000-AP,62885,7546.2,70431.2
ACC-INV9306,INV9306,2025-04-15,2000-AP,63022,11343.96,74365.96
ACC-INV9307,INV9307,2025-04-16,2000-AP,63159,17684.52,80843.52
ACC-INV9308,INV9308,2025-04-17,2000-AP,63296,3164.8,66460.8
ACC-INV9309,INV9309,2025-04-18,2000-AP,63433,7611.96,71044.96
ACC-INV9310,INV9310,2025-04-19,2000-AP,63570,11442.6,75012.6
ACC-INV9311,INV9311,2025-04-20,2000-AP,63707,17837.96,81544.96
ACC-INV9312,INV9312,2025-04-21,2000-AP,63844,3192.2,67036.2
ACC-INV9313,INV9313,2025-04-22,2000-AP,63981,7677.72,71658.72
ACC-INV9314,INV9314,2025-04-23,2000-AP,64118,11541.24,75659.24
ACC-INV9315,INV9315,2025-04-24,2000-AP,64255,17991.4,82246.4
ACC-INV9316,INV9316,2025-04-25,2000-AP,64392,3219.6,67611.6
ACC-INV9317,INV9317,2025-04-26,2000-AP,64529,7743.48,72272.48
ACC-INV9318,INV9318,2025-04-27,2000-AP,64666,11639.88,76305.88
ACC-INV9319,INV9319,2025-04-28,2000-AP,64803,18144.84,82947.84
ACC-INV9320,INV9320,2025-04-01,2000-AP,64940,3247,68187
ACC-INV9321,INV9321,2025-04-02,2000-AP,65077,7809.24,72886.24
ACC-INV9322,INV9322,2025-04-03,2000-AP,65214,11738.52,76952.52
ACC-INV9323,INV9323,2025-04-04,2000-AP,65351,18298.28,83649.28
ACC-INV9324,INV9324,2025-04-05,2000-AP,65488,3274.4,68762.4
ACC-INV9325,INV9325,2025-04-06,2000-AP,65625,7875,73500
ACC-INV9326,INV9326,2025-04-07,2000-AP,65762,11837.16,77599.16
ACC-INV9327,INV9327,2025-04-08,2000-AP,65899,18451.72,84350.72
ACC-INV9328,INV9328,2025-04-09,2000-AP,66036,3301.8,69337.8
ACC-INV9329,INV9329,2025-04-10,2000-AP,66173,7940.76,74113.76
ACC-INV9330,INV9330,2025-04-11,2000-AP,66310,11935.8,78245.8
ACC-INV9331,INV9331,2025-04-12,2000-AP,66447,18605.16,85052.16
ACC-INV9332,INV9332,2025-04-13,2000-AP,66584,3329.2,69913.2
ACC-INV9333,INV9333,2025-04-14,2000-AP,66721,8006.52,74727.52
ACC-INV9334,INV9334,2025-04-15,2000-AP,66858,12034.44,78892.44
ACC-INV9335,INV9335,2025-04-16,2000-AP,66995,18758.6,85753.6
ACC-INV9336,INV9336,2025-04-17,2000-AP,67132,3356.6,70488.6
ACC-INV9337,INV9337,2025-04-18,2000-AP,67269,8072.28,75341.28
ACC-INV9338,INV9338,2025-04-19,2000-AP,67406,12133.08,79539.08
ACC-INV9339,INV9339,2025-04-20,2000-AP,67543,18912.04,86455.04
ACC-INV9340,INV9340,2025-04-21,2000-AP,67680,3384,71064
ACC-INV9341,INV9341,2025-04-22,2000-AP,67817,8138.04,75955.04
ACC-INV9342,INV9342,2025-04-23,2000-AP,67954,12231.72,80185.72
ACC-INV9343,INV9343,2025-04-24,2000-AP,68091,19065.48,87156.48
ACC-INV9344,INV9344,2025-04-25,2000-AP,68228,3411.4,71639.4
ACC-INV9345,INV9345,2025-04-26,2000-AP,68365,8203.8,76568.8
ACC-INV9346,INV9346,2025-04-27,2000-AP,68502,12330.36,80832.36
ACC-INV9347,INV9347,2025-04-28,2000-AP,68639,19218.92,87857.92
ACC-INV9348,INV9348,2025-04-01,2000-AP,68776,3438.8,72214.8
ACC-INV9349,INV9349,2025-04-02,2000-AP,68913,8269.56,77182.56
ACC-INV9350,INV9350,2025-04-03,2000-AP,69050,12429,81479
ACC-INV9351,INV9351,2025-04-04,2000-AP,69187,19372.36,88559.36
ACC-INV9352,INV9352,2025-04-05,2000-AP,69324,3466.2,72790.2
ACC-INV9353,INV9353,2025-04-06,2000-AP,69461,8335.32,77796.32
ACC-INV9354,INV9354,2025-04-07,2000-AP,69598,12527.64,82125.64
ACC-INV9355,INV9355,2025-04-08,2000-AP,69735,19525.8,89260.8
ACC-INV9356,INV9356,2025-04-09,2000-AP,69872,3493.6,73365.6
ACC-INV9357,INV9357,2025-04-10,2000-AP,70009,8401.08,78410.08
ACC-INV9358,INV9358,2025-04-11,2000-AP,70146,12626.28,82772.28
ACC-INV9359,INV9359,2025-04-12,2000-AP,70283,19679.24,89962.24
ACC-INV9360,INV9360,2025-04-13,2000-AP,70420,3521,73941
ACC-INV9361,INV9361,2025-04-14,2000-AP,70557,8466.84,79023.84
ACC-INV9362,INV9362,2025-04-15,2000-AP,70694,12724.92,83418.92
ACC-INV9363,INV9363,2025-04-16,2000-AP,70831,19832.68,90663.68
ACC-INV9364,INV9364,2025-04-17,2000-AP,70968,3548.4,74516.4
ACC-INV9365,INV9365,2025-04-18,2000-AP,71105,8532.6,79637.6
ACC-INV9366,INV9366,2025-04-19,2000-AP,71242,12823.56,84065.56
ACC-INV9367,INV9367,2025-04-20,2000-AP,71379,19986.12,91365.12
ACC-INV9368,INV9368,2025-04-21,2000-AP,71516,3575.8,75091.8
ACC-INV9369,INV9369,2025-04-22,2000-AP,71653,8598.36,80251.36
ACC-INV9370,INV9370,2025-04-23,2000-AP,71790,12922.2,84712.2
ACC-INV9371,INV9371,2025-04-24,2000-AP,71927,20139.56,92066.56
ACC-INV9372,INV9372,2025-04-25,2000-AP,72064,3603.2,75667.2
ACC-INV9373,INV9373,2025-04-26,2000-AP,72201,8664.12,80865.12
ACC-INV9374,INV9374,2025-04-27,2000-AP,72338,13020.84,85358.84
ACC-INV9375,INV9375,2025-04-28,2000-AP,72475,20293,92768
ACC-INV9376,INV9376,2025-04-01,2000-AP,72612,3630.6,76242.6
ACC-INV9377,INV9377,2025-04-02,2000-AP,72749,8729.88,81478.88
ACC-INV9378,INV9378,2025-04-03,2000-AP,72886,13119.48,86005.48
ACC-INV9379,INV9379,2025-04-04,2000-AP,73023,20446.44,93469.44
ACC-INV9380,INV9380,2025-04-05,2000-AP,73160,3658,76818
ACC-INV9381,INV9381,2025-04-06,2000-AP,73297,8795.64,82092.64
ACC-INV9382,INV9382,2025-04-07,2000-AP,73434,13218.12,86652.12
ACC-INV9383,INV9383,2025-04-08,2000-AP,73571,20599.88,94170.88
ACC-INV9384,INV9384,2025-04-09,2000-AP,73708,3685.4,77393.4
ACC-INV9385,INV9385,2025-04-10,2000-AP,73845,8861.4,82706.4
ACC-INV9386,INV9386,2025-04-11,2000-AP,73982,13316.76,87298.76
ACC-INV9387,INV9387,2025-04-12,2000-AP,74119,20753.32,94872.32
ACC-INV9388,INV9388,2025-04-13,2000-AP,74256,3712.8,77968.8
ACC-INV9389,INV9389,2025-04-14,2000-AP,74393,8927.16,83320.16
ACC-INV9390,INV9390,2025-04-15,2000-AP,74530,13415.4,87945.4
ACC-INV9391,INV9391,2025-04-16,2000-AP,74667,20906.76,95573.76
ACC-INV9392,INV9392,2025-04-17,2000-AP,74804,3740.2,78544.2
ACC-INV9393,INV9393,2025-04-18,2000-AP,74941,8992.92,83933.92
ACC-INV9394,INV9394,2025-04-19,2000-AP,75078,13514.04,88592.04
ACC-INV9395,INV9395,2025-04-20,2000-AP,75215,21060.2,96275.2
ACC-INV9396,INV9396,2025-04-21,2000-AP,75352,3767.6,79119.6
ACC-INV9397,INV9397,2025-04-22,2000-AP,75489,9058.68,84547.68
ACC-INV9398,INV9398,2025-04-23,2000-AP,75626,13612.68,89238.68
ACC-INV9399,INV9399,2025-04-24,2000-AP,75763,21213.64,96976.64
ACC-INV9400,INV9400,2025-04-25,2000-AP,75900,3795,79695
ACC-INV9401,INV9401,2025-04-26,2000-AP,76037,9124.44,85161.44
ACC-INV9402,INV9402,2025-04-27,2000-AP,76174,13711.32,89885.32
ACC-INV9403,INV9403,2025-04-28,2000-AP,76311,21367.08,97678.08
ACC-INV9404,INV9404,2025-04-01,2000-AP,76448,3822.4,80270.4
ACC-INV9405,INV9405,2025-04-02,2000-AP,76585,9190.2,85775.2
ACC-INV9406,INV9406,2025-04-03,2000-AP,76722,13809.96,90531.96
ACC-INV9407,INV9407,2025-04-04,2000-AP,76859,21520.52,98379.52
ACC-INV9408,INV9408,2025-04-05,2000-AP,76996,3849.8,80845.8
ACC-INV9409,INV9409,2025-04-06,2000-AP,77133,9255.96,86388.96
ACC-INV9410,INV9410,2025-04-07,2000-AP,77270,13908.6,91178.6
ACC-INV9411,INV9411,2025-04-08,2000-AP,77407,21673.96,99080.96
ACC-INV9412,INV9412,2025-04-09,2000-AP,2544,127.2,2671.2
ACC-INV9413,INV9413,2025-04-10,2000-AP,2681,321.72,3002.72
ACC-INV9414,INV9414,2025-04-11,2000-AP,2818,507.24,3325.24
ACC-INV9415,INV9415,2025-04-12,2000-AP,2955,827.4,3782.4
ACC-INV9416,INV9416,2025-04-13,2000-AP,3092,154.6,3246.6
ACC-INV9417,INV9417,2025-04-14,2000-AP,3229,387.48,3616.48
ACC-INV9418,INV9418,2025-04-15,2000-AP,3366,605.88,3971.88
ACC-INV9419,INV9419,2025-04-16,2000-AP,3503,980.84,4483.84
ACC-INV9420,INV9420,2025-04-17,2000-AP,3640,182,3822
ACC-INV9421,INV9421,2025-04-18,2000-AP,3777,453.24,4230.24
ACC-INV9422,INV9422,2025-04-19,2000-AP,3914,704.52,4618.52
ACC-INV9423,INV9423,2025-04-20,2000-AP,4051,1134.28,5185.28
ACC-INV9424,INV9424,2025-04-21,2000-AP,4188,209.4,4397.4
ACC-INV9425,INV9425,2025-04-22,2000-AP,4325,519,4844
ACC-INV9426,INV9426,2025-04-23,2000-AP,4462,803.16,5265.16
ACC-INV9427,INV9427,2025-04-24,2000-AP,4599,1287.72,5886.72
ACC-INV9428,INV9428,2025-04-25,2000-AP,4736,236.8,4972.8
ACC-INV9429,INV9429,2025-04-26,2000-AP,4873,584.76,5457.76
ACC-INV9430,INV9430,2025-04-27,2000-AP,5010,901.8,5911.8
ACC-INV9431,INV9431,2025-04-28,2000-AP,5147,1441.16,6588.16
ACC-INV9432,INV9432,2025-04-01,2000-AP,5284,264.2,5548.2
ACC-INV9433,INV9433,2025-04-02,2000-AP,5421,650.52,6071.52
ACC-INV9434,INV9434,2025-04-03,2000-AP,5558,1000.44,6558.44
ACC-INV9435,INV9435,2025-04-04,2000-AP,5695,1594.6,7289.6
ACC-INV9436,INV9436,2025-04-05,2000-AP,5832,291.6,6123.6
ACC-INV9437,INV9437,2025-04-06,2000-AP,5969,716.28,6685.28
ACC-INV9438,INV9438,2025-04-07,2000-AP,6106,1099.08,7205.08
ACC-INV9439,INV9439,2025-04-08,2000-AP,6243,1748.04,7991.04
ACC-INV9440,INV9440,2025-04-09,2000-AP,6380,319,6699
ACC-INV9441,INV9441,2025-04-10,2000-AP,6517,782.04,7299.04
ACC-INV9442,INV9442,2025-04-11,2000-AP,6654,1197.72,7851.72
ACC-INV9443,INV9443,2025-04-12,2000-AP,6791,1901.48,8692.48
ACC-INV9444,INV9444,2025-04-13,2000-AP,6928,346.4,7274.4
ACC-INV9445,INV9445,2025-04-14,2000-AP,7065,847.8,7912.8
ACC-INV9446,INV9446,2025-04-15,2000-AP,7202,1296.36,8498.36
ACC-INV9447,INV9447,2025-04-16,2000-AP,7339,2054.92,9393.92
ACC-INV9448,INV9448,2025-04-17,2000-AP,7476,373.8,7849.8
ACC-INV9449,INV9449,2025-04-18,2000-AP,7613,913.56,8526.56
ACC-INV9450,INV9450,2025-04-19,2000-AP,850000,153000,1003000
ACC-INV9451,INV9451,2025-04-20,2000-AP,7887,2208.36,10095.36
ACC-INV9452,INV9452,2025-04-21,2000-AP,8024,401.2,8425.2
ACC-INV9453,INV9453,2025-04-22,2000-AP,8161,979.32,9140.32
ACC-INV9454,INV9454,2025-04-23,2000-AP,8298,1493.64,9791.64
ACC-INV9455,INV9455,2025-04-24,2000-AP,8435,2361.8,10796.8
ACC-INV9456,INV9456,2025-04-25,2000-AP,8572,428.6,9000.6
ACC-INV9457,INV9457,2025-04-26,2000-AP,8709,1045.08,9754.08
ACC-INV9458,INV9458,2025-04-27,2000-AP,8846,1592.28,10438.28
ACC-INV9459,INV9459,2025-04-28,2000-AP,8983,2515.24,11498.24
ACC-INV9460,INV9460,2025-04-01,2000-AP,9120,456,9576
ACC-INV9461,INV9461,2025-04-02,2000-AP,9257,1110.84,10367.84
ACC-INV9462,INV9462,2025-04-03,2000-AP,9394,1690.92,11084.92
ACC-INV9463,INV9463,2025-04-04,2000-AP,9531,2668.68,12199.68
ACC-INV9464,INV9464,2025-04-05,2000-AP,9668,483.4,10151.4
ACC-INV9465,INV9465,2025-04-06,2000-AP,9805,1176.6,10981.6
ACC-INV9466,INV9466,2025-04-07,2000-AP,9942,1789.56,11731.56
ACC-INV9467,INV9467,2025-04-08,2000-AP,10079,2822.12,12901.12
ACC-INV9468,INV9468,2025-04-09,2000-AP,10216,510.8,10726.8
ACC-INV9469,INV9469,2025-04-10,2000-AP,10353,1242.36,11595.36
ACC-INV9470,INV9470,2025-04-11,2000-AP,10490,1888.2,12378.2
ACC-INV9471,INV9471,2025-04-12,2000-AP,10627,2975.56,13602.56
ACC-INV9472,INV9472,2025-04-13,2000-AP,10764,538.2,11302.2
ACC-INV9473,INV9473,2025-04-14,2000-AP,10901,1308.12,12209.12
ACC-INV9474,INV9474,2025-04-15,2000-AP,11038,1986.84,13024.84
ACC-INV9475,INV9475,2025-04-16,2000-AP,11175,3129,14304
ACC-INV9476,INV9476,2025-04-17,2000-AP,11312,565.6,11877.6
ACC-INV9477,INV9477,2025-04-18,2000-AP,11449,1373.88,12822.88
ACC-INV9478,INV9478,2025-04-19,2000-AP,11586,2085.48,13671.48
ACC-INV9479,INV9479,2025-04-20,2000-AP,11723,3282.44,15005.44
ACC-INV9480,INV9480,2025-04-21,2000-AP,11860,593,12453
ACC-INV9481,INV9481,2025-04-22,2000-AP,11997,1439.64,13436.64
ACC-INV9482,INV9482,2025-04-23,2000-AP,12134,2184.12,14318.12
ACC-INV9483,INV9483,2025-04-24,2000-AP,12271,3435.88,15706.88
ACC-INV9484,INV9484,2025-04-25,2000-AP,12408,620.4,13028.4
ACC-INV9485,INV9485,2025-04-26,2000-AP,12545,1505.4,14050.4
ACC-INV9486,INV9486,2025-04-27,2000-AP,12682,2282.76,14964.76
ACC-INV9487,INV9487,2025-04-28,2000-AP,12819,3589.32,16408.32
ACC-INV9488,INV9488,2025-04-01,2000-AP,12956,647.8,13603.8
ACC-INV9489,INV9489,2025-04-02,2000-AP,13093,1571.16,14664.16
ACC-INV9490,INV9490,2025-04-03,2000-AP,13230,2381.4,15611.4
ACC-INV9491,INV9491,2025-04-04,2000-AP,13367,3742.76,17109.76
ACC-INV9492,INV9492,2025-04-05,2000-AP,13504,675.2,14179.2
ACC-INV9493,INV9493,2025-04-06,2000-AP,13641,1636.92,15277.92
ACC-INV9494,INV9494,2025-04-07,2000-AP,13778,2480.04,16258.04
ACC-INV9495,INV9495,2025-04-08,2000-AP,13915,3896.2,17811.2
ACC-INV9496,INV9496,2025-04-09,2000-AP,14052,702.6,14754.6
ACC-INV9497,INV9497,2025-04-10,2000-AP,14189,1702.68,15891.68
ACC-INV9498,INV9498,2025-04-11,2000-AP,14326,2578.68,16904.68
ACC-INV9499,INV9499,2025-04-12,2000-AP,14463,4049.64,18512.64
ACC-INV9500,INV9500,2025-04-13,2000-AP,14600,730,15330
ACC-INV9501,INV9501,2025-04-14,2000-AP,14737,1768.44,16505.44
ACC-INV9502,INV9502,2025-04-15,2000-AP,14874,2677.32,17551.32
ACC-INV9503,INV9503,2025-04-16,2000-AP,15011,4203.08,19214.08
ACC-INV9504,INV9504,2025-04-17,2000-AP,15148,757.4,15905.4
ACC-INV9505,INV9505,2025-04-18,2000-AP,15285,1834.2,17119.2
ACC-INV9506,INV9506,2025-04-19,2000-AP,15422,2775.96,18197.96
ACC-INV9507,INV9507,2025-04-20,2000-AP,15559,4356.52,19915.52
ACC-INV9508,INV9508,2025-04-21,2000-AP,15696,784.8,16480.8
ACC-INV9509,INV9509,2025-04-22,2000-AP,15833,1899.96,17732.96
ACC-INV9510,INV9510,2025-04-23,2000-AP,15970,2874.6,18844.6
ACC-INV9511,INV9511,2025-04-24,2000-AP,16107,4509.96,20616.96
ACC-INV9512,INV9512,2025-04-25,2000-AP,16244,812.2,17056.2
ACC-INV9513,INV9513,2025-04-26,2000-AP,16381,1965.72,18346.72
ACC-INV9514,INV9514,2025-04-27,2000-AP,16518,2973.24,19491.24
ACC-INV9515,INV9515,2025-04-28,2000-AP,16655,4663.4,21318.4
ACC-INV9516,INV9516,2025-04-01,2000-AP,16792,839.6,17631.6
ACC-INV9517,INV9517,2025-04-02,2000-AP,16929,2031.48,18960.48
ACC-INV9518,INV9518,2025-04-03,2000-AP,17066,3071.88,20137.88
ACC-INV9519,INV9519,2025-04-04,2000-AP,17203,4816.84,22019.84
ACC-INV9520,INV9520,2025-04-05,2000-AP,17340,867,18207
ACC-INV9521,INV9521,2025-04-06,2000-AP,17477,2097.24,19574.24
ACC-INV9522,INV9522,2025-04-07,2000-AP,17614,3170.52,20784.52
ACC-INV9523,INV9523,2025-04-08,2000-AP,17751,4970.28,22721.28
ACC-INV9524,INV9524,2025-04-09,2000-AP,17888,894.4,18782.4
ACC-INV9525,INV9525,2025-04-10,2000-AP,18025,2163,20188
ACC-INV9526,INV9526,2025-04-11,2000-AP,18162,3269.16,21431.16
ACC-INV9527,INV9527,2025-04-12,2000-AP,18299,5123.72,23422.72
ACC-INV9528,INV9528,2025-04-13,2000-AP,18436,921.8,19357.8
ACC-INV9529,INV9529,2025-04-14,2000-AP,18573,2228.76,20801.76
ACC-INV9530,INV9530,2025-04-15,2000-AP,18710,3367.8,22077.8
ACC-INV9531,INV9531,2025-04-16,2000-AP,18847,5277.16,24124.16
ACC-INV9532,INV9532,2025-04-17,2000-AP,18984,949.2,19933.2
ACC-INV9533,INV9533,2025-04-18,2000-AP,19121,2294.52,21415.52
ACC-INV9534,INV9534,2025-04-19,2000-AP,19258,3466.44,22724.44
ACC-INV9535,INV9535,2025-04-20,2000-AP,19395,5430.6,24825.6
ACC-INV9536,INV9536,2025-04-21,2000-AP,19532,976.6,20508.6
ACC-INV9537,INV9537,2025-04-22,2000-AP,19669,2360.28,22029.28
ACC-INV9538,INV9538,2025-04-23,2000-AP,19806,3565.08,23371.08
ACC-INV9539,INV9539,2025-04-24,2000-AP,19943,5584.04,25527.04
ACC-INV9540,INV9540,2025-04-25,2000-AP,20080,1004,21084
ACC-INV9541,INV9541,2025-04-26,2000-AP,20217,2426.04,22643.04
ACC-INV9542,INV9542,2025-04-27,2000-AP,20354,3663.72,24017.72
ACC-INV9543,INV9543,2025-04-28,2000-AP,20491,5737.48,26228.48
ACC-INV9544,INV9544,2025-04-01,2000-AP,20628,1031.4,21659.4
ACC-INV9545,INV9545,2025-04-02,2000-AP,20765,2491.8,23256.8
ACC-INV9546,INV9546,2025-04-03,2000-AP,20902,3762.36,24664.36
ACC-INV9547,INV9547,2025-04-04,2000-AP,21039,5890.92,26929.92
ACC-INV9548,INV9548,2025-04-05,2000-AP,21176,1058.8,22234.8
ACC-INV9549,INV9549,2025-04-06,2000-AP,21313,2557.56,23870.56
ACC-INV9550,INV9550,2025-04-07,2000-AP,21450,3861,25311
ACC-INV9551,INV9551,2025-04-08,2000-AP,21587,6044.36,27631.36
ACC-INV9552,INV9552,2025-04-09,2000-AP,21724,1086.2,22810.2
ACC-INV9553,INV9553,2025-04-10,2000-AP,21861,2623.32,24484.32
ACC-INV9554,INV9554,2025-04-11,2000-AP,21998,3959.64,25957.64
ACC-INV9555,INV9555,2025-04-12,2000-AP,22135,6197.8,28332.8
ACC-INV9556,INV9556,2025-04-13,2000-AP,22272,1113.6,23385.6
ACC-INV9557,INV9557,2025-04-14,2000-AP,22409,2689.08,25098.08
ACC-INV9558,INV9558,2025-04-15,2000-AP,22546,4058.28,26604.28
ACC-INV9559,INV9559,2025-04-16,2000-AP,22683,6351.24,29034.24
ACC-INV9560,INV9560,2025-04-17,2000-AP,22820,1141,23961
ACC-INV9561,INV9561,2025-04-18,2000-AP,22957,2754.84,25711.84
ACC-INV9562,INV9562,2025-04-19,2000-AP,23094,4156.92,27250.92
ACC-INV9563,INV9563,2025-04-20,2000-AP,23231,6504.68,29735.68
ACC-INV9564,INV9564,2025-04-21,2000-AP,23368,1168.4,24536.4
ACC-INV9565,INV9565,2025-04-22,2000-AP,23505,2820.6,26325.6
ACC-INV9566,INV9566,2025-04-23,2000-AP,23642,4255.56,27897.56
ACC-INV9567,INV9567,2025-04-24,2000-AP,23779,6658.12,30437.12
ACC-INV9568,INV9568,2025-04-25,2000-AP,23916,1195.8,25111.8
ACC-INV9569,INV9569,2025-04-26,2000-AP,24053,2886.36,26939.36
ACC-INV9570,INV9570,2025-04-27,2000-AP,24190,4354.2,28544.2
ACC-INV9571,INV9571,2025-04-28,2000-AP,24327,6811.56,31138.56
ACC-INV9572,INV9572,2025-04-01,2000-AP,24464,1223.2,25687.2
ACC-INV9573,INV9573,2025-04-02,2000-AP,24601,2952.12,27553.12
ACC-INV9574,INV9574,2025-04-03,2000-AP,24738,4452.84,29190.84
ACC-INV9575,INV9575,2025-04-04,2000-AP,24875,6965,31840
ACC-INV9576,INV9576,2025-04-05,2000-AP,25012,1250.6,26262.6
ACC-INV9577,INV9577,2025-04-06,2000-AP,25149,3017.88,28166.88
ACC-INV9578,INV9578,2025-04-07,2000-AP,25286,4551.48,29837.48
ACC-INV9579,INV9579,2025-04-08,2000-AP,25423,7118.44,32541.44
ACC-INV9580,INV9580,2025-04-09,2000-AP,25560,1278,26838
ACC-INV9581,INV9581,2025-04-10,2000-AP,25697,3083.64,28780.64
ACC-INV9582,INV9582,2025-04-11,2000-AP,25834,4650.12,30484.12
ACC-INV9583,INV9583,2025-04-12,2000-AP,25971,7271.88,33242.88
ACC-INV9584,INV9584,2025-04-13,2000-AP,26108,1305.4,27413.4
ACC-INV9585,INV9585,2025-04-14,2000-AP,26245,3149.4,29394.4
ACC-INV9586,INV9586,2025-04-15,2000-AP,26382,4748.76,31130.76
ACC-INV9587,INV9587,2025-04-16,2000-AP,26519,7425.32,33944.32
ACC-INV9588,INV9588,2025-04-17,2000-AP,26656,1332.8,27988.8
ACC-INV9589,INV9589,2025-04-18,2000-AP,26793,3215.16,30008.16
ACC-INV9590,INV9590,2025-04-19,2000-AP,26930,4847.4,31777.4
ACC-INV9591,INV9591,2025-04-20,2000-AP,27067,7578.76,34645.76
ACC-INV9592,INV9592,2025-04-21,2000-AP,27204,1360.2,28564.2
ACC-INV9593,INV9593,2025-04-22,2000-AP,27341,3280.92,30621.92
ACC-INV9594,INV9594,2025-04-23,2000-AP,27478,4946.04,32424.04
ACC-INV9595,INV9595,2025-04-24,2000-AP,27615,7732.2,35347.2
ACC-INV9596,INV9596,2025-04-25,2000-AP,27752,1387.6,29139.6
ACC-INV9597,INV9597,2025-04-26,2000-AP,27889,3346.68,31235.68
ACC-INV9598,INV9598,2025-04-27,2000-AP,28026,5044.68,33070.68
ACC-INV9599,INV9599,2025-04-28,2000-AP,28163,7885.64,36048.64
ACC-INV9600,INV9600,2025-04-01,2000-AP,28300,1415,29715
ACC-INV9601,INV9601,2025-04-02,2000-AP,28437,3412.44,31849.44
ACC-INV9602,INV9602,2025-04-03,2000-AP,28574,5143.32,33717.32
ACC-INV9603,INV9603,2025-04-04,2000-AP,28711,8039.08,36750.08
ACC-INV9604,INV9604,2025-04-05,2000-AP,28848,1442.4,30290.4
ACC-INV9605,INV9605,2025-04-06,2000-AP,28985,3478.2,32463.2
ACC-INV9606,INV9606,2025-04-07,2000-AP,29122,5241.96,34363.96
ACC-INV9607,INV9607,2025-04-08,2000-AP,29259,8192.52,37451.52
ACC-INV9608,INV9608,2025-04-09,2000-AP,29396,1469.8,30865.8
ACC-INV9609,INV9609,2025-04-10,2000-AP,29533,3543.96,33076.96
ACC-INV9610,INV9610,2025-04-11,2000-AP,29670,5340.6,35010.6
ACC-INV9611,INV9611,2025-04-12,2000-AP,29807,8345.96,38152.96
ACC-INV9612,INV9612,2025-04-13,2000-AP,29944,1497.2,31441.2
ACC-INV9613,INV9613,2025-04-14,2000-AP,30081,3609.72,33690.72
ACC-INV9614,INV9614,2025-04-15,2000-AP,30218,5439.24,35657.24
ACC-INV9615,INV9615,2025-04-16,2000-AP,30355,8499.4,38854.4
ACC-INV9616,INV9616,2025-04-17,2000-AP,30492,1524.6,32016.6
ACC-INV9617,INV9617,2025-04-18,2000-AP,30629,3675.48,34304.48
ACC-INV9618,INV9618,2025-04-19,2000-AP,30766,5537.88,36303.88
ACC-INV9619,INV9619,2025-04-20,2000-AP,30903,8652.84,39555.84
ACC-INV9620,INV9620,2025-04-21,2000-AP,31040,1552,32592
ACC-INV9621,INV9621,2025-04-22,2000-AP,31177,3741.24,34918.24
ACC-INV9622,INV9622,2025-04-23,2000-AP,31314,5636.52,36950.52
ACC-INV9623,INV9623,2025-04-24,2000-AP,31451,8806.28,40257.28
ACC-INV9624,INV9624,2025-04-25,2000-AP,31588,1579.4,33167.4
ACC-INV9625,INV9625,2025-04-26,2000-AP,31725,3807,35532
ACC-INV9626,INV9626,2025-04-27,2000-AP,31862,5735.16,37597.16
ACC-INV9627,INV9627,2025-04-28,2000-AP,31999,8959.72,40958.72
ACC-INV9628,INV9628,2025-04-01,2000-AP,32136,1606.8,33742.8
ACC-INV9629,INV9629,2025-04-02,2000-AP,32273,3872.76,36145.76
ACC-INV9630,INV9630,2025-04-03,2000-AP,32410,5833.8,38243.8
ACC-INV9631,INV9631,2025-04-04,2000-AP,32547,9113.16,41660.16
ACC-INV9632,INV9632,2025-04-05,2000-AP,32684,1634.2,34318.2
ACC-INV9633,INV9633,2025-04-06,2000-AP,32821,3938.52,36759.52
ACC-INV9634,INV9634,2025-04-07,2000-AP,32958,5932.44,38890.44
ACC-INV9635,INV9635,2025-04-08,2000-AP,33095,9266.6,42361.6
ACC-INV9636,INV9636,2025-04-09,2000-AP,33232,1661.6,34893.6
ACC-INV9637,INV9637,2025-04-10,2000-AP,33369,4004.28,37373.28
ACC-INV9638,INV9638,2025-04-11,2000-AP,33506,6031.08,39537.08
ACC-INV9639,INV9639,2025-04-12,2000-AP,33643,9420.04,43063.04
ACC-INV9640,INV9640,2025-04-13,2000-AP,33780,1689,35469
ACC-INV9641,INV9641,2025-04-14,2000-AP,33917,4070.04,37987.04
ACC-INV9642,INV9642,2025-04-15,2000-AP,34054,6129.72,40183.72
ACC-INV9643,INV9643,2025-04-16,2000-AP,34191,9573.48,43764.48
ACC-INV9644,INV9644,2025-04-17,2000-AP,34328,1716.4,36044.4
ACC-INV9645,INV9645,2025-04-18,2000-AP,34465,4135.8,38600.8
ACC-INV9646,INV9646,2025-04-19,2000-AP,34602,6228.36,40830.36
ACC-INV9647,INV9647,2025-04-20,2000-AP,34739,9726.92,44465.92
ACC-INV9648,INV9648,2025-04-21,2000-AP,34876,1743.8,36619.8
ACC-INV9649,INV9649,2025-04-22,2000-AP,35013,4201.56,39214.56
ACC-INV9650,INV9650,2025-04-23,2000-AP,35150,6327,41477
ACC-INV9651,INV9651,2025-04-24,2000-AP,35287,9880.36,45167.36
ACC-INV9652,INV9652,2025-04-25,2000-AP,35424,1771.2,37195.2
ACC-INV9653,INV9653,2025-04-26,2000-AP,35561,4267.32,39828.32
ACC-INV9654,INV9654,2025-04-27,2000-AP,35698,6425.64,42123.64
ACC-INV9655,INV9655,2025-04-28,2000-AP,35835,10033.8,45868.8
ACC-INV9656,INV9656,2025-04-01,2000-AP,35972,1798.6,37770.6
ACC-INV9657,INV9657,2025-04-02,2000-AP,36109,4333.08,40442.08
ACC-INV9658,INV9658,2025-04-03,2000-AP,36246,6524.28,42770.28
ACC-INV9659,INV9659,2025-04-04,2000-AP,36383,10187.24,46570.24
ACC-INV9660,INV9660,2025-04-05,2000-AP,36520,1826,38346
ACC-INV9661,INV9661,2025-04-06,2000-AP,36657,4398.84,41055.84
ACC-INV9662,INV9662,2025-04-07,2000-AP,36794,6622.92,43416.92
ACC-INV9663,INV9663,2025-04-08,2000-AP,36931,10340.68,47271.68
ACC-INV9664,INV9664,2025-04-09,2000-AP,37068,1853.4,38921.4
ACC-INV9665,INV9665,2025-04-10,2000-AP,37205,4464.6,41669.6
ACC-INV9666,INV9666,2025-04-11,2000-AP,37342,6721.56,44063.56
ACC-INV9667,INV9667,2025-04-12,2000-AP,37479,10494.12,47973.12
ACC-INV9668,INV9668,2025-04-13,2000-AP,37616,1880.8,39496.8
ACC-INV9669,INV9669,2025-04-14,2000-AP,37753,4530.36,42283.36
ACC-INV9670,INV9670,2025-04-15,2000-AP,37890,6820.2,44710.2
ACC-INV9671,INV9671,2025-04-16,2000-AP,38027,10647.56,48674.56
ACC-INV9672,INV9672,2025-04-17,2000-AP,38164,1908.2,40072.2
ACC-INV9673,INV9673,2025-04-18,2000-AP,38301,4596.12,42897.12
ACC-INV9674,INV9674,2025-04-19,2000-AP,38438,6918.84,45356.84
ACC-INV9675,INV9675,2025-04-20,2000-AP,38575,10801,49376
ACC-INV9676,INV9676,2025-04-21,2000-AP,38712,1935.6,40647.6
ACC-INV9677,INV9677,2025-04-22,2000-AP,38849,4661.88,43510.88
ACC-INV9678,INV9678,2025-04-23,2000-AP,38986,7017.48,46003.48
ACC-INV9679,INV9679,2025-04-24,2000-AP,39123,10954.44,50077.44
ACC-INV9680,INV9680,2025-04-25,2000-AP,39260,1963,41223
ACC-INV9681,INV9681,2025-04-26,2000-AP,39397,4727.64,44124.64
ACC-INV9682,INV9682,2025-04-27,2000-AP,39534,7116.12,46650.12
ACC-INV9683,INV9683,2025-04-28,2000-AP,39671,11107.88,50778.88
ACC-INV9684,INV9684,2025-04-01,2000-AP,39808,1990.4,41798.4
ACC-INV9685,INV9685,2025-04-02,2000-AP,39945,4793.4,44738.4
ACC-INV9686,INV9686,2025-04-03,2000-AP,40082,7214.76,47296.76
ACC-INV9687,INV9687,2025-04-04,2000-AP,40219,11261.32,51480.32
ACC-INV9688,INV9688,2025-04-05,2000-AP,40356,2017.8,42373.8
ACC-INV9689,INV9689,2025-04-06,2000-AP,40493,4859.16,45352.16
ACC-INV9690,INV9690,2025-04-07,2000-AP,40630,7313.4,47943.4
ACC-INV9691,INV9691,2025-04-08,2000-AP,40767,11414.76,52181.76
ACC-INV9692,INV9692,2025-04-09,2000-AP,40904,2045.2,42949.2
ACC-INV9693,INV9693,2025-04-10,2000-AP,41041,4924.92,45965.92
ACC-INV9694,INV9694,2025-04-11,2000-AP,41178,7412.04,48590.04
ACC-INV9695,INV9695,2025-04-12,2000-AP,41315,11568.2,52883.2
ACC-INV9696,INV9696,2025-04-13,2000-AP,41452,2072.6,43524.6
ACC-INV9697,INV9697,2025-04-14,2000-AP,41589,4990.68,46579.68
ACC-INV9698,INV9698,2025-04-15,2000-AP,41726,7510.68,49236.68
ACC-INV9699,INV9699,2025-04-16,2000-AP,41863,11721.64,53584.64
ACC-INV9700,INV9700,2025-04-17,2000-AP,1050000,52500,1102500
ACC-INV9701,INV9701,2025-04-18,2000-AP,42137,5056.44,47193.44
ACC-INV9702,INV9702,2025-04-19,2000-AP,42274,7609.32,49883.32
ACC-INV9703,INV9703,2025-04-20,2000-AP,42411,11875.08,54286.08
ACC-INV9704,INV9704,2025-04-21,2000-AP,42548,2127.4,44675.4
ACC-INV9705,INV9705,2025-04-22,2000-AP,42685,5122.2,47807.2
ACC-INV9706,INV9706,2025-04-23,2000-AP,42822,7707.96,50529.96
ACC-INV9707,INV9707,2025-04-24,2000-AP,42959,12028.52,54987.52
ACC-INV9708,INV9708,2025-04-25,2000-AP,43096,2154.8,45250.8
ACC-INV9709,INV9709,2025-04-26,2000-AP,43233,5187.96,48420.96
ACC-INV9710,INV9710,2025-04-27,2000-AP,43370,7806.6,51176.6
ACC-INV9711,INV9711,2025-04-28,2000-AP,43507,12181.96,55688.96
ACC-INV9712,INV9712,2025-04-01,2000-AP,43644,2182.2,45826.2
ACC-INV9713,INV9713,2025-04-02,2000-AP,43781,5253.72,49034.72
ACC-INV9714,INV9714,2025-04-03,2000-AP,43918,7905.24,51823.24
ACC-INV9715,INV9715,2025-04-04,2000-AP,44055,12335.4,56390.4
ACC-INV9716,INV9716,2025-04-05,2000-AP,44192,2209.6,46401.6
ACC-INV9717,INV9717,2025-04-06,2000-AP,44329,5319.48,49648.48
ACC-INV9718,INV9718,2025-04-07,2000-AP,44466,8003.88,52469.88
ACC-INV9719,INV9719,2025-04-08,2000-AP,44603,12488.84,57091.84
ACC-INV9720,INV9720,2025-04-09,2000-AP,44740,2237,46977
ACC-INV9721,INV9721,2025-04-10,2000-AP,44877,5385.24,50262.24
ACC-INV9722,INV9722,2025-04-11,2000-AP,45014,8102.52,53116.52
ACC-INV9723,INV9723,2025-04-12,2000-AP,45151,12642.28,57793.28
ACC-INV9724,INV9724,2025-04-13,2000-AP,45288,2264.4,47552.4
ACC-INV9725,INV9725,2025-04-14,2000-AP,45425,5451,50876
ACC-INV9726,INV9726,2025-04-15,2000-AP,45562,8201.16,53763.16
ACC-INV9727,INV9727,2025-04-16,2000-AP,45699,12795.72,58494.72
ACC-INV9728,INV9728,2025-04-17,2000-AP,45836,2291.8,48127.8
ACC-INV9729,INV9729,2025-04-18,2000-AP,45973,5516.76,51489.76
ACC-INV9730,INV9730,2025-04-19,2000-AP,46110,8299.8,54409.8
ACC-INV9731,INV9731,2025-04-20,2000-AP,46247,12949.16,59196.16
ACC-INV9732,INV9732,2025-04-21,2000-AP,46384,2319.2,48703.2
ACC-INV9733,INV9733,2025-04-22,2000-AP,46521,5582.52,52103.52
ACC-INV9734,INV9734,2025-04-23,2000-AP,46658,8398.44,55056.44
ACC-INV9735,INV9735,2025-04-24,2000-AP,46795,13102.6,59897.6
ACC-INV9736,INV9736,2025-04-25,2000-AP,46932,2346.6,49278.6
ACC-INV9737,INV9737,2025-04-26,2000-AP,47069,5648.28,52717.28
ACC-INV9738,INV9738,2025-04-27,2000-AP,47206,8497.08,55703.08
ACC-INV9739,INV9739,2025-04-28,2000-AP,47343,13256.04,60599.04
ACC-INV9740,INV9740,2025-04-01,2000-AP,47480,2374,49854
ACC-INV9741,INV9741,2025-04-02,2000-AP,47617,5714.04,53331.04
ACC-INV9742,INV9742,2025-04-03,2000-AP,47754,8595.72,56349.72
ACC-INV9743,INV9743,2025-04-04,2000-AP,47891,13409.48,61300.48
ACC-INV9744,INV9744,2025-04-05,2000-AP,48028,2401.4,50429.4
ACC-INV9745,INV9745,2025-04-06,2000-AP,48165,5779.8,53944.8
ACC-INV9746,INV9746,2025-04-07,2000-AP,48302,8694.36,56996.36
ACC-INV9747,INV9747,2025-04-08,2000-AP,48439,13562.92,62001.92
ACC-INV9748,INV9748,2025-04-09,2000-AP,48576,2428.8,51004.8
ACC-INV9749,INV9749,2025-04-10,2000-AP,48713,5845.56,54558.56
ACC-INV9750,INV9750,2025-04-11,2000-AP,48850,8793,57643
ACC-INV9751,INV9751,2025-04-12,2000-AP,48987,13716.36,62703.36
ACC-INV9752,INV9752,2025-04-13,2000-AP,49124,2456.2,51580.2
ACC-INV9753,INV9753,2025-04-14,2000-AP,49261,5911.32,55172.32
ACC-INV9754,INV9754,2025-04-15,2000-AP,49398,8891.64,58289.64
ACC-INV9755,INV9755,2025-04-16,2000-AP,49535,13869.8,63404.8
ACC-INV9756,INV9756,2025-04-17,2000-AP,49672,2483.6,52155.6
ACC-INV9757,INV9757,2025-04-18,2000-AP,49809,5977.08,55786.08
ACC-INV9758,INV9758,2025-04-19,2000-AP,49946,8990.28,58936.28
ACC-INV9759,INV9759,2025-04-20,2000-AP,50083,14023.24,64106.24
ACC-INV9760,INV9760,2025-04-21,2000-AP,50220,2511,52731
ACC-INV9761,INV9761,2025-04-22,2000-AP,50357,6042.84,56399.84
ACC-INV9762,INV9762,2025-04-23,2000-AP,50494,9088.92,59582.92
ACC-INV9763,INV9763,2025-04-24,2000-AP,50631,14176.68,64807.68
ACC-INV9764,INV9764,2025-04-25,2000-AP,50768,2538.4,53306.4
ACC-INV9765,INV9765,2025-04-26,2000-AP,50905,6108.6,57013.6
ACC-INV9766,INV9766,2025-04-27,2000-AP,51042,9187.56,60229.56
ACC-INV9767,INV9767,2025-04-28,2000-AP,51179,14330.12,65509.12
ACC-INV9768,INV9768,2025-04-01,2000-AP,51316,2565.8,53881.8
ACC-INV9769,INV9769,2025-04-02,2000-AP,51453,6174.36,57627.36
ACC-INV9770,INV9770,2025-04-03,2000-AP,51590,9286.2,60876.2
ACC-INV9771,INV9771,2025-04-04,2000-AP,51727,14483.56,66210.56
ACC-INV9772,INV9772,2025-04-05,2000-AP,51864,2593.2,54457.2
ACC-INV9773,INV9773,2025-04-06,2000-AP,52001,6240.12,58241.12
ACC-INV9774,INV9774,2025-04-07,2000-AP,52138,9384.84,61522.84
ACC-INV9775,INV9775,2025-04-08,2000-AP,52275,14637,66912
ACC-INV9776,INV9776,2025-04-09,2000-AP,52412,2620.6,55032.6
ACC-INV9777,INV9777,2025-04-10,2000-AP,52549,6305.88,58854.88
ACC-INV9778,INV9778,2025-04-11,2000-AP,52686,9483.48,62169.48
ACC-INV9779,INV9779,2025-04-12,2000-AP,52823,14790.44,67613.44
ACC-INV9780,INV9780,2025-04-13,2000-AP,52960,2648,55608
ACC-INV9781,INV9781,2025-04-14,2000-AP,53097,6371.64,59468.64
ACC-INV9782,INV9782,2025-04-15,2000-AP,53234,9582.12,62816.12
ACC-INV9783,INV9783,2025-04-16,2000-AP,53371,14943.88,68314.88
ACC-INV9784,INV9784,2025-04-17,2000-AP,53508,2675.4,56183.4
ACC-INV9785,INV9785,2025-04-18,2000-AP,53645,6437.4,60082.4
ACC-INV9786,INV9786,2025-04-19,2000-AP,53782,9680.76,63462.76
ACC-INV9787,INV9787,2025-04-20,2000-AP,53919,15097.32,69016.32
ACC-INV9788,INV9788,2025-04-21,2000-AP,54056,2702.8,56758.8
ACC-INV9789,INV9789,2025-04-22,2000-AP,54193,6503.16,60696.16
ACC-INV9790,INV9790,2025-04-23,2000-AP,54330,9779.4,64109.4
ACC-INV9791,INV9791,2025-04-24,2000-AP,54467,15250.76,69717.76
ACC-INV9792,INV9792,2025-04-25,2000-AP,54604,2730.2,57334.2
ACC-INV9793,INV9793,2025-04-26,2000-AP,54741,6568.92,61309.92
ACC-INV9794,INV9794,2025-04-27,2000-AP,54878,9878.04,64756.04
ACC-INV9795,INV9795,2025-04-28,2000-AP,55015,15404.2,70419.2
ACC-INV9796,INV9796,2025-04-01,2000-AP,55152,2757.6,57909.6
ACC-INV9797,INV9797,2025-04-02,2000-AP,55289,6634.68,61923.68
ACC-INV9798,INV9798,2025-04-03,2000-AP,55426,9976.68,65402.68
ACC-INV9799,INV9799,2025-04-04,2000-AP,55563,15557.64,71120.64
ACC-INV9800,INV9800,2025-04-05,2000-AP,55700,2785,58485
ACC-INV9801,INV9801,2025-04-06,2000-AP,55837,6700.44,62537.44
ACC-INV9802,INV9802,2025-04-07,2000-AP,55974,10075.32,66049.32
ACC-INV9803,INV9803,2025-04-08,2000-AP,56111,15711.08,71822.08
ACC-INV9804,INV9804,2025-04-09,2000-AP,56248,2812.4,59060.4
ACC-INV9805,INV9805,2025-04-10,2000-AP,56385,6766.2,63151.2
ACC-INV9806,INV9806,2025-04-11,2000-AP,56522,10173.96,66695.96
ACC-INV9807,INV9807,2025-04-12,2000-AP,56659,15864.52,72523.52
ACC-INV9808,INV9808,2025-04-13,2000-AP,56796,2839.8,59635.8
ACC-INV9809,INV9809,2025-04-14,2000-AP,56933,6831.96,63764.96
ACC-INV9810,INV9810,2025-04-15,2000-AP,57070,10272.6,67342.6
ACC-INV9811,INV9811,2025-04-16,2000-AP,57207,16017.96,73224.96
ACC-INV9812,INV9812,2025-04-17,2000-AP,57344,2867.2,60211.2
ACC-INV9813,INV9813,2025-04-18,2000-AP,57481,6897.72,64378.72
ACC-INV9814,INV9814,2025-04-19,2000-AP,57618,10371.24,67989.24
ACC-INV9815,INV9815,2025-04-20,2000-AP,57755,16171.4,73926.4
ACC-INV9816,INV9816,2025-04-21,2000-AP,57892,2894.6,60786.6
ACC-INV9817,INV9817,2025-04-22,2000-AP,58029,6963.48,64992.48
ACC-INV9818,INV9818,2025-04-23,2000-AP,58166,10469.88,68635.88
ACC-INV9819,INV9819,2025-04-24,2000-AP,58303,16324.84,74627.84
ACC-INV9820,INV9820,2025-04-25,2000-AP,58440,2922,61362
ACC-INV9821,INV9821,2025-04-26,2000-AP,58577,7029.24,65606.24
ACC-INV9822,INV9822,2025-04-27,2000-AP,58714,10568.52,69282.52
ACC-INV9823,INV9823,2025-04-28,2000-AP,58851,16478.28,75329.28
ACC-INV9824,INV9824,2025-04-01,2000-AP,58988,2949.4,61937.4
ACC-INV9825,INV9825,2025-04-02,2000-AP,59125,7095,66220
ACC-INV9826,INV9826,2025-04-03,2000-AP,59262,10667.16,69929.16
ACC-INV9827,INV9827,2025-04-04,2000-AP,59399,16631.72,76030.72
ACC-INV9828,INV9828,2025-04-05,2000-AP,59536,2976.8,62512.8
ACC-INV9829,INV9829,2025-04-06,2000-AP,59673,7160.76,66833.76
ACC-INV9830,INV9830,2025-04-07,2000-AP,59810,10765.8,70575.8
ACC-INV9831,INV9831,2025-04-08,2000-AP,59947,16785.16,76732.16
ACC-INV9832,INV9832,2025-04-09,2000-AP,60084,3004.2,63088.2
ACC-INV9833,INV9833,2025-04-10,2000-AP,60221,7226.52,67447.52
ACC-INV9834,INV9834,2025-04-11,2000-AP,60358,10864.44,71222.44
ACC-INV9835,INV9835,2025-04-12,2000-AP,60495,16938.6,77433.6
ACC-INV9836,INV9836,2025-04-13,2000-AP,60632,3031.6,63663.6
ACC-INV9837,INV9837,2025-04-14,2000-AP,60769,7292.28,68061.28
ACC-INV9838,INV9838,2025-04-15,2000-AP,60906,10963.08,71869.08
ACC-INV9839,INV9839,2025-04-16,2000-AP,61043,17092.04,78135.04
ACC-INV9840,INV9840,2025-04-17,2000-AP,61180,3059,64239
ACC-INV9841,INV9841,2025-04-18,2000-AP,61317,7358.04,68675.04
ACC-INV9842,INV9842,2025-04-19,2000-AP,61454,11061.72,72515.72
ACC-INV9843,INV9843,2025-04-20,2000-AP,61591,17245.48,78836.48
ACC-INV9844,INV9844,2025-04-21,2000-AP,61728,3086.4,64814.4
ACC-INV9845,INV9845,2025-04-22,2000-AP,61865,7423.8,69288.8
ACC-INV9846,INV9846,2025-04-23,2000-AP,62002,11160.36,73162.36
ACC-INV9847,INV9847,2025-04-24,2000-AP,62139,17398.92,79537.92
ACC-INV9848,INV9848,2025-04-25,2000-AP,62276,3113.8,65389.8
ACC-INV9849,INV9849,2025-04-26,2000-AP,62413,7489.56,69902.56
ACC-INV9850,INV9850,2025-04-27,2000-AP,62550,11259,73809
ACC-INV9851,INV9851,2025-04-28,2000-AP,62687,17552.36,80239.36
ACC-INV9852,INV9852,2025-04-01,2000-AP,62824,3141.2,65965.2
ACC-INV9853,INV9853,2025-04-02,2000-AP,62961,7555.32,70516.32
ACC-INV9854,INV9854,2025-04-03,2000-AP,63098,11357.64,74455.64
ACC-INV9855,INV9855,2025-04-04,2000-AP,63235,17705.8,80940.8
ACC-INV9856,INV9856,2025-04-05,2000-AP,63372,3168.6,66540.6
ACC-INV9857,INV9857,2025-04-06,2000-AP,63509,7621.08,71130.08
ACC-INV9858,INV9858,2025-04-07,2000-AP,63646,11456.28,75102.28
ACC-INV9859,INV9859,2025-04-08,2000-AP,63783,17859.24,81642.24
ACC-INV9860,INV9860,2025-04-09,2000-AP,63920,3196,67116
ACC-INV9861,INV9861,2025-04-10,2000-AP,64057,7686.84,71743.84
ACC-INV9862,INV9862,2025-04-11,2000-AP,64194,11554.92,75748.92
ACC-INV9863,INV9863,2025-04-12,2000-AP,64331,18012.68,82343.68
ACC-INV9864,INV9864,2025-04-13,2000-AP,64468,3223.4,67691.4
ACC-INV9865,INV9865,2025-04-14,2000-AP,64605,7752.6,72357.6
ACC-INV9866,INV9866,2025-04-15,2000-AP,64742,11653.56,76395.56
ACC-INV9867,INV9867,2025-04-16,2000-AP,64879,18166.12,83045.12
ACC-INV9868,INV9868,2025-04-17,2000-AP,65016,3250.8,68266.8
ACC-INV9869,INV9869,2025-04-18,2000-AP,65153,7818.36,72971.36
ACC-INV9870,INV9870,2025-04-19,2000-AP,65290,11752.2,77042.2
ACC-INV9871,INV9871,2025-04-20,2000-AP,65427,18319.56,83746.56
ACC-INV9872,INV9872,2025-04-21,2000-AP,65564,3278.2,68842.2
ACC-INV9873,INV9873,2025-04-22,2000-AP,65701,7884.12,73585.12
ACC-INV9874,INV9874,2025-04-23,2000-AP,65838,11850.84,77688.84
ACC-INV9875,INV9875,2025-04-24,2000-AP,65975,18473,84448
ACC-INV9876,INV9876,2025-04-25,2000-AP,66112,3305.6,69417.6
ACC-INV9877,INV9877,2025-04-26,2000-AP,66249,7949.88,74198.88
ACC-INV9878,INV9878,2025-04-27,2000-AP,66386,11949.48,78335.48
ACC-INV9879,INV9879,2025-04-28,2000-AP,66523,18626.44,85149.44
ACC-INV9880,INV9880,2025-04-01,2000-AP,66660,3333,69993
ACC-INV9881,INV9881,2025-04-02,2000-AP,66797,8015.64,74812.64
ACC-INV9882,INV9882,2025-04-03,2000-AP,66934,12048.12,78982.12
ACC-INV9883,INV9883,2025-04-04,2000-AP,67071,18779.88,85850.88
ACC-INV9884,INV9884,2025-04-05,2000-AP,67208,3360.4,70568.4
ACC-INV9885,INV9885,2025-04-06,2000-AP,67345,8081.4,75426.4
ACC-INV9886,INV9886,2025-04-07,2000-AP,67482,12146.76,79628.76
ACC-INV9887,INV9887,2025-04-08,2000-AP,67619,18933.32,86552.32
ACC-INV9888,INV9888,2025-04-09,2000-AP,67756,3387.8,71143.8
ACC-INV9889,INV9889,2025-04-10,2000-AP,67893,8147.16,76040.16
ACC-INV9890,INV9890,2025-04-11,2000-AP,68030,12245.4,80275.4
ACC-INV9891,INV9891,2025-04-12,2000-AP,68167,19086.76,87253.76
ACC-INV9892,INV9892,2025-04-13,2000-AP,68304,3415.2,71719.2
ACC-INV9893,INV9893,2025-04-14,2000-AP,68441,8212.92,76653.92
ACC-INV9894,INV9894,2025-04-15,2000-AP,68578,12344.04,80922.04
ACC-INV9895,INV9895,2025-04-16,2000-AP,68715,19240.2,87955.2
ACC-INV9896,INV9896,2025-04-17,2000-AP,68852,3442.6,72294.6
ACC-INV9897,INV9897,2025-04-18,2000-AP,68989,8278.68,77267.68
ACC-INV9898,INV9898,2025-04-19,2000-AP,69126,12442.68,81568.68
ACC-INV9899,INV9899,2025-04-20,2000-AP,69263,19393.64,88656.64
ACC-INV9900,INV9900,2025-04-21,2000-AP,69400,3470,72870
ACC-INV9901,INV9901,2025-04-22,2000-AP,69537,8344.44,77881.44
ACC-INV9902,INV9902,2025-04-23,2000-AP,69674,12541.32,82215.32
ACC-INV9903,INV9903,2025-04-24,2000-AP,69811,19547.08,89358.08
ACC-INV9904,INV9904,2025-04-25,2000-AP,69948,3497.4,73445.4
ACC-INV9905,INV9905,2025-04-26,2000-AP,70085,8410.2,78495.2
ACC-INV9906,INV9906,2025-04-27,2000-AP,70222,12639.96,82861.96
ACC-INV9907,INV9907,2025-04-28,2000-AP,70359,19700.52,90059.52
ACC-INV9908,INV9908,2025-04-01,2000-AP,70496,3524.8,74020.8
ACC-INV9909,INV9909,2025-04-02,2000-AP,70633,8475.96,79108.96
ACC-INV9910,INV9910,2025-04-03,2000-AP,70770,12738.6,83508.6
ACC-INV9911,INV9911,2025-04-04,2000-AP,70907,19853.96,90760.96
ACC-INV9912,INV9912,2025-04-05,2000-AP,71044,3552.2,74596.2
ACC-INV9913,INV9913,2025-04-06,2000-AP,71181,8541.72,79722.72
ACC-INV9914,INV9914,2025-04-07,2000-AP,71318,12837.24,84155.24
ACC-INV9915,INV9915,2025-04-08,2000-AP,71455,20007.4,91462.4
ACC-INV9916,INV9916,2025-04-09,2000-AP,71592,3579.6,75171.6
ACC-INV9917,INV9917,2025-04-10,2000-AP,71729,8607.48,80336.48
ACC-INV9918,INV9918,2025-04-11,2000-AP,71866,12935.88,84801.88
ACC-INV9919,INV9919,2025-04-12,2000-AP,72003,20160.84,92163.84
ACC-INV9920,INV9920,2025-04-13,2000-AP,72140,3607,75747
ACC-INV9921,INV9921,2025-04-14,2000-AP,72277,8673.24,80950.24
ACC-INV9922,INV9922,2025-04-15,2000-AP,72414,13034.52,85448.52
ACC-INV9923,INV9923,2025-04-16,2000-AP,72551,20314.28,92865.28
ACC-INV9924,INV9924,2025-04-17,2000-AP,72688,3634.4,76322.4
ACC-INV9925,INV9925,2025-04-18,2000-AP,72825,8739,81564
ACC-INV9926,INV9926,2025-04-19,2000-AP,72962,13133.16,86095.16
ACC-INV9927,INV9927,2025-04-20,2000-AP,73099,20467.72,93566.72
ACC-INV9928,INV9928,2025-04-21,2000-AP,73236,3661.8,76897.8
ACC-INV9929,INV9929,2025-04-22,2000-AP,73373,8804.76,82177.76
ACC-INV9930,INV9930,2025-04-23,2000-AP,73510,13231.8,86741.8
ACC-INV9931,INV9931,2025-04-24,2000-AP,73647,20621.16,94268.16
ACC-INV9932,INV9932,2025-04-25,2000-AP,73784,3689.2,77473.2
ACC-INV9933,INV9933,2025-04-26,2000-AP,73921,8870.52,82791.52
ACC-INV9934,INV9934,2025-04-27,2000-AP,74058,13330.44,87388.44
ACC-INV9935,INV9935,2025-04-28,2000-AP,74195,20774.6,94969.6
ACC-INV9936,INV9936,2025-04-01,2000-AP,74332,3716.6,78048.6
ACC-INV9937,INV9937,2025-04-02,2000-AP,74469,8936.28,83405.28
ACC-INV9938,INV9938,2025-04-03,2000-AP,74606,13429.08,88035.08
ACC-INV9939,INV9939,2025-04-04,2000-AP,74743,20928.04,95671.04
ACC-INV9940,INV9940,2025-04-05,2000-AP,74880,3744,78624
ACC-INV9941,INV9941,2025-04-06,2000-AP,75017,9002.04,84019.04
ACC-INV9942,INV9942,2025-04-07,2000-AP,75154,13527.72,88681.72
ACC-INV9943,INV9943,2025-04-08,2000-AP,75291,21081.48,96372.48
ACC-INV9944,INV9944,2025-04-09,2000-AP,75428,3771.4,79199.4
ACC-INV9945,INV9945,2025-04-10,2000-AP,75565,9067.8,84632.8
ACC-INV9946,INV9946,2025-04-11,2000-AP,75702,13626.36,89328.36
ACC-INV9947,INV9947,2025-04-12,2000-AP,75839,21234.92,97073.92
ACC-INV9948,INV9948,2025-04-13,2000-AP,75976,3798.8,79774.8
ACC-INV9949,INV9949,2025-04-14,2000-AP,76113,9133.56,85246.56
ACC-INV9950,INV9950,2025-04-15,2000-AP,950000,171000,1121000
ACC-INV9951,INV9951,2025-04-16,2000-AP,76387,21388.36,97775.36
ACC-INV9952,INV9952,2025-04-17,2000-AP,76524,3826.2,80350.2
ACC-INV9953,INV9953,2025-04-18,2000-AP,76661,9199.32,85860.32
ACC-INV9954,INV9954,2025-04-19,2000-AP,76798,13823.64,90621.64
ACC-INV9955,INV9955,2025-04-20,2000-AP,76935,21541.8,98476.8
ACC-INV9956,INV9956,2025-04-21,2000-AP,77072,3853.6,80925.6
ACC-INV9957,INV9957,2025-04-22,2000-AP,77209,9265.08,86474.08
ACC-INV9958,INV9958,2025-04-23,2000-AP,77346,13922.28,91268.28
ACC-INV9959,INV9959,2025-04-24,2000-AP,77483,21695.24,99178.24
ACC-INV9960,INV9960,2025-04-25,2000-AP,2620,131,2751
ACC-INV9961,INV9961,2025-04-26,2000-AP,2757,330.84,3087.84
ACC-INV9962,INV9962,2025-04-27,2000-AP,2894,520.92,3414.92
ACC-INV9963,INV9963,2025-04-28,2000-AP,3031,848.68,3879.68
ACC-INV9964,INV9964,2025-04-01,2000-AP,3168,158.4,3326.4
ACC-INV9965,INV9965,2025-04-02,2000-AP,3305,396.6,3701.6
ACC-INV9966,INV9966,2025-04-03,2000-AP,3442,619.56,4061.56
ACC-INV9967,INV9967,2025-04-04,2000-AP,3579,1002.12,4581.12
ACC-INV9968,INV9968,2025-04-05,2000-AP,3716,185.8,3901.8
ACC-INV9969,INV9969,2025-04-06,2000-AP,3853,462.36,4315.36
ACC-INV9970,INV9970,2025-04-07,2000-AP,3990,718.2,4708.2
ACC-INV9971,INV9971,2025-04-08,2000-AP,4127,1155.56,5282.56
ACC-INV9972,INV9972,2025-04-09,2000-AP,4264,213.2,4477.2
ACC-INV9973,INV9973,2025-04-10,2000-AP,4401,528.12,4929.12
ACC-INV9974,INV9974,2025-04-11,2000-AP,4538,816.84,5354.84
ACC-INV9975,INV9975,2025-04-12,2000-AP,4675,1309,5984
ACC-INV9976,INV9976,2025-04-13,2000-AP,4812,240.6,5052.6
ACC-INV9977,INV9977,2025-04-14,2000-AP,4949,593.88,5542.88
ACC-INV9978,INV9978,2025-04-15,2000-AP,5086,915.48,6001.48
ACC-INV9979,INV9979,2025-04-16,2000-AP,5223,1462.44,6685.44
ACC-INV9980,INV9980,2025-04-17,2000-AP,5360,268,5628
ACC-INV9981,INV9981,2025-04-18,2000-AP,5497,659.64,6156.64
ACC-INV9982,INV9982,2025-04-19,2000-AP,5634,1014.12,6648.12
ACC-INV9983,INV9983,2025-04-20,2000-AP,5771,1615.88,7386.88
ACC-INV9984,INV9984,2025-04-21,2000-AP,5908,295.4,6203.4
ACC-INV9985,INV9985,2025-04-22,2000-AP,6045,725.4,6770.4
ACC-INV9986,INV9986,2025-04-23,2000-AP,6182,1112.76,7294.76
ACC-INV9987,INV9987,2025-04-24,2000-AP,6319,1769.32,8088.32
ACC-INV9988,INV9988,2025-04-25,2000-AP,6456,322.8,6778.8
ACC-INV9989,INV9989,2025-04-26,2000-AP,6593,791.16,7384.16
ACC-INV9990,INV9990,2025-04-27,2000-AP,6730,1211.4,7941.4
ACC-INV9991,INV9991,2025-04-28,2000-AP,6867,1922.76,8789.76
ACC-INV9992,INV9992,2025-04-01,2000-AP,7004,350.2,7354.2
ACC-INV9993,INV9993,2025-04-02,2000-AP,7141,856.92,7997.92
ACC-INV9994,INV9994,2025-04-03,2000-AP,7278,1310.04,8588.04
ACC-INV9995,INV9995,2025-04-04,2000-AP,7415,2076.2,9491.2
ACC-INV9996,INV9996,2025-04-05,2000-AP,7552,377.6,7929.6
ACC-INV9997,INV9997,2025-04-06,2000-AP,7689,922.68,8611.68
ACC-INV9998,INV9998,2025-04-07,2000-AP,7826,1408.68,9234.68
ACC-INV9999,INV9999,2025-04-08,2000-AP,7963,2229.64,10192.64
ACC-INV10000,INV10000,2025-04-09,2000-AP,8100,405,8505
ACC-INV10001,INV10001,2025-04-10,2000-AP,8237,988.44,9225.44
ACC-INV10002,INV10002,2025-04-11,2000-AP,8374,1507.32,9881.32
ACC-INV10003,INV10003,2025-04-12,2000-AP,8511,2383.08,10894.08
ACC-INV10004,INV10004,2025-04-13,2000-AP,8648,432.4,9080.4
ACC-INV10005,INV10005,2025-04-14,2000-AP,8785,1054.2,9839.2
ACC-INV10006,INV10006,2025-04-15,2000-AP,8922,1605.96,10527.96
ACC-INV10007,INV10007,2025-04-16,2000-AP,9059,2536.52,11595.52
ACC-INV10008,INV10008,2025-04-17,2000-AP,9196,459.8,9655.8
ACC-INV10009,INV10009,2025-04-18,2000-AP,9333,1119.96,10452.96
ACC-INV10010,INV10010,2025-04-19,2000-AP,9470,1704.6,11174.6
ACC-INV10011,INV10011,2025-04-20,2000-AP,9607,2689.96,12296.96
ACC-INV10012,INV10012,2025-04-21,2000-AP,9744,487.2,10231.2
ACC-INV10013,INV10013,2025-04-22,2000-AP,9881,1185.72,11066.72
ACC-INV10014,INV10014,2025-04-23,2000-AP,10018,1803.24,11821.24
ACC-INV10015,INV10015,2025-04-24,2000-AP,10155,2843.4,12998.4
ACC-INV10016,INV10016,2025-04-25,2000-AP,10292,514.6,10806.6
ACC-INV10017,INV10017,2025-04-26,2000-AP,10429,1251.48,11680.48
ACC-INV10018,INV10018,2025-04-27,2000-AP,10566,1901.88,12467.88
ACC-INV10019,INV10019,2025-04-28,2000-AP,10703,2996.84,13699.84
ACC-INV10020,INV10020,2025-04-01,2000-AP,10840,542,11382
ACC-INV10021,INV10021,2025-04-02,2000-AP,10977,1317.24,12294.24
ACC-INV10022,INV10022,2025-04-03,2000-AP,11114,2000.52,13114.52
ACC-INV10023,INV10023,2025-04-04,2000-AP,11251,3150.28,14401.28
ACC-INV10024,INV10024,2025-04-05,2000-AP,11388,569.4,11957.4
ACC-INV10025,INV10025,2025-04-06,2000-AP,11525,1383,12908
ACC-INV10026,INV10026,2025-04-07,2000-AP,11662,2099.16,13761.16
ACC-INV10027,INV10027,2025-04-08,2000-AP,11799,3303.72,15102.72
ACC-INV10028,INV10028,2025-04-09,2000-AP,11936,596.8,12532.8
ACC-INV10029,INV10029,2025-04-10,2000-AP,12073,1448.76,13521.76
ACC-INV10030,INV10030,2025-04-11,2000-AP,12210,2197.8,14407.8
ACC-INV10031,INV10031,2025-04-12,2000-AP,12347,3457.16,15804.16
ACC-INV10032,INV10032,2025-04-13,2000-AP,12484,624.2,13108.2
ACC-INV10033,INV10033,2025-04-14,2000-AP,12621,1514.52,14135.52
ACC-INV10034,INV10034,2025-04-15,2000-AP,12758,2296.44,15054.44
ACC-INV10035,INV10035,2025-04-16,2000-AP,12895,3610.6,16505.6
ACC-INV10036,INV10036,2025-04-17,2000-AP,13032,651.6,13683.6
ACC-INV10037,INV10037,2025-04-18,2000-AP,13169,1580.28,14749.28
ACC-INV10038,INV10038,2025-04-19,2000-AP,13306,2395.08,15701.08
ACC-INV10039,INV10039,2025-04-20,2000-AP,13443,3764.04,17207.04
ACC-INV10040,INV10040,2025-04-21,2000-AP,13580,679,14259
ACC-INV10041,INV10041,2025-04-22,2000-AP,13717,1646.04,15363.04
ACC-INV10042,INV10042,2025-04-23,2000-AP,13854,2493.72,16347.72
ACC-INV10043,INV10043,2025-04-24,2000-AP,13991,3917.48,17908.48
ACC-INV10044,INV10044,2025-04-25,2000-AP,14128,706.4,14834.4
ACC-INV10045,INV10045,2025-04-26,2000-AP,14265,1711.8,15976.8
ACC-INV10046,INV10046,2025-04-27,2000-AP,14402,2592.36,16994.36
ACC-INV10047,INV10047,2025-04-28,2000-AP,14539,4070.92,18609.92
ACC-INV10048,INV10048,2025-04-01,2000-AP,14676,733.8,15409.8
ACC-INV10049,INV10049,2025-04-02,2000-AP,14813,1777.56,16590.56
ACC-INV10050,INV10050,2025-04-03,2000-AP,14950,2691,17641
ACC-INV10051,INV10051,2025-04-04,2000-AP,15087,4224.36,19311.36
ACC-INV10052,INV10052,2025-04-05,2000-AP,15224,761.2,15985.2
ACC-INV10053,INV10053,2025-04-06,2000-AP,15361,1843.32,17204.32
ACC-INV10054,INV10054,2025-04-07,2000-AP,15498,2789.64,18287.64
ACC-INV10055,INV10055,2025-04-08,2000-AP,15635,4377.8,20012.8
ACC-INV10056,INV10056,2025-04-09,2000-AP,15772,788.6,16560.6
ACC-INV10057,INV10057,2025-04-10,2000-AP,15909,1909.08,17818.08
ACC-INV10058,INV10058,2025-04-11,2000-AP,16046,2888.28,18934.28
ACC-INV10059,INV10059,2025-04-12,2000-AP,16183,4531.24,20714.24
ACC-INV10060,INV10060,2025-04-13,2000-AP,16320,816,17136
ACC-INV10061,INV10061,2025-04-14,2000-AP,16457,1974.84,18431.84
ACC-INV10062,INV10062,2025-04-15,2000-AP,16594,2986.92,19580.92
ACC-INV10063,INV10063,2025-04-16,2000-AP,16731,4684.68,21415.68
ACC-INV10064,INV10064,2025-04-17,2000-AP,16868,843.4,17711.4
ACC-INV10065,INV10065,2025-04-18,2000-AP,17005,2040.6,19045.6
ACC-INV10066,INV10066,2025-04-19,2000-AP,17142,3085.56,20227.56
ACC-INV10067,INV10067,2025-04-20,2000-AP,17279,4838.12,22117.12
ACC-INV10068,INV10068,2025-04-21,2000-AP,17416,870.8,18286.8
ACC-INV10069,INV10069,2025-04-22,2000-AP,17553,2106.36,19659.36
ACC-INV10070,INV10070,2025-04-23,2000-AP,17690,3184.2,20874.2
ACC-INV10071,INV10071,2025-04-24,2000-AP,17827,4991.56,22818.56
ACC-INV10072,INV10072,2025-04-25,2000-AP,17964,898.2,18862.2
ACC-INV10073,INV10073,2025-04-26,2000-AP,18101,2172.12,20273.12
ACC-INV10074,INV10074,2025-04-27,2000-AP,18238,3282.84,21520.84
ACC-INV10075,INV10075,2025-04-28,2000-AP,18375,5145,23520
ACC-INV10076,INV10076,2025-04-01,2000-AP,18512,925.6,19437.6
ACC-INV10077,INV10077,2025-04-02,2000-AP,18649,2237.88,20886.88
ACC-INV10078,INV10078,2025-04-03,2000-AP,18786,3381.48,22167.48
ACC-INV10079,INV10079,2025-04-04,2000-AP,18923,5298.44,24221.44
ACC-INV10080,INV10080,2025-04-05,2000-AP,19060,953,20013
ACC-INV10081,INV10081,2025-04-06,2000-AP,19197,2303.64,21500.64
ACC-INV10082,INV10082,2025-04-07,2000-AP,19334,3480.12,22814.12
ACC-INV10083,INV10083,2025-04-08,2000-AP,19471,5451.88,24922.88
ACC-INV10084,INV10084,2025-04-09,2000-AP,19608,980.4,20588.4
ACC-INV10085,INV10085,2025-04-10,2000-AP,19745,2369.4,22114.4
ACC-INV10086,INV10086,2025-04-11,2000-AP,19882,3578.76,23460.76
ACC-INV10087,INV10087,2025-04-12,2000-AP,20019,5605.32,25624.32
ACC-INV10088,INV10088,2025-04-13,2000-AP,20156,1007.8,21163.8
ACC-INV10089,INV10089,2025-04-14,2000-AP,20293,2435.16,22728.16
ACC-INV10090,INV10090,2025-04-15,2000-AP,20430,3677.4,24107.4
ACC-INV10091,INV10091,2025-04-16,2000-AP,20567,5758.76,26325.76
ACC-INV10092,INV10092,2025-04-17,2000-AP,20704,1035.2,21739.2
ACC-INV10093,INV10093,2025-04-18,2000-AP,20841,2500.92,23341.92
ACC-INV10094,INV10094,2025-04-19,2000-AP,20978,3776.04,24754.04
ACC-INV10095,INV10095,2025-04-20,2000-AP,21115,5912.2,27027.2
ACC-INV10096,INV10096,2025-04-21,2000-AP,21252,1062.6,22314.6
ACC-INV10097,INV10097,2025-04-22,2000-AP,21389,2566.68,23955.68
ACC-INV10098,INV10098,2025-04-23,2000-AP,21526,3874.68,25400.68
ACC-INV10099,INV10099,2025-04-24,2000-AP,21663,6065.64,27728.64
ACC-INV10100,INV10100,2025-04-25,2000-AP,21800,1090,22890
ACC-INV10101,INV10101,2025-04-26,2000-AP,21937,2632.44,24569.44
ACC-INV10102,INV10102,2025-04-27,2000-AP,22074,3973.32,26047.32
ACC-INV10103,INV10103,2025-04-28,2000-AP,22211,6219.08,28430.08
ACC-INV10104,INV10104,2025-04-01,2000-AP,22348,1117.4,23465.4
ACC-INV10105,INV10105,2025-04-02,2000-AP,22485,2698.2,25183.2
ACC-INV10106,INV10106,2025-04-03,2000-AP,22622,4071.96,26693.96
ACC-INV10107,INV10107,2025-04-04,2000-AP,22759,6372.52,29131.52
ACC-INV10108,INV10108,2025-04-05,2000-AP,22896,1144.8,24040.8
ACC-INV10109,INV10109,2025-04-06,2000-AP,23033,2763.96,25796.96
ACC-INV10110,INV10110,2025-04-07,2000-AP,23170,4170.6,27340.6
ACC-INV10111,INV10111,2025-04-08,2000-AP,23307,6525.96,29832.96
ACC-INV10112,INV10112,2025-04-09,2000-AP,23444,1172.2,24616.2
ACC-INV10113,INV10113,2025-04-10,2000-AP,23581,2829.72,26410.72
ACC-INV10114,INV10114,2025-04-11,2000-AP,23718,4269.24,27987.24
ACC-INV10115,INV10115,2025-04-12,2000-AP,23855,6679.4,30534.4
ACC-INV10116,INV10116,2025-04-13,2000-AP,23992,1199.6,25191.6
ACC-INV10117,INV10117,2025-04-14,2000-AP,24129,2895.48,27024.48
ACC-INV10118,INV10118,2025-04-15,2000-AP,24266,4367.88,28633.88
ACC-INV10119,INV10119,2025-04-16,2000-AP,24403,6832.84,31235.84
ACC-INV10120,INV10120,2025-04-17,2000-AP,24540,1227,25767
ACC-INV10121,INV10121,2025-04-18,2000-AP,24677,2961.24,27638.24
ACC-INV10122,INV10122,2025-04-19,2000-AP,24814,4466.52,29280.52
ACC-INV10123,INV10123,2025-04-20,2000-AP,24951,6986.28,31937.28
ACC-INV10124,INV10124,2025-04-21,2000-AP,25088,1254.4,26342.4
ACC-INV10125,INV10125,2025-04-22,2000-AP,25225,3027,28252
ACC-INV10126,INV10126,2025-04-23,2000-AP,25362,4565.16,29927.16
ACC-INV10127,INV10127,2025-04-24,2000-AP,25499,7139.72,32638.72
ACC-INV10128,INV10128,2025-04-25,2000-AP,25636,1281.8,26917.8
ACC-INV10129,INV10129,2025-04-26,2000-AP,25773,3092.76,28865.76
ACC-INV10130,INV10130,2025-04-27,2000-AP,25910,4663.8,30573.8
ACC-INV10131,INV10131,2025-04-28,2000-AP,26047,7293.16,33340.16
ACC-INV10132,INV10132,2025-04-01,2000-AP,26184,1309.2,27493.2
ACC-INV10133,INV10133,2025-04-02,2000-AP,26321,3158.52,29479.52
ACC-INV10134,INV10134,2025-04-03,2000-AP,26458,4762.44,31220.44
ACC-INV10135,INV10135,2025-04-04,2000-AP,26595,7446.6,34041.6
ACC-INV10136,INV10136,2025-04-05,2000-AP,26732,1336.6,28068.6
ACC-INV10137,INV10137,2025-04-06,2000-AP,26869,3224.28,30093.28
ACC-INV10138,INV10138,2025-04-07,2000-AP,27006,4861.08,31867.08
ACC-INV10139,INV10139,2025-04-08,2000-AP,27143,7600.04,34743.04
ACC-INV10140,INV10140,2025-04-09,2000-AP,27280,1364,28644
ACC-INV10141,INV10141,2025-04-10,2000-AP,27417,3290.04,30707.04
ACC-INV10142,INV10142,2025-04-11,2000-AP,27554,4959.72,32513.72
ACC-INV10143,INV10143,2025-04-12,2000-AP,27691,7753.48,35444.48
ACC-INV10144,INV10144,2025-04-13,2000-AP,27828,1391.4,29219.4
ACC-INV10145,INV10145,2025-04-14,2000-AP,27965,3355.8,31320.8
ACC-INV10146,INV10146,2025-04-15,2000-AP,28102,5058.36,33160.36
ACC-INV10147,INV10147,2025-04-16,2000-AP,28239,7906.92,36145.92
ACC-INV10148,INV10148,2025-04-17,2000-AP,28376,1418.8,29794.8
ACC-INV10149,INV10149,2025-04-18,2000-AP,28513,3421.56,31934.56
ACC-INV10150,INV10150,2025-04-19,2000-AP,28650,5157,33807
ACC-INV10151,INV10151,2025-04-20,2000-AP,28787,8060.36,36847.36
ACC-INV10152,INV10152,2025-04-21,2000-AP,28924,1446.2,30370.2
ACC-INV10153,INV10153,2025-04-22,2000-AP,29061,3487.32,32548.32
ACC-INV10154,INV10154,2025-04-23,2000-AP,29198,5255.64,34453.64
ACC-INV10155,INV10155,2025-04-24,2000-AP,29335,8213.8,37548.8
ACC-INV10156,INV10156,2025-04-25,2000-AP,29472,1473.6,30945.6
ACC-INV10157,INV10157,2025-04-26,2000-AP,29609,3553.08,33162.08
ACC-INV10158,INV10158,2025-04-27,2000-AP,29746,5354.28,35100.28
ACC-INV10159,INV10159,2025-04-28,2000-AP,29883,8367.24,38250.24
ACC-INV10160,INV10160,2025-04-01,2000-AP,30020,1501,31521
ACC-INV10161,INV10161,2025-04-02,2000-AP,30157,3618.84,33775.84
ACC-INV10162,INV10162,2025-04-03,2000-AP,30294,5452.92,35746.92
ACC-INV10163,INV10163,2025-04-04,2000-AP,30431,8520.68,38951.68
ACC-INV10164,INV10164,2025-04-05,2000-AP,30568,1528.4,32096.4
ACC-INV10165,INV10165,2025-04-06,2000-AP,30705,3684.6,34389.6
ACC-INV10166,INV10166,2025-04-07,2000-AP,30842,5551.56,36393.56
ACC-INV10167,INV10167,2025-04-08,2000-AP,30979,8674.12,39653.12
ACC-INV10168,INV10168,2025-04-09,2000-AP,31116,1555.8,32671.8
ACC-INV10169,INV10169,2025-04-10,2000-AP,31253,3750.36,35003.36
ACC-INV10170,INV10170,2025-04-11,2000-AP,31390,5650.2,37040.2
ACC-INV10171,INV10171,2025-04-12,2000-AP,31527,8827.56,40354.56
ACC-INV10172,INV10172,2025-04-13,2000-AP,31664,1583.2,33247.2
ACC-INV10173,INV10173,2025-04-14,2000-AP,31801,3816.12,35617.12
ACC-INV10174,INV10174,2025-04-15,2000-AP,31938,5748.84,37686.84
ACC-INV10175,INV10175,2025-04-16,2000-AP,32075,8981,41056
ACC-INV10176,INV10176,2025-04-17,2000-AP,32212,1610.6,33822.6
ACC-INV10177,INV10177,2025-04-18,2000-AP,32349,3881.88,36230.88
ACC-INV10178,INV10178,2025-04-19,2000-AP,32486,5847.48,38333.48
ACC-INV10179,INV10179,2025-04-20,2000-AP,32623,9134.44,41757.44
ACC-INV10180,INV10180,2025-04-21,2000-AP,32760,1638,34398
ACC-INV10181,INV10181,2025-04-22,2000-AP,32897,3947.64,36844.64
ACC-INV10182,INV10182,2025-04-23,2000-AP,33034,5946.12,38980.12
ACC-INV10183,INV10183,2025-04-24,2000-AP,33171,9287.88,42458.88
ACC-INV10184,INV10184,2025-04-25,2000-AP,33308,1665.4,34973.4
ACC-INV10185,INV10185,2025-04-26,2000-AP,33445,4013.4,37458.4
ACC-INV10186,INV10186,2025-04-27,2000-AP,33582,6044.76,39626.76
ACC-INV10187,INV10187,2025-04-28,2000-AP,33719,9441.32,43160.32
ACC-INV10188,INV10188,2025-04-01,2000-AP,33856,1692.8,35548.8
ACC-INV10189,INV10189,2025-04-02,2000-AP,33993,4079.16,38072.16
ACC-INV10190,INV10190,2025-04-03,2000-AP,34130,6143.4,40273.4
ACC-INV10191,INV10191,2025-04-04,2000-AP,34267,9594.76,43861.76
ACC-INV10192,INV10192,2025-04-05,2000-AP,34404,1720.2,36124.2
ACC-INV10193,INV10193,2025-04-06,2000-AP,34541,4144.92,38685.92
ACC-INV10194,INV10194,2025-04-07,2000-AP,34678,6242.04,40920.04
ACC-INV10195,INV10195,2025-04-08,2000-AP,34815,9748.2,44563.2
ACC-INV10196,INV10196,2025-04-09,2000-AP,34952,1747.6,36699.6
ACC-INV10197,INV10197,2025-04-10,2000-AP,35089,4210.68,39299.68
ACC-INV10198,INV10198,2025-04-11,2000-AP,35226,6340.68,41566.68
ACC-INV10199,INV10199,2025-04-12,2000-AP,35363,9901.64,45264.64
ACC-INV10200,INV10200,2025-04-13,2000-AP,850000,42500,892500
ACC-INV10201,INV10201,2025-04-14,2000-AP,35637,4276.44,39913.44
ACC-INV10202,INV10202,2025-04-15,2000-AP,35774,6439.32,42213.32
ACC-INV10203,INV10203,2025-04-16,2000-AP,35911,10055.08,45966.08
ACC-INV10204,INV10204,2025-04-17,2000-AP,36048,1802.4,37850.4
ACC-INV10205,INV10205,2025-04-18,2000-AP,36185,4342.2,40527.2
ACC-INV10206,INV10206,2025-04-19,2000-AP,36322,6537.96,42859.96
ACC-INV10207,INV10207,2025-04-20,2000-AP,36459,10208.52,46667.52
ACC-INV10208,INV10208,2025-04-21,2000-AP,36596,1829.8,38425.8
ACC-INV10209,INV10209,2025-04-22,2000-AP,36733,4407.96,41140.96
ACC-INV10210,INV10210,2025-04-23,2000-AP,36870,6636.6,43506.6
ACC-INV10211,INV10211,2025-04-24,2000-AP,37007,10361.96,47368.96
ACC-INV10212,INV10212,2025-04-25,2000-AP,37144,1857.2,39001.2
ACC-INV10213,INV10213,2025-04-26,2000-AP,37281,4473.72,41754.72
ACC-INV10214,INV10214,2025-04-27,2000-AP,37418,6735.24,44153.24
ACC-INV10215,INV10215,2025-04-28,2000-AP,37555,10515.4,48070.4
ACC-INV10216,INV10216,2025-04-01,2000-AP,37692,1884.6,39576.6
ACC-INV10217,INV10217,2025-04-02,2000-AP,37829,4539.48,42368.48
ACC-INV10218,INV10218,2025-04-03,2000-AP,37966,6833.88,44799.88
ACC-INV10219,INV10219,2025-04-04,2000-AP,38103,10668.84,48771.84
ACC-INV10220,INV10220,2025-04-05,2000-AP,38240,1912,40152
ACC-INV10221,INV10221,2025-04-06,2000-AP,38377,4605.24,42982.24
ACC-INV10222,INV10222,2025-04-07,2000-AP,38514,6932.52,45446.52
ACC-INV10223,INV10223,2025-04-08,2000-AP,38651,10822.28,49473.28
ACC-INV10224,INV10224,2025-04-09,2000-AP,38788,1939.4,40727.4
ACC-INV10225,INV10225,2025-04-10,2000-AP,38925,4671,43596
ACC-INV10226,INV10226,2025-04-11,2000-AP,39062,7031.16,46093.16
ACC-INV10227,INV10227,2025-04-12,2000-AP,39199,10975.72,50174.72
ACC-INV10228,INV10228,2025-04-13,2000-AP,39336,1966.8,41302.8
ACC-INV10229,INV10229,2025-04-14,2000-AP,39473,4736.76,44209.76
ACC-INV10230,INV10230,2025-04-15,2000-AP,39610,7129.8,46739.8
ACC-INV10231,INV10231,2025-04-16,2000-AP,39747,11129.16,50876.16
ACC-INV10232,INV10232,2025-04-17,2000-AP,39884,1994.2,41878.2
ACC-INV10233,INV10233,2025-04-18,2000-AP,40021,4802.52,44823.52
ACC-INV10234,INV10234,2025-04-19,2000-AP,40158,7228.44,47386.44
ACC-INV10235,INV10235,2025-04-20,2000-AP,40295,11282.6,51577.6
ACC-INV10236,INV10236,2025-04-21,2000-AP,40432,2021.6,42453.6
ACC-INV10237,INV10237,2025-04-22,2000-AP,40569,4868.28,45437.28
ACC-INV10238,INV10238,2025-04-23,2000-AP,40706,7327.08,48033.08
ACC-INV10239,INV10239,2025-04-24,2000-AP,40843,11436.04,52279.04
ACC-INV10240,INV10240,2025-04-25,2000-AP,40980,2049,43029
ACC-INV10241,INV10241,2025-04-26,2000-AP,41117,4934.04,46051.04
ACC-INV10242,INV10242,2025-04-27,2000-AP,41254,7425.72,48679.72
ACC-INV10243,INV10243,2025-04-28,2000-AP,41391,11589.48,52980.48
ACC-INV10244,INV10244,2025-04-01,2000-AP,41528,2076.4,43604.4
ACC-INV10245,INV10245,2025-04-02,2000-AP,41665,4999.8,46664.8
ACC-INV10246,INV10246,2025-04-03,2000-AP,41802,7524.36,49326.36
ACC-INV10247,INV10247,2025-04-04,2000-AP,41939,11742.92,53681.92
ACC-INV10248,INV10248,2025-04-05,2000-AP,42076,2103.8,44179.8
ACC-INV10249,INV10249,2025-04-06,2000-AP,42213,5065.56,47278.56
ACC-INV10250,INV10250,2025-04-07,2000-AP,42350,7623,49973
ACC-INV10251,INV10251,2025-04-08,2000-AP,42487,11896.36,54383.36
ACC-INV10252,INV10252,2025-04-09,2000-AP,42624,2131.2,44755.2
ACC-INV10253,INV10253,2025-04-10,2000-AP,42761,5131.32,47892.32
ACC-INV10254,INV10254,2025-04-11,2000-AP,42898,7721.64,50619.64
ACC-INV10255,INV10255,2025-04-12,2000-AP,43035,12049.8,55084.8
ACC-INV10256,INV10256,2025-04-13,2000-AP,43172,2158.6,45330.6
ACC-INV10257,INV10257,2025-04-14,2000-AP,43309,5197.08,48506.08
ACC-INV10258,INV10258,2025-04-15,2000-AP,43446,7820.28,51266.28
ACC-INV10259,INV10259,2025-04-16,2000-AP,43583,12203.24,55786.24
ACC-INV10260,INV10260,2025-04-17,2000-AP,43720,2186,45906
ACC-INV10261,INV10261,2025-04-18,2000-AP,43857,5262.84,49119.84
ACC-INV10262,INV10262,2025-04-19,2000-AP,43994,7918.92,51912.92
ACC-INV10263,INV10263,2025-04-20,2000-AP,44131,12356.68,56487.68
ACC-INV10264,INV10264,2025-04-21,2000-AP,44268,2213.4,46481.4
ACC-INV10265,INV10265,2025-04-22,2000-AP,44405,5328.6,49733.6
ACC-INV10266,INV10266,2025-04-23,2000-AP,44542,8017.56,52559.56
ACC-INV10267,INV10267,2025-04-24,2000-AP,44679,12510.12,57189.12
ACC-INV10268,INV10268,2025-04-25,2000-AP,44816,2240.8,47056.8
ACC-INV10269,INV10269,2025-04-26,2000-AP,44953,5394.36,50347.36
ACC-INV10270,INV10270,2025-04-27,2000-AP,45090,8116.2,53206.2
ACC-INV10271,INV10271,2025-04-28,2000-AP,45227,12663.56,57890.56
ACC-INV10272,INV10272,2025-04-01,2000-AP,45364,2268.2,47632.2
ACC-INV10273,INV10273,2025-04-02,2000-AP,45501,5460.12,50961.12
ACC-INV10274,INV10274,2025-04-03,2000-AP,45638,8214.84,53852.84
ACC-INV10275,INV10275,2025-04-04,2000-AP,45775,12817,58592
ACC-INV10276,INV10276,2025-04-05,2000-AP,45912,2295.6,48207.6
ACC-INV10277,INV10277,2025-04-06,2000-AP,46049,5525.88,51574.88
ACC-INV10278,INV10278,2025-04-07,2000-AP,46186,8313.48,54499.48
ACC-INV10279,INV10279,2025-04-08,2000-AP,46323,12970.44,59293.44
ACC-INV10280,INV10280,2025-04-09,2000-AP,46460,2323,48783
ACC-INV10281,INV10281,2025-04-10,2000-AP,46597,5591.64,52188.64
ACC-INV10282,INV10282,2025-04-11,2000-AP,46734,8412.12,55146.12
ACC-INV10283,INV10283,2025-04-12,2000-AP,46871,13123.88,59994.88
ACC-INV10284,INV10284,2025-04-13,2000-AP,47008,2350.4,49358.4
ACC-INV10285,INV10285,2025-04-14,2000-AP,47145,5657.4,52802.4
ACC-INV10286,INV10286,2025-04-15,2000-AP,47282,8510.76,55792.76
ACC-INV10287,INV10287,2025-04-16,2000-AP,47419,13277.32,60696.32
ACC-INV10288,INV10288,2025-04-17,2000-AP,47556,2377.8,49933.8
ACC-INV10289,INV10289,2025-04-18,2000-AP,47693,5723.16,53416.16
ACC-INV10290,INV10290,2025-04-19,2000-AP,47830,8609.4,56439.4
ACC-INV10291,INV10291,2025-04-20,2000-AP,47967,13430.76,61397.76
ACC-INV10292,INV10292,2025-04-21,2000-AP,48104,2405.2,50509.2
ACC-INV10293,INV10293,2025-04-22,2000-AP,48241,5788.92,54029.92
ACC-INV10294,INV10294,2025-04-23,2000-AP,48378,8708.04,57086.04
ACC-INV10295,INV10295,2025-04-24,2000-AP,48515,13584.2,62099.2
ACC-INV10296,INV10296,2025-04-25,2000-AP,48652,2432.6,51084.6
ACC-INV10297,INV10297,2025-04-26,2000-AP,48789,5854.68,54643.68
ACC-INV10298,INV10298,2025-04-27,2000-AP,48926,8806.68,57732.68
ACC-INV10299,INV10299,2025-04-28,2000-AP,49063,13737.64,62800.64
ACC-INV10300,INV10300,2025-04-01,2000-AP,49200,2460,51660
ACC-INV10301,INV10301,2025-04-02,2000-AP,49337,5920.44,55257.44
ACC-INV10302,INV10302,2025-04-03,2000-AP,49474,8905.32,58379.32
ACC-INV10303,INV10303,2025-04-04,2000-AP,49611,13891.08,63502.08
ACC-INV10304,INV10304,2025-04-05,2000-AP,49748,2487.4,52235.4
ACC-INV10305,INV10305,2025-04-06,2000-AP,49885,5986.2,55871.2
ACC-INV10306,INV10306,2025-04-07,2000-AP,50022,9003.96,59025.96
ACC-INV10307,INV10307,2025-04-08,2000-AP,50159,14044.52,64203.52
ACC-INV10308,INV10308,2025-04-09,2000-AP,50296,2514.8,52810.8
ACC-INV10309,INV10309,2025-04-10,2000-AP,50433,6051.96,56484.96
ACC-INV10310,INV10310,2025-04-11,2000-AP,50570,9102.6,59672.6
ACC-INV10311,INV10311,2025-04-12,2000-AP,50707,14197.96,64904.96
ACC-INV10312,INV10312,2025-04-13,2000-AP,50844,2542.2,53386.2
ACC-INV10313,INV10313,2025-04-14,2000-AP,50981,6117.72,57098.72
ACC-INV10314,INV10314,2025-04-15,2000-AP,51118,9201.24,60319.24
ACC-INV10315,INV10315,2025-04-16,2000-AP,51255,14351.4,65606.4
ACC-INV10316,INV10316,2025-04-17,2000-AP,51392,2569.6,53961.6
ACC-INV10317,INV10317,2025-04-18,2000-AP,51529,6183.48,57712.48
ACC-INV10318,INV10318,2025-04-19,2000-AP,51666,9299.88,60965.88
ACC-INV10319,INV10319,2025-04-20,2000-AP,51803,14504.84,66307.84
ACC-INV10320,INV10320,2025-04-21,2000-AP,51940,2597,54537
ACC-INV10321,INV10321,2025-04-22,2000-AP,52077,6249.24,58326.24
ACC-INV10322,INV10322,2025-04-23,2000-AP,52214,9398.52,61612.52
ACC-INV10323,INV10323,2025-04-24,2000-AP,52351,14658.28,67009.28
ACC-INV10324,INV10324,2025-04-25,2000-AP,52488,2624.4,55112.4
ACC-INV10325,INV10325,2025-04-26,2000-AP,52625,6315,58940
ACC-INV10326,INV10326,2025-04-27,2000-AP,52762,9497.16,62259.16
ACC-INV10327,INV10327,2025-04-28,2000-AP,52899,14811.72,67710.72
ACC-INV10328,INV10328,2025-04-01,2000-AP,53036,2651.8,55687.8
ACC-INV10329,INV10329,2025-04-02,2000-AP,53173,6380.76,59553.76
ACC-INV10330,INV10330,2025-04-03,2000-AP,53310,9595.8,62905.8
ACC-INV10331,INV10331,2025-04-04,2000-AP,53447,14965.16,68412.16
ACC-INV10332,INV10332,2025-04-05,2000-AP,53584,2679.2,56263.2
ACC-INV10333,INV10333,2025-04-06,2000-AP,53721,6446.52,60167.52
ACC-INV10334,INV10334,2025-04-07,2000-AP,53858,9694.44,63552.44
ACC-INV10335,INV10335,2025-04-08,2000-AP,53995,15118.6,69113.6
ACC-INV10336,INV10336,2025-04-09,2000-AP,54132,2706.6,56838.6
ACC-INV10337,INV10337,2025-04-10,2000-AP,54269,6512.28,60781.28
ACC-INV10338,INV10338,2025-04-11,2000-AP,54406,9793.08,64199.08
ACC-INV10339,INV10339,2025-04-12,2000-AP,54543,15272.04,69815.04
ACC-INV10340,INV10340,2025-04-13,2000-AP,54680,2734,57414
ACC-INV10341,INV10341,2025-04-14,2000-AP,54817,6578.04,61395.04
ACC-INV10342,INV10342,2025-04-15,2000-AP,54954,9891.72,64845.72
ACC-INV10343,INV10343,2025-04-16,2000-AP,55091,15425.48,70516.48
ACC-INV10344,INV10344,2025-04-17,2000-AP,55228,2761.4,57989.4
ACC-INV10345,INV10345,2025-04-18,2000-AP,55365,6643.8,62008.8
ACC-INV10346,INV10346,2025-04-19,2000-AP,55502,9990.36,65492.36
ACC-INV10347,INV10347,2025-04-20,2000-AP,55639,15578.92,71217.92
ACC-INV10348,INV10348,2025-04-21,2000-AP,55776,2788.8,58564.8
ACC-INV10349,INV10349,2025-04-22,2000-AP,55913,6709.56,62622.56
ACC-INV10350,INV10350,2025-04-23,2000-AP,56050,10089,66139
ACC-INV10351,INV10351,2025-04-24,2000-AP,56187,15732.36,71919.36
ACC-INV10352,INV10352,2025-04-25,2000-AP,56324,2816.2,59140.2
ACC-INV10353,INV10353,2025-04-26,2000-AP,56461,6775.32,63236.32
ACC-INV10354,INV10354,2025-04-27,2000-AP,56598,10187.64,66785.64
ACC-INV10355,INV10355,2025-04-28,2000-AP,56735,15885.8,72620.8
ACC-INV10356,INV10356,2025-04-01,2000-AP,56872,2843.6,59715.6
ACC-INV10357,INV10357,2025-04-02,2000-AP,57009,6841.08,63850.08
ACC-INV10358,INV10358,2025-04-03,2000-AP,57146,10286.28,67432.28
ACC-INV10359,INV10359,2025-04-04,2000-AP,57283,16039.24,73322.24
ACC-INV10360,INV10360,2025-04-05,2000-AP,57420,2871,60291
ACC-INV10361,INV10361,2025-04-06,2000-AP,57557,6906.84,64463.84
ACC-INV10362,INV10362,2025-04-07,2000-AP,57694,10384.92,68078.92
ACC-INV10363,INV10363,2025-04-08,2000-AP,57831,16192.68,74023.68
ACC-INV10364,INV10364,2025-04-09,2000-AP,57968,2898.4,60866.4
ACC-INV10365,INV10365,2025-04-10,2000-AP,58105,6972.6,65077.6
ACC-INV10366,INV10366,2025-04-11,2000-AP,58242,10483.56,68725.56
ACC-INV10367,INV10367,2025-04-12,2000-AP,58379,16346.12,74725.12
ACC-INV10368,INV10368,2025-04-13,2000-AP,58516,2925.8,61441.8
ACC-INV10369,INV10369,2025-04-14,2000-AP,58653,7038.36,65691.36
ACC-INV10370,INV10370,2025-04-15,2000-AP,58790,10582.2,69372.2
ACC-INV10371,INV10371,2025-04-16,2000-AP,58927,16499.56,75426.56
ACC-INV10372,INV10372,2025-04-17,2000-AP,59064,2953.2,62017.2
ACC-INV10373,INV10373,2025-04-18,2000-AP,59201,7104.12,66305.12
ACC-INV10374,INV10374,2025-04-19,2000-AP,59338,10680.84,70018.84
ACC-INV10375,INV10375,2025-04-20,2000-AP,59475,16653,76128
ACC-INV10376,INV10376,2025-04-21,2000-AP,59612,2980.6,62592.6
ACC-INV10377,INV10377,2025-04-22,2000-AP,59749,7169.88,66918.88
ACC-INV10378,INV10378,2025-04-23,2000-AP,59886,10779.48,70665.48
ACC-INV10379,INV10379,2025-04-24,2000-AP,60023,16806.44,76829.44
ACC-INV10380,INV10380,2025-04-25,2000-AP,60160,3008,63168
ACC-INV10381,INV10381,2025-04-26,2000-AP,60297,7235.64,67532.64
ACC-INV10382,INV10382,2025-04-27,2000-AP,60434,10878.12,71312.12
ACC-INV10383,INV10383,2025-04-28,2000-AP,60571,16959.88,77530.88
ACC-INV10384,INV10384,2025-04-01,2000-AP,60708,3035.4,63743.4
ACC-INV10385,INV10385,2025-04-02,2000-AP,60845,7301.4,68146.4
ACC-INV10386,INV10386,2025-04-03,2000-AP,60982,10976.76,71958.76
ACC-INV10387,INV10387,2025-04-04,2000-AP,61119,17113.32,78232.32
ACC-INV10388,INV10388,2025-04-05,2000-AP,61256,3062.8,64318.8
ACC-INV10389,INV10389,2025-04-06,2000-AP,61393,7367.16,68760.16
ACC-INV10390,INV10390,2025-04-07,2000-AP,61530,11075.4,72605.4
ACC-INV10391,INV10391,2025-04-08,2000-AP,61667,17266.76,78933.76
ACC-INV10392,INV10392,2025-04-09,2000-AP,61804,3090.2,64894.2
ACC-INV10393,INV10393,2025-04-10,2000-AP,61941,7432.92,69373.92
ACC-INV10394,INV10394,2025-04-11,2000-AP,62078,11174.04,73252.04
ACC-INV10395,INV10395,2025-04-12,2000-AP,62215,17420.2,79635.2
ACC-INV10396,INV10396,2025-04-13,2000-AP,62352,3117.6,65469.6
ACC-INV10397,INV10397,2025-04-14,2000-AP,62489,7498.68,69987.68
ACC-INV10398,INV10398,2025-04-15,2000-AP,62626,11272.68,73898.68
ACC-INV10399,INV10399,2025-04-16,2000-AP,62763,17573.64,80336.64
ACC-INV10400,INV10400,2025-04-17,2000-AP,62900,3145,66045
ACC-INV10401,INV10401,2025-04-18,2000-AP,63037,7564.44,70601.44
ACC-INV10402,INV10402,2025-04-19,2000-AP,63174,11371.32,74545.32
ACC-INV10403,INV10403,2025-04-20,2000-AP,63311,17727.08,81038.08
ACC-INV10404,INV10404,2025-04-21,2000-AP,63448,3172.4,66620.4
ACC-INV10405,INV10405,2025-04-22,2000-AP,63585,7630.2,71215.2
ACC-INV10406,INV10406,2025-04-23,2000-AP,63722,11469.96,75191.96
ACC-INV10407,INV10407,2025-04-24,2000-AP,63859,17880.52,81739.52
ACC-INV10408,INV10408,2025-04-25,2000-AP,63996,3199.8,67195.8
ACC-INV10409,INV10409,2025-04-26,2000-AP,64133,7695.96,71828.96
ACC-INV10410,INV10410,2025-04-27,2000-AP,64270,11568.6,75838.6
ACC-INV10411,INV10411,2025-04-28,2000-AP,64407,18033.96,82440.96
ACC-INV10412,INV10412,2025-04-01,2000-AP,64544,3227.2,67771.2
ACC-INV10413,INV10413,2025-04-02,2000-AP,64681,7761.72,72442.72
ACC-INV10414,INV10414,2025-04-03,2000-AP,64818,11667.24,76485.24
ACC-INV10415,INV10415,2025-04-04,2000-AP,64955,18187.4,83142.4
ACC-INV10416,INV10416,2025-04-05,2000-AP,65092,3254.6,68346.6
ACC-INV10417,INV10417,2025-04-06,2000-AP,65229,7827.48,73056.48
ACC-INV10418,INV10418,2025-04-07,2000-AP,65366,11765.88,77131.88
ACC-INV10419,INV10419,2025-04-08,2000-AP,65503,18340.84,83843.84
ACC-INV10420,INV10420,2025-04-09,2000-AP,65640,3282,68922
ACC-INV10421,INV10421,2025-04-10,2000-AP,65777,7893.24,73670.24
ACC-INV10422,INV10422,2025-04-11,2000-AP,65914,11864.52,77778.52
ACC-INV10423,INV10423,2025-04-12,2000-AP,66051,18494.28,84545.28
ACC-INV10424,INV10424,2025-04-13,2000-AP,66188,3309.4,69497.4
ACC-INV10425,INV10425,2025-04-14,2000-AP,66325,7959,74284
ACC-INV10426,INV10426,2025-04-15,2000-AP,66462,11963.16,78425.16
ACC-INV10427,INV10427,2025-04-16,2000-AP,66599,18647.72,85246.72
ACC-INV10428,INV10428,2025-04-17,2000-AP,66736,3336.8,70072.8
ACC-INV10429,INV10429,2025-04-18,2000-AP,66873,8024.76,74897.76
ACC-INV10430,INV10430,2025-04-19,2000-AP,67010,12061.8,79071.8
ACC-INV10431,INV10431,2025-04-20,2000-AP,67147,18801.16,85948.16
ACC-INV10432,INV10432,2025-04-21,2000-AP,67284,3364.2,70648.2
ACC-INV10433,INV10433,2025-04-22,2000-AP,67421,8090.52,75511.52
ACC-INV10434,INV10434,2025-04-23,2000-AP,67558,12160.44,79718.44
ACC-INV10435,INV10435,2025-04-24,2000-AP,67695,18954.6,86649.6
ACC-INV10436,INV10436,2025-04-25,2000-AP,67832,3391.6,71223.6
ACC-INV10437,INV10437,2025-04-26,2000-AP,67969,8156.28,76125.28
ACC-INV10438,INV10438,2025-04-27,2000-AP,68106,12259.08,80365.08
ACC-INV10439,INV10439,2025-04-28,2000-AP,68243,19108.04,87351.04
ACC-INV10440,INV10440,2025-04-01,2000-AP,68380,3419,71799
ACC-INV10441,INV10441,2025-04-02,2000-AP,68517,8222.04,76739.04
ACC-INV10442,INV10442,2025-04-03,2000-AP,68654,12357.72,81011.72
ACC-INV10443,INV10443,2025-04-04,2000-AP,68791,19261.48,88052.48
ACC-INV10444,INV10444,2025-04-05,2000-AP,68928,3446.4,72374.4
ACC-INV10445,INV10445,2025-04-06,2000-AP,69065,8287.8,77352.8
ACC-INV10446,INV10446,2025-04-07,2000-AP,69202,12456.36,81658.36
ACC-INV10447,INV10447,2025-04-08,2000-AP,69339,19414.92,88753.92
ACC-INV10448,INV10448,2025-04-09,2000-AP,69476,3473.8,72949.8
ACC-INV10449,INV10449,2025-04-10,2000-AP,69613,8353.56,77966.56
ACC-INV10450,INV10450,2025-04-11,2000-AP,1050000,189000,1239000
ACC-INV10451,INV10451,2025-04-12,2000-AP,69887,19568.36,89455.36
ACC-INV10452,INV10452,2025-04-13,2000-AP,70024,3501.2,73525.2
ACC-INV10453,INV10453,2025-04-14,2000-AP,70161,8419.32,78580.32
ACC-INV10454,INV10454,2025-04-15,2000-AP,70298,12653.64,82951.64
ACC-INV10455,INV10455,2025-04-16,2000-AP,70435,19721.8,90156.8
ACC-INV10456,INV10456,2025-04-17,2000-AP,70572,3528.6,74100.6
ACC-INV10457,INV10457,2025-04-18,2000-AP,70709,8485.08,79194.08
ACC-INV10458,INV10458,2025-04-19,2000-AP,70846,12752.28,83598.28
ACC-INV10459,INV10459,2025-04-20,2000-AP,70983,19875.24,90858.24
ACC-INV10460,INV10460,2025-04-21,2000-AP,71120,3556,74676
ACC-INV10461,INV10461,2025-04-22,2000-AP,71257,8550.84,79807.84
ACC-INV10462,INV10462,2025-04-23,2000-AP,71394,12850.92,84244.92
ACC-INV10463,INV10463,2025-04-24,2000-AP,71531,20028.68,91559.68
ACC-INV10464,INV10464,2025-04-25,2000-AP,71668,3583.4,75251.4
ACC-INV10465,INV10465,2025-04-26,2000-AP,71805,8616.6,80421.6
ACC-INV10466,INV10466,2025-04-27,2000-AP,71942,12949.56,84891.56
ACC-INV10467,INV10467,2025-04-28,2000-AP,72079,20182.12,92261.12
ACC-INV10468,INV10468,2025-04-01,2000-AP,72216,3610.8,75826.8
ACC-INV10469,INV10469,2025-04-02,2000-AP,72353,8682.36,81035.36
ACC-INV10470,INV10470,2025-04-03,2000-AP,72490,13048.2,85538.2
ACC-INV10471,INV10471,2025-04-04,2000-AP,72627,20335.56,92962.56
ACC-INV10472,INV10472,2025-04-05,2000-AP,72764,3638.2,76402.2
ACC-INV10473,INV10473,2025-04-06,2000-AP,72901,8748.12,81649.12
ACC-INV10474,INV10474,2025-04-07,2000-AP,73038,13146.84,86184.84
ACC-INV10475,INV10475,2025-04-08,2000-AP,73175,20489,93664
ACC-INV10476,INV10476,2025-04-09,2000-AP,73312,3665.6,76977.6
ACC-INV10477,INV10477,2025-04-10,2000-AP,73449,8813.88,82262.88
ACC-INV10478,INV10478,2025-04-11,2000-AP,73586,13245.48,86831.48
ACC-INV10479,INV10479,2025-04-12,2000-AP,73723,20642.44,94365.44
ACC-INV10480,INV10480,2025-04-13,2000-AP,73860,3693,77553
ACC-INV10481,INV10481,2025-04-14,2000-AP,73997,8879.64,82876.64
ACC-INV10482,INV10482,2025-04-15,2000-AP,74134,13344.12,87478.12
ACC-INV10483,INV10483,2025-04-16,2000-AP,74271,20795.88,95066.88
ACC-INV10484,INV10484,2025-04-17,2000-AP,74408,3720.4,78128.4
ACC-INV10485,INV10485,2025-04-18,2000-AP,74545,8945.4,83490.4
ACC-INV10486,INV10486,2025-04-19,2000-AP,74682,13442.76,88124.76
ACC-INV10487,INV10487,2025-04-20,2000-AP,74819,20949.32,95768.32
ACC-INV10488,INV10488,2025-04-21,2000-AP,74956,3747.8,78703.8
ACC-INV10489,INV10489,2025-04-22,2000-AP,75093,9011.16,84104.16
ACC-INV10490,INV10490,2025-04-23,2000-AP,75230,13541.4,88771.4
ACC-INV10491,INV10491,2025-04-24,2000-AP,75367,21102.76,96469.76
ACC-INV10492,INV10492,2025-04-25,2000-AP,75504,3775.2,79279.2
ACC-INV10493,INV10493,2025-04-26,2000-AP,75641,9076.92,84717.92
ACC-INV10494,INV10494,2025-04-27,2000-AP,75778,13640.04,89418.04
ACC-INV10495,INV10495,2025-04-28,2000-AP,75915,21256.2,97171.2
ACC-INV10496,INV10496,2025-04-01,2000-AP,76052,3802.6,79854.6
ACC-INV10497,INV10497,2025-04-02,2000-AP,76189,9142.68,85331.68
ACC-INV10498,INV10498,2025-04-03,2000-AP,76326,13738.68,90064.68
ACC-INV10499,INV10499,2025-04-04,2000-AP,76463,21409.64,97872.64
ACC-INV10500,INV10500,2025-04-05,2000-AP,76600,3830,80430
ACC-INV10501,INV10501,2025-04-06,2000-AP,76737,9208.44,85945.44
ACC-INV10502,INV10502,2025-04-07,2000-AP,76874,13837.32,90711.32
ACC-INV10503,INV10503,2025-04-08,2000-AP,77011,21563.08,98574.08
ACC-INV10504,INV10504,2025-04-09,2000-AP,77148,3857.4,81005.4
ACC-INV10505,INV10505,2025-04-10,2000-AP,77285,9274.2,86559.2
ACC-INV10506,INV10506,2025-04-11,2000-AP,77422,13935.96,91357.96
ACC-INV10507,INV10507,2025-04-12,2000-AP,2559,716.52,3275.52
ACC-INV10508,INV10508,2025-04-13,2000-AP,2696,134.8,2830.8
ACC-INV10509,INV10509,2025-04-14,2000-AP,2833,339.96,3172.96
ACC-INV10510,INV10510,2025-04-15,2000-AP,2970,534.6,3504.6
ACC-INV10511,INV10511,2025-04-16,2000-AP,3107,869.96,3976.96
ACC-INV10512,INV10512,2025-04-17,2000-AP,3244,162.2,3406.2
ACC-INV10513,INV10513,2025-04-18,2000-AP,3381,405.72,3786.72
ACC-INV10514,INV10514,2025-04-19,2000-AP,3518,633.24,4151.24
ACC-INV10515,INV10515,2025-04-20,2000-AP,3655,1023.4,4678.4
ACC-INV10516,INV10516,2025-04-21,2000-AP,3792,189.6,3981.6
ACC-INV10517,INV10517,2025-04-22,2000-AP,3929,471.48,4400.48
ACC-INV10518,INV10518,2025-04-23,2000-AP,4066,731.88,4797.88
ACC-INV10519,INV10519,2025-04-24,2000-AP,4203,1176.84,5379.84
ACC-INV10520,INV10520,2025-04-25,2000-AP,4340,217,4557
ACC-INV10521,INV10521,2025-04-26,2000-AP,4477,537.24,5014.24
ACC-INV10522,INV10522,2025-04-27,2000-AP,4614,830.52,5444.52
ACC-INV10523,INV10523,2025-04-28,2000-AP,4751,1330.28,6081.28
ACC-INV10524,INV10524,2025-04-01,2000-AP,4888,244.4,5132.4
ACC-INV10525,INV10525,2025-04-02,2000-AP,5025,603,5628
ACC-INV10526,INV10526,2025-04-03,2000-AP,5162,929.16,6091.16
ACC-INV10527,INV10527,2025-04-04,2000-AP,5299,1483.72,6782.72
ACC-INV10528,INV10528,2025-04-05,2000-AP,5436,271.8,5707.8
ACC-INV10529,INV10529,2025-04-06,2000-AP,5573,668.76,6241.76
ACC-INV10530,INV10530,2025-04-07,2000-AP,5710,1027.8,6737.8
ACC-INV10531,INV10531,2025-04-08,2000-AP,5847,1637.16,7484.16
ACC-INV10532,INV10532,2025-04-09,2000-AP,5984,299.2,6283.2
ACC-INV10533,INV10533,2025-04-10,2000-AP,6121,734.52,6855.52
ACC-INV10534,INV10534,2025-04-11,2000-AP,6258,1126.44,7384.44
ACC-INV10535,INV10535,2025-04-12,2000-AP,6395,1790.6,8185.6
ACC-INV10536,INV10536,2025-04-13,2000-AP,6532,326.6,6858.6
ACC-INV10537,INV10537,2025-04-14,2000-AP,6669,800.28,7469.28
ACC-INV10538,INV10538,2025-04-15,2000-AP,6806,1225.08,8031.08
ACC-INV10539,INV10539,2025-04-16,2000-AP,6943,1944.04,8887.04
ACC-INV10540,INV10540,2025-04-17,2000-AP,7080,354,7434
ACC-INV10541,INV10541,2025-04-18,2000-AP,7217,866.04,8083.04
ACC-INV10542,INV10542,2025-04-19,2000-AP,7354,1323.72,8677.72
ACC-INV10543,INV10543,2025-04-20,2000-AP,7491,2097.48,9588.48
ACC-INV10544,INV10544,2025-04-21,2000-AP,7628,381.4,8009.4
ACC-INV10545,INV10545,2025-04-22,2000-AP,7765,931.8,8696.8
ACC-INV10546,INV10546,2025-04-23,2000-AP,7902,1422.36,9324.36
ACC-INV10547,INV10547,2025-04-24,2000-AP,8039,2250.92,10289.92
ACC-INV10548,INV10548,2025-04-25,2000-AP,8176,408.8,8584.8
ACC-INV10549,INV10549,2025-04-26,2000-AP,8313,997.56,9310.56
ACC-INV10550,INV10550,2025-04-27,2000-AP,8450,1521,9971
ACC-INV10551,INV10551,2025-04-28,2000-AP,8587,2404.36,10991.36
ACC-INV10552,INV10552,2025-04-01,2000-AP,8724,436.2,9160.2
ACC-INV10553,INV10553,2025-04-02,2000-AP,8861,1063.32,9924.32
ACC-INV10554,INV10554,2025-04-03,2000-AP,8998,1619.64,10617.64
ACC-INV10555,INV10555,2025-04-04,2000-AP,9135,2557.8,11692.8
ACC-INV10556,INV10556,2025-04-05,2000-AP,9272,463.6,9735.6
ACC-INV10557,INV10557,2025-04-06,2000-AP,9409,1129.08,10538.08
ACC-INV10558,INV10558,2025-04-07,2000-AP,9546,1718.28,11264.28
ACC-INV10559,INV10559,2025-04-08,2000-AP,9683,2711.24,12394.24
ACC-INV10560,INV10560,2025-04-09,2000-AP,9820,491,10311
ACC-INV10561,INV10561,2025-04-10,2000-AP,9957,1194.84,11151.84
ACC-INV10562,INV10562,2025-04-11,2000-AP,10094,1816.92,11910.92
ACC-INV10563,INV10563,2025-04-12,2000-AP,10231,2864.68,13095.68
ACC-INV10564,INV10564,2025-04-13,2000-AP,10368,518.4,10886.4
ACC-INV10565,INV10565,2025-04-14,2000-AP,10505,1260.6,11765.6
ACC-INV10566,INV10566,2025-04-15,2000-AP,10642,1915.56,12557.56
ACC-INV10567,INV10567,2025-04-16,2000-AP,10779,3018.12,13797.12
ACC-INV10568,INV10568,2025-04-17,2000-AP,10916,545.8,11461.8
ACC-INV10569,INV10569,2025-04-18,2000-AP,11053,1326.36,12379.36
ACC-INV10570,INV10570,2025-04-19,2000-AP,11190,2014.2,13204.2
ACC-INV10571,INV10571,2025-04-20,2000-AP,11327,3171.56,14498.56
ACC-INV10572,INV10572,2025-04-21,2000-AP,11464,573.2,12037.2
ACC-INV10573,INV10573,2025-04-22,2000-AP,11601,1392.12,12993.12
ACC-INV10574,INV10574,2025-04-23,2000-AP,11738,2112.84,13850.84
ACC-INV10575,INV10575,2025-04-24,2000-AP,11875,3325,15200
ACC-INV10576,INV10576,2025-04-25,2000-AP,12012,600.6,12612.6
ACC-INV10577,INV10577,2025-04-26,2000-AP,12149,1457.88,13606.88
ACC-INV10578,INV10578,2025-04-27,2000-AP,12286,2211.48,14497.48
ACC-INV10579,INV10579,2025-04-28,2000-AP,12423,3478.44,15901.44
ACC-INV10580,INV10580,2025-04-01,2000-AP,12560,628,13188
ACC-INV10581,INV10581,2025-04-02,2000-AP,12697,1523.64,14220.64
ACC-INV10582,INV10582,2025-04-03,2000-AP,12834,2310.12,15144.12
ACC-INV10583,INV10583,2025-04-04,2000-AP,12971,3631.88,16602.88
ACC-INV10584,INV10584,2025-04-05,2000-AP,13108,655.4,13763.4
ACC-INV10585,INV10585,2025-04-06,2000-AP,13245,1589.4,14834.4
ACC-INV10586,INV10586,2025-04-07,2000-AP,13382,2408.76,15790.76
ACC-INV10587,INV10587,2025-04-08,2000-AP,13519,3785.32,17304.32
ACC-INV10588,INV10588,2025-04-09,2000-AP,13656,682.8,14338.8
ACC-INV10589,INV10589,2025-04-10,2000-AP,13793,1655.16,15448.16
ACC-INV10590,INV10590,2025-04-11,2000-AP,13930,2507.4,16437.4
ACC-INV10591,INV10591,2025-04-12,2000-AP,14067,3938.76,18005.76
ACC-INV10592,INV10592,2025-04-13,2000-AP,14204,710.2,14914.2
ACC-INV10593,INV10593,2025-04-14,2000-AP,14341,1720.92,16061.92
ACC-INV10594,INV10594,2025-04-15,2000-AP,14478,2606.04,17084.04
ACC-INV10595,INV10595,2025-04-16,2000-AP,14615,4092.2,18707.2
ACC-INV10596,INV10596,2025-04-17,2000-AP,14752,737.6,15489.6
ACC-INV10597,INV10597,2025-04-18,2000-AP,14889,1786.68,16675.68
ACC-INV10598,INV10598,2025-04-19,2000-AP,15026,2704.68,17730.68
ACC-INV10599,INV10599,2025-04-20,2000-AP,15163,4245.64,19408.64
ACC-INV10600,INV10600,2025-04-21,2000-AP,15300,765,16065
ACC-INV10601,INV10601,2025-04-22,2000-AP,15437,1852.44,17289.44
ACC-INV10602,INV10602,2025-04-23,2000-AP,15574,2803.32,18377.32
ACC-INV10603,INV10603,2025-04-24,2000-AP,15711,4399.08,20110.08
ACC-INV10604,INV10604,2025-04-25,2000-AP,15848,792.4,16640.4
ACC-INV10605,INV10605,2025-04-26,2000-AP,15985,1918.2,17903.2
ACC-INV10606,INV10606,2025-04-27,2000-AP,16122,2901.96,19023.96
ACC-INV10607,INV10607,2025-04-28,2000-AP,16259,4552.52,20811.52
ACC-INV10608,INV10608,2025-04-01,2000-AP,16396,819.8,17215.8
ACC-INV10609,INV10609,2025-04-02,2000-AP,16533,1983.96,18516.96
ACC-INV10610,INV10610,2025-04-03,2000-AP,16670,3000.6,19670.6
ACC-INV10611,INV10611,2025-04-04,2000-AP,16807,4705.96,21512.96
ACC-INV10612,INV10612,2025-04-05,2000-AP,16944,847.2,17791.2
ACC-INV10613,INV10613,2025-04-06,2000-AP,17081,2049.72,19130.72
ACC-INV10614,INV10614,2025-04-07,2000-AP,17218,3099.24,20317.24
ACC-INV10615,INV10615,2025-04-08,2000-AP,17355,4859.4,22214.4
ACC-INV10616,INV10616,2025-04-09,2000-AP,17492,874.6,18366.6
ACC-INV10617,INV10617,2025-04-10,2000-AP,17629,2115.48,19744.48
ACC-INV10618,INV10618,2025-04-11,2000-AP,17766,3197.88,20963.88
ACC-INV10619,INV10619,2025-04-12,2000-AP,17903,5012.84,22915.84
ACC-INV10620,INV10620,2025-04-13,2000-AP,18040,902,18942
ACC-INV10621,INV10621,2025-04-14,2000-AP,18177,2181.24,20358.24
ACC-INV10622,INV10622,2025-04-15,2000-AP,18314,3296.52,21610.52
ACC-INV10623,INV10623,2025-04-16,2000-AP,18451,5166.28,23617.28
ACC-INV10624,INV10624,2025-04-17,2000-AP,18588,929.4,19517.4
ACC-INV10625,INV10625,2025-04-18,2000-AP,18725,2247,20972
ACC-INV10626,INV10626,2025-04-19,2000-AP,18862,3395.16,22257.16
ACC-INV10627,INV10627,2025-04-20,2000-AP,18999,5319.72,24318.72
ACC-INV10628,INV10628,2025-04-21,2000-AP,19136,956.8,20092.8
ACC-INV10629,INV10629,2025-04-22,2000-AP,19273,2312.76,21585.76
ACC-INV10630,INV10630,2025-04-23,2000-AP,19410,3493.8,22903.8
ACC-INV10631,INV10631,2025-04-24,2000-AP,19547,5473.16,25020.16
ACC-INV10632,INV10632,2025-04-25,2000-AP,19684,984.2,20668.2
ACC-INV10633,INV10633,2025-04-26,2000-AP,19821,2378.52,22199.52
ACC-INV10634,INV10634,2025-04-27,2000-AP,19958,3592.44,23550.44
ACC-INV10635,INV10635,2025-04-28,2000-AP,20095,5626.6,25721.6
ACC-INV10636,INV10636,2025-04-01,2000-AP,20232,1011.6,21243.6
ACC-INV10637,INV10637,2025-04-02,2000-AP,20369,2444.28,22813.28
ACC-INV10638,INV10638,2025-04-03,2000-AP,20506,3691.08,24197.08
ACC-INV10639,INV10639,2025-04-04,2000-AP,20643,5780.04,26423.04
ACC-INV10640,INV10640,2025-04-05,2000-AP,20780,1039,21819
ACC-INV10641,INV10641,2025-04-06,2000-AP,20917,2510.04,23427.04
ACC-INV10642,INV10642,2025-04-07,2000-AP,21054,3789.72,24843.72
ACC-INV10643,INV10643,2025-04-08,2000-AP,21191,5933.48,27124.48
ACC-INV10644,INV10644,2025-04-09,2000-AP,21328,1066.4,22394.4
ACC-INV10645,INV10645,2025-04-10,2000-AP,21465,2575.8,24040.8
ACC-INV10646,INV10646,2025-04-11,2000-AP,21602,3888.36,25490.36
ACC-INV10647,INV10647,2025-04-12,2000-AP,21739,6086.92,27825.92
ACC-INV10648,INV10648,2025-04-13,2000-AP,21876,1093.8,22969.8
ACC-INV10649,INV10649,2025-04-14,2000-AP,22013,2641.56,24654.56
ACC-INV10650,INV10650,2025-04-15,2000-AP,22150,3987,26137
ACC-INV10651,INV10651,2025-04-16,2000-AP,22287,6240.36,28527.36
ACC-INV10652,INV10652,2025-04-17,2000-AP,22424,1121.2,23545.2
ACC-INV10653,INV10653,2025-04-18,2000-AP,22561,2707.32,25268.32
ACC-INV10654,INV10654,2025-04-19,2000-AP,22698,4085.64,26783.64
ACC-INV10655,INV10655,2025-04-20,2000-AP,22835,6393.8,29228.8
ACC-INV10656,INV10656,2025-04-21,2000-AP,22972,1148.6,24120.6
ACC-INV10657,INV10657,2025-04-22,2000-AP,23109,2773.08,25882.08
ACC-INV10658,INV10658,2025-04-23,2000-AP,23246,4184.28,27430.28
ACC-INV10659,INV10659,2025-04-24,2000-AP,23383,6547.24,29930.24
ACC-INV10660,INV10660,2025-04-25,2000-AP,23520,1176,24696
ACC-INV10661,INV10661,2025-04-26,2000-AP,23657,2838.84,26495.84
ACC-INV10662,INV10662,2025-04-27,2000-AP,23794,4282.92,28076.92
ACC-INV10663,INV10663,2025-04-28,2000-AP,23931,6700.68,30631.68
ACC-INV10664,INV10664,2025-04-01,2000-AP,24068,1203.4,25271.4
ACC-INV10665,INV10665,2025-04-02,2000-AP,24205,2904.6,27109.6
ACC-INV10666,INV10666,2025-04-03,2000-AP,24342,4381.56,28723.56
ACC-INV10667,INV10667,2025-04-04,2000-AP,24479,6854.12,31333.12
ACC-INV10668,INV10668,2025-04-05,2000-AP,24616,1230.8,25846.8
ACC-INV10669,INV10669,2025-04-06,2000-AP,24753,2970.36,27723.36
ACC-INV10670,INV10670,2025-04-07,2000-AP,24890,4480.2,29370.2
ACC-INV10671,INV10671,2025-04-08,2000-AP,25027,7007.56,32034.56
ACC-INV10672,INV10672,2025-04-09,2000-AP,25164,1258.2,26422.2
ACC-INV10673,INV10673,2025-04-10,2000-AP,25301,3036.12,28337.12
ACC-INV10674,INV10674,2025-04-11,2000-AP,25438,4578.84,30016.84
ACC-INV10675,INV10675,2025-04-12,2000-AP,25575,7161,32736
ACC-INV10676,INV10676,2025-04-13,2000-AP,25712,1285.6,26997.6
ACC-INV10677,INV10677,2025-04-14,2000-AP,25849,3101.88,28950.88
ACC-INV10678,INV10678,2025-04-15,2000-AP,25986,4677.48,30663.48
ACC-INV10679,INV10679,2025-04-16,2000-AP,26123,7314.44,33437.44
ACC-INV10680,INV10680,2025-04-17,2000-AP,26260,1313,27573
ACC-INV10681,INV10681,2025-04-18,2000-AP,26397,3167.64,29564.64
ACC-INV10682,INV10682,2025-04-19,2000-AP,26534,4776.12,31310.12
ACC-INV10683,INV10683,2025-04-20,2000-AP,26671,7467.88,34138.88
ACC-INV10684,INV10684,2025-04-21,2000-AP,26808,1340.4,28148.4
ACC-INV10685,INV10685,2025-04-22,2000-AP,26945,3233.4,30178.4
ACC-INV10686,INV10686,2025-04-23,2000-AP,27082,4874.76,31956.76
ACC-INV10687,INV10687,2025-04-24,2000-AP,27219,7621.32,34840.32
ACC-INV10688,INV10688,2025-04-25,2000-AP,27356,1367.8,28723.8
ACC-INV10689,INV10689,2025-04-26,2000-AP,27493,3299.16,30792.16
ACC-INV10690,INV10690,2025-04-27,2000-AP,27630,4973.4,32603.4
ACC-INV10691,INV10691,2025-04-28,2000-AP,27767,7774.76,35541.76
ACC-INV10692,INV10692,2025-04-01,2000-AP,27904,1395.2,29299.2
ACC-INV10693,INV10693,2025-04-02,2000-AP,28041,3364.92,31405.92
ACC-INV10694,INV10694,2025-04-03,2000-AP,28178,5072.04,33250.04
ACC-INV10695,INV10695,2025-04-04,2000-AP,28315,7928.2,36243.2
ACC-INV10696,INV10696,2025-04-05,2000-AP,28452,1422.6,29874.6
ACC-INV10697,INV10697,2025-04-06,2000-AP,28589,3430.68,32019.68
ACC-INV10698,INV10698,2025-04-07,2000-AP,28726,5170.68,33896.68
ACC-INV10699,INV10699,2025-04-08,2000-AP,28863,8081.64,36944.64
ACC-INV10700,INV10700,2025-04-09,2000-AP,950000,47500,997500
ACC-INV10701,INV10701,2025-04-10,2000-AP,29137,3496.44,32633.44
ACC-INV10702,INV10702,2025-04-11,2000-AP,29274,5269.32,34543.32
ACC-INV10703,INV10703,2025-04-12,2000-AP,29411,8235.08,37646.08
ACC-INV10704,INV10704,2025-04-13,2000-AP,29548,1477.4,31025.4
ACC-INV10705,INV10705,2025-04-14,2000-AP,29685,3562.2,33247.2
ACC-INV10706,INV10706,2025-04-15,2000-AP,29822,5367.96,35189.96
ACC-INV10707,INV10707,2025-04-16,2000-AP,29959,8388.52,38347.52
ACC-INV10708,INV10708,2025-04-17,2000-AP,30096,1504.8,31600.8
ACC-INV10709,INV10709,2025-04-18,2000-AP,30233,3627.96,33860.96
ACC-INV10710,INV10710,2025-04-19,2000-AP,30370,5466.6,35836.6
ACC-INV10711,INV10711,2025-04-20,2000-AP,30507,8541.96,39048.96
ACC-INV10712,INV10712,2025-04-21,2000-AP,30644,1532.2,32176.2
ACC-INV10713,INV10713,2025-04-22,2000-AP,30781,3693.72,34474.72
ACC-INV10714,INV10714,2025-04-23,2000-AP,30918,5565.24,36483.24
ACC-INV10715,INV10715,2025-04-24,2000-AP,31055,8695.4,39750.4
ACC-INV10716,INV10716,2025-04-25,2000-AP,31192,1559.6,32751.6
ACC-INV10717,INV10717,2025-04-26,2000-AP,31329,3759.48,35088.48
ACC-INV10718,INV10718,2025-04-27,2000-AP,31466,5663.88,37129.88
ACC-INV10719,INV10719,2025-04-28,2000-AP,31603,8848.84,40451.84
ACC-INV10720,INV10720,2025-04-01,2000-AP,31740,1587,33327
ACC-INV10721,INV10721,2025-04-02,2000-AP,31877,3825.24,35702.24
ACC-INV10722,INV10722,2025-04-03,2000-AP,32014,5762.52,37776.52
ACC-INV10723,INV10723,2025-04-04,2000-AP,32151,9002.28,41153.28
ACC-INV10724,INV10724,2025-04-05,2000-AP,32288,1614.4,33902.4
ACC-INV10725,INV10725,2025-04-06,2000-AP,32425,3891,36316
ACC-INV10726,INV10726,2025-04-07,2000-AP,32562,5861.16,38423.16
ACC-INV10727,INV10727,2025-04-08,2000-AP,32699,9155.72,41854.72
ACC-INV10728,INV10728,2025-04-09,2000-AP,32836,1641.8,34477.8
ACC-INV10729,INV10729,2025-04-10,2000-AP,32973,3956.76,36929.76
ACC-INV10730,INV10730,2025-04-11,2000-AP,33110,5959.8,39069.8
ACC-INV10731,INV10731,2025-04-12,2000-AP,33247,9309.16,42556.16
ACC-INV10732,INV10732,2025-04-13,2000-AP,33384,1669.2,35053.2
ACC-INV10733,INV10733,2025-04-14,2000-AP,33521,4022.52,37543.52
ACC-INV10734,INV10734,2025-04-15,2000-AP,33658,6058.44,39716.44
ACC-INV10735,INV10735,2025-04-16,2000-AP,33795,9462.6,43257.6
ACC-INV10736,INV10736,2025-04-17,2000-AP,33932,1696.6,35628.6
ACC-INV10737,INV10737,2025-04-18,2000-AP,34069,4088.28,38157.28
ACC-INV10738,INV10738,2025-04-19,2000-AP,34206,6157.08,40363.08
ACC-INV10739,INV10739,2025-04-20,2000-AP,34343,9616.04,43959.04
ACC-INV10740,INV10740,2025-04-21,2000-AP,34480,1724,36204
ACC-INV10741,INV10741,2025-04-22,2000-AP,34617,4154.04,38771.04
ACC-INV10742,INV10742,2025-04-23,2000-AP,34754,6255.72,41009.72
ACC-INV10743,INV10743,2025-04-24,2000-AP,34891,9769.48,44660.48
ACC-INV10744,INV10744,2025-04-25,2000-AP,35028,1751.4,36779.4
ACC-INV10745,INV10745,2025-04-26,2000-AP,35165,4219.8,39384.8
ACC-INV10746,INV10746,2025-04-27,2000-AP,35302,6354.36,41656.36
ACC-INV10747,INV10747,2025-04-28,2000-AP,35439,9922.92,45361.92
ACC-INV10748,INV10748,2025-04-01,2000-AP,35576,1778.8,37354.8
ACC-INV10749,INV10749,2025-04-02,2000-AP,35713,4285.56,39998.56
ACC-INV10750,INV10750,2025-04-03,2000-AP,35850,6453,42303
ACC-INV10751,INV10751,2025-04-04,2000-AP,35987,10076.36,46063.36
ACC-INV10752,INV10752,2025-04-05,2000-AP,36124,1806.2,37930.2
ACC-INV10753,INV10753,2025-04-06,2000-AP,36261,4351.32,40612.32
ACC-INV10754,INV10754,2025-04-07,2000-AP,36398,6551.64,42949.64
ACC-INV10755,INV10755,2025-04-08,2000-AP,36535,10229.8,46764.8
ACC-INV10756,INV10756,2025-04-09,2000-AP,36672,1833.6,38505.6
ACC-INV10757,INV10757,2025-04-10,2000-AP,36809,4417.08,41226.08
ACC-INV10758,INV10758,2025-04-11,2000-AP,36946,6650.28,43596.28
ACC-INV10759,INV10759,2025-04-12,2000-AP,37083,10383.24,47466.24
ACC-INV10760,INV10760,2025-04-13,2000-AP,37220,1861,39081
ACC-INV10761,INV10761,2025-04-14,2000-AP,37357,4482.84,41839.84
ACC-INV10762,INV10762,2025-04-15,2000-AP,37494,6748.92,44242.92
ACC-INV10763,INV10763,2025-04-16,2000-AP,37631,10536.68,48167.68
ACC-INV10764,INV10764,2025-04-17,2000-AP,37768,1888.4,39656.4
ACC-INV10765,INV10765,2025-04-18,2000-AP,37905,4548.6,42453.6
ACC-INV10766,INV10766,2025-04-19,2000-AP,38042,6847.56,44889.56
ACC-INV10767,INV10767,2025-04-20,2000-AP,38179,10690.12,48869.12
ACC-INV10768,INV10768,2025-04-21,2000-AP,38316,1915.8,40231.8
ACC-INV10769,INV10769,2025-04-22,2000-AP,38453,4614.36,43067.36
ACC-INV10770,INV10770,2025-04-23,2000-AP,38590,6946.2,45536.2
ACC-INV10771,INV10771,2025-04-24,2000-AP,38727,10843.56,49570.56
ACC-INV10772,INV10772,2025-04-25,2000-AP,38864,1943.2,40807.2
ACC-INV10773,INV10773,2025-04-26,2000-AP,39001,4680.12,43681.12
ACC-INV10774,INV10774,2025-04-27,2000-AP,39138,7044.84,46182.84
ACC-INV10775,INV10775,2025-04-28,2000-AP,39275,10997,50272
ACC-INV10776,INV10776,2025-04-01,2000-AP,39412,1970.6,41382.6
ACC-INV10777,INV10777,2025-04-02,2000-AP,39549,4745.88,44294.88
ACC-INV10778,INV10778,2025-04-03,2000-AP,39686,7143.48,46829.48
ACC-INV10779,INV10779,2025-04-04,2000-AP,39823,11150.44,50973.44
ACC-INV10780,INV10780,2025-04-05,2000-AP,39960,1998,41958
ACC-INV10781,INV10781,2025-04-06,2000-AP,40097,4811.64,44908.64
ACC-INV10782,INV10782,2025-04-07,2000-AP,40234,7242.12,47476.12
ACC-INV10783,INV10783,2025-04-08,2000-AP,40371,11303.88,51674.88
ACC-INV10784,INV10784,2025-04-09,2000-AP,40508,2025.4,42533.4
ACC-INV10785,INV10785,2025-04-10,2000-AP,40645,4877.4,45522.4
ACC-INV10786,INV10786,2025-04-11,2000-AP,40782,7340.76,48122.76
ACC-INV10787,INV10787,2025-04-12,2000-AP,40919,11457.32,52376.32
ACC-INV10788,INV10788,2025-04-13,2000-AP,41056,2052.8,43108.8
ACC-INV10789,INV10789,2025-04-14,2000-AP,41193,4943.16,46136.16
ACC-INV10790,INV10790,2025-04-15,2000-AP,41330,7439.4,48769.4
ACC-INV10791,INV10791,2025-04-16,2000-AP,41467,11610.76,53077.76
ACC-INV10792,INV10792,2025-04-17,2000-AP,41604,2080.2,43684.2
ACC-INV10793,INV10793,2025-04-18,2000-AP,41741,5008.92,46749.92
ACC-INV10794,INV10794,2025-04-19,2000-AP,41878,7538.04,49416.04
ACC-INV10795,INV10795,2025-04-20,2000-AP,42015,11764.2,53779.2
ACC-INV10796,INV10796,2025-04-21,2000-AP,42152,2107.6,44259.6
ACC-INV10797,INV10797,2025-04-22,2000-AP,42289,5074.68,47363.68
ACC-INV10798,INV10798,2025-04-23,2000-AP,42426,7636.68,50062.68
ACC-INV10799,INV10799,2025-04-24,2000-AP,42563,11917.64,54480.64
ACC-INV10800,INV10800,2025-04-25,2000-AP,42700,2135,44835
ACC-INV10801,INV10801,2025-04-26,2000-AP,42837,5140.44,47977.44
ACC-INV10802,INV10802,2025-04-27,2000-AP,42974,7735.32,50709.32
ACC-INV10803,INV10803,2025-04-28,2000-AP,43111,12071.08,55182.08
ACC-INV10804,INV10804,2025-04-01,2000-AP,43248,2162.4,45410.4
ACC-INV10805,INV10805,2025-04-02,2000-AP,43385,5206.2,48591.2
ACC-INV10806,INV10806,2025-04-03,2000-AP,43522,7833.96,51355.96
ACC-INV10807,INV10807,2025-04-04,2000-AP,43659,12224.52,55883.52
ACC-INV10808,INV10808,2025-04-05,2000-AP,43796,2189.8,45985.8
ACC-INV10809,INV10809,2025-04-06,2000-AP,43933,5271.96,49204.96
ACC-INV10810,INV10810,2025-04-07,2000-AP,44070,7932.6,52002.6
ACC-INV10811,INV10811,2025-04-08,2000-AP,44207,12377.96,56584.96
ACC-INV10812,INV10812,2025-04-09,2000-AP,44344,2217.2,46561.2
ACC-INV10813,INV10813,2025-04-10,2000-AP,44481,5337.72,49818.72
ACC-INV10814,INV10814,2025-04-11,2000-AP,44618,8031.24,52649.24
ACC-INV10815,INV10815,2025-04-12,2000-AP,44755,12531.4,57286.4
ACC-INV10816,INV10816,2025-04-13,2000-AP,44892,2244.6,47136.6
ACC-INV10817,INV10817,2025-04-14,2000-AP,45029,5403.48,50432.48
ACC-INV10818,INV10818,2025-04-15,2000-AP,45166,8129.88,53295.88
ACC-INV10819,INV10819,2025-04-16,2000-AP,45303,12684.84,57987.84
ACC-INV10820,INV10820,2025-04-17,2000-AP,45440,2272,47712
ACC-INV10821,INV10821,2025-04-18,2000-AP,45577,5469.24,51046.24
ACC-INV10822,INV10822,2025-04-19,2000-AP,45714,8228.52,53942.52
ACC-INV10823,INV10823,2025-04-20,2000-AP,45851,12838.28,58689.28
ACC-INV10824,INV10824,2025-04-21,2000-AP,45988,2299.4,48287.4
ACC-INV10825,INV10825,2025-04-22,2000-AP,46125,5535,51660
ACC-INV10826,INV10826,2025-04-23,2000-AP,46262,8327.16,54589.16
ACC-INV10827,INV10827,2025-04-24,2000-AP,46399,12991.72,59390.72
ACC-INV10828,INV10828,2025-04-25,2000-AP,46536,2326.8,48862.8
ACC-INV10829,INV10829,2025-04-26,2000-AP,46673,5600.76,52273.76
ACC-INV10830,INV10830,2025-04-27,2000-AP,46810,8425.8,55235.8
ACC-INV10831,INV10831,2025-04-28,2000-AP,46947,13145.16,60092.16
ACC-INV10832,INV10832,2025-04-01,2000-AP,47084,2354.2,49438.2
ACC-INV10833,INV10833,2025-04-02,2000-AP,47221,5666.52,52887.52
ACC-INV10834,INV10834,2025-04-03,2000-AP,47358,8524.44,55882.44
ACC-INV10835,INV10835,2025-04-04,2000-AP,47495,13298.6,60793.6
ACC-INV10836,INV10836,2025-04-05,2000-AP,47632,2381.6,50013.6
ACC-INV10837,INV10837,2025-04-06,2000-AP,47769,5732.28,53501.28
ACC-INV10838,INV10838,2025-04-07,2000-AP,47906,8623.08,56529.08
ACC-INV10839,INV10839,2025-04-08,2000-AP,48043,13452.04,61495.04
ACC-INV10840,INV10840,2025-04-09,2000-AP,48180,2409,50589
ACC-INV10841,INV10841,2025-04-10,2000-AP,48317,5798.04,54115.04
ACC-INV10842,INV10842,2025-04-11,2000-AP,48454,8721.72,57175.72
ACC-INV10843,INV10843,2025-04-12,2000-AP,48591,13605.48,62196.48
ACC-INV10844,INV10844,2025-04-13,2000-AP,48728,2436.4,51164.4
ACC-INV10845,INV10845,2025-04-14,2000-AP,48865,5863.8,54728.8
ACC-INV10846,INV10846,2025-04-15,2000-AP,49002,8820.36,57822.36
ACC-INV10847,INV10847,2025-04-16,2000-AP,49139,13758.92,62897.92
ACC-INV10848,INV10848,2025-04-17,2000-AP,49276,2463.8,51739.8
ACC-INV10849,INV10849,2025-04-18,2000-AP,49413,5929.56,55342.56
ACC-INV10850,INV10850,2025-04-19,2000-AP,49550,8919,58469
ACC-INV10851,INV10851,2025-04-20,2000-AP,49687,13912.36,63599.36
ACC-INV10852,INV10852,2025-04-21,2000-AP,49824,2491.2,52315.2
ACC-INV10853,INV10853,2025-04-22,2000-AP,49961,5995.32,55956.32
ACC-INV10854,INV10854,2025-04-23,2000-AP,50098,9017.64,59115.64
ACC-INV10855,INV10855,2025-04-24,2000-AP,50235,14065.8,64300.8
ACC-INV10856,INV10856,2025-04-25,2000-AP,50372,2518.6,52890.6
ACC-INV10857,INV10857,2025-04-26,2000-AP,50509,6061.08,56570.08
ACC-INV10858,INV10858,2025-04-27,2000-AP,50646,9116.28,59762.28
ACC-INV10859,INV10859,2025-04-28,2000-AP,50783,14219.24,65002.24
ACC-INV10860,INV10860,2025-04-01,2000-AP,50920,2546,53466
ACC-INV10861,INV10861,2025-04-02,2000-AP,51057,6126.84,57183.84
ACC-INV10862,INV10862,2025-04-03,2000-AP,51194,9214.92,60408.92
ACC-INV10863,INV10863,2025-04-04,2000-AP,51331,14372.68,65703.68
ACC-INV10864,INV10864,2025-04-05,2000-AP,51468,2573.4,54041.4
ACC-INV10865,INV10865,2025-04-06,2000-AP,51605,6192.6,57797.6
ACC-INV10866,INV10866,2025-04-07,2000-AP,51742,9313.56,61055.56
ACC-INV10867,INV10867,2025-04-08,2000-AP,51879,14526.12,66405.12
ACC-INV10868,INV10868,2025-04-09,2000-AP,52016,2600.8,54616.8
ACC-INV10869,INV10869,2025-04-10,2000-AP,52153,6258.36,58411.36
ACC-INV10870,INV10870,2025-04-11,2000-AP,52290,9412.2,61702.2
ACC-INV10871,INV10871,2025-04-12,2000-AP,52427,14679.56,67106.56
ACC-INV10872,INV10872,2025-04-13,2000-AP,52564,2628.2,55192.2
ACC-INV10873,INV10873,2025-04-14,2000-AP,52701,6324.12,59025.12
ACC-INV10874,INV10874,2025-04-15,2000-AP,52838,9510.84,62348.84
ACC-INV10875,INV10875,2025-04-16,2000-AP,52975,14833,67808
ACC-INV10876,INV10876,2025-04-17,2000-AP,53112,2655.6,55767.6
ACC-INV10877,INV10877,2025-04-18,2000-AP,53249,6389.88,59638.88
ACC-INV10878,INV10878,2025-04-19,2000-AP,53386,9609.48,62995.48
ACC-INV10879,INV10879,2025-04-20,2000-AP,53523,14986.44,68509.44
ACC-INV10880,INV10880,2025-04-21,2000-AP,53660,2683,56343
ACC-INV10881,INV10881,2025-04-22,2000-AP,53797,6455.64,60252.64
ACC-INV10882,INV10882,2025-04-23,2000-AP,53934,9708.12,63642.12
ACC-INV10883,INV10883,2025-04-24,2000-AP,54071,15139.88,69210.88
ACC-INV10884,INV10884,2025-04-25,2000-AP,54208,2710.4,56918.4
ACC-INV10885,INV10885,2025-04-26,2000-AP,54345,6521.4,60866.4
ACC-INV10886,INV10886,2025-04-27,2000-AP,54482,9806.76,64288.76
ACC-INV10887,INV10887,2025-04-28,2000-AP,54619,15293.32,69912.32
ACC-INV10888,INV10888,2025-04-01,2000-AP,54756,2737.8,57493.8
ACC-INV10889,INV10889,2025-04-02,2000-AP,54893,6587.16,61480.16
ACC-INV10890,INV10890,2025-04-03,2000-AP,55030,9905.4,64935.4
ACC-INV10891,INV10891,2025-04-04,2000-AP,55167,15446.76,70613.76
ACC-INV10892,INV10892,2025-04-05,2000-AP,55304,2765.2,58069.2
ACC-INV10893,INV10893,2025-04-06,2000-AP,55441,6652.92,62093.92
ACC-INV10894,INV10894,2025-04-07,2000-AP,55578,10004.04,65582.04
ACC-INV10895,INV10895,2025-04-08,2000-AP,55715,15600.2,71315.2
ACC-INV10896,INV10896,2025-04-09,2000-AP,55852,2792.6,58644.6
ACC-INV10897,INV10897,2025-04-10,2000-AP,55989,6718.68,62707.68
ACC-INV10898,INV10898,2025-04-11,2000-AP,56126,10102.68,66228.68
ACC-INV10899,INV10899,2025-04-12,2000-AP,56263,15753.64,72016.64
ACC-INV10900,INV10900,2025-04-13,2000-AP,56400,2820,59220
ACC-INV10901,INV10901,2025-04-14,2000-AP,56537,6784.44,63321.44
ACC-INV10902,INV10902,2025-04-15,2000-AP,56674,10201.32,66875.32
ACC-INV10903,INV10903,2025-04-16,2000-AP,56811,15907.08,72718.08
ACC-INV10904,INV10904,2025-04-17,2000-AP,56948,2847.4,59795.4
ACC-INV10905,INV10905,2025-04-18,2000-AP,57085,6850.2,63935.2
ACC-INV10906,INV10906,2025-04-19,2000-AP,57222,10299.96,67521.96
ACC-INV10907,INV10907,2025-04-20,2000-AP,57359,16060.52,73419.52
ACC-INV10908,INV10908,2025-04-21,2000-AP,57496,2874.8,60370.8
ACC-INV10909,INV10909,2025-04-22,2000-AP,57633,6915.96,64548.96
ACC-INV10910,INV10910,2025-04-23,2000-AP,57770,10398.6,68168.6
ACC-INV10911,INV10911,2025-04-24,2000-AP,57907,16213.96,74120.96
ACC-INV10912,INV10912,2025-04-25,2000-AP,58044,2902.2,60946.2
ACC-INV10913,INV10913,2025-04-26,2000-AP,58181,6981.72,65162.72
ACC-INV10914,INV10914,2025-04-27,2000-AP,58318,10497.24,68815.24
ACC-INV10915,INV10915,2025-04-28,2000-AP,58455,16367.4,74822.4
ACC-INV10916,INV10916,2025-04-01,2000-AP,58592,2929.6,61521.6
ACC-INV10917,INV10917,2025-04-02,2000-AP,58729,7047.48,65776.48
ACC-INV10918,INV10918,2025-04-03,2000-AP,58866,10595.88,69461.88
ACC-INV10919,INV10919,2025-04-04,2000-AP,59003,16520.84,75523.84
ACC-INV10920,INV10920,2025-04-05,2000-AP,59140,2957,62097
ACC-INV10921,INV10921,2025-04-06,2000-AP,59277,7113.24,66390.24
ACC-INV10922,INV10922,2025-04-07,2000-AP,59414,10694.52,70108.52
ACC-INV10923,INV10923,2025-04-08,2000-AP,59551,16674.28,76225.28
ACC-INV10924,INV10924,2025-04-09,2000-AP,59688,2984.4,62672.4
ACC-INV10925,INV10925,2025-04-10,2000-AP,59825,7179,67004
ACC-INV10926,INV10926,2025-04-11,2000-AP,59962,10793.16,70755.16
ACC-INV10927,INV10927,2025-04-12,2000-AP,60099,16827.72,76926.72
ACC-INV10928,INV10928,2025-04-13,2000-AP,60236,3011.8,63247.8
ACC-INV10929,INV10929,2025-04-14,2000-AP,60373,7244.76,67617.76
ACC-INV10930,INV10930,2025-04-15,2000-AP,60510,10891.8,71401.8
ACC-INV10931,INV10931,2025-04-16,2000-AP,60647,16981.16,77628.16
ACC-INV10932,INV10932,2025-04-17,2000-AP,60784,3039.2,63823.2
ACC-INV10933,INV10933,2025-04-18,2000-AP,60921,7310.52,68231.52
ACC-INV10934,INV10934,2025-04-19,2000-AP,61058,10990.44,72048.44
ACC-INV10935,INV10935,2025-04-20,2000-AP,61195,17134.6,78329.6
ACC-INV10936,INV10936,2025-04-21,2000-AP,61332,3066.6,64398.6
ACC-INV10937,INV10937,2025-04-22,2000-AP,61469,7376.28,68845.28
ACC-INV10938,INV10938,2025-04-23,2000-AP,61606,11089.08,72695.08
ACC-INV10939,INV10939,2025-04-24,2000-AP,61743,17288.04,79031.04
ACC-INV10940,INV10940,2025-04-25,2000-AP,61880,3094,64974
ACC-INV10941,INV10941,2025-04-26,2000-AP,62017,7442.04,69459.04
ACC-INV10942,INV10942,2025-04-27,2000-AP,62154,11187.72,73341.72
ACC-INV10943,INV10943,2025-04-28,2000-AP,62291,17441.48,79732.48
ACC-INV10944,INV10944,2025-04-01,2000-AP,62428,3121.4,65549.4
ACC-INV10945,INV10945,2025-04-02,2000-AP,62565,7507.8,70072.8
ACC-INV10946,INV10946,2025-04-03,2000-AP,62702,11286.36,73988.36
ACC-INV10947,INV10947,2025-04-04,2000-AP,62839,17594.92,80433.92
ACC-INV10948,INV10948,2025-04-05,2000-AP,62976,3148.8,66124.8
ACC-INV10949,INV10949,2025-04-06,2000-AP,63113,7573.56,70686.56
ACC-INV10950,INV10950,2025-04-07,2000-AP,850000,153000,1003000
ACC-INV10951,INV10951,2025-04-08,2000-AP,63387,17748.36,81135.36
ACC-INV10952,INV10952,2025-04-09,2000-AP,63524,3176.2,66700.2
ACC-INV10953,INV10953,2025-04-10,2000-AP,63661,7639.32,71300.32
ACC-INV10954,INV10954,2025-04-11,2000-AP,63798,11483.64,75281.64
ACC-INV10955,INV10955,2025-04-12,2000-AP,63935,17901.8,81836.8
ACC-INV10956,INV10956,2025-04-13,2000-AP,64072,3203.6,67275.6
ACC-INV10957,INV10957,2025-04-14,2000-AP,64209,7705.08,71914.08
ACC-INV10958,INV10958,2025-04-15,2000-AP,64346,11582.28,75928.28
ACC-INV10959,INV10959,2025-04-16,2000-AP,64483,18055.24,82538.24
ACC-INV10960,INV10960,2025-04-17,2000-AP,64620,3231,67851
ACC-INV10961,INV10961,2025-04-18,2000-AP,64757,7770.84,72527.84
ACC-INV10962,INV10962,2025-04-19,2000-AP,64894,11680.92,76574.92
ACC-INV10963,INV10963,2025-04-20,2000-AP,65031,18208.68,83239.68
ACC-INV10964,INV10964,2025-04-21,2000-AP,65168,3258.4,68426.4
ACC-INV10965,INV10965,2025-04-22,2000-AP,65305,7836.6,73141.6
ACC-INV10966,INV10966,2025-04-23,2000-AP,65442,11779.56,77221.56
ACC-INV10967,INV10967,2025-04-24,2000-AP,65579,18362.12,83941.12
ACC-INV10968,INV10968,2025-04-25,2000-AP,65716,3285.8,69001.8
ACC-INV10969,INV10969,2025-04-26,2000-AP,65853,7902.36,73755.36
ACC-INV10970,INV10970,2025-04-27,2000-AP,65990,11878.2,77868.2
ACC-INV10971,INV10971,2025-04-28,2000-AP,66127,18515.56,84642.56
ACC-INV10972,INV10972,2025-04-01,2000-AP,66264,3313.2,69577.2
ACC-INV10973,INV10973,2025-04-02,2000-AP,66401,7968.12,74369.12
ACC-INV10974,INV10974,2025-04-03,2000-AP,66538,11976.84,78514.84
ACC-INV10975,INV10975,2025-04-04,2000-AP,66675,18669,85344
ACC-INV10976,INV10976,2025-04-05,2000-AP,66812,3340.6,70152.6
ACC-INV10977,INV10977,2025-04-06,2000-AP,66949,8033.88,74982.88
ACC-INV10978,INV10978,2025-04-07,2000-AP,67086,12075.48,79161.48
ACC-INV10979,INV10979,2025-04-08,2000-AP,67223,18822.44,86045.44
ACC-INV10980,INV10980,2025-04-09,2000-AP,67360,3368,70728
ACC-INV10981,INV10981,2025-04-10,2000-AP,67497,8099.64,75596.64
ACC-INV10982,INV10982,2025-04-11,2000-AP,67634,12174.12,79808.12
ACC-INV10983,INV10983,2025-04-12,2000-AP,67771,18975.88,86746.88
ACC-INV10984,INV10984,2025-04-13,2000-AP,67908,3395.4,71303.4
ACC-INV10985,INV10985,2025-04-14,2000-AP,68045,8165.4,76210.4
ACC-INV10986,INV10986,2025-04-15,2000-AP,68182,12272.76,80454.76
ACC-INV10987,INV10987,2025-04-16,2000-AP,68319,19129.32,87448.32
ACC-INV10988,INV10988,2025-04-17,2000-AP,68456,3422.8,71878.8
ACC-INV10989,INV10989,2025-04-18,2000-AP,68593,8231.16,76824.16
ACC-INV10990,INV10990,2025-04-19,2000-AP,68730,12371.4,81101.4
ACC-INV10991,INV10991,2025-04-20,2000-AP,68867,19282.76,88149.76
ACC-INV10992,INV10992,2025-04-21,2000-AP,69004,3450.2,72454.2
ACC-INV10993,INV10993,2025-04-22,2000-AP,69141,8296.92,77437.92
ACC-INV10994,INV10994,2025-04-23,2000-AP,69278,12470.04,81748.04
ACC-INV10995,INV10995,2025-04-24,2000-AP,69415,19436.2,88851.2
ACC-INV10996,INV10996,2025-04-25,2000-AP,69552,3477.6,73029.6
ACC-INV10997,INV10997,2025-04-26,2000-AP,69689,8362.68,78051.68
ACC-INV10998,INV10998,2025-04-27,2000-AP,69826,12568.68,82394.68
ACC-INV10999,INV10999,2025-04-28,2000-AP,69963,19589.64,89552.64
ACC-INV11000,INV11000,2025-04-01,2000-AP,70100,3505,73605
ACC-INV11001,INV11001,2025-04-02,2000-AP,70237,8428.44,78665.44
ACC-INV11002,INV11002,2025-04-03,2000-AP,70374,12667.32,83041.32
ACC-INV11003,INV11003,2025-04-04,2000-AP,70511,19743.08,90254.08
ACC-INV11004,INV11004,2025-04-05,2000-AP,70648,3532.4,74180.4
ACC-INV11005,INV11005,2025-04-06,2000-AP,70785,8494.2,79279.2
ACC-INV11006,INV11006,2025-04-07,2000-AP,70922,12765.96,83687.96
ACC-INV11007,INV11007,2025-04-08,2000-AP,71059,19896.52,90955.52
ACC-INV11008,INV11008,2025-04-09,2000-AP,71196,3559.8,74755.8
ACC-INV11009,INV11009,2025-04-10,2000-AP,71333,8559.96,79892.96
ACC-INV11010,INV11010,2025-04-11,2000-AP,71470,12864.6,84334.6
ACC-INV11011,INV11011,2025-04-12,2000-AP,71607,20049.96,91656.96
ACC-INV11012,INV11012,2025-04-13,2000-AP,71744,3587.2,75331.2
ACC-INV11013,INV11013,2025-04-14,2000-AP,71881,8625.72,80506.72
ACC-INV11014,INV11014,2025-04-15,2000-AP,72018,12963.24,84981.24
ACC-INV11015,INV11015,2025-04-16,2000-AP,72155,20203.4,92358.4
ACC-INV11016,INV11016,2025-04-17,2000-AP,72292,3614.6,75906.6
ACC-INV11017,INV11017,2025-04-18,2000-AP,72429,8691.48,81120.48
ACC-INV11018,INV11018,2025-04-19,2000-AP,72566,13061.88,85627.88
ACC-INV11019,INV11019,2025-04-20,2000-AP,72703,20356.84,93059.84
ACC-INV11020,INV11020,2025-04-21,2000-AP,72840,3642,76482
ACC-INV11021,INV11021,2025-04-22,2000-AP,72977,8757.24,81734.24
ACC-INV11022,INV11022,2025-04-23,2000-AP,73114,13160.52,86274.52
ACC-INV11023,INV11023,2025-04-24,2000-AP,73251,20510.28,93761.28
ACC-INV11024,INV11024,2025-04-25,2000-AP,73388,3669.4,77057.4
ACC-INV11025,INV11025,2025-04-26,2000-AP,73525,8823,82348
ACC-INV11026,INV11026,2025-04-27,2000-AP,73662,13259.16,86921.16
ACC-INV11027,INV11027,2025-04-28,2000-AP,73799,20663.72,94462.72
ACC-INV11028,INV11028,2025-04-01,2000-AP,73936,3696.8,77632.8
ACC-INV11029,INV11029,2025-04-02,2000-AP,74073,8888.76,82961.76
ACC-INV11030,INV11030,2025-04-03,2000-AP,74210,13357.8,87567.8
ACC-INV11031,INV11031,2025-04-04,2000-AP,74347,20817.16,95164.16
ACC-INV11032,INV11032,2025-04-05,2000-AP,74484,3724.2,78208.2
ACC-INV11033,INV11033,2025-04-06,2000-AP,74621,8954.52,83575.52
ACC-INV11034,INV11034,2025-04-07,2000-AP,74758,13456.44,88214.44
ACC-INV11035,INV11035,2025-04-08,2000-AP,74895,20970.6,95865.6
ACC-INV11036,INV11036,2025-04-09,2000-AP,75032,3751.6,78783.6
ACC-INV11037,INV11037,2025-04-10,2000-AP,75169,9020.28,84189.28
ACC-INV11038,INV11038,2025-04-11,2000-AP,75306,13555.08,88861.08
ACC-INV11039,INV11039,2025-04-12,2000-AP,75443,21124.04,96567.04
ACC-INV11040,INV11040,2025-04-13,2000-AP,75580,3779,79359
ACC-INV11041,INV11041,2025-04-14,2000-AP,75717,9086.04,84803.04
ACC-INV11042,INV11042,2025-04-15,2000-AP,75854,13653.72,89507.72
ACC-INV11043,INV11043,2025-04-16,2000-AP,75991,21277.48,97268.48
ACC-INV11044,INV11044,2025-04-17,2000-AP,76128,3806.4,79934.4
ACC-INV11045,INV11045,2025-04-18,2000-AP,76265,9151.8,85416.8
ACC-INV11046,INV11046,2025-04-19,2000-AP,76402,13752.36,90154.36
ACC-INV11047,INV11047,2025-04-20,2000-AP,76539,21430.92,97969.92
ACC-INV11048,INV11048,2025-04-21,2000-AP,76676,3833.8,80509.8
ACC-INV11049,INV11049,2025-04-22,2000-AP,76813,9217.56,86030.56
ACC-INV11050,INV11050,2025-04-23,2000-AP,76950,13851,90801
ACC-INV11051,INV11051,2025-04-24,2000-AP,77087,21584.36,98671.36
ACC-INV11052,INV11052,2025-04-25,2000-AP,77224,3861.2,81085.2
ACC-INV11053,INV11053,2025-04-26,2000-AP,77361,9283.32,86644.32
ACC-INV11054,INV11054,2025-04-27,2000-AP,77498,13949.64,91447.64
ACC-INV11055,INV11055,2025-04-28,2000-AP,2635,737.8,3372.8
ACC-INV11056,INV11056,2025-04-01,2000-AP,2772,138.6,2910.6
ACC-INV11057,INV11057,2025-04-02,2000-AP,2909,349.08,3258.08
ACC-INV11058,INV11058,2025-04-03,2000-AP,3046,548.28,3594.28
ACC-INV11059,INV11059,2025-04-04,2000-AP,3183,891.24,4074.24
ACC-INV11060,INV11060,2025-04-05,2000-AP,3320,166,3486
ACC-INV11061,INV11061,2025-04-06,2000-AP,3457,414.84,3871.84
ACC-INV11062,INV11062,2025-04-07,2000-AP,3594,646.92,4240.92
ACC-INV11063,INV11063,2025-04-08,2000-AP,3731,1044.68,4775.68
ACC-INV11064,INV11064,2025-04-09,2000-AP,3868,193.4,4061.4
ACC-INV11065,INV11065,2025-04-10,2000-AP,4005,480.6,4485.6
ACC-INV11066,INV11066,2025-04-11,2000-AP,4142,745.56,4887.56
ACC-INV11067,INV11067,2025-04-12,2000-AP,4279,1198.12,5477.12
ACC-INV11068,INV11068,2025-04-13,2000-AP,4416,220.8,4636.8
ACC-INV11069,INV11069,2025-04-14,2000-AP,4553,546.36,5099.36
ACC-INV11070,INV11070,2025-04-15,2000-AP,4690,844.2,5534.2
ACC-INV11071,INV11071,2025-04-16,2000-AP,4827,1351.56,6178.56
ACC-INV11072,INV11072,2025-04-17,2000-AP,4964,248.2,5212.2
ACC-INV11073,INV11073,2025-04-18,2000-AP,5101,612.12,5713.12
ACC-INV11074,INV11074,2025-04-19,2000-AP,5238,942.84,6180.84
ACC-INV11075,INV11075,2025-04-20,2000-AP,5375,1505,6880
ACC-INV11076,INV11076,2025-04-21,2000-AP,5512,275.6,5787.6
ACC-INV11077,INV11077,2025-04-22,2000-AP,5649,677.88,6326.88
ACC-INV11078,INV11078,2025-04-23,2000-AP,5786,1041.48,6827.48
ACC-INV11079,INV11079,2025-04-24,2000-AP,5923,1658.44,7581.44
ACC-INV11080,INV11080,2025-04-25,2000-AP,6060,303,6363
ACC-INV11081,INV11081,2025-04-26,2000-AP,6197,743.64,6940.64
ACC-INV11082,INV11082,2025-04-27,2000-AP,6334,1140.12,7474.12
ACC-INV11083,INV11083,2025-04-28,2000-AP,6471,1811.88,8282.88
ACC-INV11084,INV11084,2025-04-01,2000-AP,6608,330.4,6938.4
ACC-INV11085,INV11085,2025-04-02,2000-AP,6745,809.4,7554.4
ACC-INV11086,INV11086,2025-04-03,2000-AP,6882,1238.76,8120.76
ACC-INV11087,INV11087,2025-04-04,2000-AP,7019,1965.32,8984.32
ACC-INV11088,INV11088,2025-04-05,2000-AP,7156,357.8,7513.8
ACC-INV11089,INV11089,2025-04-06,2000-AP,7293,875.16,8168.16
ACC-INV11090,INV11090,2025-04-07,2000-AP,7430,1337.4,8767.4
ACC-INV11091,INV11091,2025-04-08,2000-AP,7567,2118.76,9685.76
ACC-INV11092,INV11092,2025-04-09,2000-AP,7704,385.2,8089.2
ACC-INV11093,INV11093,2025-04-10,2000-AP,7841,940.92,8781.92
ACC-INV11094,INV11094,2025-04-11,2000-AP,7978,1436.04,9414.04
ACC-INV11095,INV11095,2025-04-12,2000-AP,8115,2272.2,10387.2
ACC-INV11096,INV11096,2025-04-13,2000-AP,8252,412.6,8664.6
ACC-INV11097,INV11097,2025-04-14,2000-AP,8389,1006.68,9395.68
ACC-INV11098,INV11098,2025-04-15,2000-AP,8526,1534.68,10060.68
ACC-INV11099,INV11099,2025-04-16,2000-AP,8663,2425.64,11088.64
ACC-INV11100,INV11100,2025-04-17,2000-AP,8800,440,9240
ACC-INV11101,INV11101,2025-04-18,2000-AP,8937,1072.44,10009.44
ACC-INV11102,INV11102,2025-04-19,2000-AP,9074,1633.32,10707.32
ACC-INV11103,INV11103,2025-04-20,2000-AP,9211,2579.08,11790.08
ACC-INV11104,INV11104,2025-04-21,2000-AP,9348,467.4,9815.4
ACC-INV11105,INV11105,2025-04-22,2000-AP,9485,1138.2,10623.2
ACC-INV11106,INV11106,2025-04-23,2000-AP,9622,1731.96,11353.96
ACC-INV11107,INV11107,2025-04-24,2000-AP,9759,2732.52,12491.52
ACC-INV11108,INV11108,2025-04-25,2000-AP,9896,494.8,10390.8
ACC-INV11109,INV11109,2025-04-26,2000-AP,10033,1203.96,11236.96
ACC-INV11110,INV11110,2025-04-27,2000-AP,10170,1830.6,12000.6
ACC-INV11111,INV11111,2025-04-28,2000-AP,10307,2885.96,13192.96
ACC-INV11112,INV11112,2025-04-01,2000-AP,10444,522.2,10966.2
ACC-INV11113,INV11113,2025-04-02,2000-AP,10581,1269.72,11850.72
ACC-INV11114,INV11114,2025-04-03,2000-AP,10718,1929.24,12647.24
ACC-INV11115,INV11115,2025-04-04,2000-AP,10855,3039.4,13894.4
ACC-INV11116,INV11116,2025-04-05,2000-AP,10992,549.6,11541.6
ACC-INV11117,INV11117,2025-04-06,2000-AP,11129,1335.48,12464.48
ACC-INV11118,INV11118,2025-04-07,2000-AP,11266,2027.88,13293.88
ACC-INV11119,INV11119,2025-04-08,2000-AP,11403,3192.84,14595.84
ACC-INV11120,INV11120,2025-04-09,2000-AP,11540,577,12117
ACC-INV11121,INV11121,2025-04-10,2000-AP,11677,1401.24,13078.24
ACC-INV11122,INV11122,2025-04-11,2000-AP,11814,2126.52,13940.52
ACC-INV11123,INV11123,2025-04-12,2000-AP,11951,3346.28,15297.28
ACC-INV11124,INV11124,2025-04-13,2000-AP,12088,604.4,12692.4
ACC-INV11125,INV11125,2025-04-14,2000-AP,12225,1467,13692
ACC-INV11126,INV11126,2025-04-15,2000-AP,12362,2225.16,14587.16
ACC-INV11127,INV11127,2025-04-16,2000-AP,12499,3499.72,15998.72
ACC-INV11128,INV11128,2025-04-17,2000-AP,12636,631.8,13267.8
ACC-INV11129,INV11129,2025-04-18,2000-AP,12773,1532.76,14305.76
ACC-INV11130,INV11130,2025-04-19,2000-AP,12910,2323.8,15233.8
ACC-INV11131,INV11131,2025-04-20,2000-AP,13047,3653.16,16700.16
ACC-INV11132,INV11132,2025-04-21,2000-AP,13184,659.2,13843.2
ACC-INV11133,INV11133,2025-04-22,2000-AP,13321,1598.52,14919.52
ACC-INV11134,INV11134,2025-04-23,2000-AP,13458,2422.44,15880.44
ACC-INV11135,INV11135,2025-04-24,2000-AP,13595,3806.6,17401.6
ACC-INV11136,INV11136,2025-04-25,2000-AP,13732,686.6,14418.6
ACC-INV11137,INV11137,2025-04-26,2000-AP,13869,1664.28,15533.28
ACC-INV11138,INV11138,2025-04-27,2000-AP,14006,2521.08,16527.08
ACC-INV11139,INV11139,2025-04-28,2000-AP,14143,3960.04,18103.04
ACC-INV11140,INV11140,2025-04-01,2000-AP,14280,714,14994
ACC-INV11141,INV11141,2025-04-02,2000-AP,14417,1730.04,16147.04
ACC-INV11142,INV11142,2025-04-03,2000-AP,14554,2619.72,17173.72
ACC-INV11143,INV11143,2025-04-04,2000-AP,14691,4113.48,18804.48
ACC-INV11144,INV11144,2025-04-05,2000-AP,14828,741.4,15569.4
ACC-INV11145,INV11145,2025-04-06,2000-AP,14965,1795.8,16760.8
ACC-INV11146,INV11146,2025-04-07,2000-AP,15102,2718.36,17820.36
ACC-INV11147,INV11147,2025-04-08,2000-AP,15239,4266.92,19505.92
ACC-INV11148,INV11148,2025-04-09,2000-AP,15376,768.8,16144.8
ACC-INV11149,INV11149,2025-04-10,2000-AP,15513,1861.56,17374.56
ACC-INV11150,INV11150,2025-04-11,2000-AP,15650,2817,18467
ACC-INV11151,INV11151,2025-04-12,2000-AP,15787,4420.36,20207.36
ACC-INV11152,INV11152,2025-04-13,2000-AP,15924,796.2,16720.2
ACC-INV11153,INV11153,2025-04-14,2000-AP,16061,1927.32,17988.32
ACC-INV11154,INV11154,2025-04-15,2000-AP,16198,2915.64,19113.64
ACC-INV11155,INV11155,2025-04-16,2000-AP,16335,4573.8,20908.8
ACC-INV11156,INV11156,2025-04-17,2000-AP,16472,823.6,17295.6
ACC-INV11157,INV11157,2025-04-18,2000-AP,16609,1993.08,18602.08
ACC-INV11158,INV11158,2025-04-19,2000-AP,16746,3014.28,19760.28
ACC-INV11159,INV11159,2025-04-20,2000-AP,16883,4727.24,21610.24
ACC-INV11160,INV11160,2025-04-21,2000-AP,17020,851,17871
ACC-INV11161,INV11161,2025-04-22,2000-AP,17157,2058.84,19215.84
ACC-INV11162,INV11162,2025-04-23,2000-AP,17294,3112.92,20406.92
ACC-INV11163,INV11163,2025-04-24,2000-AP,17431,4880.68,22311.68
ACC-INV11164,INV11164,2025-04-25,2000-AP,17568,878.4,18446.4
ACC-INV11165,INV11165,2025-04-26,2000-AP,17705,2124.6,19829.6
ACC-INV11166,INV11166,2025-04-27,2000-AP,17842,3211.56,21053.56
ACC-INV11167,INV11167,2025-04-28,2000-AP,17979,5034.12,23013.12
ACC-INV11168,INV11168,2025-04-01,2000-AP,18116,905.8,19021.8
ACC-INV11169,INV11169,2025-04-02,2000-AP,18253,2190.36,20443.36
ACC-INV11170,INV11170,2025-04-03,2000-AP,18390,3310.2,21700.2
ACC-INV11171,INV11171,2025-04-04,2000-AP,18527,5187.56,23714.56
ACC-INV11172,INV11172,2025-04-05,2000-AP,18664,933.2,19597.2
ACC-INV11173,INV11173,2025-04-06,2000-AP,18801,2256.12,21057.12
ACC-INV11174,INV11174,2025-04-07,2000-AP,18938,3408.84,22346.84
ACC-INV11175,INV11175,2025-04-08,2000-AP,19075,5341,24416
ACC-INV11176,INV11176,2025-04-09,2000-AP,19212,960.6,20172.6
ACC-INV11177,INV11177,2025-04-10,2000-AP,19349,2321.88,21670.88
ACC-INV11178,INV11178,2025-04-11,2000-AP,19486,3507.48,22993.48
ACC-INV11179,INV11179,2025-04-12,2000-AP,19623,5494.44,25117.44
ACC-INV11180,INV11180,2025-04-13,2000-AP,19760,988,20748
ACC-INV11181,INV11181,2025-04-14,2000-AP,19897,2387.64,22284.64
ACC-INV11182,INV11182,2025-04-15,2000-AP,20034,3606.12,23640.12
ACC-INV11183,INV11183,2025-04-16,2000-AP,20171,5647.88,25818.88
ACC-INV11184,INV11184,2025-04-17,2000-AP,20308,1015.4,21323.4
ACC-INV11185,INV11185,2025-04-18,2000-AP,20445,2453.4,22898.4
ACC-INV11186,INV11186,2025-04-19,2000-AP,20582,3704.76,24286.76
ACC-INV11187,INV11187,2025-04-20,2000-AP,20719,5801.32,26520.32
ACC-INV11188,INV11188,2025-04-21,2000-AP,20856,1042.8,21898.8
ACC-INV11189,INV11189,2025-04-22,2000-AP,20993,2519.16,23512.16
ACC-INV11190,INV11190,2025-04-23,2000-AP,21130,3803.4,24933.4
ACC-INV11191,INV11191,2025-04-24,2000-AP,21267,5954.76,27221.76
ACC-INV11192,INV11192,2025-04-25,2000-AP,21404,1070.2,22474.2