id,invoice_date,merchant_name,customer_id,taxable_amount,tax_rate,gst_amount,total_amount
INV1023,2025-04-12,ABC Ltd,CUST-802,50000,18,7500,59000
INV1042,2025-04-12,XYZ Corp,CUST-319,42372.88,18,7627.12,50000
INV1098,2025-04-11,Global Mart,CUST-104,21186.44,18,3813.56,25000
INV1102,2025-04-10,Tech Solutions,CUST-521,27118.64,18,4881.36,32000
INV1134,2025-04-09,Office Hub,CUST-662,15254.24,18,2745.76,18000
INV1187,2025-04-08,Retail One,CUST-774,35169.49,18,6330.51,41500
INV1108,2025-04-07,Bharat Logistics,CUST-411,30000,18,5400,35400
INV1200,2025-04-01,ABC Ltd,CUST-100,850000,5,42000,892000
INV1201,2025-04-02,XYZ Corp,CUST-101,2637,12,100,2737
INV1202,2025-04-03,Global Mart,CUST-102,2774,18,100,2874
INV1203,2025-04-04,Tech Solutions,CUST-103,2911,28,100,3011
INV1204,2025-04-05,Office Hub,CUST-104,3048,5,100,3148
INV1205,2025-04-06,Retail One,CUST-105,3185,12,100,3285
INV1206,2025-04-07,Bharat Logistics,CUST-106,3322,18,597.96,3919.96
INV1207,2025-04-08,Tata Enterprises,CUST-107,3459,28,968.52,4427.52
INV1208,2025-04-09,Reliance Supply,CUST-108,3596,5,179.8,3775.8
INV1209,2025-04-10,Infosys Services,CUST-109,3733,12,447.96,4180.96
INV1210,2025-04-11,Wipro Digital,CUST-110,3870,18,696.6,4566.6
INV1211,2025-04-12,Adani Ports & SEZ,CUST-111,4007,28,1121.96,5128.96
INV1213,2025-04-14,Larsen Industrial,CUST-113,4281,12,513.72,4794.72
INV1214,2025-04-15,Bajaj Electricals,CUST-114,4418,18,100,4518
INV1215,2025-04-16,Godrej Agrovet,CUST-115,4555,28,775.4,5330.4
INV1216,2025-04-17,Hindustan Traders,CUST-116,4692,5,100,4792
INV1217,2025-04-18,Zomato Logistics,CUST-117,4829,12,100,4929
INV1218,2025-04-19,Swiggy Kitchens,CUST-118,4966,18,100,5066
INV1219,2025-04-20,Delhivery Express,CUST-119,5103,28,100,5203
INV1220,2025-04-21,ABC Ltd,CUST-120,5240,5,262,5502
INV1221,2025-04-22,XYZ Corp,CUST-121,5377,12,645.24,6022.24
INV1222,2025-04-23,Global Mart,CUST-122,5514,18,992.52,6506.52
INV1223,2025-04-24,Tech Solutions,CUST-123,5651,28,1582.28,7233.28
INV1224,2025-04-25,Office Hub,CUST-124,5788,5,289.4,6077.4
INV1225,2025-04-26,Retail One,CUST-125,5925,12,711,6636
INV1227,2025-04-28,Tata Enterprises,CUST-127,6199,28,1735.72,7934.72
INV1228,2025-04-01,Reliance Supply,CUST-128,6336,5,100,6436
INV1229,2025-04-02,Infosys Services,CUST-129,6473,12,100,6573
INV1230,2025-04-03,Wipro Digital,CUST-130,6610,18,689.8,7299.8
INV1231,2025-04-04,Adani Ports & SEZ,CUST-131,6747,28,1139.16,7886.16
INV1232,2025-04-05,Mahindra Spares,CUST-132,6884,5,100,6984
INV1233,2025-04-06,Larsen Industrial,CUST-133,7021,12,842.52,7863.52
INV1234,2025-04-07,Bajaj Electricals,CUST-134,7158,18,1288.44,8446.44
INV1235,2025-04-08,Godrej Agrovet,CUST-135,7295,28,2042.6,9337.6
INV1236,2025-04-09,Hindustan Traders,CUST-136,7432,5,371.6,7803.6
INV1237,2025-04-10,Zomato Logistics,CUST-137,7569,12,908.28,8477.28
INV1238,2025-04-11,Swiggy Kitchens,CUST-138,7706,18,1387.08,9093.08
INV1239,2025-04-12,Delhivery Express,CUST-139,7843,28,2196.04,10039.04
INV1240,2025-04-13,ABC Ltd,CUST-140,7980,5,399,8379
INV1241,2025-04-14,XYZ Corp,CUST-141,8117,12,974.04,9091.04
INV1242,2025-04-15,Global Mart,CUST-142,8254,18,100,8354
INV1243,2025-04-16,Tech Solutions,CUST-143,8391,28,100,8491
INV1244,2025-04-17,Office Hub,CUST-144,8528,5,100,8628
INV1245,2025-04-18,Retail One,CUST-145,8665,12,539.8,9204.8
INV1246,2025-04-19,Bharat Logistics,CUST-146,8802,18,834.36,9636.36
INV1247,2025-04-20,Tata Enterprises,CUST-147,8939,28,2502.92,11441.92
INV1248,2025-04-21,Reliance Supply,CUST-148,9076,5,453.8,9529.8
INV1249,2025-04-22,Infosys Services,CUST-149,9213,12,1105.56,10318.56
INV1250,2025-04-23,Wipro Digital,CUST-150,9350,18,1683,11033
INV1251,2025-04-24,Adani Ports & SEZ,CUST-151,9487,28,2656.36,12143.36
INV1252,2025-04-25,Mahindra Spares,CUST-152,9624,5,481.2,10105.2
INV1254,2025-04-27,Bajaj Electricals,CUST-154,9898,18,1781.64,11679.64
INV1255,2025-04-28,Godrej Agrovet,CUST-155,10035,28,100,10135
INV1256,2025-04-01,Hindustan Traders,CUST-156,10172,5,100,10272
INV1257,2025-04-02,Zomato Logistics,CUST-157,10309,12,100,10409
INV1258,2025-04-03,Swiggy Kitchens,CUST-158,10446,18,100,10546
INV1259,2025-04-04,Delhivery Express,CUST-159,10583,28,100,10683
INV1260,2025-04-05,ABC Ltd,CUST-160,10720,5,100,10820
INV1261,2025-04-06,XYZ Corp,CUST-161,10857,12,1302.84,12159.84
INV1262,2025-04-07,Global Mart,CUST-162,10994,18,1978.92,12972.92
INV1263,2025-04-08,Tech Solutions,CUST-163,11131,28,3116.68,14247.68
INV1264,2025-04-09,Office Hub,CUST-164,11268,5,563.4,11831.4
INV1265,2025-04-10,Retail One,CUST-165,11405,12,1368.6,12773.6
INV1266,2025-04-11,Bharat Logistics,CUST-166,11542,18,2077.56,13619.56
INV1268,2025-04-13,Reliance Supply,CUST-168,11816,5,590.8,12406.8
INV1269,2025-04-14,Infosys Services,CUST-169,11953,12,100,12053
INV1270,2025-04-15,Wipro Digital,CUST-170,12090,18,100,12190
INV1271,2025-04-16,Adani Ports & SEZ,CUST-171,12227,28,173.56,12400.56
INV1272,2025-04-17,Mahindra Spares,CUST-172,12364,5,100,12464
INV1273,2025-04-18,Larsen Industrial,CUST-173,12501,12,100,12601
INV1274,2025-04-19,Bajaj Electricals,CUST-174,12638,18,2274.84,14912.84
INV1275,2025-04-20,Godrej Agrovet,CUST-175,12775,28,3577,16352
INV1276,2025-04-21,Hindustan Traders,CUST-176,12912,5,645.6,13557.6
INV1277,2025-04-22,Zomato Logistics,CUST-177,13049,12,1565.88,14614.88
INV1278,2025-04-23,Swiggy Kitchens,CUST-178,13186,18,2373.48,15559.48
INV1279,2025-04-24,Delhivery Express,CUST-179,13323,28,3730.44,17053.44
INV1280,2025-04-25,ABC Ltd,CUST-180,13460,5,673,14133
INV1282,2025-04-27,Global Mart,CUST-182,13734,18,2472.12,16206.12
INV1283,2025-04-28,Tech Solutions,CUST-183,13871,28,1383.88,15254.88
INV1284,2025-04-01,Office Hub,CUST-184,14008,5,100,14108
INV1285,2025-04-02,Retail One,CUST-185,14145,12,100,14245
INV1286,2025-04-03,Bharat Logistics,CUST-186,14282,18,100,14382
INV1287,2025-04-04,Tata Enterprises,CUST-187,14419,28,537.32,14956.32
INV1288,2025-04-05,Reliance Supply,CUST-188,14556,5,727.8,15283.8
INV1289,2025-04-06,Infosys Services,CUST-189,14693,12,1763.16,16456.16
INV1290,2025-04-07,Wipro Digital,CUST-190,14830,18,2669.4,17499.4
INV1291,2025-04-08,Adani Ports & SEZ,CUST-191,14967,28,4190.76,19157.76
INV1292,2025-04-09,Mahindra Spares,CUST-192,15104,5,755.2,15859.2
INV1293,2025-04-10,Larsen Industrial,CUST-193,15241,12,1828.92,17069.92
INV1295,2025-04-12,Godrej Agrovet,CUST-195,15515,28,4344.2,19859.2
INV1296,2025-04-13,Hindustan Traders,CUST-196,15652,5,100,15752
INV1297,2025-04-14,Zomato Logistics,CUST-197,15789,12,100,15889
INV1298,2025-04-15,Swiggy Kitchens,CUST-198,15926,18,366.68,16292.68
INV1299,2025-04-16,Delhivery Express,CUST-199,16063,28,1747.64,17810.64
INV1300,2025-04-17,ABC Ltd,CUST-200,16200,5,100,16300
INV1301,2025-04-18,XYZ Corp,CUST-201,16337,12,100,16437
INV1302,2025-04-19,Global Mart,CUST-202,16474,18,2965.32,19439.32
INV1303,2025-04-20,Tech Solutions,CUST-203,16611,28,4651.08,21262.08
INV1304,2025-04-21,Office Hub,CUST-204,16748,5,837.4,17585.4
INV1305,2025-04-22,Retail One,CUST-205,16885,12,2026.2,18911.2
INV1306,2025-04-23,Bharat Logistics,CUST-206,17022,18,3063.96,20085.96
INV1307,2025-04-24,Tata Enterprises,CUST-207,17159,28,4804.52,21963.52
INV1309,2025-04-26,Infosys Services,CUST-209,17433,12,2091.96,19524.96
INV1310,2025-04-27,Wipro Digital,CUST-210,17570,18,1412.6,18982.6
INV1311,2025-04-28,Adani Ports & SEZ,CUST-211,17707,28,2957.96,20664.96
INV1312,2025-04-01,Mahindra Spares,CUST-212,17844,5,100,17944
INV1313,2025-04-02,Larsen Industrial,CUST-213,17981,12,100,18081
INV1314,2025-04-03,Bajaj Electricals,CUST-214,18118,18,511.24,18629.24
INV1315,2025-04-04,Godrej Agrovet,CUST-215,18255,28,2111.4,20366.4
INV1316,2025-04-05,Hindustan Traders,CUST-216,18392,5,919.6,19311.6
INV1317,2025-04-06,Zomato Logistics,CUST-217,18529,12,2223.48,20752.48
INV1318,2025-04-07,Swiggy Kitchens,CUST-218,18666,18,3359.88,22025.88
INV1319,2025-04-08,Delhivery Express,CUST-219,18803,28,5264.84,24067.84
INV1320,2025-04-09,ABC Ltd,CUST-220,18940,5,947,19887
INV1321,2025-04-10,XYZ Corp,CUST-221,19077,12,2289.24,21366.24
INV1323,2025-04-12,Tech Solutions,CUST-223,19351,28,5418.28,24769.28
INV1324,2025-04-13,Office Hub,CUST-224,19488,5,100,19588
INV1325,2025-04-14,Retail One,CUST-225,19625,12,605,20230
INV1326,2025-04-15,Bharat Logistics,CUST-226,19762,18,1557.16,21319.16
INV1327,2025-04-16,Tata Enterprises,CUST-227,19899,28,3321.72,23220.72
INV1328,2025-04-17,Reliance Supply,CUST-228,20036,5,100,20136
INV1329,2025-04-18,Infosys Services,CUST-229,20173,12,2420.76,22593.76
INV1330,2025-04-19,Wipro Digital,CUST-230,20310,18,3655.8,23965.8
INV1331,2025-04-20,Adani Ports & SEZ,CUST-231,20447,28,5725.16,26172.16
INV1332,2025-04-21,Mahindra Spares,CUST-232,20584,5,1029.2,21613.2
INV1333,2025-04-22,Larsen Industrial,CUST-233,20721,12,2486.52,23207.52
INV1334,2025-04-23,Bajaj Electricals,CUST-234,20858,18,3754.44,24612.44
INV1336,2025-04-25,Hindustan Traders,CUST-236,21132,5,1056.6,22188.6
INV1337,2025-04-26,Zomato Logistics,CUST-237,21269,12,1552.28,22821.28
INV1338,2025-04-27,Swiggy Kitchens,CUST-238,21406,18,2603.08,24009.08
INV1339,2025-04-28,Delhivery Express,CUST-239,21543,28,4532.04,26075.04
INV1340,2025-04-01,ABC Ltd,CUST-240,21680,5,100,21780
INV1341,2025-04-02,XYZ Corp,CUST-241,21817,12,618.04,22435.04
INV1342,2025-04-03,Global Mart,CUST-242,21954,18,1701.72,23655.72
INV1343,2025-04-04,Tech Solutions,CUST-243,22091,28,6185.48,28276.48
INV1344,2025-04-05,Office Hub,CUST-244,22228,5,1111.4,23339.4
INV1345,2025-04-06,Retail One,CUST-245,22365,12,2683.8,25048.8
INV1346,2025-04-07,Bharat Logistics,CUST-246,22502,18,4050.36,26552.36
INV1347,2025-04-08,Tata Enterprises,CUST-247,22639,28,6338.92,28977.92
INV1348,2025-04-09,Reliance Supply,CUST-248,22776,5,1138.8,23914.8
INV1350,2025-04-11,Wipro Digital,CUST-250,23050,18,4149,27199
INV1351,2025-04-12,Adani Ports & SEZ,CUST-251,23187,28,5742.36,28929.36
INV1352,2025-04-13,Mahindra Spares,CUST-252,23324,5,166.2,23490.2
INV1353,2025-04-14,Larsen Industrial,CUST-253,23461,12,1565.32,25026.32
INV1354,2025-04-15,Bajaj Electricals,CUST-254,23598,18,2747.64,26345.64
INV1355,2025-04-16,Godrej Agrovet,CUST-255,23735,28,4895.8,28630.8
INV1356,2025-04-17,Hindustan Traders,CUST-256,23872,5,100,23972
INV1357,2025-04-18,Zomato Logistics,CUST-257,24009,12,2881.08,26890.08
INV1358,2025-04-19,Swiggy Kitchens,CUST-258,24146,18,4346.28,28492.28
INV1359,2025-04-20,Delhivery Express,CUST-259,24283,28,6799.24,31082.24
INV1360,2025-04-21,ABC Ltd,CUST-260,24420,5,1221,25641
INV1361,2025-04-22,XYZ Corp,CUST-261,24557,12,2946.84,27503.84
INV1362,2025-04-23,Global Mart,CUST-262,24694,18,4444.92,29138.92
INV1364,2025-04-25,Office Hub,CUST-264,24968,5,1248.4,26216.4
INV1365,2025-04-26,Retail One,CUST-265,25105,12,2512.6,27617.6
INV1366,2025-04-27,Bharat Logistics,CUST-266,25242,18,3793.56,29035.56
INV1367,2025-04-28,Tata Enterprises,CUST-267,25379,28,6106.12,31485.12
INV1368,2025-04-01,Reliance Supply,CUST-268,25516,5,100,25616
INV1369,2025-04-02,Infosys Services,CUST-269,25653,12,1578.36,27231.36
INV1370,2025-04-03,Wipro Digital,CUST-270,25790,18,4642.2,30432.2
INV1371,2025-04-04,Adani Ports & SEZ,CUST-271,25927,28,7259.56,33186.56
INV1372,2025-04-05,Mahindra Spares,CUST-272,26064,5,1303.2,27367.2
INV1373,2025-04-06,Larsen Industrial,CUST-273,26201,12,3144.12,29345.12
INV1374,2025-04-07,Bajaj Electricals,CUST-274,26338,18,4740.84,31078.84
INV1375,2025-04-08,Godrej Agrovet,CUST-275,26475,28,7413,33888
INV1376,2025-04-09,Hindustan Traders,CUST-276,26612,5,1330.6,27942.6
INV1377,2025-04-10,Zomato Logistics,CUST-277,26749,12,3209.88,29958.88
INV1378,2025-04-11,Swiggy Kitchens,CUST-278,26886,18,4839.48,31725.48
INV1379,2025-04-12,Delhivery Express,CUST-279,27023,28,3566.44,30589.44
INV1380,2025-04-13,ABC Ltd,CUST-280,27160,5,858,28018
INV1381,2025-04-14,XYZ Corp,CUST-281,27297,12,2525.64,29822.64
INV1382,2025-04-15,Global Mart,CUST-282,27434,18,3938.12,31372.12
INV1383,2025-04-16,Tech Solutions,CUST-283,27571,28,6469.88,34040.88
INV1384,2025-04-17,Office Hub,CUST-284,27708,5,1385.4,29093.4
INV1385,2025-04-18,Retail One,CUST-285,27845,12,3341.4,31186.4
INV1386,2025-04-19,Bharat Logistics,CUST-286,27982,18,5036.76,33018.76
INV1387,2025-04-20,Tata Enterprises,CUST-287,28119,28,7873.32,35992.32
INV1388,2025-04-21,Reliance Supply,CUST-288,28256,5,1412.8,29668.8
INV1389,2025-04-22,Infosys Services,CUST-289,28393,12,3407.16,31800.16
INV1391,2025-04-24,Adani Ports & SEZ,CUST-291,28667,28,8026.76,36693.76
INV1392,2025-04-25,Mahindra Spares,CUST-292,28804,5,100,28904
INV1393,2025-04-26,Larsen Industrial,CUST-293,28941,12,100,29041
INV1394,2025-04-27,Bajaj Electricals,CUST-294,29078,18,1234.04,30312.04
INV1395,2025-04-28,Godrej Agrovet,CUST-295,29215,28,7680.2,36895.2
INV1396,2025-04-01,Hindustan Traders,CUST-296,29352,5,717.6,30069.6
INV1397,2025-04-02,Zomato Logistics,CUST-297,29489,12,2538.68,32027.68
INV1398,2025-04-03,Swiggy Kitchens,CUST-298,29626,18,5332.68,34958.68
INV1399,2025-04-04,Delhivery Express,CUST-299,29763,28,8333.64,38096.64
INV1400,2025-04-05,ABC Ltd,CUST-300,29900,5,1495,31395
INV1401,2025-04-06,XYZ Corp,CUST-301,30037,12,3604.44,33641.44
INV1402,2025-04-07,Global Mart,CUST-302,30174,18,5431.32,35605.32
INV1403,2025-04-08,Tech Solutions,CUST-303,30311,28,8487.08,38798.08
INV1405,2025-04-10,Retail One,CUST-305,30585,12,3670.2,34255.2
INV1406,2025-04-11,Bharat Logistics,CUST-306,30722,18,2279.96,33001.96
INV1407,2025-04-12,Tata Enterprises,CUST-307,30859,28,5140.52,35999.52
INV1408,2025-04-13,Reliance Supply,CUST-308,30996,5,100,31096
INV1409,2025-04-14,Infosys Services,CUST-309,31133,12,100,31233
INV1410,2025-04-15,Wipro Digital,CUST-310,31270,18,5128.6,36398.6
INV1411,2025-04-16,Adani Ports & SEZ,CUST-311,31407,28,8793.96,40200.96
INV1412,2025-04-17,Mahindra Spares,CUST-312,31544,5,1577.2,33121.2
INV1413,2025-04-18,Larsen Industrial,CUST-313,31681,12,3801.72,35482.72
INV1414,2025-04-19,Bajaj Electricals,CUST-314,31818,18,5727.24,37545.24
INV1415,2025-04-20,Godrej Agrovet,CUST-315,31955,28,8947.4,40902.4
INV1416,2025-04-21,Hindustan Traders,CUST-316,32092,5,1604.6,33696.6
INV1417,2025-04-22,Zomato Logistics,CUST-317,32229,12,3867.48,36096.48
INV1419,2025-04-24,Delhivery Express,CUST-319,32503,28,9100.84,41603.84
INV1420,2025-04-25,ABC Ltd,CUST-320,32640,5,100,32740
INV1421,2025-04-26,XYZ Corp,CUST-321,32777,12,683.24,33460.24
INV1422,2025-04-27,Global Mart,CUST-322,32914,18,2424.52,35338.52
INV1423,2025-04-28,Tech Solutions,CUST-323,33051,28,5504.28,38555.28
INV1424,2025-04-01,Office Hub,CUST-324,33188,5,100,33288
INV1425,2025-04-02,Retail One,CUST-325,33325,12,3999,37324
INV1426,2025-04-03,Bharat Logistics,CUST-326,33462,18,6023.16,39485.16
INV1427,2025-04-04,Tata Enterprises,CUST-327,33599,28,9407.72,43006.72
INV1428,2025-04-05,Reliance Supply,CUST-328,33736,5,1686.8,35422.8
INV1429,2025-04-06,Infosys Services,CUST-329,33873,12,4064.76,37937.76
INV1430,2025-04-07,Wipro Digital,CUST-330,34010,18,6121.8,40131.8
INV1432,2025-04-09,Mahindra Spares,CUST-332,34284,5,1714.2,35998.2
INV1433,2025-04-10,Larsen Industrial,CUST-333,34421,12,1630.52,36051.52
INV1434,2025-04-11,Bajaj Electricals,CUST-334,34558,18,3470.44,38028.44
INV1435,2025-04-12,Godrej Agrovet,CUST-335,34695,28,6714.6,41409.6
INV1436,2025-04-13,Hindustan Traders,CUST-336,34832,5,100,34932
INV1437,2025-04-14,Zomato Logistics,CUST-337,34969,12,696.28,35665.28
INV1438,2025-04-15,Swiggy Kitchens,CUST-338,35106,18,2569.08,37675.08
INV1439,2025-04-16,Delhivery Express,CUST-339,35243,28,9868.04,45111.04
INV1440,2025-04-17,ABC Ltd,CUST-340,35380,5,1769,37149
INV1441,2025-04-18,XYZ Corp,CUST-341,35517,12,4262.04,39779.04
INV1442,2025-04-19,Global Mart,CUST-342,35654,18,6417.72,42071.72
INV1443,2025-04-20,Tech Solutions,CUST-343,35791,28,10021.48,45812.48
INV1444,2025-04-21,Office Hub,CUST-344,35928,5,1796.4,37724.4
INV1446,2025-04-23,Bharat Logistics,CUST-346,36202,18,6516.36,42718.36
INV1447,2025-04-24,Tata Enterprises,CUST-347,36339,28,7924.92,44263.92
INV1448,2025-04-25,Reliance Supply,CUST-348,36476,5,100,36576
INV1449,2025-04-26,Infosys Services,CUST-349,36613,12,1643.56,38256.56
INV1450,2025-04-27,Wipro Digital,CUST-350,1050000,18,186000,1236000
INV1451,2025-04-28,Adani Ports & SEZ,CUST-351,36887,28,7078.36,43965.36
INV1452,2025-04-01,Mahindra Spares,CUST-352,37024,5,100,37124
INV1453,2025-04-02,Larsen Industrial,CUST-353,37161,12,4459.32,41620.32
INV1454,2025-04-03,Bajaj Electricals,CUST-354,37298,18,6713.64,44011.64
INV1455,2025-04-04,Godrej Agrovet,CUST-355,37435,28,10481.8,47916.8
INV1456,2025-04-05,Hindustan Traders,CUST-356,37572,5,1878.6,39450.6
INV1457,2025-04-06,Zomato Logistics,CUST-357,37709,12,4525.08,42234.08
INV1458,2025-04-07,Swiggy Kitchens,CUST-358,37846,18,6812.28,44658.28
INV1460,2025-04-09,ABC Ltd,CUST-360,38120,5,1906,40026
INV1461,2025-04-10,XYZ Corp,CUST-361,38257,12,2590.84,40847.84
INV1462,2025-04-11,Global Mart,CUST-362,38394,18,4660.92,43054.92
INV1463,2025-04-12,Tech Solutions,CUST-363,38531,28,8288.68,46819.68
INV1464,2025-04-13,Office Hub,CUST-364,38668,5,100,38768
INV1465,2025-04-14,Retail One,CUST-365,38805,12,1656.6,40461.6
INV1466,2025-04-15,Bharat Logistics,CUST-366,38942,18,7009.56,45951.56
INV1467,2025-04-16,Tata Enterprises,CUST-367,39079,28,10942.12,50021.12
INV1468,2025-04-17,Reliance Supply,CUST-368,39216,5,1960.8,41176.8
INV1469,2025-04-18,Infosys Services,CUST-369,39353,12,4722.36,44075.36
INV1470,2025-04-19,Wipro Digital,CUST-370,39490,18,7108.2,46598.2
INV1471,2025-04-20,Adani Ports & SEZ,CUST-371,39627,28,11095.56,50722.56
INV1473,2025-04-22,Larsen Industrial,CUST-373,39901,12,4788.12,44689.12
INV1474,2025-04-23,Bajaj Electricals,CUST-374,40038,18,5706.84,45744.84
INV1475,2025-04-24,Godrej Agrovet,CUST-375,40175,28,9499,49674
INV1476,2025-04-25,Hindustan Traders,CUST-376,40312,5,100,40412
INV1477,2025-04-26,Zomato Logistics,CUST-377,40449,12,2603.88,43052.88
INV1478,2025-04-27,Swiggy Kitchens,CUST-378,40586,18,4805.48,45391.48
INV1479,2025-04-28,Delhivery Express,CUST-379,40723,28,8652.44,49375.44
INV1480,2025-04-01,ABC Ltd,CUST-380,40860,5,2043,42903
INV1481,2025-04-02,XYZ Corp,CUST-381,40997,12,4919.64,45916.64
INV1482,2025-04-03,Global Mart,CUST-382,41134,18,7404.12,48538.12
INV1483,2025-04-04,Tech Solutions,CUST-383,41271,28,11555.88,52826.88
INV1484,2025-04-05,Office Hub,CUST-384,41408,5,2070.4,43478.4
INV1485,2025-04-06,Retail One,CUST-385,41545,12,4985.4,46530.4
INV1487,2025-04-08,Tata Enterprises,CUST-387,41819,28,11709.32,53528.32
INV1488,2025-04-09,Reliance Supply,CUST-388,41956,5,847.8,42803.8
INV1489,2025-04-10,Infosys Services,CUST-389,42093,12,3551.16,45644.16
INV1490,2025-04-11,Wipro Digital,CUST-390,42230,18,5851.4,48081.4
INV1491,2025-04-12,Adani Ports & SEZ,CUST-391,42367,28,9862.76,52229.76
INV1492,2025-04-13,Mahindra Spares,CUST-392,42504,5,100,42604
INV1493,2025-04-14,Larsen Industrial,CUST-393,42641,12,2616.92,45257.92
INV1494,2025-04-15,Bajaj Electricals,CUST-394,42778,18,7700.04,50478.04
INV1495,2025-04-16,Godrej Agrovet,CUST-395,42915,28,12016.2,54931.2
INV1496,2025-04-17,Hindustan Traders,CUST-396,43052,5,2152.6,45204.6
INV1497,2025-04-18,Zomato Logistics,CUST-397,43189,12,5182.68,48371.68
INV1498,2025-04-19,Swiggy Kitchens,CUST-398,43326,18,7798.68,51124.68
INV1499,2025-04-20,Delhivery Express,CUST-399,43463,28,12169.64,55632.64
INV1501,2025-04-22,XYZ Corp,CUST-401,43737,12,5248.44,48985.44
INV1502,2025-04-23,Global Mart,CUST-402,43874,18,6897.32,50771.32
INV1503,2025-04-24,Tech Solutions,CUST-403,44011,28,11073.08,55084.08
INV1504,2025-04-25,Office Hub,CUST-404,44148,5,707.4,44855.4
INV1505,2025-04-26,Retail One,CUST-405,44285,12,3564.2,47849.2
INV1506,2025-04-27,Bharat Logistics,CUST-406,44422,18,5995.96,50417.96
INV1507,2025-04-28,Tata Enterprises,CUST-407,44559,28,12476.52,57035.52
INV1508,2025-04-01,Reliance Supply,CUST-408,44696,5,2234.8,46930.8
INV1509,2025-04-02,Infosys Services,CUST-409,44833,12,5379.96,50212.96
INV1510,2025-04-03,Wipro Digital,CUST-410,44970,18,8094.6,53064.6
INV1511,2025-04-04,Adani Ports & SEZ,CUST-411,45107,28,12629.96,57736.96
INV1512,2025-04-05,Mahindra Spares,CUST-412,45244,5,2262.2,47506.2
INV1513,2025-04-06,Larsen Industrial,CUST-413,45381,12,5445.72,50826.72
INV1514,2025-04-07,Bajaj Electricals,CUST-414,45518,18,8193.24,53711.24
INV1515,2025-04-08,Godrej Agrovet,CUST-415,45655,28,12783.4,58438.4
INV1516,2025-04-09,Hindustan Traders,CUST-416,45792,5,1539.6,47331.6
INV1517,2025-04-10,Zomato Logistics,CUST-417,45929,12,4511.48,50440.48
INV1518,2025-04-11,Swiggy Kitchens,CUST-418,46066,18,7041.88,53107.88
INV1519,2025-04-12,Delhivery Express,CUST-419,46203,28,11436.84,57639.84
INV1520,2025-04-13,ABC Ltd,CUST-420,46340,5,567,46907
INV1521,2025-04-14,XYZ Corp,CUST-421,46477,12,5577.24,52054.24
INV1522,2025-04-15,Global Mart,CUST-422,46614,18,8390.52,55004.52
INV1523,2025-04-16,Tech Solutions,CUST-423,46751,28,13090.28,59841.28
INV1524,2025-04-17,Office Hub,CUST-424,46888,5,2344.4,49232.4
INV1525,2025-04-18,Retail One,CUST-425,47025,12,5643,52668
INV1526,2025-04-19,Bharat Logistics,CUST-426,47162,18,8489.16,55651.16
INV1528,2025-04-21,Reliance Supply,CUST-428,47436,5,2371.8,49807.8
INV1529,2025-04-22,Infosys Services,CUST-429,47573,12,1708.76,49281.76
INV1530,2025-04-23,Wipro Digital,CUST-430,47710,18,8087.8,55797.8
INV1531,2025-04-24,Adani Ports & SEZ,CUST-431,47847,28,12647.16,60494.16
INV1532,2025-04-25,Mahindra Spares,CUST-432,47984,5,1399.2,49383.2
INV1533,2025-04-26,Larsen Industrial,CUST-433,48121,12,4524.52,52645.52
INV1534,2025-04-27,Bajaj Electricals,CUST-434,48258,18,7186.44,55444.44
INV1535,2025-04-28,Godrej Agrovet,CUST-435,48395,28,13550.6,61945.6
INV1536,2025-04-01,Hindustan Traders,CUST-436,48532,5,2426.6,50958.6
INV1537,2025-04-02,Zomato Logistics,CUST-437,48669,12,5840.28,54509.28
INV1538,2025-04-03,Swiggy Kitchens,CUST-438,48806,18,8785.08,57591.08
INV1539,2025-04-04,Delhivery Express,CUST-439,48943,28,13704.04,62647.04
INV1540,2025-04-05,ABC Ltd,CUST-440,49080,5,2454,51534
INV1542,2025-04-07,Global Mart,CUST-442,49354,18,8883.72,58237.72
INV1543,2025-04-08,Tech Solutions,CUST-443,49491,28,10107.48,59598.48
INV1544,2025-04-09,Office Hub,CUST-444,49628,5,100,49728
INV1545,2025-04-10,Retail One,CUST-445,49765,12,5471.8,55236.8
INV1546,2025-04-11,Bharat Logistics,CUST-446,49902,18,8232.36,58134.36
INV1547,2025-04-12,Tata Enterprises,CUST-447,50039,28,13010.92,63049.92
INV1548,2025-04-13,Reliance Supply,CUST-448,50176,5,2508.8,52684.8
INV1549,2025-04-14,Infosys Services,CUST-449,50313,12,6037.56,56350.56
INV1550,2025-04-15,Wipro Digital,CUST-450,50450,18,9081,59531
INV1551,2025-04-16,Adani Ports & SEZ,CUST-451,50587,28,14164.36,64751.36
INV1552,2025-04-17,Mahindra Spares,CUST-452,50724,5,2536.2,53260.2
INV1553,2025-04-18,Larsen Industrial,CUST-453,50861,12,6103.32,56964.32
INV1554,2025-04-19,Bajaj Electricals,CUST-454,50998,18,9179.64,60177.64
INV1556,2025-04-21,Hindustan Traders,CUST-456,51272,5,2563.6,53835.6
INV1557,2025-04-22,Zomato Logistics,CUST-457,51409,12,2669.08,54078.08
INV1558,2025-04-23,Swiggy Kitchens,CUST-458,51546,18,5528.28,57074.28
INV1559,2025-04-24,Delhivery Express,CUST-459,51683,28,10471.24,62154.24
INV1560,2025-04-25,ABC Ltd,CUST-460,51820,5,2091,53911
INV1561,2025-04-26,XYZ Corp,CUST-461,51957,12,5484.84,57441.84
INV1562,2025-04-27,Global Mart,CUST-462,52094,18,9376.92,61470.92
INV1563,2025-04-28,Tech Solutions,CUST-463,52231,28,14624.68,66855.68
INV1564,2025-04-01,Office Hub,CUST-464,52368,5,2618.4,54986.4
INV1565,2025-04-02,Retail One,CUST-465,52505,12,6300.6,58805.6
INV1566,2025-04-03,Bharat Logistics,CUST-466,52642,18,9475.56,62117.56
INV1567,2025-04-04,Tata Enterprises,CUST-467,52779,28,14778.12,67557.12
INV1569,2025-04-06,Infosys Services,CUST-469,53053,12,6366.36,59419.36
INV1570,2025-04-07,Wipro Digital,CUST-470,53190,18,6574.2,59764.2
INV1571,2025-04-08,Adani Ports & SEZ,CUST-471,53327,28,11681.56,65008.56
INV1572,2025-04-09,Mahindra Spares,CUST-472,53464,5,100,53564
INV1573,2025-04-10,Larsen Industrial,CUST-473,53601,12,2682.12,56283.12
INV1574,2025-04-11,Bajaj Electricals,CUST-474,53738,18,5672.84,59410.84
INV1575,2025-04-12,Godrej Agrovet,CUST-475,53875,28,14585,68460
INV1576,2025-04-13,Hindustan Traders,CUST-476,54012,5,2700.6,56712.6
INV1577,2025-04-14,Zomato Logistics,CUST-477,54149,12,6497.88,60646.88
INV1578,2025-04-15,Swiggy Kitchens,CUST-478,54286,18,9771.48,64057.48
INV1579,2025-04-16,Delhivery Express,CUST-479,54423,28,15238.44,69661.44
INV1580,2025-04-17,ABC Ltd,CUST-480,54560,5,2728,57288
INV1581,2025-04-18,XYZ Corp,CUST-481,54697,12,6563.64,61260.64
INV1583,2025-04-20,Tech Solutions,CUST-483,54971,28,15391.88,70362.88
INV1584,2025-04-21,Office Hub,CUST-484,55108,5,100,55208
INV1585,2025-04-22,Retail One,CUST-485,55245,12,3629.4,58874.4
INV1586,2025-04-23,Bharat Logistics,CUST-486,55382,18,6718.76,62100.76
INV1587,2025-04-24,Tata Enterprises,CUST-487,55519,28,12045.32,67564.32
INV1588,2025-04-25,Reliance Supply,CUST-488,55656,5,100,55756
INV1589,2025-04-26,Infosys Services,CUST-489,55793,12,2695.16,58488.16
INV1590,2025-04-27,Wipro Digital,CUST-490,55930,18,10067.4,65997.4
INV1591,2025-04-28,Adani Ports & SEZ,CUST-491,56067,28,15698.76,71765.76
INV1592,2025-04-01,Mahindra Spares,CUST-492,56204,5,2810.2,59014.2
INV1593,2025-04-02,Larsen Industrial,CUST-493,56341,12,6760.92,63101.92
INV1594,2025-04-03,Bajaj Electricals,CUST-494,56478,18,10166.04,66644.04
INV1595,2025-04-04,Godrej Agrovet,CUST-495,56615,28,15852.2,72467.2
INV1597,2025-04-06,Zomato Logistics,CUST-497,56889,12,6826.68,63715.68
INV1598,2025-04-07,Swiggy Kitchens,CUST-498,57026,18,7764.68,64790.68
INV1599,2025-04-08,Delhivery Express,CUST-499,57163,28,13255.64,70418.64
INV1600,2025-04-09,ABC Ltd,CUST-500,57300,5,100,57400
INV1601,2025-04-10,XYZ Corp,CUST-501,57437,12,3642.44,61079.44
INV1602,2025-04-11,Global Mart,CUST-502,57574,18,6863.32,64437.32
INV1603,2025-04-12,Tech Solutions,CUST-503,57711,28,16159.08,73870.08
INV1604,2025-04-13,Office Hub,CUST-504,57848,5,2892.4,60740.4
INV1605,2025-04-14,Retail One,CUST-505,57985,12,6958.2,64943.2
INV1606,2025-04-15,Bharat Logistics,CUST-506,58122,18,10461.96,68583.96
INV1607,2025-04-16,Tata Enterprises,CUST-507,58259,28,16312.52,74571.52
INV1608,2025-04-17,Reliance Supply,CUST-508,58396,5,2919.8,61315.8
INV1610,2025-04-19,Wipro Digital,CUST-510,58670,18,10560.6,69230.6
INV1611,2025-04-20,Adani Ports & SEZ,CUST-511,58807,28,14465.96,73272.96
INV1612,2025-04-21,Mahindra Spares,CUST-512,58944,5,697.2,59641.2
INV1613,2025-04-22,Larsen Industrial,CUST-513,59081,12,4589.72,63670.72
INV1614,2025-04-23,Bajaj Electricals,CUST-514,59218,18,7909.24,67127.24
INV1615,2025-04-24,Godrej Agrovet,CUST-515,59355,28,13619.4,72974.4
INV1616,2025-04-25,Hindustan Traders,CUST-516,59492,5,100,59592
INV1617,2025-04-26,Zomato Logistics,CUST-517,59629,12,7155.48,66784.48
INV1618,2025-04-27,Swiggy Kitchens,CUST-518,59766,18,10757.88,70523.88
INV1619,2025-04-28,Delhivery Express,CUST-519,59903,28,16772.84,76675.84
INV1620,2025-04-01,ABC Ltd,CUST-520,60040,5,3002,63042
INV1621,2025-04-02,XYZ Corp,CUST-521,60177,12,7221.24,67398.24
INV1622,2025-04-03,Global Mart,CUST-522,60314,18,10856.52,71170.52
INV1624,2025-04-05,Office Hub,CUST-524,60588,5,3029.4,63617.4
INV1625,2025-04-06,Retail One,CUST-525,60725,12,5537,66262
INV1626,2025-04-07,Bharat Logistics,CUST-526,60862,18,8955.16,69817.16
INV1627,2025-04-08,Tata Enterprises,CUST-527,60999,28,14829.72,75828.72
INV1628,2025-04-09,Reliance Supply,CUST-528,61136,5,556.8,61692.8
INV1629,2025-04-10,Infosys Services,CUST-529,61273,12,4602.76,65875.76
INV1630,2025-04-11,Wipro Digital,CUST-530,61410,18,8053.8,69463.8
INV1631,2025-04-12,Adani Ports & SEZ,CUST-531,61547,28,17233.16,78780.16
INV1632,2025-04-13,Mahindra Spares,CUST-532,61684,5,3084.2,64768.2
INV1633,2025-04-14,Larsen Industrial,CUST-533,61821,12,7418.52,69239.52
INV1634,2025-04-15,Bajaj Electricals,CUST-534,61958,18,11152.44,73110.44
INV1635,2025-04-16,Godrej Agrovet,CUST-535,62095,28,17386.6,79481.6
INV1636,2025-04-17,Hindustan Traders,CUST-536,62232,5,3111.6,65343.6
INV1638,2025-04-19,Swiggy Kitchens,CUST-538,62506,18,11251.08,73757.08
INV1639,2025-04-20,Delhivery Express,CUST-539,62643,28,16040.04,78683.04
INV1640,2025-04-21,ABC Ltd,CUST-540,62780,5,1389,64169
INV1641,2025-04-22,XYZ Corp,CUST-541,62917,12,5550.04,68467.04
INV1642,2025-04-23,Global Mart,CUST-542,63054,18,9099.72,72153.72
INV1643,2025-04-24,Tech Solutions,CUST-543,63191,28,15193.48,78384.48
INV1644,2025-04-25,Office Hub,CUST-544,63328,5,3166.4,66494.4
INV1645,2025-04-26,Retail One,CUST-545,63465,12,7615.8,71080.8
INV1646,2025-04-27,Bharat Logistics,CUST-546,63602,18,11448.36,75050.36
INV1647,2025-04-28,Tata Enterprises,CUST-547,63739,28,17846.92,81585.92
INV1648,2025-04-01,Reliance Supply,CUST-548,63876,5,3193.8,67069.8
INV1649,2025-04-02,Infosys Services,CUST-549,64013,12,7681.56,71694.56
INV1651,2025-04-04,Adani Ports & SEZ,CUST-551,64287,28,18000.36,82287.36
INV1652,2025-04-05,Mahindra Spares,CUST-552,64424,5,3221.2,67645.2
INV1653,2025-04-06,Larsen Industrial,CUST-553,64561,12,6497.32,71058.32
INV1654,2025-04-07,Bajaj Electricals,CUST-554,64698,18,10145.64,74843.64
INV1655,2025-04-08,Godrej Agrovet,CUST-555,64835,28,16403.8,81238.8
INV1656,2025-04-09,Hindustan Traders,CUST-556,64972,5,1248.6,66220.6
INV1657,2025-04-10,Zomato Logistics,CUST-557,65109,12,5563.08,70672.08
INV1658,2025-04-11,Swiggy Kitchens,CUST-558,65246,18,11744.28,76990.28
INV1659,2025-04-12,Delhivery Express,CUST-559,65383,28,18307.24,83690.24
INV1660,2025-04-13,ABC Ltd,CUST-560,65520,5,3276,68796
INV1661,2025-04-14,XYZ Corp,CUST-561,65657,12,7878.84,73535.84
INV1662,2025-04-15,Global Mart,CUST-562,65794,18,11842.92,77636.92
INV1663,2025-04-16,Tech Solutions,CUST-563,65931,28,18460.68,84391.68
INV1665,2025-04-18,Retail One,CUST-565,66205,12,7944.6,74149.6
INV1666,2025-04-19,Bharat Logistics,CUST-566,66342,18,11191.56,77533.56
INV1667,2025-04-20,Tata Enterprises,CUST-567,66479,28,17614.12,84093.12
INV1668,2025-04-21,Reliance Supply,CUST-568,66616,5,2080.8,68696.8
INV1669,2025-04-22,Infosys Services,CUST-569,66753,12,6510.36,73263.36
INV1670,2025-04-23,Wipro Digital,CUST-570,66890,18,10290.2,77180.2
INV1671,2025-04-24,Adani Ports & SEZ,CUST-571,67027,28,16767.56,83794.56
INV1672,2025-04-25,Mahindra Spares,CUST-572,67164,5,3358.2,70522.2
INV1673,2025-04-26,Larsen Industrial,CUST-573,67301,12,8076.12,75377.12
INV1674,2025-04-27,Bajaj Electricals,CUST-574,67438,18,12138.84,79576.84
INV1675,2025-04-28,Godrej Agrovet,CUST-575,67575,28,18921,86496
INV1676,2025-04-01,Hindustan Traders,CUST-576,67712,5,3385.6,71097.6
INV1677,2025-04-02,Zomato Logistics,CUST-577,67849,12,8141.88,75990.88
INV1679,2025-04-04,Delhivery Express,CUST-579,68123,28,19074.44,87197.44
INV1680,2025-04-05,ABC Ltd,CUST-580,68260,5,2913,71173
INV1681,2025-04-06,XYZ Corp,CUST-581,68397,12,7457.64,75854.64
INV1682,2025-04-07,Global Mart,CUST-582,68534,18,11336.12,79870.12
INV1683,2025-04-08,Tech Solutions,CUST-583,68671,28,17977.88,86648.88
INV1684,2025-04-09,Office Hub,CUST-584,68808,5,1940.4,70748.4
INV1685,2025-04-10,Retail One,CUST-585,68945,12,8273.4,77218.4
INV1686,2025-04-11,Bharat Logistics,CUST-586,69082,18,12434.76,81516.76
INV1687,2025-04-12,Tata Enterprises,CUST-587,69219,28,19381.32,88600.32
INV1688,2025-04-13,Reliance Supply,CUST-588,69356,5,3467.8,72823.8
INV1689,2025-04-14,Infosys Services,CUST-589,69493,12,8339.16,77832.16
INV1690,2025-04-15,Wipro Digital,CUST-590,69630,18,12533.4,82163.4
INV1691,2025-04-16,Adani Ports & SEZ,CUST-591,69767,28,19534.76,89301.76
INV1693,2025-04-18,Larsen Industrial,CUST-593,70041,12,8404.92,78445.92
INV1694,2025-04-19,Bajaj Electricals,CUST-594,70178,18,8632.04,78810.04
INV1695,2025-04-20,Godrej Agrovet,CUST-595,70315,28,19188.2,89503.2
INV1696,2025-04-21,Hindustan Traders,CUST-596,70452,5,2772.6,73224.6
INV1697,2025-04-22,Zomato Logistics,CUST-597,70589,12,7470.68,78059.68
INV1698,2025-04-23,Swiggy Kitchens,CUST-598,70726,18,11480.68,82206.68
INV1699,2025-04-24,Delhivery Express,CUST-599,70863,28,19841.64,90704.64
INV1700,2025-04-25,ABC Ltd,CUST-600,950000,5,47500,997500
INV1701,2025-04-26,XYZ Corp,CUST-601,71137,12,8536.44,79673.44
INV1702,2025-04-27,Global Mart,CUST-602,71274,18,12829.32,84103.32
INV1703,2025-04-28,Tech Solutions,CUST-603,71411,28,19995.08,91406.08
INV1704,2025-04-01,Office Hub,CUST-604,71548,5,3577.4,75125.4
INV1706,2025-04-03,Bharat Logistics,CUST-606,71822,18,12927.96,84749.96
INV1707,2025-04-04,Tata Enterprises,CUST-607,71959,28,16648.52,88607.52
INV1708,2025-04-05,Reliance Supply,CUST-608,72096,5,100,72196
INV1709,2025-04-06,Infosys Services,CUST-609,72233,12,4667.96,76900.96
INV1710,2025-04-07,Wipro Digital,CUST-610,72370,18,12526.6,84896.6
INV1711,2025-04-08,Adani Ports & SEZ,CUST-611,72507,28,19551.96,92058.96
INV1712,2025-04-09,Mahindra Spares,CUST-612,72644,5,2632.2,75276.2
INV1713,2025-04-10,Larsen Industrial,CUST-613,72781,12,8733.72,81514.72
INV1714,2025-04-11,Bajaj Electricals,CUST-614,72918,18,13125.24,86043.24
INV1715,2025-04-12,Godrej Agrovet,CUST-615,73055,28,20455.4,93510.4
INV1716,2025-04-13,Hindustan Traders,CUST-616,73192,5,3659.6,76851.6
INV1717,2025-04-14,Zomato Logistics,CUST-617,73329,12,8799.48,82128.48
INV1718,2025-04-15,Swiggy Kitchens,CUST-618,73466,18,13223.88,86689.88
INV1720,2025-04-17,ABC Ltd,CUST-620,73740,5,3687,77427
INV1721,2025-04-18,XYZ Corp,CUST-621,73877,12,5615.24,79492.24
INV1722,2025-04-19,Global Mart,CUST-622,74014,18,9822.52,83836.52
INV1723,2025-04-20,Tech Solutions,CUST-623,74151,28,17012.28,91163.28
INV1724,2025-04-21,Office Hub,CUST-624,74288,5,100,74388
INV1725,2025-04-22,Retail One,CUST-625,74425,12,8431,82856
INV1726,2025-04-23,Bharat Logistics,CUST-626,74562,18,12671.16,87233.16
INV1727,2025-04-24,Tata Enterprises,CUST-627,74699,28,20915.72,95614.72
INV1728,2025-04-25,Reliance Supply,CUST-628,74836,5,3741.8,78577.8
INV1729,2025-04-26,Infosys Services,CUST-629,74973,12,8996.76,83969.76
INV1730,2025-04-27,Wipro Digital,CUST-630,75110,18,13519.8,88629.8
INV1731,2025-04-28,Adani Ports & SEZ,CUST-631,75247,28,21069.16,96316.16
INV1732,2025-04-01,Mahindra Spares,CUST-632,75384,5,3769.2,79153.2
INV1734,2025-04-03,Bajaj Electricals,CUST-634,75658,18,13618.44,89276.44
INV1735,2025-04-04,Godrej Agrovet,CUST-635,75795,28,18222.6,94017.6
INV1736,2025-04-05,Hindustan Traders,CUST-636,75932,5,546.6,76478.6
INV1737,2025-04-06,Zomato Logistics,CUST-637,76069,12,5628.28,81697.28
INV1738,2025-04-07,Swiggy Kitchens,CUST-638,76206,18,9967.08,86173.08
INV1739,2025-04-08,Delhivery Express,CUST-639,76343,28,17376.04,93719.04
INV1740,2025-04-09,ABC Ltd,CUST-640,76480,5,3824,80304
INV1741,2025-04-10,XYZ Corp,CUST-641,76617,12,9194.04,85811.04
INV1742,2025-04-11,Global Mart,CUST-642,76754,18,13815.72,90569.72
INV1743,2025-04-12,Tech Solutions,CUST-643,76891,28,21529.48,98420.48
INV1744,2025-04-13,Office Hub,CUST-644,77028,5,3851.4,80879.4
INV1745,2025-04-14,Retail One,CUST-645,77165,12,9259.8,86424.8
INV1747,2025-04-16,Tata Enterprises,CUST-647,77439,28,21682.92,99121.92
INV1748,2025-04-17,Reliance Supply,CUST-648,2576,5,100,2676
INV1749,2025-04-18,Infosys Services,CUST-649,2713,12,100,2813
INV1750,2025-04-19,Wipro Digital,CUST-650,2850,18,100,2950
INV1751,2025-04-20,Adani Ports & SEZ,CUST-651,2987,28,100,3087
INV1752,2025-04-21,Mahindra Spares,CUST-652,3124,5,100,3224
INV1753,2025-04-22,Larsen Industrial,CUST-653,3261,12,100,3361
INV1754,2025-04-23,Bajaj Electricals,CUST-654,3398,18,611.64,4009.64
INV1755,2025-04-24,Godrej Agrovet,CUST-655,3535,28,989.8,4524.8
INV1756,2025-04-25,Hindustan Traders,CUST-656,3672,5,183.6,3855.6
INV1757,2025-04-26,Zomato Logistics,CUST-657,3809,12,457.08,4266.08
INV1758,2025-04-27,Swiggy Kitchens,CUST-658,3946,18,710.28,4656.28
INV1759,2025-04-28,Delhivery Express,CUST-659,4083,28,1143.24,5226.24
INV1761,2025-04-02,XYZ Corp,CUST-661,4357,12,522.84,4879.84
INV1762,2025-04-03,Global Mart,CUST-662,4494,18,100,4594
INV1763,2025-04-04,Tech Solutions,CUST-663,4631,28,100,4731
INV1764,2025-04-05,Office Hub,CUST-664,4768,5,100,4868
INV1765,2025-04-06,Retail One,CUST-665,4905,12,100,5005
INV1766,2025-04-07,Bharat Logistics,CUST-666,5042,18,100,5142
INV1767,2025-04-08,Tata Enterprises,CUST-667,5179,28,100,5279
INV1768,2025-04-09,Reliance Supply,CUST-668,5316,5,265.8,5581.8
INV1769,2025-04-10,Infosys Services,CUST-669,5453,12,654.36,6107.36
INV1770,2025-04-11,Wipro Digital,CUST-670,5590,18,1006.2,6596.2
INV1771,2025-04-12,Adani Ports & SEZ,CUST-671,5727,28,1603.56,7330.56
INV1772,2025-04-13,Mahindra Spares,CUST-672,5864,5,293.2,6157.2
INV1773,2025-04-14,Larsen Industrial,CUST-673,6001,12,720.12,6721.12
INV1775,2025-04-16,Godrej Agrovet,CUST-675,6275,28,1757,8032
INV1776,2025-04-17,Hindustan Traders,CUST-676,6412,5,100,6512
INV1777,2025-04-18,Zomato Logistics,CUST-677,6549,12,100,6649
INV1778,2025-04-19,Swiggy Kitchens,CUST-678,6686,18,100,6786
INV1779,2025-04-20,Delhivery Express,CUST-679,6823,28,100,6923
INV1780,2025-04-21,ABC Ltd,CUST-680,6960,5,100,7060
INV1781,2025-04-22,XYZ Corp,CUST-681,7097,12,851.64,7948.64
INV1782,2025-04-23,Global Mart,CUST-682,7234,18,1302.12,8536.12
INV1783,2025-04-24,Tech Solutions,CUST-683,7371,28,2063.88,9434.88
INV1784,2025-04-25,Office Hub,CUST-684,7508,5,375.4,7883.4
INV1785,2025-04-26,Retail One,CUST-685,7645,12,917.4,8562.4
INV1786,2025-04-27,Bharat Logistics,CUST-686,7782,18,1400.76,9182.76
INV1788,2025-04-01,Reliance Supply,CUST-688,8056,5,402.8,8458.8
INV1789,2025-04-02,Infosys Services,CUST-689,8193,12,983.16,9176.16
INV1790,2025-04-03,Wipro Digital,CUST-690,8330,18,100,8430
INV1791,2025-04-04,Adani Ports & SEZ,CUST-691,8467,28,370.76,8837.76
INV1792,2025-04-05,Mahindra Spares,CUST-692,8604,5,100,8704
INV1793,2025-04-06,Larsen Industrial,CUST-693,8741,12,100,8841
INV1794,2025-04-07,Bajaj Electricals,CUST-694,8878,18,100,8978
INV1795,2025-04-08,Godrej Agrovet,CUST-695,9015,28,2524.2,11539.2
INV1796,2025-04-09,Hindustan Traders,CUST-696,9152,5,457.6,9609.6
INV1797,2025-04-10,Zomato Logistics,CUST-697,9289,12,1114.68,10403.68
INV1798,2025-04-11,Swiggy Kitchens,CUST-698,9426,18,1696.68,11122.68
INV1799,2025-04-12,Delhivery Express,CUST-699,9563,28,2677.64,12240.64
INV1800,2025-04-13,ABC Ltd,CUST-700,9700,5,485,10185
INV1802,2025-04-15,Global Mart,CUST-702,9974,18,1795.32,11769.32
INV1803,2025-04-16,Tech Solutions,CUST-703,10111,28,1581.08,11692.08
INV1804,2025-04-17,Office Hub,CUST-704,10248,5,100,10348
INV1805,2025-04-18,Retail One,CUST-705,10385,12,100,10485
INV1806,2025-04-19,Bharat Logistics,CUST-706,10522,18,100,10622
INV1807,2025-04-20,Tata Enterprises,CUST-707,10659,28,734.52,11393.52
INV1808,2025-04-21,Reliance Supply,CUST-708,10796,5,100,10896
INV1809,2025-04-22,Infosys Services,CUST-709,10933,12,1311.96,12244.96
INV1810,2025-04-23,Wipro Digital,CUST-710,11070,18,1992.6,13062.6
INV1811,2025-04-24,Adani Ports & SEZ,CUST-711,11207,28,3137.96,14344.96
INV1812,2025-04-25,Mahindra Spares,CUST-712,11344,5,567.2,11911.2
INV1813,2025-04-26,Larsen Industrial,CUST-713,11481,12,1377.72,12858.72
INV1814,2025-04-27,Bajaj Electricals,CUST-714,11618,18,2091.24,13709.24
INV1816,2025-04-01,Hindustan Traders,CUST-716,11892,5,594.6,12486.6
INV1817,2025-04-02,Zomato Logistics,CUST-717,12029,12,443.48,12472.48
INV1818,2025-04-03,Swiggy Kitchens,CUST-718,12166,18,939.88,13105.88
INV1819,2025-04-04,Delhivery Express,CUST-719,12303,28,1944.84,14247.84
INV1820,2025-04-05,ABC Ltd,CUST-720,12440,5,100,12540
INV1821,2025-04-06,XYZ Corp,CUST-721,12577,12,100,12677
INV1822,2025-04-07,Global Mart,CUST-722,12714,18,2288.52,15002.52
INV1823,2025-04-08,Tech Solutions,CUST-723,12851,28,3598.28,16449.28
INV1824,2025-04-09,Office Hub,CUST-724,12988,5,649.4,13637.4
INV1825,2025-04-10,Retail One,CUST-725,13125,12,1575,14700
INV1826,2025-04-11,Bharat Logistics,CUST-726,13262,18,2387.16,15649.16
INV1827,2025-04-12,Tata Enterprises,CUST-727,13399,28,3751.72,17150.72
INV1828,2025-04-13,Reliance Supply,CUST-728,13536,5,676.8,14212.8
INV1830,2025-04-15,Wipro Digital,CUST-730,13810,18,2485.8,16295.8
INV1831,2025-04-16,Adani Ports & SEZ,CUST-731,13947,28,3155.16,17102.16
INV1832,2025-04-17,Mahindra Spares,CUST-732,14084,5,100,14184
INV1833,2025-04-18,Larsen Industrial,CUST-733,14221,12,456.52,14677.52
INV1834,2025-04-19,Bajaj Electricals,CUST-734,14358,18,1084.44,15442.44
INV1835,2025-04-20,Godrej Agrovet,CUST-735,14495,28,2308.6,16803.6
INV1836,2025-04-21,Hindustan Traders,CUST-736,14632,5,731.6,15363.6
INV1837,2025-04-22,Zomato Logistics,CUST-737,14769,12,1772.28,16541.28
INV1838,2025-04-23,Swiggy Kitchens,CUST-738,14906,18,2683.08,17589.08
INV1839,2025-04-24,Delhivery Express,CUST-739,15043,28,4212.04,19255.04
INV1840,2025-04-25,ABC Ltd,CUST-740,15180,5,759,15939
INV1841,2025-04-26,XYZ Corp,CUST-741,15317,12,1838.04,17155.04
INV1843,2025-04-28,Tech Solutions,CUST-743,15591,28,4365.48,19956.48
INV1844,2025-04-01,Office Hub,CUST-744,15728,5,100,15828
INV1845,2025-04-02,Retail One,CUST-745,15865,12,1403.8,17268.8
INV1846,2025-04-03,Bharat Logistics,CUST-746,16002,18,2130.36,18132.36
INV1847,2025-04-04,Tata Enterprises,CUST-747,16139,28,3518.92,19657.92
INV1848,2025-04-05,Reliance Supply,CUST-748,16276,5,100,16376
INV1849,2025-04-06,Infosys Services,CUST-749,16413,12,469.56,16882.56
INV1850,2025-04-07,Wipro Digital,CUST-750,16550,18,2979,19529
INV1851,2025-04-08,Adani Ports & SEZ,CUST-751,16687,28,4672.36,21359.36
INV1852,2025-04-09,Mahindra Spares,CUST-752,16824,5,841.2,17665.2
INV1853,2025-04-10,Larsen Industrial,CUST-753,16961,12,2035.32,18996.32
INV1854,2025-04-11,Bajaj Electricals,CUST-754,17098,18,3077.64,20175.64
INV1855,2025-04-12,Godrej Agrovet,CUST-755,17235,28,4825.8,22060.8
INV1857,2025-04-14,Zomato Logistics,CUST-757,17509,12,2101.08,19610.08
INV1858,2025-04-15,Swiggy Kitchens,CUST-758,17646,18,100,17746
INV1859,2025-04-16,Delhivery Express,CUST-759,17783,28,979.24,18762.24
INV1860,2025-04-17,ABC Ltd,CUST-760,17920,5,396,18316
INV1861,2025-04-18,XYZ Corp,CUST-761,18057,12,1416.84,19473.84
INV1862,2025-04-19,Global Mart,CUST-762,18194,18,2274.92,20468.92
INV1863,2025-04-20,Tech Solutions,CUST-763,18331,28,3882.68,22213.68
INV1864,2025-04-21,Office Hub,CUST-764,18468,5,923.4,19391.4
INV1865,2025-04-22,Retail One,CUST-765,18605,12,2232.6,20837.6
INV1866,2025-04-23,Bharat Logistics,CUST-766,18742,18,3373.56,22115.56
INV1867,2025-04-24,Tata Enterprises,CUST-767,18879,28,5286.12,24165.12
INV1868,2025-04-25,Reliance Supply,CUST-768,19016,5,950.8,19966.8
INV1869,2025-04-26,Infosys Services,CUST-769,19153,12,2298.36,21451.36
INV1871,2025-04-28,Adani Ports & SEZ,CUST-771,19427,28,5439.56,24866.56
INV1872,2025-04-01,Mahindra Spares,CUST-772,19564,5,100,19664
INV1873,2025-04-02,Larsen Industrial,CUST-773,19701,12,100,19801
INV1874,2025-04-03,Bajaj Electricals,CUST-774,19838,18,100,19938
INV1875,2025-04-04,Godrej Agrovet,CUST-775,19975,28,5093,25068
INV1876,2025-04-05,Hindustan Traders,CUST-776,20112,5,255.6,20367.6
INV1877,2025-04-06,Zomato Logistics,CUST-777,20249,12,2429.88,22678.88
INV1878,2025-04-07,Swiggy Kitchens,CUST-778,20386,18,3669.48,24055.48
INV1879,2025-04-08,Delhivery Express,CUST-779,20523,28,5746.44,26269.44
INV1880,2025-04-09,ABC Ltd,CUST-780,20660,5,1033,21693
INV1881,2025-04-10,XYZ Corp,CUST-781,20797,12,2495.64,23292.64
INV1882,2025-04-11,Global Mart,CUST-782,20934,18,3768.12,24702.12
INV1884,2025-04-13,Office Hub,CUST-784,21208,5,1060.4,22268.4
INV1885,2025-04-14,Retail One,CUST-785,21345,12,100,21445
INV1886,2025-04-15,Bharat Logistics,CUST-786,21482,18,616.76,22098.76
INV1887,2025-04-16,Tata Enterprises,CUST-787,21619,28,2553.32,24172.32
INV1888,2025-04-17,Reliance Supply,CUST-788,21756,5,100,21856
INV1889,2025-04-18,Infosys Services,CUST-789,21893,12,100,21993
INV1890,2025-04-19,Wipro Digital,CUST-790,22030,18,3465.4,25495.4
INV1891,2025-04-20,Adani Ports & SEZ,CUST-791,22167,28,6206.76,28373.76
INV1892,2025-04-21,Mahindra Spares,CUST-792,22304,5,1115.2,23419.2
INV1893,2025-04-22,Larsen Industrial,CUST-793,22441,12,2692.92,25133.92
INV1894,2025-04-23,Bajaj Electricals,CUST-794,22578,18,4064.04,26642.04
INV1895,2025-04-24,Godrej Agrovet,CUST-795,22715,28,6360.2,29075.2
INV1896,2025-04-25,Hindustan Traders,CUST-796,22852,5,1142.6,23994.6
INV1898,2025-04-27,Swiggy Kitchens,CUST-798,23126,18,4162.68,27288.68
INV1899,2025-04-28,Delhivery Express,CUST-799,23263,28,3763.64,27026.64
INV1900,2025-04-01,ABC Ltd,CUST-800,23400,5,100,23500
INV1901,2025-04-02,XYZ Corp,CUST-801,23537,12,100,23637
INV1902,2025-04-03,Global Mart,CUST-802,23674,18,761.32,24435.32
INV1903,2025-04-04,Tech Solutions,CUST-803,23811,28,2917.08,26728.08
INV1904,2025-04-05,Office Hub,CUST-804,23948,5,100,24048
INV1905,2025-04-06,Retail One,CUST-805,24085,12,2890.2,26975.2
INV1906,2025-04-07,Bharat Logistics,CUST-806,24222,18,4359.96,28581.96
INV1907,2025-04-08,Tata Enterprises,CUST-807,24359,28,6820.52,31179.52
INV1908,2025-04-09,Reliance Supply,CUST-808,24496,5,1224.8,25720.8
INV1909,2025-04-10,Infosys Services,CUST-809,24633,12,2955.96,27588.96
INV1910,2025-04-11,Wipro Digital,CUST-810,24770,18,4458.6,29228.6
INV1912,2025-04-13,Mahindra Spares,CUST-812,25044,5,1252.2,26296.2
INV1913,2025-04-14,Larsen Industrial,CUST-813,25181,12,521.72,25702.72
INV1914,2025-04-15,Bajaj Electricals,CUST-814,25318,18,1807.24,27125.24
INV1915,2025-04-16,Godrej Agrovet,CUST-815,25455,28,4127.4,29582.4
INV1916,2025-04-17,Hindustan Traders,CUST-816,25592,5,100,25692
INV1917,2025-04-18,Zomato Logistics,CUST-817,25729,12,100,25829
INV1918,2025-04-19,Swiggy Kitchens,CUST-818,25866,18,4655.88,30521.88
INV1919,2025-04-20,Delhivery Express,CUST-819,26003,28,7280.84,33283.84
INV1920,2025-04-21,ABC Ltd,CUST-820,26140,5,1307,27447
INV1921,2025-04-22,XYZ Corp,CUST-821,26277,12,3153.24,29430.24
INV1922,2025-04-23,Global Mart,CUST-822,26414,18,4754.52,31168.52
INV1923,2025-04-24,Tech Solutions,CUST-823,26551,28,7434.28,33985.28
INV1925,2025-04-26,Retail One,CUST-825,26825,12,3219,30044
INV1926,2025-04-27,Bharat Logistics,CUST-826,26962,18,4853.16,31815.16
INV1927,2025-04-28,Tata Enterprises,CUST-827,27099,28,5337.72,32436.72
INV1928,2025-04-01,Reliance Supply,CUST-828,27236,5,100,27336
INV1929,2025-04-02,Infosys Services,CUST-829,27373,12,534.76,27907.76
INV1930,2025-04-03,Wipro Digital,CUST-830,27510,18,1951.8,29461.8
INV1931,2025-04-04,Adani Ports & SEZ,CUST-831,27647,28,4491.16,32138.16
INV1932,2025-04-05,Mahindra Spares,CUST-832,27784,5,1389.2,29173.2
INV1933,2025-04-06,Larsen Industrial,CUST-833,27921,12,3350.52,31271.52
INV1934,2025-04-07,Bajaj Electricals,CUST-834,28058,18,5050.44,33108.44
INV1935,2025-04-08,Godrej Agrovet,CUST-835,28195,28,7894.6,36089.6
INV1936,2025-04-09,Hindustan Traders,CUST-836,28332,5,1416.6,29748.6
INV1937,2025-04-10,Zomato Logistics,CUST-837,28469,12,3416.28,31885.28
INV1939,2025-04-12,Delhivery Express,CUST-839,28743,28,8048.04,36791.04
INV1940,2025-04-13,ABC Ltd,CUST-840,28880,5,100,28980
INV1941,2025-04-14,XYZ Corp,CUST-841,29017,12,1482.04,30499.04
INV1942,2025-04-15,Global Mart,CUST-842,29154,18,2997.72,32151.72
INV1943,2025-04-16,Tech Solutions,CUST-843,29291,28,5701.48,34992.48
INV1944,2025-04-17,Office Hub,CUST-844,29428,5,100,29528
INV1945,2025-04-18,Retail One,CUST-845,29565,12,547.8,30112.8
INV1946,2025-04-19,Bharat Logistics,CUST-846,29702,18,5346.36,35048.36
INV1947,2025-04-20,Tata Enterprises,CUST-847,29839,28,8354.92,38193.92
INV1948,2025-04-21,Reliance Supply,CUST-848,29976,5,1498.8,31474.8
INV1949,2025-04-22,Infosys Services,CUST-849,30113,12,3613.56,33726.56
INV1950,2025-04-23,Wipro Digital,CUST-850,850000,18,153000,1003000
INV1951,2025-04-24,Adani Ports & SEZ,CUST-851,30387,28,8508.36,38895.36
INV1953,2025-04-26,Larsen Industrial,CUST-853,30661,12,3679.32,34340.32
INV1954,2025-04-27,Bajaj Electricals,CUST-854,30798,18,4043.64,34841.64
INV1955,2025-04-28,Godrej Agrovet,CUST-855,30935,28,6911.8,37846.8
INV1956,2025-04-01,Hindustan Traders,CUST-856,31072,5,100,31172
INV1957,2025-04-02,Zomato Logistics,CUST-857,31209,12,1495.08,32704.08
INV1958,2025-04-03,Swiggy Kitchens,CUST-858,31346,18,3142.28,34488.28
INV1959,2025-04-04,Delhivery Express,CUST-859,31483,28,8815.24,40298.24
INV1960,2025-04-05,ABC Ltd,CUST-860,31620,5,1581,33201
INV1961,2025-04-06,XYZ Corp,CUST-861,31757,12,3810.84,35567.84
INV1962,2025-04-07,Global Mart,CUST-862,31894,18,5740.92,37634.92
INV1963,2025-04-08,Tech Solutions,CUST-863,32031,28,8968.68,40999.68
INV1964,2025-04-09,Office Hub,CUST-864,32168,5,1608.4,33776.4
INV1965,2025-04-10,Retail One,CUST-865,32305,12,3876.6,36181.6
INV1967,2025-04-12,Tata Enterprises,CUST-867,32579,28,9122.12,41701.12
INV1968,2025-04-13,Reliance Supply,CUST-868,32716,5,385.8,33101.8
INV1969,2025-04-14,Infosys Services,CUST-869,32853,12,2442.36,35295.36
INV1970,2025-04-15,Wipro Digital,CUST-870,32990,18,4188.2,37178.2
INV1971,2025-04-16,Adani Ports & SEZ,CUST-871,33127,28,7275.56,40402.56
INV1972,2025-04-17,Mahindra Spares,CUST-872,33264,5,100,33364
INV1973,2025-04-18,Larsen Industrial,CUST-873,33401,12,4008.12,37409.12
INV1974,2025-04-19,Bajaj Electricals,CUST-874,33538,18,6036.84,39574.84
INV1975,2025-04-20,Godrej Agrovet,CUST-875,33675,28,9429,43104
INV1976,2025-04-21,Hindustan Traders,CUST-876,33812,5,1690.6,35502.6
INV1977,2025-04-22,Zomato Logistics,CUST-877,33949,12,4073.88,38022.88
INV1978,2025-04-23,Swiggy Kitchens,CUST-878,34086,18,6135.48,40221.48
INV1980,2025-04-25,ABC Ltd,CUST-880,34360,5,1718,36078
INV1981,2025-04-26,XYZ Corp,CUST-881,34497,12,3389.64,37886.64
INV1982,2025-04-27,Global Mart,CUST-882,34634,18,5234.12,39868.12
INV1983,2025-04-28,Tech Solutions,CUST-883,34771,28,8485.88,43256.88
INV1984,2025-04-01,Office Hub,CUST-884,34908,5,245.4,35153.4
INV1985,2025-04-02,Retail One,CUST-885,35045,12,2455.4,37500.4
INV1986,2025-04-03,Bharat Logistics,CUST-886,35182,18,4332.76,39514.76
INV1987,2025-04-04,Tata Enterprises,CUST-887,35319,28,9889.32,45208.32
INV1988,2025-04-05,Reliance Supply,CUST-888,35456,5,1772.8,37228.8
INV1989,2025-04-06,Infosys Services,CUST-889,35593,12,4271.16,39864.16
INV1990,2025-04-07,Wipro Digital,CUST-890,35730,18,6431.4,42161.4
INV1991,2025-04-08,Adani Ports & SEZ,CUST-891,35867,28,10042.76,45909.76
INV1992,2025-04-09,Mahindra Spares,CUST-892,36004,5,1800.2,37804.2
INV1994,2025-04-11,Bajaj Electricals,CUST-894,36278,18,6530.04,42808.04
INV1995,2025-04-12,Godrej Agrovet,CUST-895,36415,28,9696.2,46111.2
INV1996,2025-04-13,Hindustan Traders,CUST-896,36552,5,1077.6,37629.6
INV1997,2025-04-14,Zomato Logistics,CUST-897,36689,12,3402.68,40091.68
INV1998,2025-04-15,Swiggy Kitchens,CUST-898,36826,18,5378.68,42204.68
INV1999,2025-04-16,Delhivery Express,CUST-899,36963,28,8849.64,45812.64
INV2000,2025-04-17,ABC Ltd,CUST-900,37100,5,1855,38955
INV2001,2025-04-18,XYZ Corp,CUST-901,37237,12,4468.44,41705.44
INV2002,2025-04-19,Global Mart,CUST-902,37374,18,6727.32,44101.32
INV2003,2025-04-20,Tech Solutions,CUST-903,37511,28,10503.08,48014.08
INV2004,2025-04-21,Office Hub,CUST-904,37648,5,1882.4,39530.4
INV2005,2025-04-22,Retail One,CUST-905,37785,12,4534.2,42319.2
INV2006,2025-04-23,Bharat Logistics,CUST-906,37922,18,6825.96,44747.96
INV2008,2025-04-25,Reliance Supply,CUST-908,38196,5,1909.8,40105.8
INV2009,2025-04-26,Infosys Services,CUST-909,38333,12,599.96,38932.96
INV2010,2025-04-27,Wipro Digital,CUST-910,38470,18,6424.6,44894.6
INV2011,2025-04-28,Adani Ports & SEZ,CUST-911,38607,28,10059.96,48666.96
INV2012,2025-04-01,Mahindra Spares,CUST-912,38744,5,937.2,39681.2
INV2013,2025-04-02,Larsen Industrial,CUST-913,38881,12,3415.72,42296.72
INV2014,2025-04-03,Bajaj Electricals,CUST-914,39018,18,7023.24,46041.24
INV2015,2025-04-04,Godrej Agrovet,CUST-915,39155,28,10963.4,50118.4
INV2016,2025-04-05,Hindustan Traders,CUST-916,39292,5,1964.6,41256.6
INV2017,2025-04-06,Zomato Logistics,CUST-917,39429,12,4731.48,44160.48
INV2018,2025-04-07,Swiggy Kitchens,CUST-918,39566,18,7121.88,46687.88
INV2019,2025-04-08,Delhivery Express,CUST-919,39703,28,11116.84,50819.84
INV2021,2025-04-10,XYZ Corp,CUST-921,39977,12,4797.24,44774.24
INV2022,2025-04-11,Global Mart,CUST-922,40114,18,3720.52,43834.52
INV2023,2025-04-12,Tech Solutions,CUST-923,40251,28,7520.28,47771.28
INV2024,2025-04-13,Office Hub,CUST-924,40388,5,100,40488
INV2025,2025-04-14,Retail One,CUST-925,40525,12,4363,44888
INV2026,2025-04-15,Bharat Logistics,CUST-926,40662,18,6569.16,47231.16
INV2027,2025-04-16,Tata Enterprises,CUST-927,40799,28,10423.72,51222.72
INV2028,2025-04-17,Reliance Supply,CUST-928,40936,5,2046.8,42982.8
INV2029,2025-04-18,Infosys Services,CUST-929,41073,12,4928.76,46001.76
INV2030,2025-04-19,Wipro Digital,CUST-930,41210,18,7417.8,48627.8
INV2031,2025-04-20,Adani Ports & SEZ,CUST-931,41347,28,11577.16,52924.16
INV2032,2025-04-21,Mahindra Spares,CUST-932,41484,5,2074.2,43558.2
INV2033,2025-04-22,Larsen Industrial,CUST-933,41621,12,4994.52,46615.52
INV2035,2025-04-24,Godrej Agrovet,CUST-935,41895,28,11730.6,53625.6
INV2036,2025-04-25,Hindustan Traders,CUST-936,42032,5,100,42132
INV2037,2025-04-26,Zomato Logistics,CUST-937,42169,12,1560.28,43729.28
INV2038,2025-04-27,Swiggy Kitchens,CUST-938,42306,18,3865.08,46171.08
INV2039,2025-04-28,Delhivery Express,CUST-939,42443,28,7884.04,50327.04
INV2040,2025-04-01,ABC Ltd,CUST-940,42580,5,1629,44209
INV2041,2025-04-02,XYZ Corp,CUST-941,42717,12,4376.04,47093.04
INV2042,2025-04-03,Global Mart,CUST-942,42854,18,7713.72,50567.72
INV2043,2025-04-04,Tech Solutions,CUST-943,42991,28,12037.48,55028.48
INV2044,2025-04-05,Office Hub,CUST-944,43128,5,2156.4,45284.4
INV2045,2025-04-06,Retail One,CUST-945,43265,12,5191.8,48456.8
INV2046,2025-04-07,Bharat Logistics,CUST-946,43402,18,7812.36,51214.36
INV2047,2025-04-08,Tata Enterprises,CUST-947,43539,28,12190.92,55729.92
INV2049,2025-04-10,Infosys Services,CUST-949,43813,12,5257.56,49070.56
INV2050,2025-04-11,Wipro Digital,CUST-100,43950,18,4911,48861
INV2051,2025-04-12,Adani Ports & SEZ,CUST-101,44087,28,9094.36,53181.36
INV2052,2025-04-13,Mahindra Spares,CUST-102,44224,5,100,44324
INV2053,2025-04-14,Larsen Industrial,CUST-103,44361,12,1573.32,45934.32
INV2054,2025-04-15,Bajaj Electricals,CUST-104,44498,18,4009.64,48507.64
INV2055,2025-04-16,Godrej Agrovet,CUST-105,44635,28,12497.8,57132.8
INV2056,2025-04-17,Hindustan Traders,CUST-106,44772,5,2238.6,47010.6
INV2057,2025-04-18,Zomato Logistics,CUST-107,44909,12,5389.08,50298.08
INV2058,2025-04-19,Swiggy Kitchens,CUST-108,45046,18,8108.28,53154.28
INV2059,2025-04-20,Delhivery Express,CUST-109,45183,28,12651.24,57834.24
INV2060,2025-04-21,ABC Ltd,CUST-110,45320,5,2266,47586
INV2062,2025-04-23,Global Mart,CUST-112,45594,18,8206.92,53800.92
INV2063,2025-04-24,Tech Solutions,CUST-113,45731,28,12804.68,58535.68
INV2064,2025-04-25,Office Hub,CUST-114,45868,5,100,45968
INV2065,2025-04-26,Retail One,CUST-115,46005,12,2520.6,48525.6
INV2066,2025-04-27,Bharat Logistics,CUST-116,46142,18,5055.56,51197.56
INV2067,2025-04-28,Tata Enterprises,CUST-117,46279,28,9458.12,55737.12
INV2068,2025-04-01,Reliance Supply,CUST-118,46416,5,100,46516
INV2069,2025-04-02,Infosys Services,CUST-119,46553,12,5586.36,52139.36
INV2070,2025-04-03,Wipro Digital,CUST-120,46690,18,8404.2,55094.2
INV2071,2025-04-04,Adani Ports & SEZ,CUST-121,46827,28,13111.56,59938.56
INV2072,2025-04-05,Mahindra Spares,CUST-122,46964,5,2348.2,49312.2
INV2073,2025-04-06,Larsen Industrial,CUST-123,47101,12,5652.12,52753.12
INV2074,2025-04-07,Bajaj Electricals,CUST-124,47238,18,8502.84,55740.84
INV2076,2025-04-09,Hindustan Traders,CUST-126,47512,5,2375.6,49887.6
INV2077,2025-04-10,Zomato Logistics,CUST-127,47649,12,3467.88,51116.88
INV2078,2025-04-11,Swiggy Kitchens,CUST-128,47786,18,6101.48,53887.48
INV2079,2025-04-12,Delhivery Express,CUST-129,47923,28,10668.44,58591.44
INV2080,2025-04-13,ABC Ltd,CUST-130,48060,5,100,48160
INV2081,2025-04-14,XYZ Corp,CUST-131,48197,12,2533.64,50730.64
INV2082,2025-04-15,Global Mart,CUST-132,48334,18,5200.12,53534.12
INV2083,2025-04-16,Tech Solutions,CUST-133,48471,28,13571.88,62042.88
INV2084,2025-04-17,Office Hub,CUST-134,48608,5,2430.4,51038.4
INV2085,2025-04-18,Retail One,CUST-135,48745,12,5849.4,54594.4
INV2086,2025-04-19,Bharat Logistics,CUST-136,48882,18,8798.76,57680.76
INV2087,2025-04-20,Tata Enterprises,CUST-137,49019,28,13725.32,62744.32
INV2088,2025-04-21,Reliance Supply,CUST-138,49156,5,2457.8,51613.8
INV2090,2025-04-23,Wipro Digital,CUST-140,49430,18,8897.4,58327.4
INV2091,2025-04-24,Adani Ports & SEZ,CUST-141,49567,28,11878.76,61445.76
INV2092,2025-04-25,Mahindra Spares,CUST-142,49704,5,235.2,49939.2
INV2093,2025-04-26,Larsen Industrial,CUST-143,49841,12,3480.92,53321.92
INV2094,2025-04-27,Bajaj Electricals,CUST-144,49978,18,6246.04,56224.04
INV2095,2025-04-28,Godrej Agrovet,CUST-145,50115,28,11032.2,61147.2
INV2096,2025-04-01,Hindustan Traders,CUST-146,50252,5,2512.6,52764.6
INV2097,2025-04-02,Zomato Logistics,CUST-147,50389,12,6046.68,56435.68
INV2098,2025-04-03,Swiggy Kitchens,CUST-148,50526,18,9094.68,59620.68
INV2099,2025-04-04,Delhivery Express,CUST-149,50663,28,14185.64,64848.64
INV2100,2025-04-05,ABC Ltd,CUST-150,50800,5,2540,53340
INV2101,2025-04-06,XYZ Corp,CUST-151,50937,12,6112.44,57049.44
INV2102,2025-04-07,Global Mart,CUST-152,51074,18,9193.32,60267.32
INV2104,2025-04-09,Office Hub,CUST-154,51348,5,2567.4,53915.4
INV2105,2025-04-10,Retail One,CUST-155,51485,12,4428.2,55913.2
INV2106,2025-04-11,Bharat Logistics,CUST-156,51622,18,7291.96,58913.96
INV2107,2025-04-12,Tata Enterprises,CUST-157,51759,28,12242.52,64001.52
INV2108,2025-04-13,Reliance Supply,CUST-158,51896,5,100,51996
INV2109,2025-04-14,Infosys Services,CUST-159,52033,12,3493.96,55526.96
INV2110,2025-04-15,Wipro Digital,CUST-160,52170,18,9390.6,61560.6
INV2111,2025-04-16,Adani Ports & SEZ,CUST-161,52307,28,14645.96,66952.96
INV2112,2025-04-17,Mahindra Spares,CUST-162,52444,5,2622.2,55066.2
INV2113,2025-04-18,Larsen Industrial,CUST-163,52581,12,6309.72,58890.72
INV2114,2025-04-19,Bajaj Electricals,CUST-164,52718,18,9489.24,62207.24
INV2115,2025-04-20,Godrej Agrovet,CUST-165,52855,28,14799.4,67654.4
INV2117,2025-04-22,Zomato Logistics,CUST-167,53129,12,6375.48,59504.48
INV2118,2025-04-23,Swiggy Kitchens,CUST-168,53266,18,8337.88,61603.88
INV2119,2025-04-24,Delhivery Express,CUST-169,53403,28,13452.84,66855.84
INV2120,2025-04-25,ABC Ltd,CUST-170,53540,5,927,54467
INV2121,2025-04-26,XYZ Corp,CUST-171,53677,12,4441.24,58118.24
INV2122,2025-04-27,Global Mart,CUST-172,53814,18,7436.52,61250.52
INV2123,2025-04-28,Tech Solutions,CUST-173,53951,28,12606.28,66557.28
INV2124,2025-04-01,Office Hub,CUST-174,54088,5,2704.4,56792.4
INV2125,2025-04-02,Retail One,CUST-175,54225,12,6507,60732
INV2126,2025-04-03,Bharat Logistics,CUST-176,54362,18,9785.16,64147.16
INV2127,2025-04-04,Tata Enterprises,CUST-177,54499,28,15259.72,69758.72
INV2128,2025-04-05,Reliance Supply,CUST-178,54636,5,2731.8,57367.8
INV2129,2025-04-06,Infosys Services,CUST-179,54773,12,6572.76,61345.76
INV2131,2025-04-08,Adani Ports & SEZ,CUST-181,55047,28,15413.16,70460.16
INV2132,2025-04-09,Mahindra Spares,CUST-182,55184,5,1759.2,56943.2
INV2133,2025-04-10,Larsen Industrial,CUST-183,55321,12,5388.52,60709.52
INV2134,2025-04-11,Bajaj Electricals,CUST-184,55458,18,8482.44,63940.44
INV2135,2025-04-12,Godrej Agrovet,CUST-185,55595,28,13816.6,69411.6
INV2136,2025-04-13,Hindustan Traders,CUST-186,55732,5,786.6,56518.6
INV2137,2025-04-14,Zomato Logistics,CUST-187,55869,12,6704.28,62573.28
INV2138,2025-04-15,Swiggy Kitchens,CUST-188,56006,18,10081.08,66087.08
INV2139,2025-04-16,Delhivery Express,CUST-189,56143,28,15720.04,71863.04
INV2140,2025-04-17,ABC Ltd,CUST-190,56280,5,2814,59094
INV2141,2025-04-18,XYZ Corp,CUST-191,56417,12,6770.04,63187.04
INV2142,2025-04-19,Global Mart,CUST-192,56554,18,10179.72,66733.72
INV2143,2025-04-20,Tech Solutions,CUST-193,56691,28,15873.48,72564.48
INV2145,2025-04-22,Retail One,CUST-195,56965,12,6835.8,63800.8
INV2146,2025-04-23,Bharat Logistics,CUST-196,57102,18,9528.36,66630.36
INV2147,2025-04-24,Tata Enterprises,CUST-197,57239,28,15026.92,72265.92
INV2148,2025-04-25,Reliance Supply,CUST-198,57376,5,1618.8,58994.8
INV2149,2025-04-26,Infosys Services,CUST-199,57513,12,5401.56,62914.56
INV2150,2025-04-27,Wipro Digital,CUST-200,57650,18,8627,66277
INV2151,2025-04-28,Adani Ports & SEZ,CUST-201,57787,28,16180.36,73967.36
INV2152,2025-04-01,Mahindra Spares,CUST-202,57924,5,2896.2,60820.2
INV2153,2025-04-02,Larsen Industrial,CUST-203,58061,12,6967.32,65028.32
INV2154,2025-04-03,Bajaj Electricals,CUST-204,58198,18,10475.64,68673.64
INV2155,2025-04-04,Godrej Agrovet,CUST-205,58335,28,16333.8,74668.8
INV2156,2025-04-05,Hindustan Traders,CUST-206,58472,5,2923.6,61395.6
INV2158,2025-04-07,Swiggy Kitchens,CUST-208,58746,18,10574.28,69320.28
INV2159,2025-04-08,Delhivery Express,CUST-209,58883,28,12487.24,71370.24
INV2160,2025-04-09,ABC Ltd,CUST-210,59020,5,2451,61471
INV2161,2025-04-10,XYZ Corp,CUST-211,59157,12,6348.84,65505.84
INV2162,2025-04-11,Global Mart,CUST-212,59294,18,9672.92,68966.92
INV2163,2025-04-12,Tech Solutions,CUST-213,59431,28,15390.68,74821.68
INV2164,2025-04-13,Office Hub,CUST-214,59568,5,1478.4,61046.4
INV2165,2025-04-14,Retail One,CUST-215,59705,12,7164.6,66869.6
INV2166,2025-04-15,Bharat Logistics,CUST-216,59842,18,10771.56,70613.56
INV2167,2025-04-16,Tata Enterprises,CUST-217,59979,28,16794.12,76773.12
INV2168,2025-04-17,Reliance Supply,CUST-218,60116,5,3005.8,63121.8
INV2169,2025-04-18,Infosys Services,CUST-219,60253,12,7230.36,67483.36
INV2170,2025-04-19,Wipro Digital,CUST-220,60390,18,10870.2,71260.2
INV2172,2025-04-21,Mahindra Spares,CUST-222,60664,5,3033.2,63697.2
INV2173,2025-04-22,Larsen Industrial,CUST-223,60801,12,3546.12,64347.12
INV2174,2025-04-23,Bajaj Electricals,CUST-224,60938,18,6968.84,67906.84
INV2175,2025-04-24,Godrej Agrovet,CUST-225,61075,28,16601,77676
INV2176,2025-04-25,Hindustan Traders,CUST-226,61212,5,2310.6,63522.6
INV2177,2025-04-26,Zomato Logistics,CUST-227,61349,12,6361.88,67710.88
INV2178,2025-04-27,Swiggy Kitchens,CUST-228,61486,18,9817.48,71303.48
INV2179,2025-04-28,Delhivery Express,CUST-229,61623,28,17254.44,78877.44
INV2180,2025-04-01,ABC Ltd,CUST-230,61760,5,3088,64848
INV2181,2025-04-02,XYZ Corp,CUST-231,61897,12,7427.64,69324.64
INV2182,2025-04-03,Global Mart,CUST-232,62034,18,11166.12,73200.12
INV2183,2025-04-04,Tech Solutions,CUST-233,62171,28,17407.88,79578.88
INV2184,2025-04-05,Office Hub,CUST-234,62308,5,3115.4,65423.4
INV2186,2025-04-07,Bharat Logistics,CUST-236,62582,18,11264.76,73846.76
INV2187,2025-04-08,Tata Enterprises,CUST-237,62719,28,14061.32,76780.32
INV2188,2025-04-09,Reliance Supply,CUST-238,62856,5,100,62956
INV2189,2025-04-10,Infosys Services,CUST-239,62993,12,3559.16,66552.16
INV2190,2025-04-11,Wipro Digital,CUST-240,63130,18,10863.4,73993.4
INV2191,2025-04-12,Adani Ports & SEZ,CUST-241,63267,28,16964.76,80231.76
INV2192,2025-04-13,Mahindra Spares,CUST-242,63404,5,3170.2,66574.2
INV2193,2025-04-14,Larsen Industrial,CUST-243,63541,12,7624.92,71165.92
INV2194,2025-04-15,Bajaj Electricals,CUST-244,63678,18,11462.04,75140.04
INV2195,2025-04-16,Godrej Agrovet,CUST-245,63815,28,17868.2,81683.2
INV2196,2025-04-17,Hindustan Traders,CUST-246,63952,5,3197.6,67149.6
INV2197,2025-04-18,Zomato Logistics,CUST-247,64089,12,7690.68,71779.68
INV2199,2025-04-20,Delhivery Express,CUST-249,64363,28,18021.64,82384.64
INV2200,2025-04-21,ABC Ltd,CUST-250,1050000,5,49500,1099500
INV2201,2025-04-22,XYZ Corp,CUST-251,64637,12,4506.44,69143.44
INV2202,2025-04-23,Global Mart,CUST-252,64774,18,8159.32,72933.32
INV2203,2025-04-24,Tech Solutions,CUST-253,64911,28,14425.08,79336.08
INV2204,2025-04-25,Office Hub,CUST-254,65048,5,100,65148
INV2205,2025-04-26,Retail One,CUST-255,65185,12,7322.2,72507.2
INV2206,2025-04-27,Bharat Logistics,CUST-256,65322,18,11757.96,77079.96
INV2207,2025-04-28,Tata Enterprises,CUST-257,65459,28,18328.52,83787.52
INV2208,2025-04-01,Reliance Supply,CUST-258,65596,5,3279.8,68875.8
INV2209,2025-04-02,Infosys Services,CUST-259,65733,12,7887.96,73620.96
INV2210,2025-04-03,Wipro Digital,CUST-260,65870,18,11856.6,77726.6
INV2211,2025-04-04,Adani Ports & SEZ,CUST-261,66007,28,18481.96,84488.96
INV2213,2025-04-06,Larsen Industrial,CUST-263,66281,12,7953.72,74234.72
INV2214,2025-04-07,Bajaj Electricals,CUST-264,66418,18,9205.24,75623.24
INV2215,2025-04-08,Godrej Agrovet,CUST-265,66555,28,15635.4,82190.4
INV2216,2025-04-09,Hindustan Traders,CUST-266,66692,5,100,66792
INV2217,2025-04-10,Zomato Logistics,CUST-267,66829,12,4519.48,71348.48
INV2218,2025-04-11,Swiggy Kitchens,CUST-268,66966,18,8303.88,75269.88
INV2219,2025-04-12,Delhivery Express,CUST-269,67103,28,14788.84,81891.84
INV2220,2025-04-13,ABC Ltd,CUST-270,67240,5,3362,70602
INV2221,2025-04-14,XYZ Corp,CUST-271,67377,12,8085.24,75462.24
INV2222,2025-04-15,Global Mart,CUST-272,67514,18,12152.52,79666.52
INV2223,2025-04-16,Tech Solutions,CUST-273,67651,28,18942.28,86593.28
INV2224,2025-04-17,Office Hub,CUST-274,67788,5,3389.4,71177.4
INV2225,2025-04-18,Retail One,CUST-275,67925,12,8151,76076
INV2227,2025-04-20,Tata Enterprises,CUST-277,68199,28,19095.72,87294.72
INV2228,2025-04-21,Reliance Supply,CUST-278,68336,5,916.8,69252.8
INV2229,2025-04-22,Infosys Services,CUST-279,68473,12,5466.76,73939.76
INV2230,2025-04-23,Wipro Digital,CUST-280,68610,18,9349.8,77959.8
INV2231,2025-04-24,Adani Ports & SEZ,CUST-281,68747,28,15999.16,84746.16
INV2232,2025-04-25,Mahindra Spares,CUST-282,68884,5,100,68984
INV2233,2025-04-26,Larsen Industrial,CUST-283,69021,12,8282.52,77303.52
INV2234,2025-04-27,Bajaj Electricals,CUST-284,69158,18,12448.44,81606.44
INV2235,2025-04-28,Godrej Agrovet,CUST-285,69295,28,19402.6,88697.6
INV2236,2025-04-01,Hindustan Traders,CUST-286,69432,5,3471.6,72903.6
INV2237,2025-04-02,Zomato Logistics,CUST-287,69569,12,8348.28,77917.28
INV2238,2025-04-03,Swiggy Kitchens,CUST-288,69706,18,12547.08,82253.08
INV2239,2025-04-04,Delhivery Express,CUST-289,69843,28,19556.04,89399.04
INV2240,2025-04-05,ABC Ltd,CUST-290,69980,5,3499,73479
INV2241,2025-04-06,XYZ Corp,CUST-291,70117,12,8414.04,78531.04
INV2242,2025-04-07,Global Mart,CUST-292,70254,18,10395.72,80649.72
INV2243,2025-04-08,Tech Solutions,CUST-293,70391,28,17209.48,87600.48
INV2244,2025-04-09,Office Hub,CUST-294,70528,5,776.4,71304.4
INV2245,2025-04-10,Retail One,CUST-295,70665,12,5479.8,76144.8
INV2246,2025-04-11,Bharat Logistics,CUST-296,70802,18,9494.36,80296.36
INV2247,2025-04-12,Tata Enterprises,CUST-297,70939,28,19862.92,90801.92
INV2248,2025-04-13,Reliance Supply,CUST-298,71076,5,3553.8,74629.8
INV2249,2025-04-14,Infosys Services,CUST-299,71213,12,8545.56,79758.56
INV2250,2025-04-15,Wipro Digital,CUST-300,71350,18,12843,84193
INV2251,2025-04-16,Adani Ports & SEZ,CUST-301,71487,28,20016.36,91503.36
INV2252,2025-04-17,Mahindra Spares,CUST-302,71624,5,3581.2,75205.2
INV2254,2025-04-19,Bajaj Electricals,CUST-304,71898,18,12941.64,84839.64
INV2255,2025-04-20,Godrej Agrovet,CUST-305,72035,28,18419.8,90454.8
INV2256,2025-04-21,Hindustan Traders,CUST-306,72172,5,1608.6,73780.6
INV2257,2025-04-22,Zomato Logistics,CUST-307,72309,12,6427.08,78736.08
INV2258,2025-04-23,Swiggy Kitchens,CUST-308,72446,18,10540.28,82986.28
INV2259,2025-04-24,Delhivery Express,CUST-309,72583,28,17573.24,90156.24
INV2260,2025-04-25,ABC Ltd,CUST-310,72720,5,636,73356
INV2261,2025-04-26,XYZ Corp,CUST-311,72857,12,8742.84,81599.84
INV2262,2025-04-27,Global Mart,CUST-312,72994,18,13138.92,86132.92
INV2263,2025-04-28,Tech Solutions,CUST-313,73131,28,20476.68,93607.68
INV2264,2025-04-01,Office Hub,CUST-314,73268,5,3663.4,76931.4
INV2265,2025-04-02,Retail One,CUST-315,73405,12,8808.6,82213.6
INV2266,2025-04-03,Bharat Logistics,CUST-316,73542,18,13237.56,86779.56
INV2268,2025-04-05,Reliance Supply,CUST-318,73816,5,3690.8,77506.8
INV2269,2025-04-06,Infosys Services,CUST-319,73953,12,7374.36,81327.36
INV2270,2025-04-07,Wipro Digital,CUST-320,74090,18,11586.2,85676.2
INV2271,2025-04-08,Adani Ports & SEZ,CUST-321,74227,28,18783.56,93010.56
INV2272,2025-04-09,Mahindra Spares,CUST-322,74364,5,1468.2,75832.2
INV2273,2025-04-10,Larsen Industrial,CUST-323,74501,12,6440.12,80941.12
INV2274,2025-04-11,Bajaj Electricals,CUST-324,74638,18,13434.84,88072.84
INV2275,2025-04-12,Godrej Agrovet,CUST-325,74775,28,20937,95712
INV2276,2025-04-13,Hindustan Traders,CUST-326,74912,5,3745.6,78657.6
INV2277,2025-04-14,Zomato Logistics,CUST-327,75049,12,9005.88,84054.88
INV2278,2025-04-15,Swiggy Kitchens,CUST-328,75186,18,13533.48,88719.48
INV2279,2025-04-16,Delhivery Express,CUST-329,75323,28,21090.44,96413.44
INV2280,2025-04-17,ABC Ltd,CUST-330,75460,5,3773,79233
INV2282,2025-04-19,Global Mart,CUST-332,75734,18,13632.12,89366.12
INV2283,2025-04-20,Tech Solutions,CUST-333,75871,28,19993.88,95864.88
INV2284,2025-04-21,Office Hub,CUST-334,76008,5,2300.4,78308.4
INV2285,2025-04-22,Retail One,CUST-335,76145,12,7387.4,83532.4
INV2286,2025-04-23,Bharat Logistics,CUST-336,76282,18,11730.76,88012.76
INV2287,2025-04-24,Tata Enterprises,CUST-337,76419,28,19147.32,95566.32
INV2288,2025-04-25,Reliance Supply,CUST-338,76556,5,3827.8,80383.8
INV2289,2025-04-26,Infosys Services,CUST-339,76693,12,9203.16,85896.16
INV2290,2025-04-27,Wipro Digital,CUST-340,76830,18,13829.4,90659.4
INV2291,2025-04-28,Adani Ports & SEZ,CUST-341,76967,28,21550.76,98517.76
INV2292,2025-04-01,Mahindra Spares,CUST-342,77104,5,3855.2,80959.2
INV2293,2025-04-02,Larsen Industrial,CUST-343,77241,12,9268.92,86509.92
INV2295,2025-04-04,Godrej Agrovet,CUST-345,2515,28,704.2,3219.2
INV2296,2025-04-05,Hindustan Traders,CUST-346,2652,5,100,2752
INV2297,2025-04-06,Zomato Logistics,CUST-347,2789,12,100,2889
INV2298,2025-04-07,Swiggy Kitchens,CUST-348,2926,18,100,3026
INV2299,2025-04-08,Delhivery Express,CUST-349,3063,28,100,3163
INV2300,2025-04-09,ABC Ltd,CUST-350,3200,5,160,3360
INV2301,2025-04-10,XYZ Corp,CUST-351,3337,12,400.44,3737.44
INV2302,2025-04-11,Global Mart,CUST-352,3474,18,625.32,4099.32
INV2303,2025-04-12,Tech Solutions,CUST-353,3611,28,1011.08,4622.08
INV2304,2025-04-13,Office Hub,CUST-354,3748,5,187.4,3935.4
INV2305,2025-04-14,Retail One,CUST-355,3885,12,466.2,4351.2
INV2306,2025-04-15,Bharat Logistics,CUST-356,4022,18,723.96,4745.96
INV2307,2025-04-16,Tata Enterprises,CUST-357,4159,28,1164.52,5323.52
INV2309,2025-04-18,Infosys Services,CUST-359,4433,12,531.96,4964.96
INV2310,2025-04-19,Wipro Digital,CUST-360,4570,18,822.6,5392.6
INV2311,2025-04-20,Adani Ports & SEZ,CUST-361,4707,28,1317.96,6024.96
INV2312,2025-04-21,Mahindra Spares,CUST-362,4844,5,242.2,5086.2
INV2313,2025-04-22,Larsen Industrial,CUST-363,4981,12,597.72,5578.72
INV2314,2025-04-23,Bajaj Electricals,CUST-364,5118,18,921.24,6039.24
INV2315,2025-04-24,Godrej Agrovet,CUST-365,5255,28,1471.4,6726.4
INV2316,2025-04-25,Hindustan Traders,CUST-366,5392,5,269.6,5661.6
INV2317,2025-04-26,Zomato Logistics,CUST-367,5529,12,663.48,6192.48
INV2318,2025-04-27,Swiggy Kitchens,CUST-368,5666,18,1019.88,6685.88
INV2319,2025-04-28,Delhivery Express,CUST-369,5803,28,1624.84,7427.84
INV2320,2025-04-01,ABC Ltd,CUST-370,5940,5,297,6237
INV2321,2025-04-02,XYZ Corp,CUST-371,6077,12,729.24,6806.24
INV2323,2025-04-04,Tech Solutions,CUST-373,6351,28,1778.28,8129.28
INV2324,2025-04-05,Office Hub,CUST-374,6488,5,324.4,6812.4
INV2325,2025-04-06,Retail One,CUST-375,6625,12,795,7420
INV2326,2025-04-07,Bharat Logistics,CUST-376,6762,18,1217.16,7979.16
INV2327,2025-04-08,Tata Enterprises,CUST-377,6899,28,1931.72,8830.72
INV2328,2025-04-09,Reliance Supply,CUST-378,7036,5,351.8,7387.8
INV2329,2025-04-10,Infosys Services,CUST-379,7173,12,860.76,8033.76
INV2330,2025-04-11,Wipro Digital,CUST-380,7310,18,1315.8,8625.8
INV2331,2025-04-12,Adani Ports & SEZ,CUST-381,7447,28,2085.16,9532.16
INV2332,2025-04-13,Mahindra Spares,CUST-382,7584,5,379.2,7963.2
INV2333,2025-04-14,Larsen Industrial,CUST-383,7721,12,926.52,8647.52
INV2334,2025-04-15,Bajaj Electricals,CUST-384,7858,18,1414.44,9272.44
INV2336,2025-04-17,Hindustan Traders,CUST-386,8132,5,406.6,8538.6
INV2337,2025-04-18,Zomato Logistics,CUST-387,8269,12,992.28,9261.28
INV2338,2025-04-19,Swiggy Kitchens,CUST-388,8406,18,1513.08,9919.08
INV2339,2025-04-20,Delhivery Express,CUST-389,8543,28,2392.04,10935.04
INV2340,2025-04-21,ABC Ltd,CUST-390,8680,5,434,9114
INV2341,2025-04-22,XYZ Corp,CUST-391,8817,12,1058.04,9875.04
INV2342,2025-04-23,Global Mart,CUST-392,8954,18,1611.72,10565.72
INV2343,2025-04-24,Tech Solutions,CUST-393,9091,28,2545.48,11636.48
INV2344,2025-04-25,Office Hub,CUST-394,9228,5,461.4,9689.4
INV2345,2025-04-26,Retail One,CUST-395,9365,12,1123.8,10488.8
INV2346,2025-04-27,Bharat Logistics,CUST-396,9502,18,1710.36,11212.36
INV2347,2025-04-28,Tata Enterprises,CUST-397,9639,28,2698.92,12337.92
INV2348,2025-04-01,Reliance Supply,CUST-398,9776,5,488.8,10264.8
INV2350,2025-04-03,Wipro Digital,CUST-400,10050,18,1809,11859
INV2351,2025-04-04,Adani Ports & SEZ,CUST-401,10187,28,2852.36,13039.36
INV2352,2025-04-05,Mahindra Spares,CUST-402,10324,5,516.2,10840.2
INV2353,2025-04-06,Larsen Industrial,CUST-403,10461,12,1255.32,11716.32
INV2354,2025-04-07,Bajaj Electricals,CUST-404,10598,18,1907.64,12505.64
INV2355,2025-04-08,Godrej Agrovet,CUST-405,10735,28,3005.8,13740.8
INV2356,2025-04-09,Hindustan Traders,CUST-406,10872,5,543.6,11415.6
INV2357,2025-04-10,Zomato Logistics,CUST-407,11009,12,1321.08,12330.08
INV2358,2025-04-11,Swiggy Kitchens,CUST-408,11146,18,2006.28,13152.28
INV2359,2025-04-12,Delhivery Express,CUST-409,11283,28,3159.24,14442.24
INV2360,2025-04-13,ABC Ltd,CUST-410,11420,5,571,11991
INV2361,2025-04-14,XYZ Corp,CUST-411,11557,12,1386.84,12943.84
INV2362,2025-04-15,Global Mart,CUST-412,11694,18,2104.92,13798.92
INV2364,2025-04-17,Office Hub,CUST-414,11968,5,598.4,12566.4
INV2365,2025-04-18,Retail One,CUST-415,12105,12,1452.6,13557.6
INV2366,2025-04-19,Bharat Logistics,CUST-416,12242,18,2203.56,14445.56
INV2367,2025-04-20,Tata Enterprises,CUST-417,12379,28,3466.12,15845.12
INV2368,2025-04-21,Reliance Supply,CUST-418,12516,5,625.8,13141.8
INV2369,2025-04-22,Infosys Services,CUST-419,12653,12,1518.36,14171.36
INV2370,2025-04-23,Wipro Digital,CUST-420,12790,18,2302.2,15092.2
INV2371,2025-04-24,Adani Ports & SEZ,CUST-421,12927,28,3619.56,16546.56
INV2372,2025-04-25,Mahindra Spares,CUST-422,13064,5,653.2,13717.2
INV2373,2025-04-26,Larsen Industrial,CUST-423,13201,12,1584.12,14785.12
INV2374,2025-04-27,Bajaj Electricals,CUST-424,13338,18,2400.84,15738.84
INV2375,2025-04-28,Godrej Agrovet,CUST-425,13475,28,3773,17248
INV2376,2025-04-01,Hindustan Traders,CUST-426,13612,5,680.6,14292.6
INV2377,2025-04-02,Zomato Logistics,CUST-427,13749,12,1649.88,15398.88
INV2378,2025-04-03,Swiggy Kitchens,CUST-428,13886,18,2499.48,16385.48
INV2379,2025-04-04,Delhivery Express,CUST-429,14023,28,3926.44,17949.44
INV2380,2025-04-05,ABC Ltd,CUST-430,14160,5,708,14868
INV2381,2025-04-06,XYZ Corp,CUST-431,14297,12,1715.64,16012.64
INV2382,2025-04-07,Global Mart,CUST-432,14434,18,2598.12,17032.12
INV2383,2025-04-08,Tech Solutions,CUST-433,14571,28,4079.88,18650.88
INV2384,2025-04-09,Office Hub,CUST-434,14708,5,735.4,15443.4
INV2385,2025-04-10,Retail One,CUST-435,14845,12,1781.4,16626.4
INV2386,2025-04-11,Bharat Logistics,CUST-436,14982,18,2696.76,17678.76
INV2387,2025-04-12,Tata Enterprises,CUST-437,15119,28,4233.32,19352.32
INV2388,2025-04-13,Reliance Supply,CUST-438,15256,5,762.8,16018.8
INV2389,2025-04-14,Infosys Services,CUST-439,15393,12,1847.16,17240.16
INV2391,2025-04-16,Adani Ports & SEZ,CUST-441,15667,28,4386.76,20053.76
INV2392,2025-04-17,Mahindra Spares,CUST-442,15804,5,790.2,16594.2
INV2393,2025-04-18,Larsen Industrial,CUST-443,15941,12,1912.92,17853.92
INV2394,2025-04-19,Bajaj Electricals,CUST-444,16078,18,2894.04,18972.04
INV2395,2025-04-20,Godrej Agrovet,CUST-445,16215,28,4540.2,20755.2
INV2396,2025-04-21,Hindustan Traders,CUST-446,16352,5,817.6,17169.6
INV2397,2025-04-22,Zomato Logistics,CUST-447,16489,12,1978.68,18467.68
INV2398,2025-04-23,Swiggy Kitchens,CUST-448,16626,18,2992.68,19618.68
INV2399,2025-04-24,Delhivery Express,CUST-449,16763,28,4693.64,21456.64
INV2400,2025-04-25,ABC Ltd,CUST-450,16900,5,845,17745
INV2401,2025-04-26,XYZ Corp,CUST-451,17037,12,2044.44,19081.44
INV2402,2025-04-27,Global Mart,CUST-452,17174,18,3091.32,20265.32
INV2403,2025-04-28,Tech Solutions,CUST-453,17311,28,4847.08,22158.08
INV2405,2025-04-02,Retail One,CUST-455,17585,12,2110.2,19695.2
INV2406,2025-04-03,Bharat Logistics,CUST-456,17722,18,3189.96,20911.96
INV2407,2025-04-04,Tata Enterprises,CUST-457,17859,28,5000.52,22859.52
INV2408,2025-04-05,Reliance Supply,CUST-458,17996,5,899.8,18895.8
INV2409,2025-04-06,Infosys Services,CUST-459,18133,12,2175.96,20308.96
INV2410,2025-04-07,Wipro Digital,CUST-460,18270,18,3288.6,21558.6
INV2411,2025-04-08,Adani Ports & SEZ,CUST-461,18407,28,5153.96,23560.96
INV2412,2025-04-09,Mahindra Spares,CUST-462,18544,5,927.2,19471.2
INV2413,2025-04-10,Larsen Industrial,CUST-463,18681,12,2241.72,20922.72
INV2414,2025-04-11,Bajaj Electricals,CUST-464,18818,18,3387.24,22205.24
INV2415,2025-04-12,Godrej Agrovet,CUST-465,18955,28,5307.4,24262.4
INV2416,2025-04-13,Hindustan Traders,CUST-466,19092,5,954.6,20046.6
INV2417,2025-04-14,Zomato Logistics,CUST-467,19229,12,2307.48,21536.48
INV2419,2025-04-16,Delhivery Express,CUST-469,19503,28,5460.84,24963.84
INV2420,2025-04-17,ABC Ltd,CUST-470,19640,5,982,20622
INV2421,2025-04-18,XYZ Corp,CUST-471,19777,12,2373.24,22150.24
INV2422,2025-04-19,Global Mart,CUST-472,19914,18,3584.52,23498.52
INV2423,2025-04-20,Tech Solutions,CUST-473,20051,28,5614.28,25665.28
INV2424,2025-04-21,Office Hub,CUST-474,20188,5,1009.4,21197.4
INV2425,2025-04-22,Retail One,CUST-475,20325,12,2439,22764
INV2426,2025-04-23,Bharat Logistics,CUST-476,20462,18,3683.16,24145.16
INV2427,2025-04-24,Tata Enterprises,CUST-477,20599,28,5767.72,26366.72
INV2428,2025-04-25,Reliance Supply,CUST-478,20736,5,1036.8,21772.8
INV2429,2025-04-26,Infosys Services,CUST-479,20873,12,2504.76,23377.76
INV2430,2025-04-27,Wipro Digital,CUST-480,21010,18,3781.8,24791.8
INV2432,2025-04-01,Mahindra Spares,CUST-482,21284,5,1064.2,22348.2
INV2433,2025-04-02,Larsen Industrial,CUST-483,21421,12,2570.52,23991.52
INV2434,2025-04-03,Bajaj Electricals,CUST-484,21558,18,3880.44,25438.44
INV2435,2025-04-04,Godrej Agrovet,CUST-485,21695,28,6074.6,27769.6
INV2436,2025-04-05,Hindustan Traders,CUST-486,21832,5,1091.6,22923.6
INV2437,2025-04-06,Zomato Logistics,CUST-487,21969,12,2636.28,24605.28
INV2438,2025-04-07,Swiggy Kitchens,CUST-488,22106,18,3979.08,26085.08
INV2439,2025-04-08,Delhivery Express,CUST-489,22243,28,6228.04,28471.04
INV2440,2025-04-09,ABC Ltd,CUST-490,22380,5,1119,23499
INV2441,2025-04-10,XYZ Corp,CUST-491,22517,12,2702.04,25219.04
INV2442,2025-04-11,Global Mart,CUST-492,22654,18,4077.72,26731.72
INV2443,2025-04-12,Tech Solutions,CUST-493,22791,28,6381.48,29172.48
INV2444,2025-04-13,Office Hub,CUST-494,22928,5,1146.4,24074.4
INV2446,2025-04-15,Bharat Logistics,CUST-496,23202,18,4176.36,27378.36
INV2447,2025-04-16,Tata Enterprises,CUST-497,23339,28,6534.92,29873.92
INV2448,2025-04-17,Reliance Supply,CUST-498,23476,5,1173.8,24649.8
INV2449,2025-04-18,Infosys Services,CUST-499,23613,12,2833.56,26446.56
INV2450,2025-04-19,Wipro Digital,CUST-500,950000,18,171000,1121000
INV2451,2025-04-20,Adani Ports & SEZ,CUST-501,23887,28,6688.36,30575.36
INV2452,2025-04-21,Mahindra Spares,CUST-502,24024,5,1201.2,25225.2
INV2453,2025-04-22,Larsen Industrial,CUST-503,24161,12,2899.32,27060.32
INV2454,2025-04-23,Bajaj Electricals,CUST-504,24298,18,4373.64,28671.64
INV2455,2025-04-24,Godrej Agrovet,CUST-505,24435,28,6841.8,31276.8
INV2456,2025-04-25,Hindustan Traders,CUST-506,24572,5,1228.6,25800.6
INV2457,2025-04-26,Zomato Logistics,CUST-507,24709,12,2965.08,27674.08
INV2458,2025-04-27,Swiggy Kitchens,CUST-508,24846,18,4472.28,29318.28
INV2460,2025-04-01,ABC Ltd,CUST-510,25120,5,1256,26376
INV2461,2025-04-02,XYZ Corp,CUST-511,25257,12,3030.84,28287.84
INV2462,2025-04-03,Global Mart,CUST-512,25394,18,4570.92,29964.92
INV2463,2025-04-04,Tech Solutions,CUST-513,25531,28,7148.68,32679.68
INV2464,2025-04-05,Office Hub,CUST-514,25668,5,1283.4,26951.4
INV2465,2025-04-06,Retail One,CUST-515,25805,12,3096.6,28901.6
INV2466,2025-04-07,Bharat Logistics,CUST-516,25942,18,4669.56,30611.56
INV2467,2025-04-08,Tata Enterprises,CUST-517,26079,28,7302.12,33381.12
INV2468,2025-04-09,Reliance Supply,CUST-518,26216,5,1310.8,27526.8
INV2469,2025-04-10,Infosys Services,CUST-519,26353,12,3162.36,29515.36
INV2470,2025-04-11,Wipro Digital,CUST-520,26490,18,4768.2,31258.2
INV2471,2025-04-12,Adani Ports & SEZ,CUST-521,26627,28,7455.56,34082.56
INV2473,2025-04-14,Larsen Industrial,CUST-523,26901,12,3228.12,30129.12
INV2474,2025-04-15,Bajaj Electricals,CUST-524,27038,18,4866.84,31904.84
INV2475,2025-04-16,Godrej Agrovet,CUST-525,27175,28,7609,34784
INV2476,2025-04-17,Hindustan Traders,CUST-526,27312,5,1365.6,28677.6
INV2477,2025-04-18,Zomato Logistics,CUST-527,27449,12,3293.88,30742.88
INV2478,2025-04-19,Swiggy Kitchens,CUST-528,27586,18,4965.48,32551.48
INV2479,2025-04-20,Delhivery Express,CUST-529,27723,28,7762.44,35485.44
INV2480,2025-04-21,ABC Ltd,CUST-530,27860,5,1393,29253
INV2481,2025-04-22,XYZ Corp,CUST-531,27997,12,3359.64,31356.64
INV2482,2025-04-23,Global Mart,CUST-532,28134,18,5064.12,33198.12
INV2483,2025-04-24,Tech Solutions,CUST-533,28271,28,7915.88,36186.88
INV2484,2025-04-25,Office Hub,CUST-534,28408,5,1420.4,29828.4
INV2485,2025-04-26,Retail One,CUST-535,28545,12,3425.4,31970.4
INV2487,2025-04-28,Tata Enterprises,CUST-537,28819,28,8069.32,36888.32
INV2488,2025-04-01,Reliance Supply,CUST-538,28956,5,1447.8,30403.8
INV2489,2025-04-02,Infosys Services,CUST-539,29093,12,3491.16,32584.16
INV2490,2025-04-03,Wipro Digital,CUST-540,29230,18,5261.4,34491.4
INV2491,2025-04-04,Adani Ports & SEZ,CUST-541,29367,28,8222.76,37589.76
INV2492,2025-04-05,Mahindra Spares,CUST-542,29504,5,1475.2,30979.2
INV2493,2025-04-06,Larsen Industrial,CUST-543,29641,12,3556.92,33197.92
INV2494,2025-04-07,Bajaj Electricals,CUST-544,29778,18,5360.04,35138.04
INV2495,2025-04-08,Godrej Agrovet,CUST-545,29915,28,8376.2,38291.2
INV2496,2025-04-09,Hindustan Traders,CUST-546,30052,5,1502.6,31554.6
INV2497,2025-04-10,Zomato Logistics,CUST-547,30189,12,3622.68,33811.68
INV2498,2025-04-11,Swiggy Kitchens,CUST-548,30326,18,5458.68,35784.68
INV2499,2025-04-12,Delhivery Express,CUST-549,30463,28,8529.64,38992.64
INV2501,2025-04-14,XYZ Corp,CUST-551,30737,12,3688.44,34425.44
INV2502,2025-04-15,Global Mart,CUST-552,30874,18,5557.32,36431.32
INV2503,2025-04-16,Tech Solutions,CUST-553,31011,28,8683.08,39694.08
INV2504,2025-04-17,Office Hub,CUST-554,31148,5,1557.4,32705.4
INV2505,2025-04-18,Retail One,CUST-555,31285,12,3754.2,35039.2
INV2506,2025-04-19,Bharat Logistics,CUST-556,31422,18,5655.96,37077.96
INV2507,2025-04-20,Tata Enterprises,CUST-557,31559,28,8836.52,40395.52
INV2508,2025-04-21,Reliance Supply,CUST-558,31696,5,1584.8,33280.8
INV2509,2025-04-22,Infosys Services,CUST-559,31833,12,3819.96,35652.96
INV2510,2025-04-23,Wipro Digital,CUST-560,31970,18,5754.6,37724.6
INV2511,2025-04-24,Adani Ports & SEZ,CUST-561,32107,28,8989.96,41096.96
INV2512,2025-04-25,Mahindra Spares,CUST-562,32244,5,1612.2,33856.2
INV2513,2025-04-26,Larsen Industrial,CUST-563,32381,12,3885.72,36266.72
INV2514,2025-04-27,Bajaj Electricals,CUST-564,32518,18,5853.24,38371.24
INV2515,2025-04-28,Godrej Agrovet,CUST-565,32655,28,9143.4,41798.4
INV2516,2025-04-01,Hindustan Traders,CUST-566,32792,5,1639.6,34431.6
INV2517,2025-04-02,Zomato Logistics,CUST-567,32929,12,3951.48,36880.48
INV2518,2025-04-03,Swiggy Kitchens,CUST-568,33066,18,5951.88,39017.88
INV2519,2025-04-04,Delhivery Express,CUST-569,33203,28,9296.84,42499.84
INV2520,2025-04-05,ABC Ltd,CUST-570,33340,5,1667,35007
INV2521,2025-04-06,XYZ Corp,CUST-571,33477,12,4017.24,37494.24
INV2522,2025-04-07,Global Mart,CUST-572,33614,18,6050.52,39664.52
INV2523,2025-04-08,Tech Solutions,CUST-573,33751,28,9450.28,43201.28
INV2524,2025-04-09,Office Hub,CUST-574,33888,5,1694.4,35582.4
INV2525,2025-04-10,Retail One,CUST-575,34025,12,4083,38108
INV2526,2025-04-11,Bharat Logistics,CUST-576,34162,18,6149.16,40311.16
INV2528,2025-04-13,Reliance Supply,CUST-578,34436,5,1721.8,36157.8
INV2529,2025-04-14,Infosys Services,CUST-579,34573,12,4148.76,38721.76
INV2530,2025-04-15,Wipro Digital,CUST-580,34710,18,6247.8,40957.8
INV2531,2025-04-16,Adani Ports & SEZ,CUST-581,34847,28,9757.16,44604.16
INV2532,2025-04-17,Mahindra Spares,CUST-582,34984,5,1749.2,36733.2
INV2533,2025-04-18,Larsen Industrial,CUST-583,35121,12,4214.52,39335.52
INV2534,2025-04-19,Bajaj Electricals,CUST-584,35258,18,6346.44,41604.44
INV2535,2025-04-20,Godrej Agrovet,CUST-585,35395,28,9910.6,45305.6
INV2536,2025-04-21,Hindustan Traders,CUST-586,35532,5,1776.6,37308.6
INV2537,2025-04-22,Zomato Logistics,CUST-587,35669,12,4280.28,39949.28
INV2538,2025-04-23,Swiggy Kitchens,CUST-588,35806,18,6445.08,42251.08
INV2539,2025-04-24,Delhivery Express,CUST-589,35943,28,10064.04,46007.04
INV2540,2025-04-25,ABC Ltd,CUST-590,36080,5,1804,37884
INV2542,2025-04-27,Global Mart,CUST-592,36354,18,6543.72,42897.72
INV2543,2025-04-28,Tech Solutions,CUST-593,36491,28,10217.48,46708.48
INV2544,2025-04-01,Office Hub,CUST-594,36628,5,1831.4,38459.4
INV2545,2025-04-02,Retail One,CUST-595,36765,12,4411.8,41176.8
INV2546,2025-04-03,Bharat Logistics,CUST-596,36902,18,6642.36,43544.36
INV2547,2025-04-04,Tata Enterprises,CUST-597,37039,28,10370.92,47409.92
INV2548,2025-04-05,Reliance Supply,CUST-598,37176,5,1858.8,39034.8
INV2549,2025-04-06,Infosys Services,CUST-599,37313,12,4477.56,41790.56
INV2550,2025-04-07,Wipro Digital,CUST-600,37450,18,6741,44191
INV2551,2025-04-08,Adani Ports & SEZ,CUST-601,37587,28,10524.36,48111.36
INV2552,2025-04-09,Mahindra Spares,CUST-602,37724,5,1886.2,39610.2
INV2553,2025-04-10,Larsen Industrial,CUST-603,37861,12,4543.32,42404.32
INV2554,2025-04-11,Bajaj Electricals,CUST-604,37998,18,6839.64,44837.64
INV2556,2025-04-13,Hindustan Traders,CUST-606,38272,5,1913.6,40185.6
INV2557,2025-04-14,Zomato Logistics,CUST-607,38409,12,4609.08,43018.08
INV2558,2025-04-15,Swiggy Kitchens,CUST-608,38546,18,6938.28,45484.28
INV2559,2025-04-16,Delhivery Express,CUST-609,38683,28,10831.24,49514.24
INV2560,2025-04-17,ABC Ltd,CUST-610,38820,5,1941,40761
INV2561,2025-04-18,XYZ Corp,CUST-611,38957,12,4674.84,43631.84
INV2562,2025-04-19,Global Mart,CUST-612,39094,18,7036.92,46130.92
INV2563,2025-04-20,Tech Solutions,CUST-613,39231,28,10984.68,50215.68
INV2564,2025-04-21,Office Hub,CUST-614,39368,5,1968.4,41336.4
INV2565,2025-04-22,Retail One,CUST-615,39505,12,4740.6,44245.6
INV2566,2025-04-23,Bharat Logistics,CUST-616,39642,18,7135.56,46777.56
INV2567,2025-04-24,Tata Enterprises,CUST-617,39779,28,11138.12,50917.12
INV2569,2025-04-26,Infosys Services,CUST-619,40053,12,4806.36,44859.36
INV2570,2025-04-27,Wipro Digital,CUST-620,40190,18,7234.2,47424.2
INV2571,2025-04-28,Adani Ports & SEZ,CUST-621,40327,28,11291.56,51618.56
INV2572,2025-04-01,Mahindra Spares,CUST-622,40464,5,2023.2,42487.2
INV2573,2025-04-02,Larsen Industrial,CUST-623,40601,12,4872.12,45473.12
INV2574,2025-04-03,Bajaj Electricals,CUST-624,40738,18,7332.84,48070.84
INV2575,2025-04-04,Godrej Agrovet,CUST-625,40875,28,11445,52320
INV2576,2025-04-05,Hindustan Traders,CUST-626,41012,5,2050.6,43062.6
INV2577,2025-04-06,Zomato Logistics,CUST-627,41149,12,4937.88,46086.88
INV2578,2025-04-07,Swiggy Kitchens,CUST-628,41286,18,7431.48,48717.48
INV2579,2025-04-08,Delhivery Express,CUST-629,41423,28,11598.44,53021.44
INV2580,2025-04-09,ABC Ltd,CUST-630,41560,5,2078,43638
INV2581,2025-04-10,XYZ Corp,CUST-631,41697,12,5003.64,46700.64
INV2583,2025-04-12,Tech Solutions,CUST-633,41971,28,11751.88,53722.88
INV2584,2025-04-13,Office Hub,CUST-634,42108,5,2105.4,44213.4
INV2585,2025-04-14,Retail One,CUST-635,42245,12,5069.4,47314.4
INV2586,2025-04-15,Bharat Logistics,CUST-636,42382,18,7628.76,50010.76
INV2587,2025-04-16,Tata Enterprises,CUST-637,42519,28,11905.32,54424.32
INV2588,2025-04-17,Reliance Supply,CUST-638,42656,5,2132.8,44788.8
INV2589,2025-04-18,Infosys Services,CUST-639,42793,12,5135.16,47928.16
INV2590,2025-04-19,Wipro Digital,CUST-640,42930,18,7727.4,50657.4
INV2591,2025-04-20,Adani Ports & SEZ,CUST-641,43067,28,12058.76,55125.76
INV2592,2025-04-21,Mahindra Spares,CUST-642,43204,5,2160.2,45364.2
INV2593,2025-04-22,Larsen Industrial,CUST-643,43341,12,5200.92,48541.92
INV2594,2025-04-23,Bajaj Electricals,CUST-644,43478,18,7826.04,51304.04
INV2595,2025-04-24,Godrej Agrovet,CUST-645,43615,28,12212.2,55827.2
INV2597,2025-04-26,Zomato Logistics,CUST-647,43889,12,5266.68,49155.68
INV2598,2025-04-27,Swiggy Kitchens,CUST-648,44026,18,7924.68,51950.68
INV2599,2025-04-28,Delhivery Express,CUST-649,44163,28,12365.64,56528.64
INV2600,2025-04-01,ABC Ltd,CUST-650,44300,5,2215,46515
INV2601,2025-04-02,XYZ Corp,CUST-651,44437,12,5332.44,49769.44
INV2602,2025-04-03,Global Mart,CUST-652,44574,18,8023.32,52597.32
INV2603,2025-04-04,Tech Solutions,CUST-653,44711,28,12519.08,57230.08
INV2604,2025-04-05,Office Hub,CUST-654,44848,5,2242.4,47090.4
INV2605,2025-04-06,Retail One,CUST-655,44985,12,5398.2,50383.2
INV2606,2025-04-07,Bharat Logistics,CUST-656,45122,18,8121.96,53243.96
INV2607,2025-04-08,Tata Enterprises,CUST-657,45259,28,12672.52,57931.52
INV2608,2025-04-09,Reliance Supply,CUST-658,45396,5,2269.8,47665.8
INV2610,2025-04-11,Wipro Digital,CUST-660,45670,18,8220.6,53890.6
INV2611,2025-04-12,Adani Ports & SEZ,CUST-661,45807,28,12825.96,58632.96
INV2612,2025-04-13,Mahindra Spares,CUST-662,45944,5,2297.2,48241.2
INV2613,2025-04-14,Larsen Industrial,CUST-663,46081,12,5529.72,51610.72
INV2614,2025-04-15,Bajaj Electricals,CUST-664,46218,18,8319.24,54537.24
INV2615,2025-04-16,Godrej Agrovet,CUST-665,46355,28,12979.4,59334.4
INV2616,2025-04-17,Hindustan Traders,CUST-666,46492,5,2324.6,48816.6
INV2617,2025-04-18,Zomato Logistics,CUST-667,46629,12,5595.48,52224.48
INV2618,2025-04-19,Swiggy Kitchens,CUST-668,46766,18,8417.88,55183.88
INV2619,2025-04-20,Delhivery Express,CUST-669,46903,28,13132.84,60035.84
INV2620,2025-04-21,ABC Ltd,CUST-670,47040,5,2352,49392
INV2621,2025-04-22,XYZ Corp,CUST-671,47177,12,5661.24,52838.24
INV2622,2025-04-23,Global Mart,CUST-672,47314,18,8516.52,55830.52
INV2624,2025-04-25,Office Hub,CUST-674,47588,5,2379.4,49967.4
INV2625,2025-04-26,Retail One,CUST-675,47725,12,5727,53452
INV2626,2025-04-27,Bharat Logistics,CUST-676,47862,18,8615.16,56477.16
INV2627,2025-04-28,Tata Enterprises,CUST-677,47999,28,13439.72,61438.72
INV2628,2025-04-01,Reliance Supply,CUST-678,48136,5,2406.8,50542.8
INV2629,2025-04-02,Infosys Services,CUST-679,48273,12,5792.76,54065.76
INV2630,2025-04-03,Wipro Digital,CUST-680,48410,18,8713.8,57123.8
INV2631,2025-04-04,Adani Ports & SEZ,CUST-681,48547,28,13593.16,62140.16
INV2632,2025-04-05,Mahindra Spares,CUST-682,48684,5,2434.2,51118.2
INV2633,2025-04-06,Larsen Industrial,CUST-683,48821,12,5858.52,54679.52
INV2634,2025-04-07,Bajaj Electricals,CUST-684,48958,18,8812.44,57770.44
INV2635,2025-04-08,Godrej Agrovet,CUST-685,49095,28,13746.6,62841.6
INV2636,2025-04-09,Hindustan Traders,CUST-686,49232,5,2461.6,51693.6
INV2638,2025-04-11,Swiggy Kitchens,CUST-688,49506,18,8911.08,58417.08
INV2639,2025-04-12,Delhivery Express,CUST-689,49643,28,13900.04,63543.04
INV2640,2025-04-13,ABC Ltd,CUST-690,49780,5,2489,52269
INV2641,2025-04-14,XYZ Corp,CUST-691,49917,12,5990.04,55907.04
INV2642,2025-04-15,Global Mart,CUST-692,50054,18,9009.72,59063.72
INV2643,2025-04-16,Tech Solutions,CUST-693,50191,28,14053.48,64244.48
INV2644,2025-04-17,Office Hub,CUST-694,50328,5,2516.4,52844.4
INV2645,2025-04-18,Retail One,CUST-695,50465,12,6055.8,56520.8
INV2646,2025-04-19,Bharat Logistics,CUST-696,50602,18,9108.36,59710.36
INV2647,2025-04-20,Tata Enterprises,CUST-697,50739,28,14206.92,64945.92
INV2648,2025-04-21,Reliance Supply,CUST-698,50876,5,2543.8,53419.8
INV2649,2025-04-22,Infosys Services,CUST-699,51013,12,6121.56,57134.56
INV2651,2025-04-24,Adani Ports & SEZ,CUST-701,51287,28,14360.36,65647.36
INV2652,2025-04-25,Mahindra Spares,CUST-702,51424,5,2571.2,53995.2
INV2653,2025-04-26,Larsen Industrial,CUST-703,51561,12,6187.32,57748.32
INV2654,2025-04-27,Bajaj Electricals,CUST-704,51698,18,9305.64,61003.64
INV2655,2025-04-28,Godrej Agrovet,CUST-705,51835,28,14513.8,66348.8
INV2656,2025-04-01,Hindustan Traders,CUST-706,51972,5,2598.6,54570.6
INV2657,2025-04-02,Zomato Logistics,CUST-707,52109,12,6253.08,58362.08
INV2658,2025-04-03,Swiggy Kitchens,CUST-708,52246,18,9404.28,61650.28
INV2659,2025-04-04,Delhivery Express,CUST-709,52383,28,14667.24,67050.24
INV2660,2025-04-05,ABC Ltd,CUST-710,52520,5,2626,55146
INV2661,2025-04-06,XYZ Corp,CUST-711,52657,12,6318.84,58975.84
INV2662,2025-04-07,Global Mart,CUST-712,52794,18,9502.92,62296.92
INV2663,2025-04-08,Tech Solutions,CUST-713,52931,28,14820.68,67751.68
INV2665,2025-04-10,Retail One,CUST-715,53205,12,6384.6,59589.6
INV2666,2025-04-11,Bharat Logistics,CUST-716,53342,18,9601.56,62943.56
INV2667,2025-04-12,Tata Enterprises,CUST-717,53479,28,14974.12,68453.12
INV2668,2025-04-13,Reliance Supply,CUST-718,53616,5,2680.8,56296.8
INV2669,2025-04-14,Infosys Services,CUST-719,53753,12,6450.36,60203.36
INV2670,2025-04-15,Wipro Digital,CUST-720,53890,18,9700.2,63590.2
INV2671,2025-04-16,Adani Ports & SEZ,CUST-721,54027,28,15127.56,69154.56
INV2672,2025-04-17,Mahindra Spares,CUST-722,54164,5,2708.2,56872.2
INV2673,2025-04-18,Larsen Industrial,CUST-723,54301,12,6516.12,60817.12
INV2674,2025-04-19,Bajaj Electricals,CUST-724,54438,18,9798.84,64236.84
INV2675,2025-04-20,Godrej Agrovet,CUST-725,54575,28,15281,69856
INV2676,2025-04-21,Hindustan Traders,CUST-726,54712,5,2735.6,57447.6
INV2677,2025-04-22,Zomato Logistics,CUST-727,54849,12,6581.88,61430.88
INV2679,2025-04-24,Delhivery Express,CUST-729,55123,28,15434.44,70557.44
INV2680,2025-04-25,ABC Ltd,CUST-730,55260,5,2763,58023
INV2681,2025-04-26,XYZ Corp,CUST-731,55397,12,6647.64,62044.64
INV2682,2025-04-27,Global Mart,CUST-732,55534,18,9996.12,65530.12
INV2683,2025-04-28,Tech Solutions,CUST-733,55671,28,15587.88,71258.88
INV2684,2025-04-01,Office Hub,CUST-734,55808,5,2790.4,58598.4
INV2685,2025-04-02,Retail One,CUST-735,55945,12,6713.4,62658.4
INV2686,2025-04-03,Bharat Logistics,CUST-736,56082,18,10094.76,66176.76
INV2687,2025-04-04,Tata Enterprises,CUST-737,56219,28,15741.32,71960.32
INV2688,2025-04-05,Reliance Supply,CUST-738,56356,5,2817.8,59173.8
INV2689,2025-04-06,Infosys Services,CUST-739,56493,12,6779.16,63272.16
INV2690,2025-04-07,Wipro Digital,CUST-740,56630,18,10193.4,66823.4
INV2691,2025-04-08,Adani Ports & SEZ,CUST-741,56767,28,15894.76,72661.76
INV2693,2025-04-10,Larsen Industrial,CUST-743,57041,12,6844.92,63885.92
INV2694,2025-04-11,Bajaj Electricals,CUST-744,57178,18,10292.04,67470.04
INV2695,2025-04-12,Godrej Agrovet,CUST-745,57315,28,16048.2,73363.2
INV2696,2025-04-13,Hindustan Traders,CUST-746,57452,5,2872.6,60324.6
INV2697,2025-04-14,Zomato Logistics,CUST-747,57589,12,6910.68,64499.68
INV2698,2025-04-15,Swiggy Kitchens,CUST-748,57726,18,10390.68,68116.68
INV2699,2025-04-16,Delhivery Express,CUST-749,57863,28,16201.64,74064.64
INV2700,2025-04-17,ABC Ltd,CUST-750,850000,5,42500,892500
INV2701,2025-04-18,XYZ Corp,CUST-751,58137,12,6976.44,65113.44
INV2702,2025-04-19,Global Mart,CUST-752,58274,18,10489.32,68763.32
INV2703,2025-04-20,Tech Solutions,CUST-753,58411,28,16355.08,74766.08
INV2704,2025-04-21,Office Hub,CUST-754,58548,5,2927.4,61475.4
INV2706,2025-04-23,Bharat Logistics,CUST-756,58822,18,10587.96,69409.96
INV2707,2025-04-24,Tata Enterprises,CUST-757,58959,28,16508.52,75467.52
INV2708,2025-04-25,Reliance Supply,CUST-758,59096,5,2954.8,62050.8
INV2709,2025-04-26,Infosys Services,CUST-759,59233,12,7107.96,66340.96
INV2710,2025-04-27,Wipro Digital,CUST-760,59370,18,10686.6,70056.6
INV2711,2025-04-28,Adani Ports & SEZ,CUST-761,59507,28,16661.96,76168.96
INV2712,2025-04-01,Mahindra Spares,CUST-762,59644,5,2982.2,62626.2
INV2713,2025-04-02,Larsen Industrial,CUST-763,59781,12,7173.72,66954.72
INV2714,2025-04-03,Bajaj Electricals,CUST-764,59918,18,10785.24,70703.24
INV2715,2025-04-04,Godrej Agrovet,CUST-765,60055,28,16815.4,76870.4
INV2716,2025-04-05,Hindustan Traders,CUST-766,60192,5,3009.6,63201.6
INV2717,2025-04-06,Zomato Logistics,CUST-767,60329,12,7239.48,67568.48
INV2718,2025-04-07,Swiggy Kitchens,CUST-768,60466,18,10883.88,71349.88
INV2720,2025-04-09,ABC Ltd,CUST-770,60740,5,3037,63777
INV2721,2025-04-10,XYZ Corp,CUST-771,60877,12,7305.24,68182.24
INV2722,2025-04-11,Global Mart,CUST-772,61014,18,10982.52,71996.52
INV2723,2025-04-12,Tech Solutions,CUST-773,61151,28,17122.28,78273.28
INV2724,2025-04-13,Office Hub,CUST-774,61288,5,3064.4,64352.4
INV2725,2025-04-14,Retail One,CUST-775,61425,12,7371,68796
INV2726,2025-04-15,Bharat Logistics,CUST-776,61562,18,11081.16,72643.16
INV2727,2025-04-16,Tata Enterprises,CUST-777,61699,28,17275.72,78974.72
INV2728,2025-04-17,Reliance Supply,CUST-778,61836,5,3091.8,64927.8
INV2729,2025-04-18,Infosys Services,CUST-779,61973,12,7436.76,69409.76
INV2730,2025-04-19,Wipro Digital,CUST-780,62110,18,11179.8,73289.8
INV2731,2025-04-20,Adani Ports & SEZ,CUST-781,62247,28,17429.16,79676.16
INV2732,2025-04-21,Mahindra Spares,CUST-782,62384,5,3119.2,65503.2
INV2734,2025-04-23,Bajaj Electricals,CUST-784,62658,18,11278.44,73936.44
INV2735,2025-04-24,Godrej Agrovet,CUST-785,62795,28,17582.6,80377.6
INV2736,2025-04-25,Hindustan Traders,CUST-786,62932,5,3146.6,66078.6
INV2737,2025-04-26,Zomato Logistics,CUST-787,63069,12,7568.28,70637.28
INV2738,2025-04-27,Swiggy Kitchens,CUST-788,63206,18,11377.08,74583.08
INV2739,2025-04-28,Delhivery Express,CUST-789,63343,28,17736.04,81079.04
INV2740,2025-04-01,ABC Ltd,CUST-790,63480,5,3174,66654
INV2741,2025-04-02,XYZ Corp,CUST-791,63617,12,7634.04,71251.04
INV2742,2025-04-03,Global Mart,CUST-792,63754,18,11475.72,75229.72
INV2743,2025-04-04,Tech Solutions,CUST-793,63891,28,17889.48,81780.48
INV2744,2025-04-05,Office Hub,CUST-794,64028,5,3201.4,67229.4
INV2745,2025-04-06,Retail One,CUST-795,64165,12,7699.8,71864.8
INV2747,2025-04-08,Tata Enterprises,CUST-797,64439,28,18042.92,82481.92
INV2748,2025-04-09,Reliance Supply,CUST-798,64576,5,3228.8,67804.8
INV2749,2025-04-10,Infosys Services,CUST-799,64713,12,7765.56,72478.56
INV2750,2025-04-11,Wipro Digital,CUST-800,64850,18,11673,76523
INV2751,2025-04-12,Adani Ports & SEZ,CUST-801,64987,28,18196.36,83183.36
INV2752,2025-04-13,Mahindra Spares,CUST-802,65124,5,3256.2,68380.2
INV2753,2025-04-14,Larsen Industrial,CUST-803,65261,12,7831.32,73092.32
INV2754,2025-04-15,Bajaj Electricals,CUST-804,65398,18,11771.64,77169.64
INV2755,2025-04-16,Godrej Agrovet,CUST-805,65535,28,18349.8,83884.8
INV2756,2025-04-17,Hindustan Traders,CUST-806,65672,5,3283.6,68955.6
INV2757,2025-04-18,Zomato Logistics,CUST-807,65809,12,7897.08,73706.08
INV2758,2025-04-19,Swiggy Kitchens,CUST-808,65946,18,11870.28,77816.28
INV2759,2025-04-20,Delhivery Express,CUST-809,66083,28,18503.24,84586.24
INV2761,2025-04-22,XYZ Corp,CUST-811,66357,12,7962.84,74319.84
INV2762,2025-04-23,Global Mart,CUST-812,66494,18,11968.92,78462.92
INV2763,2025-04-24,Tech Solutions,CUST-813,66631,28,18656.68,85287.68
INV2764,2025-04-25,Office Hub,CUST-814,66768,5,3338.4,70106.4
INV2765,2025-04-26,Retail One,CUST-815,66905,12,8028.6,74933.6
INV2766,2025-04-27,Bharat Logistics,CUST-816,67042,18,12067.56,79109.56
INV2767,2025-04-28,Tata Enterprises,CUST-817,67179,28,18810.12,85989.12
INV2768,2025-04-01,Reliance Supply,CUST-818,67316,5,3365.8,70681.8
INV2769,2025-04-02,Infosys Services,CUST-819,67453,12,8094.36,75547.36
INV2770,2025-04-03,Wipro Digital,CUST-820,67590,18,12166.2,79756.2
INV2771,2025-04-04,Adani Ports & SEZ,CUST-821,67727,28,18963.56,86690.56
INV2772,2025-04-05,Mahindra Spares,CUST-822,67864,5,3393.2,71257.2
INV2773,2025-04-06,Larsen Industrial,CUST-823,68001,12,8160.12,76161.12
INV2775,2025-04-08,Godrej Agrovet,CUST-825,68275,28,19117,87392
INV2776,2025-04-09,Hindustan Traders,CUST-826,68412,5,3420.6,71832.6
INV2777,2025-04-10,Zomato Logistics,CUST-827,68549,12,8225.88,76774.88
INV2778,2025-04-11,Swiggy Kitchens,CUST-828,68686,18,12363.48,81049.48
INV2779,2025-04-12,Delhivery Express,CUST-829,68823,28,19270.44,88093.44
INV2780,2025-04-13,ABC Ltd,CUST-830,68960,5,3448,72408
INV2781,2025-04-14,XYZ Corp,CUST-831,69097,12,8291.64,77388.64
INV2782,2025-04-15,Global Mart,CUST-832,69234,18,12462.12,81696.12
INV2783,2025-04-16,Tech Solutions,CUST-833,69371,28,19423.88,88794.88
INV2784,2025-04-17,Office Hub,CUST-834,69508,5,3475.4,72983.4
INV2785,2025-04-18,Retail One,CUST-835,69645,12,8357.4,78002.4
INV2786,2025-04-19,Bharat Logistics,CUST-836,69782,18,12560.76,82342.76
INV2788,2025-04-21,Reliance Supply,CUST-838,70056,5,3502.8,73558.8
INV2789,2025-04-22,Infosys Services,CUST-839,70193,12,8423.16,78616.16
INV2790,2025-04-23,Wipro Digital,CUST-840,70330,18,12659.4,82989.4
INV2791,2025-04-24,Adani Ports & SEZ,CUST-841,70467,28,19730.76,90197.76
INV2792,2025-04-25,Mahindra Spares,CUST-842,70604,5,3530.2,74134.2
INV2793,2025-04-26,Larsen Industrial,CUST-843,70741,12,8488.92,79229.92
INV2794,2025-04-27,Bajaj Electricals,CUST-844,70878,18,12758.04,83636.04
INV2795,2025-04-28,Godrej Agrovet,CUST-845,71015,28,19884.2,90899.2
INV2796,2025-04-01,Hindustan Traders,CUST-846,71152,5,3557.6,74709.6
INV2797,2025-04-02,Zomato Logistics,CUST-847,71289,12,8554.68,79843.68
INV2798,2025-04-03,Swiggy Kitchens,CUST-848,71426,18,12856.68,84282.68
INV2799,2025-04-04,Delhivery Express,CUST-849,71563,28,20037.64,91600.64
INV2800,2025-04-05,ABC Ltd,CUST-850,71700,5,3585,75285
INV2802,2025-04-07,Global Mart,CUST-852,71974,18,12955.32,84929.32
INV2803,2025-04-08,Tech Solutions,CUST-853,72111,28,20191.08,92302.08
INV2804,2025-04-09,Office Hub,CUST-854,72248,5,3612.4,75860.4
INV2805,2025-04-10,Retail One,CUST-855,72385,12,8686.2,81071.2
INV2806,2025-04-11,Bharat Logistics,CUST-856,72522,18,13053.96,85575.96
INV2807,2025-04-12,Tata Enterprises,CUST-857,72659,28,20344.52,93003.52
INV2808,2025-04-13,Reliance Supply,CUST-858,72796,5,3639.8,76435.8
INV2809,2025-04-14,Infosys Services,CUST-859,72933,12,8751.96,81684.96
INV2810,2025-04-15,Wipro Digital,CUST-860,73070,18,13152.6,86222.6
INV2811,2025-04-16,Adani Ports & SEZ,CUST-861,73207,28,20497.96,93704.96
INV2812,2025-04-17,Mahindra Spares,CUST-862,73344,5,3667.2,77011.2
INV2813,2025-04-18,Larsen Industrial,CUST-863,73481,12,8817.72,82298.72
INV2814,2025-04-19,Bajaj Electricals,CUST-864,73618,18,13251.24,86869.24
INV2816,2025-04-21,Hindustan Traders,CUST-866,73892,5,3694.6,77586.6
INV2817,2025-04-22,Zomato Logistics,CUST-867,74029,12,8883.48,82912.48
INV2818,2025-04-23,Swiggy Kitchens,CUST-868,74166,18,13349.88,87515.88
INV2819,2025-04-24,Delhivery Express,CUST-869,74303,28,20804.84,95107.84
INV2820,2025-04-25,ABC Ltd,CUST-870,74440,5,3722,78162
INV2821,2025-04-26,XYZ Corp,CUST-871,74577,12,8949.24,83526.24
INV2822,2025-04-27,Global Mart,CUST-872,74714,18,13448.52,88162.52
INV2823,2025-04-28,Tech Solutions,CUST-873,74851,28,20958.28,95809.28
INV2824,2025-04-01,Office Hub,CUST-874,74988,5,3749.4,78737.4
INV2825,2025-04-02,Retail One,CUST-875,75125,12,9015,84140
INV2826,2025-04-03,Bharat Logistics,CUST-876,75262,18,13547.16,88809.16
INV2827,2025-04-04,Tata Enterprises,CUST-877,75399,28,21111.72,96510.72
INV2828,2025-04-05,Reliance Supply,CUST-878,75536,5,3776.8,79312.8
INV2830,2025-04-07,Wipro Digital,CUST-880,75810,18,13645.8,89455.8
INV2831,2025-04-08,Adani Ports & SEZ,CUST-881,75947,28,21265.16,97212.16
INV2832,2025-04-09,Mahindra Spares,CUST-882,76084,5,3804.2,79888.2
INV2833,2025-04-10,Larsen Industrial,CUST-883,76221,12,9146.52,85367.52
INV2834,2025-04-11,Bajaj Electricals,CUST-884,76358,18,13744.44,90102.44
INV2835,2025-04-12,Godrej Agrovet,CUST-885,76495,28,21418.6,97913.6
INV2836,2025-04-13,Hindustan Traders,CUST-886,76632,5,3831.6,80463.6
INV2837,2025-04-14,Zomato Logistics,CUST-887,76769,12,9212.28,85981.28
INV2838,2025-04-15,Swiggy Kitchens,CUST-888,76906,18,13843.08,90749.08
INV2839,2025-04-16,Delhivery Express,CUST-889,77043,28,21572.04,98615.04
INV2840,2025-04-17,ABC Ltd,CUST-890,77180,5,3859,81039
INV2841,2025-04-18,XYZ Corp,CUST-891,77317,12,9278.04,86595.04
INV2843,2025-04-20,Tech Solutions,CUST-893,2591,28,725.48,3316.48
INV2844,2025-04-21,Office Hub,CUST-894,2728,5,136.4,2864.4
INV2845,2025-04-22,Retail One,CUST-895,2865,12,343.8,3208.8
INV2846,2025-04-23,Bharat Logistics,CUST-896,3002,18,540.36,3542.36
INV2847,2025-04-24,Tata Enterprises,CUST-897,3139,28,878.92,4017.92
INV2848,2025-04-25,Reliance Supply,CUST-898,3276,5,163.8,3439.8
INV2849,2025-04-26,Infosys Services,CUST-899,3413,12,409.56,3822.56
INV2850,2025-04-27,Wipro Digital,CUST-900,3550,18,639,4189
INV2851,2025-04-28,Adani Ports & SEZ,CUST-901,3687,28,1032.36,4719.36
INV2852,2025-04-01,Mahindra Spares,CUST-902,3824,5,191.2,4015.2
INV2853,2025-04-02,Larsen Industrial,CUST-903,3961,12,475.32,4436.32
INV2854,2025-04-03,Bajaj Electricals,CUST-904,4098,18,737.64,4835.64
INV2855,2025-04-04,Godrej Agrovet,CUST-905,4235,28,1185.8,5420.8
INV2857,2025-04-06,Zomato Logistics,CUST-907,4509,12,541.08,5050.08
INV2858,2025-04-07,Swiggy Kitchens,CUST-908,4646,18,836.28,5482.28
INV2859,2025-04-08,Delhivery Express,CUST-909,4783,28,1339.24,6122.24
INV2860,2025-04-09,ABC Ltd,CUST-910,4920,5,246,5166
INV2861,2025-04-10,XYZ Corp,CUST-911,5057,12,606.84,5663.84
INV2862,2025-04-11,Global Mart,CUST-912,5194,18,934.92,6128.92
INV2863,2025-04-12,Tech Solutions,CUST-913,5331,28,1492.68,6823.68
INV2864,2025-04-13,Office Hub,CUST-914,5468,5,273.4,5741.4
INV2865,2025-04-14,Retail One,CUST-915,5605,12,672.6,6277.6
INV2866,2025-04-15,Bharat Logistics,CUST-916,5742,18,1033.56,6775.56
INV2867,2025-04-16,Tata Enterprises,CUST-917,5879,28,1646.12,7525.12
INV2868,2025-04-17,Reliance Supply,CUST-918,6016,5,300.8,6316.8
INV2869,2025-04-18,Infosys Services,CUST-919,6153,12,738.36,6891.36
INV2871,2025-04-20,Adani Ports & SEZ,CUST-921,6427,28,1799.56,8226.56
INV2872,2025-04-21,Mahindra Spares,CUST-922,6564,5,328.2,6892.2
INV2873,2025-04-22,Larsen Industrial,CUST-923,6701,12,804.12,7505.12
INV2874,2025-04-23,Bajaj Electricals,CUST-924,6838,18,1230.84,8068.84
INV2875,2025-04-24,Godrej Agrovet,CUST-925,6975,28,1953,8928
INV2876,2025-04-25,Hindustan Traders,CUST-926,7112,5,355.6,7467.6
INV2877,2025-04-26,Zomato Logistics,CUST-927,7249,12,869.88,8118.88
INV2878,2025-04-27,Swiggy Kitchens,CUST-928,7386,18,1329.48,8715.48
INV2879,2025-04-28,Delhivery Express,CUST-929,7523,28,2106.44,9629.44
INV2880,2025-04-01,ABC Ltd,CUST-930,7660,5,383,8043
INV2881,2025-04-02,XYZ Corp,CUST-931,7797,12,935.64,8732.64
INV2882,2025-04-03,Global Mart,CUST-932,7934,18,1428.12,9362.12
INV2884,2025-04-05,Office Hub,CUST-934,8208,5,410.4,8618.4
INV2885,2025-04-06,Retail One,CUST-935,8345,12,1001.4,9346.4
INV2886,2025-04-07,Bharat Logistics,CUST-936,8482,18,1526.76,10008.76
INV2887,2025-04-08,Tata Enterprises,CUST-937,8619,28,2413.32,11032.32
INV2888,2025-04-09,Reliance Supply,CUST-938,8756,5,437.8,9193.8
INV2889,2025-04-10,Infosys Services,CUST-939,8893,12,1067.16,9960.16
INV2890,2025-04-11,Wipro Digital,CUST-940,9030,18,1625.4,10655.4
INV2891,2025-04-12,Adani Ports & SEZ,CUST-941,9167,28,2566.76,11733.76
INV2892,2025-04-13,Mahindra Spares,CUST-942,9304,5,465.2,9769.2
INV2893,2025-04-14,Larsen Industrial,CUST-943,9441,12,1132.92,10573.92
INV2894,2025-04-15,Bajaj Electricals,CUST-944,9578,18,1724.04,11302.04
INV2895,2025-04-16,Godrej Agrovet,CUST-945,9715,28,2720.2,12435.2
INV2896,2025-04-17,Hindustan Traders,CUST-946,9852,5,492.6,10344.6
INV2898,2025-04-19,Swiggy Kitchens,CUST-948,10126,18,1822.68,11948.68
INV2899,2025-04-20,Delhivery Express,CUST-949,10263,28,2873.64,13136.64
INV2900,2025-04-21,ABC Ltd,CUST-100,10400,5,520,10920
INV2901,2025-04-22,XYZ Corp,CUST-101,10537,12,1264.44,11801.44
INV2902,2025-04-23,Global Mart,CUST-102,10674,18,1921.32,12595.32
INV2903,2025-04-24,Tech Solutions,CUST-103,10811,28,3027.08,13838.08
INV2904,2025-04-25,Office Hub,CUST-104,10948,5,547.4,11495.4
INV2905,2025-04-26,Retail One,CUST-105,11085,12,1330.2,12415.2
INV2906,2025-04-27,Bharat Logistics,CUST-106,11222,18,2019.96,13241.96
INV2907,2025-04-28,Tata Enterprises,CUST-107,11359,28,3180.52,14539.52
INV2908,2025-04-01,Reliance Supply,CUST-108,11496,5,574.8,12070.8
INV2909,2025-04-02,Infosys Services,CUST-109,11633,12,1395.96,13028.96
INV2910,2025-04-03,Wipro Digital,CUST-110,11770,18,2118.6,13888.6
INV2912,2025-04-05,Mahindra Spares,CUST-112,12044,5,602.2,12646.2
INV2913,2025-04-06,Larsen Industrial,CUST-113,12181,12,1461.72,13642.72
INV2914,2025-04-07,Bajaj Electricals,CUST-114,12318,18,2217.24,14535.24
INV2915,2025-04-08,Godrej Agrovet,CUST-115,12455,28,3487.4,15942.4
INV2916,2025-04-09,Hindustan Traders,CUST-116,12592,5,629.6,13221.6
INV2917,2025-04-10,Zomato Logistics,CUST-117,12729,12,1527.48,14256.48
INV2918,2025-04-11,Swiggy Kitchens,CUST-118,12866,18,2315.88,15181.88
INV2919,2025-04-12,Delhivery Express,CUST-119,13003,28,3640.84,16643.84
INV2920,2025-04-13,ABC Ltd,CUST-120,13140,5,657,13797
INV2921,2025-04-14,XYZ Corp,CUST-121,13277,12,1593.24,14870.24
INV2922,2025-04-15,Global Mart,CUST-122,13414,18,2414.52,15828.52
INV2923,2025-04-16,Tech Solutions,CUST-123,13551,28,3794.28,17345.28
INV2925,2025-04-18,Retail One,CUST-125,13825,12,1659,15484
INV2926,2025-04-19,Bharat Logistics,CUST-126,13962,18,2513.16,16475.16
INV2927,2025-04-20,Tata Enterprises,CUST-127,14099,28,3947.72,18046.72
INV2928,2025-04-21,Reliance Supply,CUST-128,14236,5,711.8,14947.8
INV2929,2025-04-22,Infosys Services,CUST-129,14373,12,1724.76,16097.76
INV2930,2025-04-23,Wipro Digital,CUST-130,14510,18,2611.8,17121.8
INV2931,2025-04-24,Adani Ports & SEZ,CUST-131,14647,28,4101.16,18748.16
INV2932,2025-04-25,Mahindra Spares,CUST-132,14784,5,739.2,15523.2
INV2933,2025-04-26,Larsen Industrial,CUST-133,14921,12,1790.52,16711.52
INV2934,2025-04-27,Bajaj Electricals,CUST-134,15058,18,2710.44,17768.44
INV2935,2025-04-28,Godrej Agrovet,CUST-135,15195,28,4254.6,19449.6
INV2936,2025-04-01,Hindustan Traders,CUST-136,15332,5,766.6,16098.6
INV2937,2025-04-02,Zomato Logistics,CUST-137,15469,12,1856.28,17325.28
INV2939,2025-04-04,Delhivery Express,CUST-139,15743,28,4408.04,20151.04
INV2940,2025-04-05,ABC Ltd,CUST-140,15880,5,794,16674
INV2941,2025-04-06,XYZ Corp,CUST-141,16017,12,1922.04,17939.04
INV2942,2025-04-07,Global Mart,CUST-142,16154,18,2907.72,19061.72
INV2943,2025-04-08,Tech Solutions,CUST-143,16291,28,4561.48,20852.48
INV2944,2025-04-09,Office Hub,CUST-144,16428,5,821.4,17249.4
INV2945,2025-04-10,Retail One,CUST-145,16565,12,1987.8,18552.8
INV2946,2025-04-11,Bharat Logistics,CUST-146,16702,18,3006.36,19708.36
INV2947,2025-04-12,Tata Enterprises,CUST-147,16839,28,4714.92,21553.92
INV2948,2025-04-13,Reliance Supply,CUST-148,16976,5,848.8,17824.8
INV2949,2025-04-14,Infosys Services,CUST-149,17113,12,2053.56,19166.56
INV2950,2025-04-15,Wipro Digital,CUST-150,1050000,18,189000,1239000
INV2951,2025-04-16,Adani Ports & SEZ,CUST-151,17387,28,4868.36,22255.36
INV2953,2025-04-18,Larsen Industrial,CUST-153,17661,12,2119.32,19780.32
INV2954,2025-04-19,Bajaj Electricals,CUST-154,17798,18,3203.64,21001.64
INV2955,2025-04-20,Godrej Agrovet,CUST-155,17935,28,5021.8,22956.8
INV2956,2025-04-21,Hindustan Traders,CUST-156,18072,5,903.6,18975.6
INV2957,2025-04-22,Zomato Logistics,CUST-157,18209,12,2185.08,20394.08
INV2958,2025-04-23,Swiggy Kitchens,CUST-158,18346,18,3302.28,21648.28
INV2959,2025-04-24,Delhivery Express,CUST-159,18483,28,5175.24,23658.24
INV2960,2025-04-25,ABC Ltd,CUST-160,18620,5,931,19551
INV2961,2025-04-26,XYZ Corp,CUST-161,18757,12,2250.84,21007.84
INV2962,2025-04-27,Global Mart,CUST-162,18894,18,3400.92,22294.92
INV2963,2025-04-28,Tech Solutions,CUST-163,19031,28,5328.68,24359.68
INV2964,2025-04-01,Office Hub,CUST-164,19168,5,958.4,20126.4
INV2965,2025-04-02,Retail One,CUST-165,19305,12,2316.6,21621.6
INV2967,2025-04-04,Tata Enterprises,CUST-167,19579,28,5482.12,25061.12
INV2968,2025-04-05,Reliance Supply,CUST-168,19716,5,985.8,20701.8
INV2969,2025-04-06,Infosys Services,CUST-169,19853,12,2382.36,22235.36
INV2970,2025-04-07,Wipro Digital,CUST-170,19990,18,3598.2,23588.2
INV2971,2025-04-08,Adani Ports & SEZ,CUST-171,20127,28,5635.56,25762.56
INV2972,2025-04-09,Mahindra Spares,CUST-172,20264,5,1013.2,21277.2
INV2973,2025-04-10,Larsen Industrial,CUST-173,20401,12,2448.12,22849.12
INV2974,2025-04-11,Bajaj Electricals,CUST-174,20538,18,3696.84,24234.84
INV2975,2025-04-12,Godrej Agrovet,CUST-175,20675,28,5789,26464
INV2976,2025-04-13,Hindustan Traders,CUST-176,20812,5,1040.6,21852.6
INV2977,2025-04-14,Zomato Logistics,CUST-177,20949,12,2513.88,23462.88
INV2978,2025-04-15,Swiggy Kitchens,CUST-178,21086,18,3795.48,24881.48
INV2980,2025-04-17,ABC Ltd,CUST-180,21360,5,1068,22428
INV2981,2025-04-18,XYZ Corp,CUST-181,21497,12,2579.64,24076.64
INV2982,2025-04-19,Global Mart,CUST-182,21634,18,3894.12,25528.12
INV2983,2025-04-20,Tech Solutions,CUST-183,21771,28,6095.88,27866.88
INV2984,2025-04-21,Office Hub,CUST-184,21908,5,1095.4,23003.4
INV2985,2025-04-22,Retail One,CUST-185,22045,12,2645.4,24690.4
INV2986,2025-04-23,Bharat Logistics,CUST-186,22182,18,3992.76,26174.76
INV2987,2025-04-24,Tata Enterprises,CUST-187,22319,28,6249.32,28568.32
INV2988,2025-04-25,Reliance Supply,CUST-188,22456,5,1122.8,23578.8
INV2989,2025-04-26,Infosys Services,CUST-189,22593,12,2711.16,25304.16
INV2990,2025-04-27,Wipro Digital,CUST-190,22730,18,4091.4,26821.4
INV2991,2025-04-28,Adani Ports & SEZ,CUST-191,22867,28,6402.76,29269.76
INV2992,2025-04-01,Mahindra Spares,CUST-192,23004,5,1150.2,24154.2
INV2994,2025-04-03,Bajaj Electricals,CUST-194,23278,18,4190.04,27468.04
INV2995,2025-04-04,Godrej Agrovet,CUST-195,23415,28,6556.2,29971.2
INV2996,2025-04-05,Hindustan Traders,CUST-196,23552,5,1177.6,24729.6
INV2997,2025-04-06,Zomato Logistics,CUST-197,23689,12,2842.68,26531.68
INV2998,2025-04-07,Swiggy Kitchens,CUST-198,23826,18,4288.68,28114.68
INV2999,2025-04-08,Delhivery Express,CUST-199,23963,28,6709.64,30672.64
INV3000,2025-04-09,ABC Ltd,CUST-200,24100,5,1205,25305
INV3001,2025-04-10,XYZ Corp,CUST-201,24237,12,2908.44,27145.44
INV3002,2025-04-11,Global Mart,CUST-202,24374,18,4387.32,28761.32
INV3003,2025-04-12,Tech Solutions,CUST-203,24511,28,6863.08,31374.08
INV3004,2025-04-13,Office Hub,CUST-204,24648,5,1232.4,25880.4
INV3005,2025-04-14,Retail One,CUST-205,24785,12,2974.2,27759.2
INV3006,2025-04-15,Bharat Logistics,CUST-206,24922,18,4485.96,29407.96
INV3008,2025-04-17,Reliance Supply,CUST-208,25196,5,1259.8,26455.8
INV3009,2025-04-18,Infosys Services,CUST-209,25333,12,3039.96,28372.96
INV3010,2025-04-19,Wipro Digital,CUST-210,25470,18,4584.6,30054.6
INV3011,2025-04-20,Adani Ports & SEZ,CUST-211,25607,28,7169.96,32776.96
INV3012,2025-04-21,Mahindra Spares,CUST-212,25744,5,1287.2,27031.2
INV3013,2025-04-22,Larsen Industrial,CUST-213,25881,12,3105.72,28986.72
INV3014,2025-04-23,Bajaj Electricals,CUST-214,26018,18,4683.24,30701.24
INV3015,2025-04-24,Godrej Agrovet,CUST-215,26155,28,7323.4,33478.4
INV3016,2025-04-25,Hindustan Traders,CUST-216,26292,5,1314.6,27606.6
INV3017,2025-04-26,Zomato Logistics,CUST-217,26429,12,3171.48,29600.48
INV3018,2025-04-27,Swiggy Kitchens,CUST-218,26566,18,4781.88,31347.88
INV3019,2025-04-28,Delhivery Express,CUST-219,26703,28,7476.84,34179.84
INV3021,2025-04-02,XYZ Corp,CUST-221,26977,12,3237.24,30214.24
INV3022,2025-04-03,Global Mart,CUST-222,27114,18,4880.52,31994.52
INV3023,2025-04-04,Tech Solutions,CUST-223,27251,28,7630.28,34881.28
INV3024,2025-04-05,Office Hub,CUST-224,27388,5,1369.4,28757.4
INV3025,2025-04-06,Retail One,CUST-225,27525,12,3303,30828
INV3026,2025-04-07,Bharat Logistics,CUST-226,27662,18,4979.16,32641.16
INV3027,2025-04-08,Tata Enterprises,CUST-227,27799,28,7783.72,35582.72
INV3028,2025-04-09,Reliance Supply,CUST-228,27936,5,1396.8,29332.8
INV3029,2025-04-10,Infosys Services,CUST-229,28073,12,3368.76,31441.76
INV3030,2025-04-11,Wipro Digital,CUST-230,28210,18,5077.8,33287.8
INV3031,2025-04-12,Adani Ports & SEZ,CUST-231,28347,28,7937.16,36284.16
INV3032,2025-04-13,Mahindra Spares,CUST-232,28484,5,1424.2,29908.2
INV3033,2025-04-14,Larsen Industrial,CUST-233,28621,12,3434.52,32055.52
INV3035,2025-04-16,Godrej Agrovet,CUST-235,28895,28,8090.6,36985.6
INV3036,2025-04-17,Hindustan Traders,CUST-236,29032,5,1451.6,30483.6
INV3037,2025-04-18,Zomato Logistics,CUST-237,29169,12,3500.28,32669.28
INV3038,2025-04-19,Swiggy Kitchens,CUST-238,29306,18,5275.08,34581.08
INV3039,2025-04-20,Delhivery Express,CUST-239,29443,28,8244.04,37687.04
INV3040,2025-04-21,ABC Ltd,CUST-240,29580,5,1479,31059
INV3041,2025-04-22,XYZ Corp,CUST-241,29717,12,3566.04,33283.04
INV3042,2025-04-23,Global Mart,CUST-242,29854,18,5373.72,35227.72
INV3043,2025-04-24,Tech Solutions,CUST-243,29991,28,8397.48,38388.48
INV3044,2025-04-25,Office Hub,CUST-244,30128,5,1506.4,31634.4
INV3045,2025-04-26,Retail One,CUST-245,30265,12,3631.8,33896.8
INV3046,2025-04-27,Bharat Logistics,CUST-246,30402,18,5472.36,35874.36
INV3047,2025-04-28,Tata Enterprises,CUST-247,30539,28,8550.92,39089.92
INV3049,2025-04-02,Infosys Services,CUST-249,30813,12,3697.56,34510.56
INV3050,2025-04-03,Wipro Digital,CUST-250,30950,18,5571,36521
INV3051,2025-04-04,Adani Ports & SEZ,CUST-251,31087,28,8704.36,39791.36
INV3052,2025-04-05,Mahindra Spares,CUST-252,31224,5,1561.2,32785.2
INV3053,2025-04-06,Larsen Industrial,CUST-253,31361,12,3763.32,35124.32
INV3054,2025-04-07,Bajaj Electricals,CUST-254,31498,18,5669.64,37167.64
INV3055,2025-04-08,Godrej Agrovet,CUST-255,31635,28,8857.8,40492.8
INV3056,2025-04-09,Hindustan Traders,CUST-256,31772,5,1588.6,33360.6
INV3057,2025-04-10,Zomato Logistics,CUST-257,31909,12,3829.08,35738.08
INV3058,2025-04-11,Swiggy Kitchens,CUST-258,32046,18,5768.28,37814.28
INV3059,2025-04-12,Delhivery Express,CUST-259,32183,28,9011.24,41194.24
INV3060,2025-04-13,ABC Ltd,CUST-260,32320,5,1616,33936
INV3062,2025-04-15,Global Mart,CUST-262,32594,18,5866.92,38460.92
INV3063,2025-04-16,Tech Solutions,CUST-263,32731,28,9164.68,41895.68
INV3064,2025-04-17,Office Hub,CUST-264,32868,5,1643.4,34511.4
INV3065,2025-04-18,Retail One,CUST-265,33005,12,3960.6,36965.6
INV3066,2025-04-19,Bharat Logistics,CUST-266,33142,18,5965.56,39107.56
INV3067,2025-04-20,Tata Enterprises,CUST-267,33279,28,9318.12,42597.12
INV3068,2025-04-21,Reliance Supply,CUST-268,33416,5,1670.8,35086.8
INV3069,2025-04-22,Infosys Services,CUST-269,33553,12,4026.36,37579.36
INV3070,2025-04-23,Wipro Digital,CUST-270,33690,18,6064.2,39754.2
INV3071,2025-04-24,Adani Ports & SEZ,CUST-271,33827,28,9471.56,43298.56
INV3072,2025-04-25,Mahindra Spares,CUST-272,33964,5,1698.2,35662.2
INV3073,2025-04-26,Larsen Industrial,CUST-273,34101,12,4092.12,38193.12
INV3074,2025-04-27,Bajaj Electricals,CUST-274,34238,18,6162.84,40400.84
INV3076,2025-04-01,Hindustan Traders,CUST-276,34512,5,1725.6,36237.6
INV3077,2025-04-02,Zomato Logistics,CUST-277,34649,12,4157.88,38806.88
INV3078,2025-04-03,Swiggy Kitchens,CUST-278,34786,18,6261.48,41047.48
INV3079,2025-04-04,Delhivery Express,CUST-279,34923,28,9778.44,44701.44
INV3080,2025-04-05,ABC Ltd,CUST-280,35060,5,1753,36813
INV3081,2025-04-06,XYZ Corp,CUST-281,35197,12,4223.64,39420.64
INV3082,2025-04-07,Global Mart,CUST-282,35334,18,6360.12,41694.12
INV3083,2025-04-08,Tech Solutions,CUST-283,35471,28,9931.88,45402.88
INV3084,2025-04-09,Office Hub,CUST-284,35608,5,1780.4,37388.4
INV3085,2025-04-10,Retail One,CUST-285,35745,12,4289.4,40034.4
INV3086,2025-04-11,Bharat Logistics,CUST-286,35882,18,6458.76,42340.76
INV3087,2025-04-12,Tata Enterprises,CUST-287,36019,28,10085.32,46104.32
INV3088,2025-04-13,Reliance Supply,CUST-288,36156,5,1807.8,37963.8
INV3090,2025-04-15,Wipro Digital,CUST-290,36430,18,6557.4,42987.4
INV3091,2025-04-16,Adani Ports & SEZ,CUST-291,36567,28,10238.76,46805.76
INV3092,2025-04-17,Mahindra Spares,CUST-292,36704,5,1835.2,38539.2
INV3093,2025-04-18,Larsen Industrial,CUST-293,36841,12,4420.92,41261.92
INV3094,2025-04-19,Bajaj Electricals,CUST-294,36978,18,6656.04,43634.04
INV3095,2025-04-20,Godrej Agrovet,CUST-295,37115,28,10392.2,47507.2
INV3096,2025-04-21,Hindustan Traders,CUST-296,37252,5,1862.6,39114.6
INV3097,2025-04-22,Zomato Logistics,CUST-297,37389,12,4486.68,41875.68
INV3098,2025-04-23,Swiggy Kitchens,CUST-298,37526,18,6754.68,44280.68
INV3099,2025-04-24,Delhivery Express,CUST-299,37663,28,10545.64,48208.64
INV3100,2025-04-25,ABC Ltd,CUST-300,37800,5,1890,39690
INV3101,2025-04-26,XYZ Corp,CUST-301,37937,12,4552.44,42489.44
INV3102,2025-04-27,Global Mart,CUST-302,38074,18,6853.32,44927.32
INV3104,2025-04-01,Office Hub,CUST-304,38348,5,1917.4,40265.4
INV3105,2025-04-02,Retail One,CUST-305,38485,12,4618.2,43103.2
INV3106,2025-04-03,Bharat Logistics,CUST-306,38622,18,6951.96,45573.96
INV3107,2025-04-04,Tata Enterprises,CUST-307,38759,28,10852.52,49611.52
INV3108,2025-04-05,Reliance Supply,CUST-308,38896,5,1944.8,40840.8
INV3109,2025-04-06,Infosys Services,CUST-309,39033,12,4683.96,43716.96
INV3110,2025-04-07,Wipro Digital,CUST-310,39170,18,7050.6,46220.6
INV3111,2025-04-08,Adani Ports & SEZ,CUST-311,39307,28,11005.96,50312.96
INV3112,2025-04-09,Mahindra Spares,CUST-312,39444,5,1972.2,41416.2
INV3113,2025-04-10,Larsen Industrial,CUST-313,39581,12,4749.72,44330.72
INV3114,2025-04-11,Bajaj Electricals,CUST-314,39718,18,7149.24,46867.24
INV3115,2025-04-12,Godrej Agrovet,CUST-315,39855,28,11159.4,51014.4
INV3117,2025-04-14,Zomato Logistics,CUST-317,40129,12,4815.48,44944.48
INV3118,2025-04-15,Swiggy Kitchens,CUST-318,40266,18,7247.88,47513.88
INV3119,2025-04-16,Delhivery Express,CUST-319,40403,28,11312.84,51715.84
INV3120,2025-04-17,ABC Ltd,CUST-320,40540,5,2027,42567
INV3121,2025-04-18,XYZ Corp,CUST-321,40677,12,4881.24,45558.24
INV3122,2025-04-19,Global Mart,CUST-322,40814,18,7346.52,48160.52
INV3123,2025-04-20,Tech Solutions,CUST-323,40951,28,11466.28,52417.28
INV3124,2025-04-21,Office Hub,CUST-324,41088,5,2054.4,43142.4
INV3125,2025-04-22,Retail One,CUST-325,41225,12,4947,46172
INV3126,2025-04-23,Bharat Logistics,CUST-326,41362,18,7445.16,48807.16
INV3127,2025-04-24,Tata Enterprises,CUST-327,41499,28,11619.72,53118.72
INV3128,2025-04-25,Reliance Supply,CUST-328,41636,5,2081.8,43717.8
INV3129,2025-04-26,Infosys Services,CUST-329,41773,12,5012.76,46785.76
INV3131,2025-04-28,Adani Ports & SEZ,CUST-331,42047,28,11773.16,53820.16
INV3132,2025-04-01,Mahindra Spares,CUST-332,42184,5,2109.2,44293.2
INV3133,2025-04-02,Larsen Industrial,CUST-333,42321,12,5078.52,47399.52
INV3134,2025-04-03,Bajaj Electricals,CUST-334,42458,18,7642.44,50100.44
INV3135,2025-04-04,Godrej Agrovet,CUST-335,42595,28,11926.6,54521.6
INV3136,2025-04-05,Hindustan Traders,CUST-336,42732,5,2136.6,44868.6
INV3137,2025-04-06,Zomato Logistics,CUST-337,42869,12,5144.28,48013.28
INV3138,2025-04-07,Swiggy Kitchens,CUST-338,43006,18,7741.08,50747.08
INV3139,2025-04-08,Delhivery Express,CUST-339,43143,28,12080.04,55223.04
INV3140,2025-04-09,ABC Ltd,CUST-340,43280,5,2164,45444
INV3141,2025-04-10,XYZ Corp,CUST-341,43417,12,5210.04,48627.04
INV3142,2025-04-11,Global Mart,CUST-342,43554,18,7839.72,51393.72
INV3143,2025-04-12,Tech Solutions,CUST-343,43691,28,12233.48,55924.48
INV3145,2025-04-14,Retail One,CUST-345,43965,12,5275.8,49240.8
INV3146,2025-04-15,Bharat Logistics,CUST-346,44102,18,7938.36,52040.36
INV3147,2025-04-16,Tata Enterprises,CUST-347,44239,28,12386.92,56625.92
INV3148,2025-04-17,Reliance Supply,CUST-348,44376,5,2218.8,46594.8
INV3149,2025-04-18,Infosys Services,CUST-349,44513,12,5341.56,49854.56
INV3150,2025-04-19,Wipro Digital,CUST-350,44650,18,8037,52687
INV3151,2025-04-20,Adani Ports & SEZ,CUST-351,44787,28,12540.36,57327.36
INV3152,2025-04-21,Mahindra Spares,CUST-352,44924,5,2246.2,47170.2
INV3153,2025-04-22,Larsen Industrial,CUST-353,45061,12,5407.32,50468.32
INV3154,2025-04-23,Bajaj Electricals,CUST-354,45198,18,8135.64,53333.64
INV3155,2025-04-24,Godrej Agrovet,CUST-355,45335,28,12693.8,58028.8
INV3156,2025-04-25,Hindustan Traders,CUST-356,45472,5,2273.6,47745.6
INV3157,2025-04-26,Zomato Logistics,CUST-357,45609,12,5473.08,51082.08
INV3158,2025-04-27,Swiggy Kitchens,CUST-358,45746,18,8234.28,53980.28
INV3159,2025-04-28,Delhivery Express,CUST-359,45883,28,12847.24,58730.24
INV3160,2025-04-01,ABC Ltd,CUST-360,46020,5,2301,48321
INV3161,2025-04-02,XYZ Corp,CUST-361,46157,12,5538.84,51695.84
INV3162,2025-04-03,Global Mart,CUST-362,46294,18,8332.92,54626.92
INV3163,2025-04-04,Tech Solutions,CUST-363,46431,28,13000.68,59431.68
INV3164,2025-04-05,Office Hub,CUST-364,46568,5,2328.4,48896.4
INV3165,2025-04-06,Retail One,CUST-365,46705,12,5604.6,52309.6
INV3166,2025-04-07,Bharat Logistics,CUST-366,46842,18,8431.56,55273.56
INV3167,2025-04-08,Tata Enterprises,CUST-367,46979,28,13154.12,60133.12
INV3168,2025-04-09,Reliance Supply,CUST-368,47116,5,2355.8,49471.8
INV3169,2025-04-10,Infosys Services,CUST-369,47253,12,5670.36,52923.36
INV3170,2025-04-11,Wipro Digital,CUST-370,47390,18,8530.2,55920.2
INV3171,2025-04-12,Adani Ports & SEZ,CUST-371,47527,28,13307.56,60834.56
INV3172,2025-04-13,Mahindra Spares,CUST-372,47664,5,2383.2,50047.2
INV3173,2025-04-14,Larsen Industrial,CUST-373,47801,12,5736.12,53537.12
INV3174,2025-04-15,Bajaj Electricals,CUST-374,47938,18,8628.84,56566.84
INV3175,2025-04-16,Godrej Agrovet,CUST-375,48075,28,13461,61536
INV3176,2025-04-17,Hindustan Traders,CUST-376,48212,5,2410.6,50622.6
INV3177,2025-04-18,Zomato Logistics,CUST-377,48349,12,5801.88,54150.88
INV3178,2025-04-19,Swiggy Kitchens,CUST-378,48486,18,8727.48,57213.48
INV3179,2025-04-20,Delhivery Express,CUST-379,48623,28,13614.44,62237.44
INV3180,2025-04-21,ABC Ltd,CUST-380,48760,5,2438,51198
INV3181,2025-04-22,XYZ Corp,CUST-381,48897,12,5867.64,54764.64
INV3182,2025-04-23,Global Mart,CUST-382,49034,18,8826.12,57860.12
INV3183,2025-04-24,Tech Solutions,CUST-383,49171,28,13767.88,62938.88
INV3184,2025-04-25,Office Hub,CUST-384,49308,5,2465.4,51773.4
INV3185,2025-04-26,Retail One,CUST-385,49445,12,5933.4,55378.4
INV3186,2025-04-27,Bharat Logistics,CUST-386,49582,18,8924.76,58506.76
INV3187,2025-04-28,Tata Enterprises,CUST-387,49719,28,13921.32,63640.32
INV3188,2025-04-01,Reliance Supply,CUST-388,49856,5,2492.8,52348.8
INV3189,2025-04-02,Infosys Services,CUST-389,49993,12,5999.16,55992.16
INV3190,2025-04-03,Wipro Digital,CUST-390,50130,18,9023.4,59153.4
INV3191,2025-04-04,Adani Ports & SEZ,CUST-391,50267,28,14074.76,64341.76
INV3192,2025-04-05,Mahindra Spares,CUST-392,50404,5,2520.2,52924.2
INV3193,2025-04-06,Larsen Industrial,CUST-393,50541,12,6064.92,56605.92
INV3194,2025-04-07,Bajaj Electricals,CUST-394,50678,18,9122.04,59800.04
INV3195,2025-04-08,Godrej Agrovet,CUST-395,50815,28,14228.2,65043.2
INV3196,2025-04-09,Hindustan Traders,CUST-396,50952,5,2547.6,53499.6
INV3197,2025-04-10,Zomato Logistics,CUST-397,51089,12,6130.68,57219.68
INV3198,2025-04-11,Swiggy Kitchens,CUST-398,51226,18,9220.68,60446.68
INV3199,2025-04-12,Delhivery Express,CUST-399,51363,28,14381.64,65744.64
INV3200,2025-04-13,ABC Ltd,CUST-400,950000,5,47500,997500
INV3201,2025-04-14,XYZ Corp,CUST-401,51637,12,6196.44,57833.44
INV3202,2025-04-15,Global Mart,CUST-402,51774,18,9319.32,61093.32
INV3203,2025-04-16,Tech Solutions,CUST-403,51911,28,14535.08,66446.08
INV3204,2025-04-17,Office Hub,CUST-404,52048,5,2602.4,54650.4
INV3205,2025-04-18,Retail One,CUST-405,52185,12,6262.2,58447.2
INV3206,2025-04-19,Bharat Logistics,CUST-406,52322,18,9417.96,61739.96
INV3207,2025-04-20,Tata Enterprises,CUST-407,52459,28,14688.52,67147.52
INV3208,2025-04-21,Reliance Supply,CUST-408,52596,5,2629.8,55225.8
INV3209,2025-04-22,Infosys Services,CUST-409,52733,12,6327.96,59060.96
INV3210,2025-04-23,Wipro Digital,CUST-410,52870,18,9516.6,62386.6
INV3211,2025-04-24,Adani Ports & SEZ,CUST-411,53007,28,14841.96,67848.96
INV3212,2025-04-25,Mahindra Spares,CUST-412,53144,5,2657.2,55801.2
INV3213,2025-04-26,Larsen Industrial,CUST-413,53281,12,6393.72,59674.72
INV3214,2025-04-27,Bajaj Electricals,CUST-414,53418,18,9615.24,63033.24
INV3215,2025-04-28,Godrej Agrovet,CUST-415,53555,28,14995.4,68550.4
INV3216,2025-04-01,Hindustan Traders,CUST-416,53692,5,2684.6,56376.6
INV3217,2025-04-02,Zomato Logistics,CUST-417,53829,12,6459.48,60288.48
INV3218,2025-04-03,Swiggy Kitchens,CUST-418,53966,18,9713.88,63679.88
INV3219,2025-04-04,Delhivery Express,CUST-419,54103,28,15148.84,69251.84
INV3220,2025-04-05,ABC Ltd,CUST-420,54240,5,2712,56952
INV3221,2025-04-06,XYZ Corp,CUST-421,54377,12,6525.24,60902.24
INV3222,2025-04-07,Global Mart,CUST-422,54514,18,9812.52,64326.52
INV3223,2025-04-08,Tech Solutions,CUST-423,54651,28,15302.28,69953.28
INV3224,2025-04-09,Office Hub,CUST-424,54788,5,2739.4,57527.4
INV3225,2025-04-10,Retail One,CUST-425,54925,12,6591,61516
INV3226,2025-04-11,Bharat Logistics,CUST-426,55062,18,9911.16,64973.16
INV3227,2025-04-12,Tata Enterprises,CUST-427,55199,28,15455.72,70654.72
INV3228,2025-04-13,Reliance Supply,CUST-428,55336,5,2766.8,58102.8
INV3229,2025-04-14,Infosys Services,CUST-429,55473,12,6656.76,62129.76
INV3230,2025-04-15,Wipro Digital,CUST-430,55610,18,10009.8,65619.8
INV3231,2025-04-16,Adani Ports & SEZ,CUST-431,55747,28,15609.16,71356.16
INV3232,2025-04-17,Mahindra Spares,CUST-432,55884,5,2794.2,58678.2
INV3233,2025-04-18,Larsen Industrial,CUST-433,56021,12,6722.52,62743.52
INV3234,2025-04-19,Bajaj Electricals,CUST-434,56158,18,10108.44,66266.44
INV3235,2025-04-20,Godrej Agrovet,CUST-435,56295,28,15762.6,72057.6
INV3236,2025-04-21,Hindustan Traders,CUST-436,56432,5,2821.6,59253.6
INV3237,2025-04-22,Zomato Logistics,CUST-437,56569,12,6788.28,63357.28
INV3238,2025-04-23,Swiggy Kitchens,CUST-438,56706,18,10207.08,66913.08
INV3239,2025-04-24,Delhivery Express,CUST-439,56843,28,15916.04,72759.04
INV3240,2025-04-25,ABC Ltd,CUST-440,56980,5,2849,59829
INV3241,2025-04-26,XYZ Corp,CUST-441,57117,12,6854.04,63971.04
INV3242,2025-04-27,Global Mart,CUST-442,57254,18,10305.72,67559.72
INV3243,2025-04-28,Tech Solutions,CUST-443,57391,28,16069.48,73460.48
INV3244,2025-04-01,Office Hub,CUST-444,57528,5,2876.4,60404.4
INV3245,2025-04-02,Retail One,CUST-445,57665,12,6919.8,64584.8
INV3246,2025-04-03,Bharat Logistics,CUST-446,57802,18,10404.36,68206.36
INV3247,2025-04-04,Tata Enterprises,CUST-447,57939,28,16222.92,74161.92
INV3248,2025-04-05,Reliance Supply,CUST-448,58076,5,2903.8,60979.8
INV3249,2025-04-06,Infosys Services,CUST-449,58213,12,6985.56,65198.56
INV3250,2025-04-07,Wipro Digital,CUST-450,58350,18,10503,68853
INV3251,2025-04-08,Adani Ports & SEZ,CUST-451,58487,28,16376.36,74863.36
INV3252,2025-04-09,Mahindra Spares,CUST-452,58624,5,2931.2,61555.2
INV3253,2025-04-10,Larsen Industrial,CUST-453,58761,12,7051.32,65812.32
INV3254,2025-04-11,Bajaj Electricals,CUST-454,58898,18,10601.64,69499.64
INV3255,2025-04-12,Godrej Agrovet,CUST-455,59035,28,16529.8,75564.8
INV3256,2025-04-13,Hindustan Traders,CUST-456,59172,5,2958.6,62130.6
INV3257,2025-04-14,Zomato Logistics,CUST-457,59309,12,7117.08,66426.08
INV3258,2025-04-15,Swiggy Kitchens,CUST-458,59446,18,10700.28,70146.28
INV3259,2025-04-16,Delhivery Express,CUST-459,59583,28,16683.24,76266.24
INV3260,2025-04-17,ABC Ltd,CUST-460,59720,5,2986,62706
INV3261,2025-04-18,XYZ Corp,CUST-461,59857,12,7182.84,67039.84
INV3262,2025-04-19,Global Mart,CUST-462,59994,18,10798.92,70792.92
INV3263,2025-04-20,Tech Solutions,CUST-463,60131,28,16836.68,76967.68
INV3264,2025-04-21,Office Hub,CUST-464,60268,5,3013.4,63281.4
INV3265,2025-04-22,Retail One,CUST-465,60405,12,7248.6,67653.6
INV3266,2025-04-23,Bharat Logistics,CUST-466,60542,18,10897.56,71439.56
INV3267,2025-04-24,Tata Enterprises,CUST-467,60679,28,16990.12,77669.12
INV3268,2025-04-25,Reliance Supply,CUST-468,60816,5,3040.8,63856.8
INV3269,2025-04-26,Infosys Services,CUST-469,60953,12,7314.36,68267.36
INV3270,2025-04-27,Wipro Digital,CUST-470,61090,18,10996.2,72086.2
INV3271,2025-04-28,Adani Ports & SEZ,CUST-471,61227,28,17143.56,78370.56
INV3272,2025-04-01,Mahindra Spares,CUST-472,61364,5,3068.2,64432.2
INV3273,2025-04-02,Larsen Industrial,CUST-473,61501,12,7380.12,68881.12
INV3274,2025-04-03,Bajaj Electricals,CUST-474,61638,18,11094.84,72732.84
INV3275,2025-04-04,Godrej Agrovet,CUST-475,61775,28,17297,79072
INV3276,2025-04-05,Hindustan Traders,CUST-476,61912,5,3095.6,65007.6
INV3277,2025-04-06,Zomato Logistics,CUST-477,62049,12,7445.88,69494.88
INV3278,2025-04-07,Swiggy Kitchens,CUST-478,62186,18,11193.48,73379.48
INV3279,2025-04-08,Delhivery Express,CUST-479,62323,28,17450.44,79773.44
INV3280,2025-04-09,ABC Ltd,CUST-480,62460,5,3123,65583
INV3281,2025-04-10,XYZ Corp,CUST-481,62597,12,7511.64,70108.64
INV3282,2025-04-11,Global Mart,CUST-482,62734,18,11292.12,74026.12
INV3283,2025-04-12,Tech Solutions,CUST-483,62871,28,17603.88,80474.88
INV3284,2025-04-13,Office Hub,CUST-484,63008,5,3150.4,66158.4
INV3285,2025-04-14,Retail One,CUST-485,63145,12,7577.4,70722.4
INV3286,2025-04-15,Bharat Logistics,CUST-486,63282,18,11390.76,74672.76
INV3287,2025-04-16,Tata Enterprises,CUST-487,63419,28,17757.32,81176.32
INV3288,2025-04-17,Reliance Supply,CUST-488,63556,5,3177.8,66733.8
INV3289,2025-04-18,Infosys Services,CUST-489,63693,12,7643.16,71336.16
INV3290,2025-04-19,Wipro Digital,CUST-490,63830,18,11489.4,75319.4
INV3291,2025-04-20,Adani Ports & SEZ,CUST-491,63967,28,17910.76,81877.76
INV3292,2025-04-21,Mahindra Spares,CUST-492,64104,5,3205.2,67309.2
INV3293,2025-04-22,Larsen Industrial,CUST-493,64241,12,7708.92,71949.92
INV3294,2025-04-23,Bajaj Electricals,CUST-494,64378,18,11588.04,75966.04
INV3295,2025-04-24,Godrej Agrovet,CUST-495,64515,28,18064.2,82579.2
INV3296,2025-04-25,Hindustan Traders,CUST-496,64652,5,3232.6,67884.6
INV3297,2025-04-26,Zomato Logistics,CUST-497,64789,12,7774.68,72563.68
INV3298,2025-04-27,Swiggy Kitchens,CUST-498,64926,18,11686.68,76612.68
INV3299,2025-04-28,Delhivery Express,CUST-499,65063,28,18217.64,83280.64
INV3300,2025-04-01,ABC Ltd,CUST-500,65200,5,3260,68460
INV3301,2025-04-02,XYZ Corp,CUST-501,65337,12,7840.44,73177.44
INV3302,2025-04-03,Global Mart,CUST-502,65474,18,11785.32,77259.32
INV3303,2025-04-04,Tech Solutions,CUST-503,65611,28,18371.08,83982.08
INV3304,2025-04-05,Office Hub,CUST-504,65748,5,3287.4,69035.4
INV3305,2025-04-06,Retail One,CUST-505,65885,12,7906.2,73791.2
INV3306,2025-04-07,Bharat Logistics,CUST-506,66022,18,11883.96,77905.96
INV3307,2025-04-08,Tata Enterprises,CUST-507,66159,28,18524.52,84683.52
INV3308,2025-04-09,Reliance Supply,CUST-508,66296,5,3314.8,69610.8
INV3309,2025-04-10,Infosys Services,CUST-509,66433,12,7971.96,74404.96
INV3310,2025-04-11,Wipro Digital,CUST-510,66570,18,11982.6,78552.6
INV3311,2025-04-12,Adani Ports & SEZ,CUST-511,66707,28,18677.96,85384.96
INV3312,2025-04-13,Mahindra Spares,CUST-512,66844,5,3342.2,70186.2
INV3313,2025-04-14,Larsen Industrial,CUST-513,66981,12,8037.72,75018.72
INV3314,2025-04-15,Bajaj Electricals,CUST-514,67118,18,12081.24,79199.24
INV3315,2025-04-16,Godrej Agrovet,CUST-515,67255,28,18831.4,86086.4
INV3316,2025-04-17,Hindustan Traders,CUST-516,67392,5,3369.6,70761.6
INV3317,2025-04-18,Zomato Logistics,CUST-517,67529,12,8103.48,75632.48
INV3318,2025-04-19,Swiggy Kitchens,CUST-518,67666,18,12179.88,79845.88
INV3319,2025-04-20,Delhivery Express,CUST-519,67803,28,18984.84,86787.84
INV3320,2025-04-21,ABC Ltd,CUST-520,67940,5,3397,71337
INV3321,2025-04-22,XYZ Corp,CUST-521,68077,12,8169.24,76246.24
INV3322,2025-04-23,Global Mart,CUST-522,68214,18,12278.52,80492.52
INV3323,2025-04-24,Tech Solutions,CUST-523,68351,28,19138.28,87489.28
INV3324,2025-04-25,Office Hub,CUST-524,68488,5,3424.4,71912.4
INV3325,2025-04-26,Retail One,CUST-525,68625,12,8235,76860
INV3326,2025-04-27,Bharat Logistics,CUST-526,68762,18,12377.16,81139.16
INV3327,2025-04-28,Tata Enterprises,CUST-527,68899,28,19291.72,88190.72
INV3328,2025-04-01,Reliance Supply,CUST-528,69036,5,3451.8,72487.8
INV3329,2025-04-02,Infosys Services,CUST-529,69173,12,8300.76,77473.76
INV3330,2025-04-03,Wipro Digital,CUST-530,69310,18,12475.8,81785.8
INV3331,2025-04-04,Adani Ports & SEZ,CUST-531,69447,28,19445.16,88892.16
INV3332,2025-04-05,Mahindra Spares,CUST-532,69584,5,3479.2,73063.2
INV3333,2025-04-06,Larsen Industrial,CUST-533,69721,12,8366.52,78087.52
INV3334,2025-04-07,Bajaj Electricals,CUST-534,69858,18,12574.44,82432.44
INV3335,2025-04-08,Godrej Agrovet,CUST-535,69995,28,19598.6,89593.6
INV3336,2025-04-09,Hindustan Traders,CUST-536,70132,5,3506.6,73638.6
INV3337,2025-04-10,Zomato Logistics,CUST-537,70269,12,8432.28,78701.28
INV3338,2025-04-11,Swiggy Kitchens,CUST-538,70406,18,12673.08,83079.08
INV3339,2025-04-12,Delhivery Express,CUST-539,70543,28,19752.04,90295.04
INV3340,2025-04-13,ABC Ltd,CUST-540,70680,5,3534,74214
INV3341,2025-04-14,XYZ Corp,CUST-541,70817,12,8498.04,79315.04
INV3342,2025-04-15,Global Mart,CUST-542,70954,18,12771.72,83725.72
INV3343,2025-04-16,Tech Solutions,CUST-543,71091,28,19905.48,90996.48
INV3344,2025-04-17,Office Hub,CUST-544,71228,5,3561.4,74789.4
INV3345,2025-04-18,Retail One,CUST-545,71365,12,8563.8,79928.8
INV3346,2025-04-19,Bharat Logistics,CUST-546,71502,18,12870.36,84372.36
INV3347,2025-04-20,Tata Enterprises,CUST-547,71639,28,20058.92,91697.92
INV3348,2025-04-21,Reliance Supply,CUST-548,71776,5,3588.8,75364.8
INV3349,2025-04-22,Infosys Services,CUST-549,71913,12,8629.56,80542.56
INV3350,2025-04-23,Wipro Digital,CUST-550,72050,18,12969,85019
INV3351,2025-04-24,Adani Ports & SEZ,CUST-551,72187,28,20212.36,92399.36
INV3352,2025-04-25,Mahindra Spares,CUST-552,72324,5,3616.2,75940.2
INV3353,2025-04-26,Larsen Industrial,CUST-553,72461,12,8695.32,81156.32
INV3354,2025-04-27,Bajaj Electricals,CUST-554,72598,18,13067.64,85665.64
INV3355,2025-04-28,Godrej Agrovet,CUST-555,72735,28,20365.8,93100.8
INV3356,2025-04-01,Hindustan Traders,CUST-556,72872,5,3643.6,76515.6
INV3357,2025-04-02,Zomato Logistics,CUST-557,73009,12,8761.08,81770.08
INV3358,2025-04-03,Swiggy Kitchens,CUST-558,73146,18,13166.28,86312.28
INV3359,2025-04-04,Delhivery Express,CUST-559,73283,28,20519.24,93802.24
INV3360,2025-04-05,ABC Ltd,CUST-560,73420,5,3671,77091
INV3361,2025-04-06,XYZ Corp,CUST-561,73557,12,8826.84,82383.84
INV3362,2025-04-07,Global Mart,CUST-562,73694,18,13264.92,86958.92
INV3363,2025-04-08,Tech Solutions,CUST-563,73831,28,20672.68,94503.68
INV3364,2025-04-09,Office Hub,CUST-564,73968,5,3698.4,77666.4
INV3365,2025-04-10,Retail One,CUST-565,74105,12,8892.6,82997.6
INV3366,2025-04-11,Bharat Logistics,CUST-566,74242,18,13363.56,87605.56
INV3367,2025-04-12,Tata Enterprises,CUST-567,74379,28,20826.12,95205.12
INV3368,2025-04-13,Reliance Supply,CUST-568,74516,5,3725.8,78241.8
INV3369,2025-04-14,Infosys Services,CUST-569,74653,12,8958.36,83611.36
INV3370,2025-04-15,Wipro Digital,CUST-570,74790,18,13462.2,88252.2
INV3371,2025-04-16,Adani Ports & SEZ,CUST-571,74927,28,20979.56,95906.56
INV3372,2025-04-17,Mahindra Spares,CUST-572,75064,5,3753.2,78817.2
INV3373,2025-04-18,Larsen Industrial,CUST-573,75201,12,9024.12,84225.12
INV3374,2025-04-19,Bajaj Electricals,CUST-574,75338,18,13560.84,88898.84
INV3375,2025-04-20,Godrej Agrovet,CUST-575,75475,28,21133,96608
INV3376,2025-04-21,Hindustan Traders,CUST-576,75612,5,3780.6,79392.6
INV3377,2025-04-22,Zomato Logistics,CUST-577,75749,12,9089.88,84838.88
INV3378,2025-04-23,Swiggy Kitchens,CUST-578,75886,18,13659.48,89545.48
INV3379,2025-04-24,Delhivery Express,CUST-579,76023,28,21286.44,97309.44
INV3380,2025-04-25,ABC Ltd,CUST-580,76160,5,3808,79968
INV3381,2025-04-26,XYZ Corp,CUST-581,76297,12,9155.64,85452.64
INV3382,2025-04-27,Global Mart,CUST-582,76434,18,13758.12,90192.12
INV3383,2025-04-28,Tech Solutions,CUST-583,76571,28,21439.88,98010.88
INV3384,2025-04-01,Office Hub,CUST-584,76708,5,3835.4,80543.4
INV3385,2025-04-02,Retail One,CUST-585,76845,12,9221.4,86066.4
INV3386,2025-04-03,Bharat Logistics,CUST-586,76982,18,13856.76,90838.76
INV3387,2025-04-04,Tata Enterprises,CUST-587,77119,28,21593.32,98712.32
INV3388,2025-04-05,Reliance Supply,CUST-588,77256,5,3862.8,81118.8
INV3389,2025-04-06,Infosys Services,CUST-589,77393,12,9287.16,86680.16
INV3390,2025-04-07,Wipro Digital,CUST-590,2530,18,455.4,2985.4
INV3391,2025-04-08,Adani Ports & SEZ,CUST-591,2667,28,746.76,3413.76
INV3392,2025-04-09,Mahindra Spares,CUST-592,2804,5,140.2,2944.2
INV3393,2025-04-10,Larsen Industrial,CUST-593,2941,12,352.92,3293.92
INV3394,2025-04-11,Bajaj Electricals,CUST-594,3078,18,554.04,3632.04
INV3395,2025-04-12,Godrej Agrovet,CUST-595,3215,28,900.2,4115.2
INV3396,2025-04-13,Hindustan Traders,CUST-596,3352,5,167.6,3519.6
INV3397,2025-04-14,Zomato Logistics,CUST-597,3489,12,418.68,3907.68
INV3398,2025-04-15,Swiggy Kitchens,CUST-598,3626,18,652.68,4278.68
INV3399,2025-04-16,Delhivery Express,CUST-599,3763,28,1053.64,4816.64
INV3400,2025-04-17,ABC Ltd,CUST-600,3900,5,195,4095
INV3401,2025-04-18,XYZ Corp,CUST-601,4037,12,484.44,4521.44
INV3402,2025-04-19,Global Mart,CUST-602,4174,18,751.32,4925.32
INV3403,2025-04-20,Tech Solutions,CUST-603,4311,28,1207.08,5518.08
INV3404,2025-04-21,Office Hub,CUST-604,4448,5,222.4,4670.4
INV3405,2025-04-22,Retail One,CUST-605,4585,12,550.2,5135.2
INV3406,2025-04-23,Bharat Logistics,CUST-606,4722,18,849.96,5571.96
INV3407,2025-04-24,Tata Enterprises,CUST-607,4859,28,1360.52,6219.52
INV3408,2025-04-25,Reliance Supply,CUST-608,4996,5,249.8,5245.8
INV3409,2025-04-26,Infosys Services,CUST-609,5133,12,615.96,5748.96
INV3410,2025-04-27,Wipro Digital,CUST-610,5270,18,948.6,6218.6
INV3411,2025-04-28,Adani Ports & SEZ,CUST-611,5407,28,1513.96,6920.96
INV3412,2025-04-01,Mahindra Spares,CUST-612,5544,5,277.2,5821.2
INV3413,2025-04-02,Larsen Industrial,CUST-613,5681,12,681.72,6362.72
INV3414,2025-04-03,Bajaj Electricals,CUST-614,5818,18,1047.24,6865.24
INV3415,2025-04-04,Godrej Agrovet,CUST-615,5955,28,1667.4,7622.4
INV3416,2025-04-05,Hindustan Traders,CUST-616,6092,5,304.6,6396.6
INV3417,2025-04-06,Zomato Logistics,CUST-617,6229,12,747.48,6976.48
INV3418,2025-04-07,Swiggy Kitchens,CUST-618,6366,18,1145.88,7511.88
INV3419,2025-04-08,Delhivery Express,CUST-619,6503,28,1820.84,8323.84
INV3420,2025-04-09,ABC Ltd,CUST-620,6640,5,332,6972
INV3421,2025-04-10,XYZ Corp,CUST-621,6777,12,813.24,7590.24
INV3422,2025-04-11,Global Mart,CUST-622,6914,18,1244.52,8158.52
INV3423,2025-04-12,Tech Solutions,CUST-623,7051,28,1974.28,9025.28
INV3424,2025-04-13,Office Hub,CUST-624,7188,5,359.4,7547.4
INV3425,2025-04-14,Retail One,CUST-625,7325,12,879,8204
INV3426,2025-04-15,Bharat Logistics,CUST-626,7462,18,1343.16,8805.16
INV3427,2025-04-16,Tata Enterprises,CUST-627,7599,28,2127.72,9726.72
INV3428,2025-04-17,Reliance Supply,CUST-628,7736,5,386.8,8122.8
INV3429,2025-04-18,Infosys Services,CUST-629,7873,12,944.76,8817.76
INV3430,2025-04-19,Wipro Digital,CUST-630,8010,18,1441.8,9451.8
INV3431,2025-04-20,Adani Ports & SEZ,CUST-631,8147,28,2281.16,10428.16
INV3432,2025-04-21,Mahindra Spares,CUST-632,8284,5,414.2,8698.2
INV3433,2025-04-22,Larsen Industrial,CUST-633,8421,12,1010.52,9431.52
INV3434,2025-04-23,Bajaj Electricals,CUST-634,8558,18,1540.44,10098.44
INV3435,2025-04-24,Godrej Agrovet,CUST-635,8695,28,2434.6,11129.6
INV3436,2025-04-25,Hindustan Traders,CUST-636,8832,5,441.6,9273.6
INV3437,2025-04-26,Zomato Logistics,CUST-637,8969,12,1076.28,10045.28
INV3438,2025-04-27,Swiggy Kitchens,CUST-638,9106,18,1639.08,10745.08
INV3439,2025-04-28,Delhivery Express,CUST-639,9243,28,2588.04,11831.04
INV3440,2025-04-01,ABC Ltd,CUST-640,9380,5,469,9849
INV3441,2025-04-02,XYZ Corp,CUST-641,9517,12,1142.04,10659.04
INV3442,2025-04-03,Global Mart,CUST-642,9654,18,1737.72,11391.72
INV3443,2025-04-04,Tech Solutions,CUST-643,9791,28,2741.48,12532.48
INV3444,2025-04-05,Office Hub,CUST-644,9928,5,496.4,10424.4
INV3445,2025-04-06,Retail One,CUST-645,10065,12,1207.8,11272.8
INV3446,2025-04-07,Bharat Logistics,CUST-646,10202,18,1836.36,12038.36
INV3447,2025-04-08,Tata Enterprises,CUST-647,10339,28,2894.92,13233.92
INV3448,2025-04-09,Reliance Supply,CUST-648,10476,5,523.8,10999.8
INV3449,2025-04-10,Infosys Services,CUST-649,10613,12,1273.56,11886.56
INV3450,2025-04-11,Wipro Digital,CUST-650,850000,18,153000,1003000
INV3451,2025-04-12,Adani Ports & SEZ,CUST-651,10887,28,3048.36,13935.36
INV3452,2025-04-13,Mahindra Spares,CUST-652,11024,5,551.2,11575.2
INV3453,2025-04-14,Larsen Industrial,CUST-653,11161,12,1339.32,12500.32
INV3454,2025-04-15,Bajaj Electricals,CUST-654,11298,18,2033.64,13331.64
INV3455,2025-04-16,Godrej Agrovet,CUST-655,11435,28,3201.8,14636.8
INV3456,2025-04-17,Hindustan Traders,CUST-656,11572,5,578.6,12150.6
INV3457,2025-04-18,Zomato Logistics,CUST-657,11709,12,1405.08,13114.08
INV3458,2025-04-19,Swiggy Kitchens,CUST-658,11846,18,2132.28,13978.28
INV3459,2025-04-20,Delhivery Express,CUST-659,11983,28,3355.24,15338.24
INV3460,2025-04-21,ABC Ltd,CUST-660,12120,5,606,12726
INV3461,2025-04-22,XYZ Corp,CUST-661,12257,12,1470.84,13727.84
INV3462,2025-04-23,Global Mart,CUST-662,12394,18,2230.92,14624.92
INV3463,2025-04-24,Tech Solutions,CUST-663,12531,28,3508.68,16039.68
INV3464,2025-04-25,Office Hub,CUST-664,12668,5,633.4,13301.4
INV3465,2025-04-26,Retail One,CUST-665,12805,12,1536.6,14341.6
INV3466,2025-04-27,Bharat Logistics,CUST-666,12942,18,2329.56,15271.56
INV3467,2025-04-28,Tata Enterprises,CUST-667,13079,28,3662.12,16741.12
INV3468,2025-04-01,Reliance Supply,CUST-668,13216,5,660.8,13876.8
INV3469,2025-04-02,Infosys Services,CUST-669,13353,12,1602.36,14955.36
INV3470,2025-04-03,Wipro Digital,CUST-670,13490,18,2428.2,15918.2
INV3471,2025-04-04,Adani Ports & SEZ,CUST-671,13627,28,3815.56,17442.56
INV3472,2025-04-05,Mahindra Spares,CUST-672,13764,5,688.2,14452.2
INV3473,2025-04-06,Larsen Industrial,CUST-673,13901,12,1668.12,15569.12
INV3474,2025-04-07,Bajaj Electricals,CUST-674,14038,18,2526.84,16564.84
INV3475,2025-04-08,Godrej Agrovet,CUST-675,14175,28,3969,18144
INV3476,2025-04-09,Hindustan Traders,CUST-676,14312,5,715.6,15027.6
INV3477,2025-04-10,Zomato Logistics,CUST-677,14449,12,1733.88,16182.88
INV3478,2025-04-11,Swiggy Kitchens,CUST-678,14586,18,2625.48,17211.48
INV3479,2025-04-12,Delhivery Express,CUST-679,14723,28,4122.44,18845.44
INV3480,2025-04-13,ABC Ltd,CUST-680,14860,5,743,15603
INV3481,2025-04-14,XYZ Corp,CUST-681,14997,12,1799.64,16796.64
INV3482,2025-04-15,Global Mart,CUST-682,15134,18,2724.12,17858.12
INV3483,2025-04-16,Tech Solutions,CUST-683,15271,28,4275.88,19546.88
INV3484,2025-04-17,Office Hub,CUST-684,15408,5,770.4,16178.4
INV3485,2025-04-18,Retail One,CUST-685,15545,12,1865.4,17410.4
INV3486,2025-04-19,Bharat Logistics,CUST-686,15682,18,2822.76,18504.76
INV3487,2025-04-20,Tata Enterprises,CUST-687,15819,28,4429.32,20248.32
INV3488,2025-04-21,Reliance Supply,CUST-688,15956,5,797.8,16753.8
INV3489,2025-04-22,Infosys Services,CUST-689,16093,12,1931.16,18024.16
INV3490,2025-04-23,Wipro Digital,CUST-690,16230,18,2921.4,19151.4
INV3491,2025-04-24,Adani Ports & SEZ,CUST-691,16367,28,4582.76,20949.76
INV3492,2025-04-25,Mahindra Spares,CUST-692,16504,5,825.2,17329.2
INV3493,2025-04-26,Larsen Industrial,CUST-693,16641,12,1996.92,18637.92
INV3494,2025-04-27,Bajaj Electricals,CUST-694,16778,18,3020.04,19798.04
INV3495,2025-04-28,Godrej Agrovet,CUST-695,16915,28,4736.2,21651.2
INV3496,2025-04-01,Hindustan Traders,CUST-696,17052,5,852.6,17904.6
INV3497,2025-04-02,Zomato Logistics,CUST-697,17189,12,2062.68,19251.68
INV3498,2025-04-03,Swiggy Kitchens,CUST-698,17326,18,3118.68,20444.68
INV3499,2025-04-04,Delhivery Express,CUST-699,17463,28,4889.64,22352.64
INV3500,2025-04-05,ABC Ltd,CUST-700,17600,5,880,18480
INV3501,2025-04-06,XYZ Corp,CUST-701,17737,12,2128.44,19865.44
INV3502,2025-04-07,Global Mart,CUST-702,17874,18,3217.32,21091.32
INV3503,2025-04-08,Tech Solutions,CUST-703,18011,28,5043.08,23054.08
INV3504,2025-04-09,Office Hub,CUST-704,18148,5,907.4,19055.4
INV3505,2025-04-10,Retail One,CUST-705,18285,12,2194.2,20479.2
INV3506,2025-04-11,Bharat Logistics,CUST-706,18422,18,3315.96,21737.96
INV3507,2025-04-12,Tata Enterprises,CUST-707,18559,28,5196.52,23755.52
INV3508,2025-04-13,Reliance Supply,CUST-708,18696,5,934.8,19630.8
INV3509,2025-04-14,Infosys Services,CUST-709,18833,12,2259.96,21092.96
INV3510,2025-04-15,Wipro Digital,CUST-710,18970,18,3414.6,22384.6
INV3511,2025-04-16,Adani Ports & SEZ,CUST-711,19107,28,5349.96,24456.96
INV3512,2025-04-17,Mahindra Spares,CUST-712,19244,5,962.2,20206.2
INV3513,2025-04-18,Larsen Industrial,CUST-713,19381,12,2325.72,21706.72
INV3514,2025-04-19,Bajaj Electricals,CUST-714,19518,18,3513.24,23031.24
INV3515,2025-04-20,Godrej Agrovet,CUST-715,19655,28,5503.4,25158.4
INV3516,2025-04-21,Hindustan Traders,CUST-716,19792,5,989.6,20781.6
INV3517,2025-04-22,Zomato Logistics,CUST-717,19929,12,2391.48,22320.48
INV3518,2025-04-23,Swiggy Kitchens,CUST-718,20066,18,3611.88,23677.88
INV3519,2025-04-24,Delhivery Express,CUST-719,20203,28,5656.84,25859.84
INV3520,2025-04-25,ABC Ltd,CUST-720,20340,5,1017,21357
INV3521,2025-04-26,XYZ Corp,CUST-721,20477,12,2457.24,22934.24
INV3522,2025-04-27,Global Mart,CUST-722,20614,18,3710.52,24324.52
INV3523,2025-04-28,Tech Solutions,CUST-723,20751,28,5810.28,26561.28
INV3524,2025-04-01,Office Hub,CUST-724,20888,5,1044.4,21932.4
INV3525,2025-04-02,Retail One,CUST-725,21025,12,2523,23548
INV3526,2025-04-03,Bharat Logistics,CUST-726,21162,18,3809.16,24971.16
INV3527,2025-04-04,Tata Enterprises,CUST-727,21299,28,5963.72,27262.72
INV3528,2025-04-05,Reliance Supply,CUST-728,21436,5,1071.8,22507.8
INV3529,2025-04-06,Infosys Services,CUST-729,21573,12,2588.76,24161.76
INV3530,2025-04-07,Wipro Digital,CUST-730,21710,18,3907.8,25617.8
INV3531,2025-04-08,Adani Ports & SEZ,CUST-731,21847,28,6117.16,27964.16
INV3532,2025-04-09,Mahindra Spares,CUST-732,21984,5,1099.2,23083.2
INV3533,2025-04-10,Larsen Industrial,CUST-733,22121,12,2654.52,24775.52
INV3534,2025-04-11,Bajaj Electricals,CUST-734,22258,18,4006.44,26264.44
INV3535,2025-04-12,Godrej Agrovet,CUST-735,22395,28,6270.6,28665.6
INV3536,2025-04-13,Hindustan Traders,CUST-736,22532,5,1126.6,23658.6
INV3537,2025-04-14,Zomato Logistics,CUST-737,22669,12,2720.28,25389.28
INV3538,2025-04-15,Swiggy Kitchens,CUST-738,22806,18,4105.08,26911.08
INV3539,2025-04-16,Delhivery Express,CUST-739,22943,28,6424.04,29367.04
INV3540,2025-04-17,ABC Ltd,CUST-740,23080,5,1154,24234
INV3541,2025-04-18,XYZ Corp,CUST-741,23217,12,2786.04,26003.04
INV3542,2025-04-19,Global Mart,CUST-742,23354,18,4203.72,27557.72
INV3543,2025-04-20,Tech Solutions,CUST-743,23491,28,6577.48,30068.48
INV3544,2025-04-21,Office Hub,CUST-744,23628,5,1181.4,24809.4
INV3545,2025-04-22,Retail One,CUST-745,23765,12,2851.8,26616.8
INV3546,2025-04-23,Bharat Logistics,CUST-746,23902,18,4302.36,28204.36
INV3547,2025-04-24,Tata Enterprises,CUST-747,24039,28,6730.92,30769.92
INV3548,2025-04-25,Reliance Supply,CUST-748,24176,5,1208.8,25384.8
INV3549,2025-04-26,Infosys Services,CUST-749,24313,12,2917.56,27230.56
INV3550,2025-04-27,Wipro Digital,CUST-750,24450,18,4401,28851
INV3551,2025-04-28,Adani Ports & SEZ,CUST-751,24587,28,6884.36,31471.36
INV3552,2025-04-01,Mahindra Spares,CUST-752,24724,5,1236.2,25960.2
INV3553,2025-04-02,Larsen Industrial,CUST-753,24861,12,2983.32,27844.32
INV3554,2025-04-03,Bajaj Electricals,CUST-754,24998,18,4499.64,29497.64
INV3555,2025-04-04,Godrej Agrovet,CUST-755,25135,28,7037.8,32172.8
INV3556,2025-04-05,Hindustan Traders,CUST-756,25272,5,1263.6,26535.6
INV3557,2025-04-06,Zomato Logistics,CUST-757,25409,12,3049.08,28458.08
INV3558,2025-04-07,Swiggy Kitchens,CUST-758,25546,18,4598.28,30144.28
INV3559,2025-04-08,Delhivery Express,CUST-759,25683,28,7191.24,32874.24
INV3560,2025-04-09,ABC Ltd,CUST-760,25820,5,1291,27111
INV3561,2025-04-10,XYZ Corp,CUST-761,25957,12,3114.84,29071.84
INV3562,2025-04-11,Global Mart,CUST-762,26094,18,4696.92,30790.92
INV3563,2025-04-12,Tech Solutions,CUST-763,26231,28,7344.68,33575.68
INV3564,2025-04-13,Office Hub,CUST-764,26368,5,1318.4,27686.4
INV3565,2025-04-14,Retail One,CUST-765,26505,12,3180.6,29685.6
INV3566,2025-04-15,Bharat Logistics,CUST-766,26642,18,4795.56,31437.56
INV3567,2025-04-16,Tata Enterprises,CUST-767,26779,28,7498.12,34277.12
INV3568,2025-04-17,Reliance Supply,CUST-768,26916,5,1345.8,28261.8
INV3569,2025-04-18,Infosys Services,CUST-769,27053,12,3246.36,30299.36
INV3570,2025-04-19,Wipro Digital,CUST-770,27190,18,4894.2,32084.2
INV3571,2025-04-20,Adani Ports & SEZ,CUST-771,27327,28,7651.56,34978.56
INV3572,2025-04-21,Mahindra Spares,CUST-772,27464,5,1373.2,28837.2
INV3573,2025-04-22,Larsen Industrial,CUST-773,27601,12,3312.12,30913.12
INV3574,2025-04-23,Bajaj Electricals,CUST-774,27738,18,4992.84,32730.84
INV3575,2025-04-24,Godrej Agrovet,CUST-775,27875,28,7805,35680
INV3576,2025-04-25,Hindustan Traders,CUST-776,28012,5,1400.6,29412.6
INV3577,2025-04-26,Zomato Logistics,CUST-777,28149,12,3377.88,31526.88
INV3578,2025-04-27,Swiggy Kitchens,CUST-778,28286,18,5091.48,33377.48
INV3579,2025-04-28,Delhivery Express,CUST-779,28423,28,7958.44,36381.44
INV3580,2025-04-01,ABC Ltd,CUST-780,28560,5,1428,29988
INV3581,2025-04-02,XYZ Corp,CUST-781,28697,12,3443.64,32140.64
INV3582,2025-04-03,Global Mart,CUST-782,28834,18,5190.12,34024.12
INV3583,2025-04-04,Tech Solutions,CUST-783,28971,28,8111.88,37082.88
INV3584,2025-04-05,Office Hub,CUST-784,29108,5,1455.4,30563.4
INV3585,2025-04-06,Retail One,CUST-785,29245,12,3509.4,32754.4
INV3586,2025-04-07,Bharat Logistics,CUST-786,29382,18,5288.76,34670.76
INV3587,2025-04-08,Tata Enterprises,CUST-787,29519,28,8265.32,37784.32
INV3588,2025-04-09,Reliance Supply,CUST-788,29656,5,1482.8,31138.8
INV3589,2025-04-10,Infosys Services,CUST-789,29793,12,3575.16,33368.16
INV3590,2025-04-11,Wipro Digital,CUST-790,29930,18,5387.4,35317.4
INV3591,2025-04-12,Adani Ports & SEZ,CUST-791,30067,28,8418.76,38485.76
INV3592,2025-04-13,Mahindra Spares,CUST-792,30204,5,1510.2,31714.2
INV3593,2025-04-14,Larsen Industrial,CUST-793,30341,12,3640.92,33981.92
INV3594,2025-04-15,Bajaj Electricals,CUST-794,30478,18,5486.04,35964.04
INV3595,2025-04-16,Godrej Agrovet,CUST-795,30615,28,8572.2,39187.2
INV3596,2025-04-17,Hindustan Traders,CUST-796,30752,5,1537.6,32289.6
INV3597,2025-04-18,Zomato Logistics,CUST-797,30889,12,3706.68,34595.68
INV3598,2025-04-19,Swiggy Kitchens,CUST-798,31026,18,5584.68,36610.68
INV3599,2025-04-20,Delhivery Express,CUST-799,31163,28,8725.64,39888.64
INV3600,2025-04-21,ABC Ltd,CUST-800,31300,5,1565,32865
INV3601,2025-04-22,XYZ Corp,CUST-801,31437,12,3772.44,35209.44
INV3602,2025-04-23,Global Mart,CUST-802,31574,18,5683.32,37257.32
INV3603,2025-04-24,Tech Solutions,CUST-803,31711,28,8879.08,40590.08
INV3604,2025-04-25,Office Hub,CUST-804,31848,5,1592.4,33440.4
INV3605,2025-04-26,Retail One,CUST-805,31985,12,3838.2,35823.2
INV3606,2025-04-27,Bharat Logistics,CUST-806,32122,18,5781.96,37903.96
INV3607,2025-04-28,Tata Enterprises,CUST-807,32259,28,9032.52,41291.52
INV3608,2025-04-01,Reliance Supply,CUST-808,32396,5,1619.8,34015.8
INV3609,2025-04-02,Infosys Services,CUST-809,32533,12,3903.96,36436.96
INV3610,2025-04-03,Wipro Digital,CUST-810,32670,18,5880.6,38550.6
INV3611,2025-04-04,Adani Ports & SEZ,CUST-811,32807,28,9185.96,41992.96
INV3612,2025-04-05,Mahindra Spares,CUST-812,32944,5,1647.2,34591.2
INV3613,2025-04-06,Larsen Industrial,CUST-813,33081,12,3969.72,37050.72
INV3614,2025-04-07,Bajaj Electricals,CUST-814,33218,18,5979.24,39197.24
INV3615,2025-04-08,Godrej Agrovet,CUST-815,33355,28,9339.4,42694.4
INV3616,2025-04-09,Hindustan Traders,CUST-816,33492,5,1674.6,35166.6
INV3617,2025-04-10,Zomato Logistics,CUST-817,33629,12,4035.48,37664.48
INV3618,2025-04-11,Swiggy Kitchens,CUST-818,33766,18,6077.88,39843.88
INV3619,2025-04-12,Delhivery Express,CUST-819,33903,28,9492.84,43395.84
INV3620,2025-04-13,ABC Ltd,CUST-820,34040,5,1702,35742
INV3621,2025-04-14,XYZ Corp,CUST-821,34177,12,4101.24,38278.24
INV3622,2025-04-15,Global Mart,CUST-822,34314,18,6176.52,40490.52
INV3623,2025-04-16,Tech Solutions,CUST-823,34451,28,9646.28,44097.28
INV3624,2025-04-17,Office Hub,CUST-824,34588,5,1729.4,36317.4
INV3625,2025-04-18,Retail One,CUST-825,34725,12,4167,38892
INV3626,2025-04-19,Bharat Logistics,CUST-826,34862,18,6275.16,41137.16
INV3627,2025-04-20,Tata Enterprises,CUST-827,34999,28,9799.72,44798.72
INV3628,2025-04-21,Reliance Supply,CUST-828,35136,5,1756.8,36892.8
INV3629,2025-04-22,Infosys Services,CUST-829,35273,12,4232.76,39505.76
INV3630,2025-04-23,Wipro Digital,CUST-830,35410,18,6373.8,41783.8
INV3631,2025-04-24,Adani Ports & SEZ,CUST-831,35547,28,9953.16,45500.16
INV3632,2025-04-25,Mahindra Spares,CUST-832,35684,5,1784.2,37468.2
INV3633,2025-04-26,Larsen Industrial,CUST-833,35821,12,4298.52,40119.52
INV3634,2025-04-27,Bajaj Electricals,CUST-834,35958,18,6472.44,42430.44
INV3635,2025-04-28,Godrej Agrovet,CUST-835,36095,28,10106.6,46201.6
INV3636,2025-04-01,Hindustan Traders,CUST-836,36232,5,1811.6,38043.6
INV3637,2025-04-02,Zomato Logistics,CUST-837,36369,12,4364.28,40733.28
INV3638,2025-04-03,Swiggy Kitchens,CUST-838,36506,18,6571.08,43077.08
INV3639,2025-04-04,Delhivery Express,CUST-839,36643,28,10260.04,46903.04
INV3640,2025-04-05,ABC Ltd,CUST-840,36780,5,1839,38619
INV3641,2025-04-06,XYZ Corp,CUST-841,36917,12,4430.04,41347.04
INV3642,2025-04-07,Global Mart,CUST-842,37054,18,6669.72,43723.72
INV3643,2025-04-08,Tech Solutions,CUST-843,37191,28,10413.48,47604.48
INV3644,2025-04-09,Office Hub,CUST-844,37328,5,1866.4,39194.4
INV3645,2025-04-10,Retail One,CUST-845,37465,12,4495.8,41960.8
INV3646,2025-04-11,Bharat Logistics,CUST-846,37602,18,6768.36,44370.36
INV3647,2025-04-12,Tata Enterprises,CUST-847,37739,28,10566.92,48305.92
INV3648,2025-04-13,Reliance Supply,CUST-848,37876,5,1893.8,39769.8
INV3649,2025-04-14,Infosys Services,CUST-849,38013,12,4561.56,42574.56
INV3650,2025-04-15,Wipro Digital,CUST-850,38150,18,6867,45017
INV3651,2025-04-16,Adani Ports & SEZ,CUST-851,38287,28,10720.36,49007.36
INV3652,2025-04-17,Mahindra Spares,CUST-852,38424,5,1921.2,40345.2
INV3653,2025-04-18,Larsen Industrial,CUST-853,38561,12,4627.32,43188.32
INV3654,2025-04-19,Bajaj Electricals,CUST-854,38698,18,6965.64,45663.64
INV3655,2025-04-20,Godrej Agrovet,CUST-855,38835,28,10873.8,49708.8
INV3656,2025-04-21,Hindustan Traders,CUST-856,38972,5,1948.6,40920.6
INV3657,2025-04-22,Zomato Logistics,CUST-857,39109,12,4693.08,43802.08
INV3658,2025-04-23,Swiggy Kitchens,CUST-858,39246,18,7064.28,46310.28
INV3659,2025-04-24,Delhivery Express,CUST-859,39383,28,11027.24,50410.24
INV3660,2025-04-25,ABC Ltd,CUST-860,39520,5,1976,41496
INV3661,2025-04-26,XYZ Corp,CUST-861,39657,12,4758.84,44415.84
INV3662,2025-04-27,Global Mart,CUST-862,39794,18,7162.92,46956.92
INV3663,2025-04-28,Tech Solutions,CUST-863,39931,28,11180.68,51111.68
INV3664,2025-04-01,Office Hub,CUST-864,40068,5,2003.4,42071.4
INV3665,2025-04-02,Retail One,CUST-865,40205,12,4824.6,45029.6
INV3666,2025-04-03,Bharat Logistics,CUST-866,40342,18,7261.56,47603.56
INV3667,2025-04-04,Tata Enterprises,CUST-867,40479,28,11334.12,51813.12
INV3668,2025-04-05,Reliance Supply,CUST-868,40616,5,2030.8,42646.8
INV3669,2025-04-06,Infosys Services,CUST-869,40753,12,4890.36,45643.36
INV3670,2025-04-07,Wipro Digital,CUST-870,40890,18,7360.2,48250.2
INV3671,2025-04-08,Adani Ports & SEZ,CUST-871,41027,28,11487.56,52514.56
INV3672,2025-04-09,Mahindra Spares,CUST-872,41164,5,2058.2,43222.2
INV3673,2025-04-10,Larsen Industrial,CUST-873,41301,12,4956.12,46257.12
INV3674,2025-04-11,Bajaj Electricals,CUST-874,41438,18,7458.84,48896.84
INV3675,2025-04-12,Godrej Agrovet,CUST-875,41575,28,11641,53216
INV3676,2025-04-13,Hindustan Traders,CUST-876,41712,5,2085.6,43797.6
INV3677,2025-04-14,Zomato Logistics,CUST-877,41849,12,5021.88,46870.88
INV3678,2025-04-15,Swiggy Kitchens,CUST-878,41986,18,7557.48,49543.48
INV3679,2025-04-16,Delhivery Express,CUST-879,42123,28,11794.44,53917.44
INV3680,2025-04-17,ABC Ltd,CUST-880,42260,5,2113,44373
INV3681,2025-04-18,XYZ Corp,CUST-881,42397,12,5087.64,47484.64
INV3682,2025-04-19,Global Mart,CUST-882,42534,18,7656.12,50190.12
INV3683,2025-04-20,Tech Solutions,CUST-883,42671,28,11947.88,54618.88
INV3684,2025-04-21,Office Hub,CUST-884,42808,5,2140.4,44948.4
INV3685,2025-04-22,Retail One,CUST-885,42945,12,5153.4,48098.4
INV3686,2025-04-23,Bharat Logistics,CUST-886,43082,18,7754.76,50836.76
INV3687,2025-04-24,Tata Enterprises,CUST-887,43219,28,12101.32,55320.32
INV3688,2025-04-25,Reliance Supply,CUST-888,43356,5,2167.8,45523.8
INV3689,2025-04-26,Infosys Services,CUST-889,43493,12,5219.16,48712.16
INV3690,2025-04-27,Wipro Digital,CUST-890,43630,18,7853.4,51483.4
INV3691,2025-04-28,Adani Ports & SEZ,CUST-891,43767,28,12254.76,56021.76
INV3692,2025-04-01,Mahindra Spares,CUST-892,43904,5,2195.2,46099.2
INV3693,2025-04-02,Larsen Industrial,CUST-893,44041,12,5284.92,49325.92
INV3694,2025-04-03,Bajaj Electricals,CUST-894,44178,18,7952.04,52130.04
INV3695,2025-04-04,Godrej Agrovet,CUST-895,44315,28,12408.2,56723.2
INV3696,2025-04-05,Hindustan Traders,CUST-896,44452,5,2222.6,46674.6
INV3697,2025-04-06,Zomato Logistics,CUST-897,44589,12,5350.68,49939.68
INV3698,2025-04-07,Swiggy Kitchens,CUST-898,44726,18,8050.68,52776.68
INV3699,2025-04-08,Delhivery Express,CUST-899,44863,28,12561.64,57424.64
INV3700,2025-04-09,ABC Ltd,CUST-900,1050000,5,52500,1102500
INV3701,2025-04-10,XYZ Corp,CUST-901,45137,12,5416.44,50553.44
INV3702,2025-04-11,Global Mart,CUST-902,45274,18,8149.32,53423.32
INV3703,2025-04-12,Tech Solutions,CUST-903,45411,28,12715.08,58126.08
INV3704,2025-04-13,Office Hub,CUST-904,45548,5,2277.4,47825.4
INV3705,2025-04-14,Retail One,CUST-905,45685,12,5482.2,51167.2
INV3706,2025-04-15,Bharat Logistics,CUST-906,45822,18,8247.96,54069.96
INV3707,2025-04-16,Tata Enterprises,CUST-907,45959,28,12868.52,58827.52
INV3708,2025-04-17,Reliance Supply,CUST-908,46096,5,2304.8,48400.8
INV3709,2025-04-18,Infosys Services,CUST-909,46233,12,5547.96,51780.96
INV3710,2025-04-19,Wipro Digital,CUST-910,46370,18,8346.6,54716.6
INV3711,2025-04-20,Adani Ports & SEZ,CUST-911,46507,28,13021.96,59528.96
INV3712,2025-04-21,Mahindra Spares,CUST-912,46644,5,2332.2,48976.2
INV3713,2025-04-22,Larsen Industrial,CUST-913,46781,12,5613.72,52394.72
INV3714,2025-04-23,Bajaj Electricals,CUST-914,46918,18,8445.24,55363.24
INV3715,2025-04-24,Godrej Agrovet,CUST-915,47055,28,13175.4,60230.4
INV3716,2025-04-25,Hindustan Traders,CUST-916,47192,5,2359.6,49551.6
INV3717,2025-04-26,Zomato Logistics,CUST-917,47329,12,5679.48,53008.48
INV3718,2025-04-27,Swiggy Kitchens,CUST-918,47466,18,8543.88,56009.88
INV3719,2025-04-28,Delhivery Express,CUST-919,47603,28,13328.84,60931.84
INV3720,2025-04-01,ABC Ltd,CUST-920,47740,5,2387,50127
INV3721,2025-04-02,XYZ Corp,CUST-921,47877,12,5745.24,53622.24
INV3722,2025-04-03,Global Mart,CUST-922,48014,18,8642.52,56656.52
INV3723,2025-04-04,Tech Solutions,CUST-923,48151,28,13482.28,61633.28
INV3724,2025-04-05,Office Hub,CUST-924,48288,5,2414.4,50702.4
INV3725,2025-04-06,Retail One,CUST-925,48425,12,5811,54236
INV3726,2025-04-07,Bharat Logistics,CUST-926,48562,18,8741.16,57303.16
INV3727,2025-04-08,Tata Enterprises,CUST-927,48699,28,13635.72,62334.72
INV3728,2025-04-09,Reliance Supply,CUST-928,48836,5,2441.8,51277.8
INV3729,2025-04-10,Infosys Services,CUST-929,48973,12,5876.76,54849.76
INV3730,2025-04-11,Wipro Digital,CUST-930,49110,18,8839.8,57949.8
INV3731,2025-04-12,Adani Ports & SEZ,CUST-931,49247,28,13789.16,63036.16
INV3732,2025-04-13,Mahindra Spares,CUST-932,49384,5,2469.2,51853.2
INV3733,2025-04-14,Larsen Industrial,CUST-933,49521,12,5942.52,55463.52
INV3734,2025-04-15,Bajaj Electricals,CUST-934,49658,18,8938.44,58596.44
INV3735,2025-04-16,Godrej Agrovet,CUST-935,49795,28,13942.6,63737.6
INV3736,2025-04-17,Hindustan Traders,CUST-936,49932,5,2496.6,52428.6
INV3737,2025-04-18,Zomato Logistics,CUST-937,50069,12,6008.28,56077.28
INV3738,2025-04-19,Swiggy Kitchens,CUST-938,50206,18,9037.08,59243.08
INV3739,2025-04-20,Delhivery Express,CUST-939,50343,28,14096.04,64439.04
INV3740,2025-04-21,ABC Ltd,CUST-940,50480,5,2524,53004
INV3741,2025-04-22,XYZ Corp,CUST-941,50617,12,6074.04,56691.04
INV3742,2025-04-23,Global Mart,CUST-942,50754,18,9135.72,59889.72
INV3743,2025-04-24,Tech Solutions,CUST-943,50891,28,14249.48,65140.48
INV3744,2025-04-25,Office Hub,CUST-944,51028,5,2551.4,53579.4
INV3745,2025-04-26,Retail One,CUST-945,51165,12,6139.8,57304.8
INV3746,2025-04-27,Bharat Logistics,CUST-946,51302,18,9234.36,60536.36
INV3747,2025-04-28,Tata Enterprises,CUST-947,51439,28,14402.92,65841.92
INV3748,2025-04-01,Reliance Supply,CUST-948,51576,5,2578.8,54154.8
INV3749,2025-04-02,Infosys Services,CUST-949,51713,12,6205.56,57918.56
INV3750,2025-04-03,Wipro Digital,CUST-100,51850,18,9333,61183
INV3751,2025-04-04,Adani Ports & SEZ,CUST-101,51987,28,14556.36,66543.36
INV3752,2025-04-05,Mahindra Spares,CUST-102,52124,5,2606.2,54730.2
INV3753,2025-04-06,Larsen Industrial,CUST-103,52261,12,6271.32,58532.32
INV3754,2025-04-07,Bajaj Electricals,CUST-104,52398,18,9431.64,61829.64
INV3755,2025-04-08,Godrej Agrovet,CUST-105,52535,28,14709.8,67244.8
INV3756,2025-04-09,Hindustan Traders,CUST-106,52672,5,2633.6,55305.6
INV3757,2025-04-10,Zomato Logistics,CUST-107,52809,12,6337.08,59146.08
INV3758,2025-04-11,Swiggy Kitchens,CUST-108,52946,18,9530.28,62476.28
INV3759,2025-04-12,Delhivery Express,CUST-109,53083,28,14863.24,67946.24
INV3760,2025-04-13,ABC Ltd,CUST-110,53220,5,2661,55881
INV3761,2025-04-14,XYZ Corp,CUST-111,53357,12,6402.84,59759.84
INV3762,2025-04-15,Global Mart,CUST-112,53494,18,9628.92,63122.92
INV3763,2025-04-16,Tech Solutions,CUST-113,53631,28,15016.68,68647.68
INV3764,2025-04-17,Office Hub,CUST-114,53768,5,2688.4,56456.4
INV3765,2025-04-18,Retail One,CUST-115,53905,12,6468.6,60373.6
INV3766,2025-04-19,Bharat Logistics,CUST-116,54042,18,9727.56,63769.56
INV3767,2025-04-20,Tata Enterprises,CUST-117,54179,28,15170.12,69349.12
INV3768,2025-04-21,Reliance Supply,CUST-118,54316,5,2715.8,57031.8
INV3769,2025-04-22,Infosys Services,CUST-119,54453,12,6534.36,60987.36
INV3770,2025-04-23,Wipro Digital,CUST-120,54590,18,9826.2,64416.2
INV3771,2025-04-24,Adani Ports & SEZ,CUST-121,54727,28,15323.56,70050.56
INV3772,2025-04-25,Mahindra Spares,CUST-122,54864,5,2743.2,57607.2
INV3773,2025-04-26,Larsen Industrial,CUST-123,55001,12,6600.12,61601.12
INV3774,2025-04-27,Bajaj Electricals,CUST-124,55138,18,9924.84,65062.84
INV3775,2025-04-28,Godrej Agrovet,CUST-125,55275,28,15477,70752
INV3776,2025-04-01,Hindustan Traders,CUST-126,55412,5,2770.6,58182.6
INV3777,2025-04-02,Zomato Logistics,CUST-127,55549,12,6665.88,62214.88
INV3778,2025-04-03,Swiggy Kitchens,CUST-128,55686,18,10023.48,65709.48
INV3779,2025-04-04,Delhivery Express,CUST-129,55823,28,15630.44,71453.44
INV3780,2025-04-05,ABC Ltd,CUST-130,55960,5,2798,58758
INV3781,2025-04-06,XYZ Corp,CUST-131,56097,12,6731.64,62828.64
INV3782,2025-04-07,Global Mart,CUST-132,56234,18,10122.12,66356.12
INV3783,2025-04-08,Tech Solutions,CUST-133,56371,28,15783.88,72154.88
INV3784,2025-04-09,Office Hub,CUST-134,56508,5,2825.4,59333.4
INV3785,2025-04-10,Retail One,CUST-135,56645,12,6797.4,63442.4
INV3786,2025-04-11,Bharat Logistics,CUST-136,56782,18,10220.76,67002.76
INV3787,2025-04-12,Tata Enterprises,CUST-137,56919,28,15937.32,72856.32
INV3788,2025-04-13,Reliance Supply,CUST-138,57056,5,2852.8,59908.8
INV3789,2025-04-14,Infosys Services,CUST-139,57193,12,6863.16,64056.16
INV3790,2025-04-15,Wipro Digital,CUST-140,57330,18,10319.4,67649.4
INV3791,2025-04-16,Adani Ports & SEZ,CUST-141,57467,28,16090.76,73557.76
INV3792,2025-04-17,Mahindra Spares,CUST-142,57604,5,2880.2,60484.2
INV3793,2025-04-18,Larsen Industrial,CUST-143,57741,12,6928.92,64669.92
INV3794,2025-04-19,Bajaj Electricals,CUST-144,57878,18,10418.04,68296.04
INV3795,2025-04-20,Godrej Agrovet,CUST-145,58015,28,16244.2,74259.2
INV3796,2025-04-21,Hindustan Traders,CUST-146,58152,5,2907.6,61059.6
INV3797,2025-04-22,Zomato Logistics,CUST-147,58289,12,6994.68,65283.68
INV3798,2025-04-23,Swiggy Kitchens,CUST-148,58426,18,10516.68,68942.68
INV3799,2025-04-24,Delhivery Express,CUST-149,58563,28,16397.64,74960.64
INV3800,2025-04-25,ABC Ltd,CUST-150,58700,5,2935,61635
INV3801,2025-04-26,XYZ Corp,CUST-151,58837,12,7060.44,65897.44
INV3802,2025-04-27,Global Mart,CUST-152,58974,18,10615.32,69589.32
INV3803,2025-04-28,Tech Solutions,CUST-153,59111,28,16551.08,75662.08
INV3804,2025-04-01,Office Hub,CUST-154,59248,5,2962.4,62210.4
INV3805,2025-04-02,Retail One,CUST-155,59385,12,7126.2,66511.2
INV3806,2025-04-03,Bharat Logistics,CUST-156,59522,18,10713.96,70235.96
INV3807,2025-04-04,Tata Enterprises,CUST-157,59659,28,16704.52,76363.52
INV3808,2025-04-05,Reliance Supply,CUST-158,59796,5,2989.8,62785.8
INV3809,2025-04-06,Infosys Services,CUST-159,59933,12,7191.96,67124.96
INV3810,2025-04-07,Wipro Digital,CUST-160,60070,18,10812.6,70882.6
INV3811,2025-04-08,Adani Ports & SEZ,CUST-161,60207,28,16857.96,77064.96
INV3812,2025-04-09,Mahindra Spares,CUST-162,60344,5,3017.2,63361.2
INV3813,2025-04-10,Larsen Industrial,CUST-163,60481,12,7257.72,67738.72
INV3814,2025-04-11,Bajaj Electricals,CUST-164,60618,18,10911.24,71529.24
INV3815,2025-04-12,Godrej Agrovet,CUST-165,60755,28,17011.4,77766.4
INV3816,2025-04-13,Hindustan Traders,CUST-166,60892,5,3044.6,63936.6
INV3817,2025-04-14,Zomato Logistics,CUST-167,61029,12,7323.48,68352.48
INV3818,2025-04-15,Swiggy Kitchens,CUST-168,61166,18,11009.88,72175.88
INV3819,2025-04-16,Delhivery Express,CUST-169,61303,28,17164.84,78467.84
INV3820,2025-04-17,ABC Ltd,CUST-170,61440,5,3072,64512
INV3821,2025-04-18,XYZ Corp,CUST-171,61577,12,7389.24,68966.24
INV3822,2025-04-19,Global Mart,CUST-172,61714,18,11108.52,72822.52
INV3823,2025-04-20,Tech Solutions,CUST-173,61851,28,17318.28,79169.28
INV3824,2025-04-21,Office Hub,CUST-174,61988,5,3099.4,65087.4
INV3825,2025-04-22,Retail One,CUST-175,62125,12,7455,69580
INV3826,2025-04-23,Bharat Logistics,CUST-176,62262,18,11207.16,73469.16
INV3827,2025-04-24,Tata Enterprises,CUST-177,62399,28,17471.72,79870.72
INV3828,2025-04-25,Reliance Supply,CUST-178,62536,5,3126.8,65662.8
INV3829,2025-04-26,Infosys Services,CUST-179,62673,12,7520.76,70193.76
INV3830,2025-04-27,Wipro Digital,CUST-180,62810,18,11305.8,74115.8
INV3831,2025-04-28,Adani Ports & SEZ,CUST-181,62947,28,17625.16,80572.16
INV3832,2025-04-01,Mahindra Spares,CUST-182,63084,5,3154.2,66238.2
INV3833,2025-04-02,Larsen Industrial,CUST-183,63221,12,7586.52,70807.52
INV3834,2025-04-03,Bajaj Electricals,CUST-184,63358,18,11404.44,74762.44
INV3835,2025-04-04,Godrej Agrovet,CUST-185,63495,28,17778.6,81273.6
INV3836,2025-04-05,Hindustan Traders,CUST-186,63632,5,3181.6,66813.6
INV3837,2025-04-06,Zomato Logistics,CUST-187,63769,12,7652.28,71421.28
INV3838,2025-04-07,Swiggy Kitchens,CUST-188,63906,18,11503.08,75409.08
INV3839,2025-04-08,Delhivery Express,CUST-189,64043,28,17932.04,81975.04
INV3840,2025-04-09,ABC Ltd,CUST-190,64180,5,3209,67389
INV3841,2025-04-10,XYZ Corp,CUST-191,64317,12,7718.04,72035.04
INV3842,2025-04-11,Global Mart,CUST-192,64454,18,11601.72,76055.72
INV3843,2025-04-12,Tech Solutions,CUST-193,64591,28,18085.48,82676.48
INV3844,2025-04-13,Office Hub,CUST-194,64728,5,3236.4,67964.4
INV3845,2025-04-14,Retail One,CUST-195,64865,12,7783.8,72648.8
INV3846,2025-04-15,Bharat Logistics,CUST-196,65002,18,11700.36,76702.36
INV3847,2025-04-16,Tata Enterprises,CUST-197,65139,28,18238.92,83377.92
INV3848,2025-04-17,Reliance Supply,CUST-198,65276,5,3263.8,68539.8
INV3849,2025-04-18,Infosys Services,CUST-199,65413,12,7849.56,73262.56
INV3850,2025-04-19,Wipro Digital,CUST-200,65550,18,11799,77349
INV3851,2025-04-20,Adani Ports & SEZ,CUST-201,65687,28,18392.36,84079.36
INV3852,2025-04-21,Mahindra Spares,CUST-202,65824,5,3291.2,69115.2
INV3853,2025-04-22,Larsen Industrial,CUST-203,65961,12,7915.32,73876.32
INV3854,2025-04-23,Bajaj Electricals,CUST-204,66098,18,11897.64,77995.64
INV3855,2025-04-24,Godrej Agrovet,CUST-205,66235,28,18545.8,84780.8
INV3856,2025-04-25,Hindustan Traders,CUST-206,66372,5,3318.6,69690.6
INV3857,2025-04-26,Zomato Logistics,CUST-207,66509,12,7981.08,74490.08
INV3858,2025-04-27,Swiggy Kitchens,CUST-208,66646,18,11996.28,78642.28
INV3859,2025-04-28,Delhivery Express,CUST-209,66783,28,18699.24,85482.24
INV3860,2025-04-01,ABC Ltd,CUST-210,66920,5,3346,70266
INV3861,2025-04-02,XYZ Corp,CUST-211,67057,12,8046.84,75103.84
INV3862,2025-04-03,Global Mart,CUST-212,67194,18,12094.92,79288.92
INV3863,2025-04-04,Tech Solutions,CUST-213,67331,28,18852.68,86183.68
INV3864,2025-04-05,Office Hub,CUST-214,67468,5,3373.4,70841.4
INV3865,2025-04-06,Retail One,CUST-215,67605,12,8112.6,75717.6
INV3866,2025-04-07,Bharat Logistics,CUST-216,67742,18,12193.56,79935.56
INV3867,2025-04-08,Tata Enterprises,CUST-217,67879,28,19006.12,86885.12
INV3868,2025-04-09,Reliance Supply,CUST-218,68016,5,3400.8,71416.8
INV3869,2025-04-10,Infosys Services,CUST-219,68153,12,8178.36,76331.36
INV3870,2025-04-11,Wipro Digital,CUST-220,68290,18,12292.2,80582.2
INV3871,2025-04-12,Adani Ports & SEZ,CUST-221,68427,28,19159.56,87586.56
INV3872,2025-04-13,Mahindra Spares,CUST-222,68564,5,3428.2,71992.2
INV3873,2025-04-14,Larsen Industrial,CUST-223,68701,12,8244.12,76945.12
INV3874,2025-04-15,Bajaj Electricals,CUST-224,68838,18,12390.84,81228.84
INV3875,2025-04-16,Godrej Agrovet,CUST-225,68975,28,19313,88288
INV3876,2025-04-17,Hindustan Traders,CUST-226,69112,5,3455.6,72567.6
INV3877,2025-04-18,Zomato Logistics,CUST-227,69249,12,8309.88,77558.88
INV3878,2025-04-19,Swiggy Kitchens,CUST-228,69386,18,12489.48,81875.48
INV3879,2025-04-20,Delhivery Express,CUST-229,69523,28,19466.44,88989.44
INV3880,2025-04-21,ABC Ltd,CUST-230,69660,5,3483,73143
INV3881,2025-04-22,XYZ Corp,CUST-231,69797,12,8375.64,78172.64
INV3882,2025-04-23,Global Mart,CUST-232,69934,18,12588.12,82522.12
INV3883,2025-04-24,Tech Solutions,CUST-233,70071,28,19619.88,89690.88
INV3884,2025-04-25,Office Hub,CUST-234,70208,5,3510.4,73718.4
INV3885,2025-04-26,Retail One,CUST-235,70345,12,8441.4,78786.4
INV3886,2025-04-27,Bharat Logistics,CUST-236,70482,18,12686.76,83168.76
INV3887,2025-04-28,Tata Enterprises,CUST-237,70619,28,19773.32,90392.32
INV3888,2025-04-01,Reliance Supply,CUST-238,70756,5,3537.8,74293.8
INV3889,2025-04-02,Infosys Services,CUST-239,70893,12,8507.16,79400.16
INV3890,2025-04-03,Wipro Digital,CUST-240,71030,18,12785.4,83815.4
INV3891,2025-04-04,Adani Ports & SEZ,CUST-241,71167,28,19926.76,91093.76
INV3892,2025-04-05,Mahindra Spares,CUST-242,71304,5,3565.2,74869.2
INV3893,2025-04-06,Larsen Industrial,CUST-243,71441,12,8572.92,80013.92
INV3894,2025-04-07,Bajaj Electricals,CUST-244,71578,18,12884.04,84462.04
INV3895,2025-04-08,Godrej Agrovet,CUST-245,71715,28,20080.2,91795.2
INV3896,2025-04-09,Hindustan Traders,CUST-246,71852,5,3592.6,75444.6
INV3897,2025-04-10,Zomato Logistics,CUST-247,71989,12,8638.68,80627.68
INV3898,2025-04-11,Swiggy Kitchens,CUST-248,72126,18,12982.68,85108.68
INV3899,2025-04-12,Delhivery Express,CUST-249,72263,28,20233.64,92496.64
INV3900,2025-04-13,ABC Ltd,CUST-250,72400,5,3620,76020
INV3901,2025-04-14,XYZ Corp,CUST-251,72537,12,8704.44,81241.44
INV3902,2025-04-15,Global Mart,CUST-252,72674,18,13081.32,85755.32
INV3903,2025-04-16,Tech Solutions,CUST-253,72811,28,20387.08,93198.08
INV3904,2025-04-17,Office Hub,CUST-254,72948,5,3647.4,76595.4
INV3905,2025-04-18,Retail One,CUST-255,73085,12,8770.2,81855.2
INV3906,2025-04-19,Bharat Logistics,CUST-256,73222,18,13179.96,86401.96
INV3907,2025-04-20,Tata Enterprises,CUST-257,73359,28,20540.52,93899.52
INV3908,2025-04-21,Reliance Supply,CUST-258,73496,5,3674.8,77170.8
INV3909,2025-04-22,Infosys Services,CUST-259,73633,12,8835.96,82468.96
INV3910,2025-04-23,Wipro Digital,CUST-260,73770,18,13278.6,87048.6
INV3911,2025-04-24,Adani Ports & SEZ,CUST-261,73907,28,20693.96,94600.96
INV3912,2025-04-25,Mahindra Spares,CUST-262,74044,5,3702.2,77746.2
INV3913,2025-04-26,Larsen Industrial,CUST-263,74181,12,8901.72,83082.72
INV3914,2025-04-27,Bajaj Electricals,CUST-264,74318,18,13377.24,87695.24
INV3915,2025-04-28,Godrej Agrovet,CUST-265,74455,28,20847.4,95302.4
INV3916,2025-04-01,Hindustan Traders,CUST-266,74592,5,3729.6,78321.6
INV3917,2025-04-02,Zomato Logistics,CUST-267,74729,12,8967.48,83696.48
INV3918,2025-04-03,Swiggy Kitchens,CUST-268,74866,18,13475.88,88341.88
INV3919,2025-04-04,Delhivery Express,CUST-269,75003,28,21000.84,96003.84
INV3920,2025-04-05,ABC Ltd,CUST-270,75140,5,3757,78897
INV3921,2025-04-06,XYZ Corp,CUST-271,75277,12,9033.24,84310.24
INV3922,2025-04-07,Global Mart,CUST-272,75414,18,13574.52,88988.52
INV3923,2025-04-08,Tech Solutions,CUST-273,75551,28,21154.28,96705.28
INV3924,2025-04-09,Office Hub,CUST-274,75688,5,3784.4,79472.4
INV3925,2025-04-10,Retail One,CUST-275,75825,12,9099,84924
INV3926,2025-04-11,Bharat Logistics,CUST-276,75962,18,13673.16,89635.16
INV3927,2025-04-12,Tata Enterprises,CUST-277,76099,28,21307.72,97406.72
INV3928,2025-04-13,Reliance Supply,CUST-278,76236,5,3811.8,80047.8
INV3929,2025-04-14,Infosys Services,CUST-279,76373,12,9164.76,85537.76
INV3930,2025-04-15,Wipro Digital,CUST-280,76510,18,13771.8,90281.8
INV3931,2025-04-16,Adani Ports & SEZ,CUST-281,76647,28,21461.16,98108.16
INV3932,2025-04-17,Mahindra Spares,CUST-282,76784,5,3839.2,80623.2
INV3933,2025-04-18,Larsen Industrial,CUST-283,76921,12,9230.52,86151.52
INV3934,2025-04-19,Bajaj Electricals,CUST-284,77058,18,13870.44,90928.44
INV3935,2025-04-20,Godrej Agrovet,CUST-285,77195,28,21614.6,98809.6
INV3936,2025-04-21,Hindustan Traders,CUST-286,77332,5,3866.6,81198.6
INV3937,2025-04-22,Zomato Logistics,CUST-287,77469,12,9296.28,86765.28
INV3938,2025-04-23,Swiggy Kitchens,CUST-288,2606,18,469.08,3075.08
INV3939,2025-04-24,Delhivery Express,CUST-289,2743,28,768.04,3511.04
INV3940,2025-04-25,ABC Ltd,CUST-290,2880,5,144,3024
INV3941,2025-04-26,XYZ Corp,CUST-291,3017,12,362.04,3379.04
INV3942,2025-04-27,Global Mart,CUST-292,3154,18,567.72,3721.72
INV3943,2025-04-28,Tech Solutions,CUST-293,3291,28,921.48,4212.48
INV3944,2025-04-01,Office Hub,CUST-294,3428,5,171.4,3599.4
INV3945,2025-04-02,Retail One,CUST-295,3565,12,427.8,3992.8
INV3946,2025-04-03,Bharat Logistics,CUST-296,3702,18,666.36,4368.36
INV3947,2025-04-04,Tata Enterprises,CUST-297,3839,28,1074.92,4913.92
INV3948,2025-04-05,Reliance Supply,CUST-298,3976,5,198.8,4174.8
INV3949,2025-04-06,Infosys Services,CUST-299,4113,12,493.56,4606.56
INV3950,2025-04-07,Wipro Digital,CUST-300,950000,18,171000,1121000
INV3951,2025-04-08,Adani Ports & SEZ,CUST-301,4387,28,1228.36,5615.36
INV3952,2025-04-09,Mahindra Spares,CUST-302,4524,5,226.2,4750.2
INV3953,2025-04-10,Larsen Industrial,CUST-303,4661,12,559.32,5220.32
INV3954,2025-04-11,Bajaj Electricals,CUST-304,4798,18,863.64,5661.64
INV3955,2025-04-12,Godrej Agrovet,CUST-305,4935,28,1381.8,6316.8
INV3956,2025-04-13,Hindustan Traders,CUST-306,5072,5,253.6,5325.6
INV3957,2025-04-14,Zomato Logistics,CUST-307,5209,12,625.08,5834.08
INV3958,2025-04-15,Swiggy Kitchens,CUST-308,5346,18,962.28,6308.28
INV3959,2025-04-16,Delhivery Express,CUST-309,5483,28,1535.24,7018.24
INV3960,2025-04-17,ABC Ltd,CUST-310,5620,5,281,5901
INV3961,2025-04-18,XYZ Corp,CUST-311,5757,12,690.84,6447.84
INV3962,2025-04-19,Global Mart,CUST-312,5894,18,1060.92,6954.92
INV3963,2025-04-20,Tech Solutions,CUST-313,6031,28,1688.68,7719.68
INV3964,2025-04-21,Office Hub,CUST-314,6168,5,308.4,6476.4
INV3965,2025-04-22,Retail One,CUST-315,6305,12,756.6,7061.6
INV3966,2025-04-23,Bharat Logistics,CUST-316,6442,18,1159.56,7601.56
INV3967,2025-04-24,Tata Enterprises,CUST-317,6579,28,1842.12,8421.12
INV3968,2025-04-25,Reliance Supply,CUST-318,6716,5,335.8,7051.8
INV3969,2025-04-26,Infosys Services,CUST-319,6853,12,822.36,7675.36
INV3970,2025-04-27,Wipro Digital,CUST-320,6990,18,1258.2,8248.2
INV3971,2025-04-28,Adani Ports & SEZ,CUST-321,7127,28,1995.56,9122.56
INV3972,2025-04-01,Mahindra Spares,CUST-322,7264,5,363.2,7627.2
INV3973,2025-04-02,Larsen Industrial,CUST-323,7401,12,888.12,8289.12
INV3974,2025-04-03,Bajaj Electricals,CUST-324,7538,18,1356.84,8894.84
INV3975,2025-04-04,Godrej Agrovet,CUST-325,7675,28,2149,9824
INV3976,2025-04-05,Hindustan Traders,CUST-326,7812,5,390.6,8202.6
INV3977,2025-04-06,Zomato Logistics,CUST-327,7949,12,953.88,8902.88
INV3978,2025-04-07,Swiggy Kitchens,CUST-328,8086,18,1455.48,9541.48
INV3979,2025-04-08,Delhivery Express,CUST-329,8223,28,2302.44,10525.44
INV3980,2025-04-09,ABC Ltd,CUST-330,8360,5,418,8778
INV3981,2025-04-10,XYZ Corp,CUST-331,8497,12,1019.64,9516.64
INV3982,2025-04-11,Global Mart,CUST-332,8634,18,1554.12,10188.12
INV3983,2025-04-12,Tech Solutions,CUST-333,8771,28,2455.88,11226.88
INV3984,2025-04-13,Office Hub,CUST-334,8908,5,445.4,9353.4
INV3985,2025-04-14,Retail One,CUST-335,9045,12,1085.4,10130.4
INV3986,2025-04-15,Bharat Logistics,CUST-336,9182,18,1652.76,10834.76
INV3987,2025-04-16,Tata Enterprises,CUST-337,9319,28,2609.32,11928.32
INV3988,2025-04-17,Reliance Supply,CUST-338,9456,5,472.8,9928.8
INV3989,2025-04-18,Infosys Services,CUST-339,9593,12,1151.16,10744.16
INV3990,2025-04-19,Wipro Digital,CUST-340,9730,18,1751.4,11481.4
INV3991,2025-04-20,Adani Ports & SEZ,CUST-341,9867,28,2762.76,12629.76
INV3992,2025-04-21,Mahindra Spares,CUST-342,10004,5,500.2,10504.2
INV3993,2025-04-22,Larsen Industrial,CUST-343,10141,12,1216.92,11357.92
INV3994,2025-04-23,Bajaj Electricals,CUST-344,10278,18,1850.04,12128.04
INV3995,2025-04-24,Godrej Agrovet,CUST-345,10415,28,2916.2,13331.2
INV3996,2025-04-25,Hindustan Traders,CUST-346,10552,5,527.6,11079.6
INV3997,2025-04-26,Zomato Logistics,CUST-347,10689,12,1282.68,11971.68
INV3998,2025-04-27,Swiggy Kitchens,CUST-348,10826,18,1948.68,12774.68
INV3999,2025-04-28,Delhivery Express,CUST-349,10963,28,3069.64,14032.64
INV4000,2025-04-01,ABC Ltd,CUST-350,11100,5,555,11655
INV4001,2025-04-02,XYZ Corp,CUST-351,11237,12,1348.44,12585.44
INV4002,2025-04-03,Global Mart,CUST-352,11374,18,2047.32,13421.32
INV4003,2025-04-04,Tech Solutions,CUST-353,11511,28,3223.08,14734.08
INV4004,2025-04-05,Office Hub,CUST-354,11648,5,582.4,12230.4
INV4005,2025-04-06,Retail One,CUST-355,11785,12,1414.2,13199.2
INV4006,2025-04-07,Bharat Logistics,CUST-356,11922,18,2145.96,14067.96
INV4007,2025-04-08,Tata Enterprises,CUST-357,12059,28,3376.52,15435.52
INV4008,2025-04-09,Reliance Supply,CUST-358,12196,5,609.8,12805.8
INV4009,2025-04-10,Infosys Services,CUST-359,12333,12,1479.96,13812.96
INV4010,2025-04-11,Wipro Digital,CUST-360,12470,18,2244.6,14714.6
INV4011,2025-04-12,Adani Ports & SEZ,CUST-361,12607,28,3529.96,16136.96
INV4012,2025-04-13,Mahindra Spares,CUST-362,12744,5,637.2,13381.2
INV4013,2025-04-14,Larsen Industrial,CUST-363,12881,12,1545.72,14426.72
INV4014,2025-04-15,Bajaj Electricals,CUST-364,13018,18,2343.24,15361.24
INV4015,2025-04-16,Godrej Agrovet,CUST-365,13155,28,3683.4,16838.4
INV4016,2025-04-17,Hindustan Traders,CUST-366,13292,5,664.6,13956.6
INV4017,2025-04-18,Zomato Logistics,CUST-367,13429,12,1611.48,15040.48
INV4018,2025-04-19,Swiggy Kitchens,CUST-368,13566,18,2441.88,16007.88
INV4019,2025-04-20,Delhivery Express,CUST-369,13703,28,3836.84,17539.84
INV4020,2025-04-21,ABC Ltd,CUST-370,13840,5,692,14532
INV4021,2025-04-22,XYZ Corp,CUST-371,13977,12,1677.24,15654.24
INV4022,2025-04-23,Global Mart,CUST-372,14114,18,2540.52,16654.52
INV4023,2025-04-24,Tech Solutions,CUST-373,14251,28,3990.28,18241.28
INV4024,2025-04-25,Office Hub,CUST-374,14388,5,719.4,15107.4
INV4025,2025-04-26,Retail One,CUST-375,14525,12,1743,16268
INV4026,2025-04-27,Bharat Logistics,CUST-376,14662,18,2639.16,17301.16
INV4027,2025-04-28,Tata Enterprises,CUST-377,14799,28,4143.72,18942.72
INV4028,2025-04-01,Reliance Supply,CUST-378,14936,5,746.8,15682.8
INV4029,2025-04-02,Infosys Services,CUST-379,15073,12,1808.76,16881.76
INV4030,2025-04-03,Wipro Digital,CUST-380,15210,18,2737.8,17947.8
INV4031,2025-04-04,Adani Ports & SEZ,CUST-381,15347,28,4297.16,19644.16
INV4032,2025-04-05,Mahindra Spares,CUST-382,15484,5,774.2,16258.2
INV4033,2025-04-06,Larsen Industrial,CUST-383,15621,12,1874.52,17495.52
INV4034,2025-04-07,Bajaj Electricals,CUST-384,15758,18,2836.44,18594.44
INV4035,2025-04-08,Godrej Agrovet,CUST-385,15895,28,4450.6,20345.6
INV4036,2025-04-09,Hindustan Traders,CUST-386,16032,5,801.6,16833.6
INV4037,2025-04-10,Zomato Logistics,CUST-387,16169,12,1940.28,18109.28
INV4038,2025-04-11,Swiggy Kitchens,CUST-388,16306,18,2935.08,19241.08
INV4039,2025-04-12,Delhivery Express,CUST-389,16443,28,4604.04,21047.04
INV4040,2025-04-13,ABC Ltd,CUST-390,16580,5,829,17409
INV4041,2025-04-14,XYZ Corp,CUST-391,16717,12,2006.04,18723.04
INV4042,2025-04-15,Global Mart,CUST-392,16854,18,3033.72,19887.72
INV4043,2025-04-16,Tech Solutions,CUST-393,16991,28,4757.48,21748.48
INV4044,2025-04-17,Office Hub,CUST-394,17128,5,856.4,17984.4
INV4045,2025-04-18,Retail One,CUST-395,17265,12,2071.8,19336.8
INV4046,2025-04-19,Bharat Logistics,CUST-396,17402,18,3132.36,20534.36
INV4047,2025-04-20,Tata Enterprises,CUST-397,17539,28,4910.92,22449.92
INV4048,2025-04-21,Reliance Supply,CUST-398,17676,5,883.8,18559.8
INV4049,2025-04-22,Infosys Services,CUST-399,17813,12,2137.56,19950.56
INV4050,2025-04-23,Wipro Digital,CUST-400,17950,18,3231,21181
INV4051,2025-04-24,Adani Ports & SEZ,CUST-401,18087,28,5064.36,23151.36
INV4052,2025-04-25,Mahindra Spares,CUST-402,18224,5,911.2,19135.2
INV4053,2025-04-26,Larsen Industrial,CUST-403,18361,12,2203.32,20564.32
INV4054,2025-04-27,Bajaj Electricals,CUST-404,18498,18,3329.64,21827.64
INV4055,2025-04-28,Godrej Agrovet,CUST-405,18635,28,5217.8,23852.8
INV4056,2025-04-01,Hindustan Traders,CUST-406,18772,5,938.6,19710.6
INV4057,2025-04-02,Zomato Logistics,CUST-407,18909,12,2269.08,21178.08
INV4058,2025-04-03,Swiggy Kitchens,CUST-408,19046,18,3428.28,22474.28
INV4059,2025-04-04,Delhivery Express,CUST-409,19183,28,5371.24,24554.24
INV4060,2025-04-05,ABC Ltd,CUST-410,19320,5,966,20286
INV4061,2025-04-06,XYZ Corp,CUST-411,19457,12,2334.84,21791.84
INV4062,2025-04-07,Global Mart,CUST-412,19594,18,3526.92,23120.92
INV4063,2025-04-08,Tech Solutions,CUST-413,19731,28,5524.68,25255.68
INV4064,2025-04-09,Office Hub,CUST-414,19868,5,993.4,20861.4
INV4065,2025-04-10,Retail One,CUST-415,20005,12,2400.6,22405.6
INV4066,2025-04-11,Bharat Logistics,CUST-416,20142,18,3625.56,23767.56
INV4067,2025-04-12,Tata Enterprises,CUST-417,20279,28,5678.12,25957.12
INV4068,2025-04-13,Reliance Supply,CUST-418,20416,5,1020.8,21436.8
INV4069,2025-04-14,Infosys Services,CUST-419,20553,12,2466.36,23019.36
INV4070,2025-04-15,Wipro Digital,CUST-420,20690,18,3724.2,24414.2
INV4071,2025-04-16,Adani Ports & SEZ,CUST-421,20827,28,5831.56,26658.56
INV4072,2025-04-17,Mahindra Spares,CUST-422,20964,5,1048.2,22012.2
INV4073,2025-04-18,Larsen Industrial,CUST-423,21101,12,2532.12,23633.12
INV4074,2025-04-19,Bajaj Electricals,CUST-424,21238,18,3822.84,25060.84
INV4075,2025-04-20,Godrej Agrovet,CUST-425,21375,28,5985,27360
INV4076,2025-04-21,Hindustan Traders,CUST-426,21512,5,1075.6,22587.6
INV4077,2025-04-22,Zomato Logistics,CUST-427,21649,12,2597.88,24246.88
INV4078,2025-04-23,Swiggy Kitchens,CUST-428,21786,18,3921.48,25707.48
INV4079,2025-04-24,Delhivery Express,CUST-429,21923,28,6138.44,28061.44
INV4080,2025-04-25,ABC Ltd,CUST-430,22060,5,1103,23163
INV4081,2025-04-26,XYZ Corp,CUST-431,22197,12,2663.64,24860.64
INV4082,2025-04-27,Global Mart,CUST-432,22334,18,4020.12,26354.12
INV4083,2025-04-28,Tech Solutions,CUST-433,22471,28,6291.88,28762.88
INV4084,2025-04-01,Office Hub,CUST-434,22608,5,1130.4,23738.4
INV4085,2025-04-02,Retail One,CUST-435,22745,12,2729.4,25474.4
INV4086,2025-04-03,Bharat Logistics,CUST-436,22882,18,4118.76,27000.76
INV4087,2025-04-04,Tata Enterprises,CUST-437,23019,28,6445.32,29464.32
INV4088,2025-04-05,Reliance Supply,CUST-438,23156,5,1157.8,24313.8
INV4089,2025-04-06,Infosys Services,CUST-439,23293,12,2795.16,26088.16
INV4090,2025-04-07,Wipro Digital,CUST-440,23430,18,4217.4,27647.4
INV4091,2025-04-08,Adani Ports & SEZ,CUST-441,23567,28,6598.76,30165.76
INV4092,2025-04-09,Mahindra Spares,CUST-442,23704,5,1185.2,24889.2
INV4093,2025-04-10,Larsen Industrial,CUST-443,23841,12,2860.92,26701.92
INV4094,2025-04-11,Bajaj Electricals,CUST-444,23978,18,4316.04,28294.04
INV4095,2025-04-12,Godrej Agrovet,CUST-445,24115,28,6752.2,30867.2
INV4096,2025-04-13,Hindustan Traders,CUST-446,24252,5,1212.6,25464.6
INV4097,2025-04-14,Zomato Logistics,CUST-447,24389,12,2926.68,27315.68
INV4098,2025-04-15,Swiggy Kitchens,CUST-448,24526,18,4414.68,28940.68
INV4099,2025-04-16,Delhivery Express,CUST-449,24663,28,6905.64,31568.64
INV4100,2025-04-17,ABC Ltd,CUST-450,24800,5,1240,26040
INV4101,2025-04-18,XYZ Corp,CUST-451,24937,12,2992.44,27929.44
INV4102,2025-04-19,Global Mart,CUST-452,25074,18,4513.32,29587.32
INV4103,2025-04-20,Tech Solutions,CUST-453,25211,28,7059.08,32270.08
INV4104,2025-04-21,Office Hub,CUST-454,25348,5,1267.4,26615.4
INV4105,2025-04-22,Retail One,CUST-455,25485,12,3058.2,28543.2
INV4106,2025-04-23,Bharat Logistics,CUST-456,25622,18,4611.96,30233.96
INV4107,2025-04-24,Tata Enterprises,CUST-457,25759,28,7212.52,32971.52
INV4108,2025-04-25,Reliance Supply,CUST-458,25896,5,1294.8,27190.8
INV4109,2025-04-26,Infosys Services,CUST-459,26033,12,3123.96,29156.96
INV4110,2025-04-27,Wipro Digital,CUST-460,26170,18,4710.6,30880.6
INV4111,2025-04-28,Adani Ports & SEZ,CUST-461,26307,28,7365.96,33672.96
INV4112,2025-04-01,Mahindra Spares,CUST-462,26444,5,1322.2,27766.2
INV4113,2025-04-02,Larsen Industrial,CUST-463,26581,12,3189.72,29770.72
INV4114,2025-04-03,Bajaj Electricals,CUST-464,26718,18,4809.24,31527.24
INV4115,2025-04-04,Godrej Agrovet,CUST-465,26855,28,7519.4,34374.4
INV4116,2025-04-05,Hindustan Traders,CUST-466,26992,5,1349.6,28341.6
INV4117,2025-04-06,Zomato Logistics,CUST-467,27129,12,3255.48,30384.48
INV4118,2025-04-07,Swiggy Kitchens,CUST-468,27266,18,4907.88,32173.88
INV4119,2025-04-08,Delhivery Express,CUST-469,27403,28,7672.84,35075.84
INV4120,2025-04-09,ABC Ltd,CUST-470,27540,5,1377,28917
INV4121,2025-04-10,XYZ Corp,CUST-471,27677,12,3321.24,30998.24
INV4122,2025-04-11,Global Mart,CUST-472,27814,18,5006.52,32820.52
INV4123,2025-04-12,Tech Solutions,CUST-473,27951,28,7826.28,35777.28
INV4124,2025-04-13,Office Hub,CUST-474,28088,5,1404.4,29492.4
INV4125,2025-04-14,Retail One,CUST-475,28225,12,3387,31612
INV4126,2025-04-15,Bharat Logistics,CUST-476,28362,18,5105.16,33467.16
INV4127,2025-04-16,Tata Enterprises,CUST-477,28499,28,7979.72,36478.72
INV4128,2025-04-17,Reliance Supply,CUST-478,28636,5,1431.8,30067.8
INV4129,2025-04-18,Infosys Services,CUST-479,28773,12,3452.76,32225.76
INV4130,2025-04-19,Wipro Digital,CUST-480,28910,18,5203.8,34113.8
INV4131,2025-04-20,Adani Ports & SEZ,CUST-481,29047,28,8133.16,37180.16
INV4132,2025-04-21,Mahindra Spares,CUST-482,29184,5,1459.2,30643.2
INV4133,2025-04-22,Larsen Industrial,CUST-483,29321,12,3518.52,32839.52
INV4134,2025-04-23,Bajaj Electricals,CUST-484,29458,18,5302.44,34760.44
INV4135,2025-04-24,Godrej Agrovet,CUST-485,29595,28,8286.6,37881.6
INV4136,2025-04-25,Hindustan Traders,CUST-486,29732,5,1486.6,31218.6
INV4137,2025-04-26,Zomato Logistics,CUST-487,29869,12,3584.28,33453.28
INV4138,2025-04-27,Swiggy Kitchens,CUST-488,30006,18,5401.08,35407.08
INV4139,2025-04-28,Delhivery Express,CUST-489,30143,28,8440.04,38583.04
INV4140,2025-04-01,ABC Ltd,CUST-490,30280,5,1514,31794
INV4141,2025-04-02,XYZ Corp,CUST-491,30417,12,3650.04,34067.04
INV4142,2025-04-03,Global Mart,CUST-492,30554,18,5499.72,36053.72
INV4143,2025-04-04,Tech Solutions,CUST-493,30691,28,8593.48,39284.48
INV4144,2025-04-05,Office Hub,CUST-494,30828,5,1541.4,32369.4
INV4145,2025-04-06,Retail One,CUST-495,30965,12,3715.8,34680.8
INV4146,2025-04-07,Bharat Logistics,CUST-496,31102,18,5598.36,36700.36
INV4147,2025-04-08,Tata Enterprises,CUST-497,31239,28,8746.92,39985.92
INV4148,2025-04-09,Reliance Supply,CUST-498,31376,5,1568.8,32944.8
INV4149,2025-04-10,Infosys Services,CUST-499,31513,12,3781.56,35294.56
INV4150,2025-04-11,Wipro Digital,CUST-500,31650,18,5697,37347
INV4151,2025-04-12,Adani Ports & SEZ,CUST-501,31787,28,8900.36,40687.36
INV4152,2025-04-13,Mahindra Spares,CUST-502,31924,5,1596.2,33520.2
INV4153,2025-04-14,Larsen Industrial,CUST-503,32061,12,3847.32,35908.32
INV4154,2025-04-15,Bajaj Electricals,CUST-504,32198,18,5795.64,37993.64
INV4155,2025-04-16,Godrej Agrovet,CUST-505,32335,28,9053.8,41388.8
INV4156,2025-04-17,Hindustan Traders,CUST-506,32472,5,1623.6,34095.6
INV4157,2025-04-18,Zomato Logistics,CUST-507,32609,12,3913.08,36522.08
INV4158,2025-04-19,Swiggy Kitchens,CUST-508,32746,18,5894.28,38640.28
INV4159,2025-04-20,Delhivery Express,CUST-509,32883,28,9207.24,42090.24
INV4160,2025-04-21,ABC Ltd,CUST-510,33020,5,1651,34671
INV4161,2025-04-22,XYZ Corp,CUST-511,33157,12,3978.84,37135.84
INV4162,2025-04-23,Global Mart,CUST-512,33294,18,5992.92,39286.92
INV4163,2025-04-24,Tech Solutions,CUST-513,33431,28,9360.68,42791.68
INV4164,2025-04-25,Office Hub,CUST-514,33568,5,1678.4,35246.4
INV4165,2025-04-26,Retail One,CUST-515,33705,12,4044.6,37749.6
INV4166,2025-04-27,Bharat Logistics,CUST-516,33842,18,6091.56,39933.56
INV4167,2025-04-28,Tata Enterprises,CUST-517,33979,28,9514.12,43493.12
INV4168,2025-04-01,Reliance Supply,CUST-518,34116,5,1705.8,35821.8
INV4169,2025-04-02,Infosys Services,CUST-519,34253,12,4110.36,38363.36
INV4170,2025-04-03,Wipro Digital,CUST-520,34390,18,6190.2,40580.2
INV4171,2025-04-04,Adani Ports & SEZ,CUST-521,34527,28,9667.56,44194.56
INV4172,2025-04-05,Mahindra Spares,CUST-522,34664,5,1733.2,36397.2
INV4173,2025-04-06,Larsen Industrial,CUST-523,34801,12,4176.12,38977.12
INV4174,2025-04-07,Bajaj Electricals,CUST-524,34938,18,6288.84,41226.84
INV4175,2025-04-08,Godrej Agrovet,CUST-525,35075,28,9821,44896
INV4176,2025-04-09,Hindustan Traders,CUST-526,35212,5,1760.6,36972.6
INV4177,2025-04-10,Zomato Logistics,CUST-527,35349,12,4241.88,39590.88
INV4178,2025-04-11,Swiggy Kitchens,CUST-528,35486,18,6387.48,41873.48
INV4179,2025-04-12,Delhivery Express,CUST-529,35623,28,9974.44,45597.44
INV4180,2025-04-13,ABC Ltd,CUST-530,35760,5,1788,37548
INV4181,2025-04-14,XYZ Corp,CUST-531,35897,12,4307.64,40204.64
INV4182,2025-04-15,Global Mart,CUST-532,36034,18,6486.12,42520.12
INV4183,2025-04-16,Tech Solutions,CUST-533,36171,28,10127.88,46298.88
INV4184,2025-04-17,Office Hub,CUST-534,36308,5,1815.4,38123.4
INV4185,2025-04-18,Retail One,CUST-535,36445,12,4373.4,40818.4
INV4186,2025-04-19,Bharat Logistics,CUST-536,36582,18,6584.76,43166.76
INV4187,2025-04-20,Tata Enterprises,CUST-537,36719,28,10281.32,47000.32
INV4188,2025-04-21,Reliance Supply,CUST-538,36856,5,1842.8,38698.8
INV4189,2025-04-22,Infosys Services,CUST-539,36993,12,4439.16,41432.16
INV4190,2025-04-23,Wipro Digital,CUST-540,37130,18,6683.4,43813.4
INV4191,2025-04-24,Adani Ports & SEZ,CUST-541,37267,28,10434.76,47701.76
INV4192,2025-04-25,Mahindra Spares,CUST-542,37404,5,1870.2,39274.2
INV4193,2025-04-26,Larsen Industrial,CUST-543,37541,12,4504.92,42045.92
INV4194,2025-04-27,Bajaj Electricals,CUST-544,37678,18,6782.04,44460.04
INV4195,2025-04-28,Godrej Agrovet,CUST-545,37815,28,10588.2,48403.2
INV4196,2025-04-01,Hindustan Traders,CUST-546,37952,5,1897.6,39849.6
INV4197,2025-04-02,Zomato Logistics,CUST-547,38089,12,4570.68,42659.68
INV4198,2025-04-03,Swiggy Kitchens,CUST-548,38226,18,6880.68,45106.68
INV4199,2025-04-04,Delhivery Express,CUST-549,38363,28,10741.64,49104.64
INV4200,2025-04-05,ABC Ltd,CUST-550,850000,5,42500,892500
INV4201,2025-04-06,XYZ Corp,CUST-551,38637,12,4636.44,43273.44
INV4202,2025-04-07,Global Mart,CUST-552,38774,18,6979.32,45753.32
INV4203,2025-04-08,Tech Solutions,CUST-553,38911,28,10895.08,49806.08
INV4204,2025-04-09,Office Hub,CUST-554,39048,5,1952.4,41000.4
INV4205,2025-04-10,Retail One,CUST-555,39185,12,4702.2,43887.2
INV4206,2025-04-11,Bharat Logistics,CUST-556,39322,18,7077.96,46399.96
INV4207,2025-04-12,Tata Enterprises,CUST-557,39459,28,11048.52,50507.52
INV4208,2025-04-13,Reliance Supply,CUST-558,39596,5,1979.8,41575.8
INV4209,2025-04-14,Infosys Services,CUST-559,39733,12,4767.96,44500.96
INV4210,2025-04-15,Wipro Digital,CUST-560,39870,18,7176.6,47046.6
INV4211,2025-04-16,Adani Ports & SEZ,CUST-561,40007,28,11201.96,51208.96
INV4212,2025-04-17,Mahindra Spares,CUST-562,40144,5,2007.2,42151.2
INV4213,2025-04-18,Larsen Industrial,CUST-563,40281,12,4833.72,45114.72
INV4214,2025-04-19,Bajaj Electricals,CUST-564,40418,18,7275.24,47693.24
INV4215,2025-04-20,Godrej Agrovet,CUST-565,40555,28,11355.4,51910.4
INV4216,2025-04-21,Hindustan Traders,CUST-566,40692,5,2034.6,42726.6
INV4217,2025-04-22,Zomato Logistics,CUST-567,40829,12,4899.48,45728.48
INV4218,2025-04-23,Swiggy Kitchens,CUST-568,40966,18,7373.88,48339.88
INV4219,2025-04-24,Delhivery Express,CUST-569,41103,28,11508.84,52611.84
INV4220,2025-04-25,ABC Ltd,CUST-570,41240,5,2062,43302
INV4221,2025-04-26,XYZ Corp,CUST-571,41377,12,4965.24,46342.24
INV4222,2025-04-27,Global Mart,CUST-572,41514,18,7472.52,48986.52
INV4223,2025-04-28,Tech Solutions,CUST-573,41651,28,11662.28,53313.28
INV4224,2025-04-01,Office Hub,CUST-574,41788,5,2089.4,43877.4
INV4225,2025-04-02,Retail One,CUST-575,41925,12,5031,46956
INV4226,2025-04-03,Bharat Logistics,CUST-576,42062,18,7571.16,49633.16
INV4227,2025-04-04,Tata Enterprises,CUST-577,42199,28,11815.72,54014.72
INV4228,2025-04-05,Reliance Supply,CUST-578,42336,5,2116.8,44452.8
INV4229,2025-04-06,Infosys Services,CUST-579,42473,12,5096.76,47569.76
INV4230,2025-04-07,Wipro Digital,CUST-580,42610,18,7669.8,50279.8
INV4231,2025-04-08,Adani Ports & SEZ,CUST-581,42747,28,11969.16,54716.16
INV4232,2025-04-09,Mahindra Spares,CUST-582,42884,5,2144.2,45028.2
INV4233,2025-04-10,Larsen Industrial,CUST-583,43021,12,5162.52,48183.52
INV4234,2025-04-11,Bajaj Electricals,CUST-584,43158,18,7768.44,50926.44
INV4235,2025-04-12,Godrej Agrovet,CUST-585,43295,28,12122.6,55417.6
INV4236,2025-04-13,Hindustan Traders,CUST-586,43432,5,2171.6,45603.6
INV4237,2025-04-14,Zomato Logistics,CUST-587,43569,12,5228.28,48797.28
INV4238,2025-04-15,Swiggy Kitchens,CUST-588,43706,18,7867.08,51573.08
INV4239,2025-04-16,Delhivery Express,CUST-589,43843,28,12276.04,56119.04
INV4240,2025-04-17,ABC Ltd,CUST-590,43980,5,2199,46179
INV4241,2025-04-18,XYZ Corp,CUST-591,44117,12,5294.04,49411.04
INV4242,2025-04-19,Global Mart,CUST-592,44254,18,7965.72,52219.72
INV4243,2025-04-20,Tech Solutions,CUST-593,44391,28,12429.48,56820.48
INV4244,2025-04-21,Office Hub,CUST-594,44528,5,2226.4,46754.4
INV4245,2025-04-22,Retail One,CUST-595,44665,12,5359.8,50024.8
INV4246,2025-04-23,Bharat Logistics,CUST-596,44802,18,8064.36,52866.36
INV4247,2025-04-24,Tata Enterprises,CUST-597,44939,28,12582.92,57521.92
INV4248,2025-04-25,Reliance Supply,CUST-598,45076,5,2253.8,47329.8
INV4249,2025-04-26,Infosys Services,CUST-599,45213,12,5425.56,50638.56
INV4250,2025-04-27,Wipro Digital,CUST-600,45350,18,8163,53513
INV4251,2025-04-28,Adani Ports & SEZ,CUST-601,45487,28,12736.36,58223.36
INV4252,2025-04-01,Mahindra Spares,CUST-602,45624,5,2281.2,47905.2
INV4253,2025-04-02,Larsen Industrial,CUST-603,45761,12,5491.32,51252.32
INV4254,2025-04-03,Bajaj Electricals,CUST-604,45898,18,8261.64,54159.64
INV4255,2025-04-04,Godrej Agrovet,CUST-605,46035,28,12889.8,58924.8
INV4256,2025-04-05,Hindustan Traders,CUST-606,46172,5,2308.6,48480.6
INV4257,2025-04-06,Zomato Logistics,CUST-607,46309,12,5557.08,51866.08
INV4258,2025-04-07,Swiggy Kitchens,CUST-608,46446,18,8360.28,54806.28
INV4259,2025-04-08,Delhivery Express,CUST-609,46583,28,13043.24,59626.24
INV4260,2025-04-09,ABC Ltd,CUST-610,46720,5,2336,49056
INV4261,2025-04-10,XYZ Corp,CUST-611,46857,12,5622.84,52479.84
INV4262,2025-04-11,Global Mart,CUST-612,46994,18,8458.92,55452.92
INV4263,2025-04-12,Tech Solutions,CUST-613,47131,28,13196.68,60327.68
INV4264,2025-04-13,Office Hub,CUST-614,47268,5,2363.4,49631.4
INV4265,2025-04-14,Retail One,CUST-615,47405,12,5688.6,53093.6
INV4266,2025-04-15,Bharat Logistics,CUST-616,47542,18,8557.56,56099.56
INV4267,2025-04-16,Tata Enterprises,CUST-617,47679,28,13350.12,61029.12
INV4268,2025-04-17,Reliance Supply,CUST-618,47816,5,2390.8,50206.8
INV4269,2025-04-18,Infosys Services,CUST-619,47953,12,5754.36,53707.36
INV4270,2025-04-19,Wipro Digital,CUST-620,48090,18,8656.2,56746.2
INV4271,2025-04-20,Adani Ports & SEZ,CUST-621,48227,28,13503.56,61730.56
INV4272,2025-04-21,Mahindra Spares,CUST-622,48364,5,2418.2,50782.2
INV4273,2025-04-22,Larsen Industrial,CUST-623,48501,12,5820.12,54321.12
INV4274,2025-04-23,Bajaj Electricals,CUST-624,48638,18,8754.84,57392.84
INV4275,2025-04-24,Godrej Agrovet,CUST-625,48775,28,13657,62432
INV4276,2025-04-25,Hindustan Traders,CUST-626,48912,5,2445.6,51357.6
INV4277,2025-04-26,Zomato Logistics,CUST-627,49049,12,5885.88,54934.88
INV4278,2025-04-27,Swiggy Kitchens,CUST-628,49186,18,8853.48,58039.48
INV4279,2025-04-28,Delhivery Express,CUST-629,49323,28,13810.44,63133.44
INV4280,2025-04-01,ABC Ltd,CUST-630,49460,5,2473,51933
INV4281,2025-04-02,XYZ Corp,CUST-631,49597,12,5951.64,55548.64
INV4282,2025-04-03,Global Mart,CUST-632,49734,18,8952.12,58686.12
INV4283,2025-04-04,Tech Solutions,CUST-633,49871,28,13963.88,63834.88
INV4284,2025-04-05,Office Hub,CUST-634,50008,5,2500.4,52508.4
INV4285,2025-04-06,Retail One,CUST-635,50145,12,6017.4,56162.4
INV4286,2025-04-07,Bharat Logistics,CUST-636,50282,18,9050.76,59332.76
INV4287,2025-04-08,Tata Enterprises,CUST-637,50419,28,14117.32,64536.32
INV4288,2025-04-09,Reliance Supply,CUST-638,50556,5,2527.8,53083.8
INV4289,2025-04-10,Infosys Services,CUST-639,50693,12,6083.16,56776.16
INV4290,2025-04-11,Wipro Digital,CUST-640,50830,18,9149.4,59979.4
INV4291,2025-04-12,Adani Ports & SEZ,CUST-641,50967,28,14270.76,65237.76
INV4292,2025-04-13,Mahindra Spares,CUST-642,51104,5,2555.2,53659.2
INV4293,2025-04-14,Larsen Industrial,CUST-643,51241,12,6148.92,57389.92
INV4294,2025-04-15,Bajaj Electricals,CUST-644,51378,18,9248.04,60626.04
INV4295,2025-04-16,Godrej Agrovet,CUST-645,51515,28,14424.2,65939.2
INV4296,2025-04-17,Hindustan Traders,CUST-646,51652,5,2582.6,54234.6
INV4297,2025-04-18,Zomato Logistics,CUST-647,51789,12,6214.68,58003.68
INV4298,2025-04-19,Swiggy Kitchens,CUST-648,51926,18,9346.68,61272.68
INV4299,2025-04-20,Delhivery Express,CUST-649,52063,28,14577.64,66640.64
INV4300,2025-04-21,ABC Ltd,CUST-650,52200,5,2610,54810
INV4301,2025-04-22,XYZ Corp,CUST-651,52337,12,6280.44,58617.44
INV4302,2025-04-23,Global Mart,CUST-652,52474,18,9445.32,61919.32
INV4303,2025-04-24,Tech Solutions,CUST-653,52611,28,14731.08,67342.08
INV4304,2025-04-25,Office Hub,CUST-654,52748,5,2637.4,55385.4
INV4305,2025-04-26,Retail One,CUST-655,52885,12,6346.2,59231.2
INV4306,2025-04-27,Bharat Logistics,CUST-656,53022,18,9543.96,62565.96
INV4307,2025-04-28,Tata Enterprises,CUST-657,53159,28,14884.52,68043.52
INV4308,2025-04-01,Reliance Supply,CUST-658,53296,5,2664.8,55960.8
INV4309,2025-04-02,Infosys Services,CUST-659,53433,12,6411.96,59844.96
INV4310,2025-04-03,Wipro Digital,CUST-660,53570,18,9642.6,63212.6
INV4311,2025-04-04,Adani Ports & SEZ,CUST-661,53707,28,15037.96,68744.96
INV4312,2025-04-05,Mahindra Spares,CUST-662,53844,5,2692.2,56536.2
INV4313,2025-04-06,Larsen Industrial,CUST-663,53981,12,6477.72,60458.72
INV4314,2025-04-07,Bajaj Electricals,CUST-664,54118,18,9741.24,63859.24
INV4315,2025-04-08,Godrej Agrovet,CUST-665,54255,28,15191.4,69446.4
INV4316,2025-04-09,Hindustan Traders,CUST-666,54392,5,2719.6,57111.6
INV4317,2025-04-10,Zomato Logistics,CUST-667,54529,12,6543.48,61072.48
INV4318,2025-04-11,Swiggy Kitchens,CUST-668,54666,18,9839.88,64505.88
INV4319,2025-04-12,Delhivery Express,CUST-669,54803,28,15344.84,70147.84
INV4320,2025-04-13,ABC Ltd,CUST-670,54940,5,2747,57687
INV4321,2025-04-14,XYZ Corp,CUST-671,55077,12,6609.24,61686.24
INV4322,2025-04-15,Global Mart,CUST-672,55214,18,9938.52,65152.52
INV4323,2025-04-16,Tech Solutions,CUST-673,55351,28,15498.28,70849.28
INV4324,2025-04-17,Office Hub,CUST-674,55488,5,2774.4,58262.4
INV4325,2025-04-18,Retail One,CUST-675,55625,12,6675,62300
INV4326,2025-04-19,Bharat Logistics,CUST-676,55762,18,10037.16,65799.16
INV4327,2025-04-20,Tata Enterprises,CUST-677,55899,28,15651.72,71550.72
INV4328,2025-04-21,Reliance Supply,CUST-678,56036,5,2801.8,58837.8
INV4329,2025-04-22,Infosys Services,CUST-679,56173,12,6740.76,62913.76
INV4330,2025-04-23,Wipro Digital,CUST-680,56310,18,10135.8,66445.8
INV4331,2025-04-24,Adani Ports & SEZ,CUST-681,56447,28,15805.16,72252.16
INV4332,2025-04-25,Mahindra Spares,CUST-682,56584,5,2829.2,59413.2
INV4333,2025-04-26,Larsen Industrial,CUST-683,56721,12,6806.52,63527.52
INV4334,2025-04-27,Bajaj Electricals,CUST-684,56858,18,10234.44,67092.44
INV4335,2025-04-28,Godrej Agrovet,CUST-685,56995,28,15958.6,72953.6
INV4336,2025-04-01,Hindustan Traders,CUST-686,57132,5,2856.6,59988.6
INV4337,2025-04-02,Zomato Logistics,CUST-687,57269,12,6872.28,64141.28
INV4338,2025-04-03,Swiggy Kitchens,CUST-688,57406,18,10333.08,67739.08
INV4339,2025-04-04,Delhivery Express,CUST-689,57543,28,16112.04,73655.04
INV4340,2025-04-05,ABC Ltd,CUST-690,57680,5,2884,60564
INV4341,2025-04-06,XYZ Corp,CUST-691,57817,12,6938.04,64755.04
INV4342,2025-04-07,Global Mart,CUST-692,57954,18,10431.72,68385.72
INV4343,2025-04-08,Tech Solutions,CUST-693,58091,28,16265.48,74356.48
INV4344,2025-04-09,Office Hub,CUST-694,58228,5,2911.4,61139.4
INV4345,2025-04-10,Retail One,CUST-695,58365,12,7003.8,65368.8
INV4346,2025-04-11,Bharat Logistics,CUST-696,58502,18,10530.36,69032.36
INV4347,2025-04-12,Tata Enterprises,CUST-697,58639,28,16418.92,75057.92
INV4348,2025-04-13,Reliance Supply,CUST-698,58776,5,2938.8,61714.8
INV4349,2025-04-14,Infosys Services,CUST-699,58913,12,7069.56,65982.56
INV4350,2025-04-15,Wipro Digital,CUST-700,59050,18,10629,69679
INV4351,2025-04-16,Adani Ports & SEZ,CUST-701,59187,28,16572.36,75759.36
INV4352,2025-04-17,Mahindra Spares,CUST-702,59324,5,2966.2,62290.2
INV4353,2025-04-18,Larsen Industrial,CUST-703,59461,12,7135.32,66596.32
INV4354,2025-04-19,Bajaj Electricals,CUST-704,59598,18,10727.64,70325.64
INV4355,2025-04-20,Godrej Agrovet,CUST-705,59735,28,16725.8,76460.8
INV4356,2025-04-21,Hindustan Traders,CUST-706,59872,5,2993.6,62865.6
INV4357,2025-04-22,Zomato Logistics,CUST-707,60009,12,7201.08,67210.08
INV4358,2025-04-23,Swiggy Kitchens,CUST-708,60146,18,10826.28,70972.28
INV4359,2025-04-24,Delhivery Express,CUST-709,60283,28,16879.24,77162.24
INV4360,2025-04-25,ABC Ltd,CUST-710,60420,5,3021,63441
INV4361,2025-04-26,XYZ Corp,CUST-711,60557,12,7266.84,67823.84
INV4362,2025-04-27,Global Mart,CUST-712,60694,18,10924.92,71618.92
INV4363,2025-04-28,Tech Solutions,CUST-713,60831,28,17032.68,77863.68
INV4364,2025-04-01,Office Hub,CUST-714,60968,5,3048.4,64016.4
INV4365,2025-04-02,Retail One,CUST-715,61105,12,7332.6,68437.6
INV4366,2025-04-03,Bharat Logistics,CUST-716,61242,18,11023.56,72265.56
INV4367,2025-04-04,Tata Enterprises,CUST-717,61379,28,17186.12,78565.12
INV4368,2025-04-05,Reliance Supply,CUST-718,61516,5,3075.8,64591.8
INV4369,2025-04-06,Infosys Services,CUST-719,61653,12,7398.36,69051.36
INV4370,2025-04-07,Wipro Digital,CUST-720,61790,18,11122.2,72912.2
INV4371,2025-04-08,Adani Ports & SEZ,CUST-721,61927,28,17339.56,79266.56
INV4372,2025-04-09,Mahindra Spares,CUST-722,62064,5,3103.2,65167.2
INV4373,2025-04-10,Larsen Industrial,CUST-723,62201,12,7464.12,69665.12
INV4374,2025-04-11,Bajaj Electricals,CUST-724,62338,18,11220.84,73558.84
INV4375,2025-04-12,Godrej Agrovet,CUST-725,62475,28,17493,79968
INV4376,2025-04-13,Hindustan Traders,CUST-726,62612,5,3130.6,65742.6
INV4377,2025-04-14,Zomato Logistics,CUST-727,62749,12,7529.88,70278.88
INV4378,2025-04-15,Swiggy Kitchens,CUST-728,62886,18,11319.48,74205.48
INV4379,2025-04-16,Delhivery Express,CUST-729,63023,28,17646.44,80669.44
INV4380,2025-04-17,ABC Ltd,CUST-730,63160,5,3158,66318
INV4381,2025-04-18,XYZ Corp,CUST-731,63297,12,7595.64,70892.64
INV4382,2025-04-19,Global Mart,CUST-732,63434,18,11418.12,74852.12
INV4383,2025-04-20,Tech Solutions,CUST-733,63571,28,17799.88,81370.88
INV4384,2025-04-21,Office Hub,CUST-734,63708,5,3185.4,66893.4
INV4385,2025-04-22,Retail One,CUST-735,63845,12,7661.4,71506.4
INV4386,2025-04-23,Bharat Logistics,CUST-736,63982,18,11516.76,75498.76
INV4387,2025-04-24,Tata Enterprises,CUST-737,64119,28,17953.32,82072.32
INV4388,2025-04-25,Reliance Supply,CUST-738,64256,5,3212.8,67468.8
INV4389,2025-04-26,Infosys Services,CUST-739,64393,12,7727.16,72120.16
INV4390,2025-04-27,Wipro Digital,CUST-740,64530,18,11615.4,76145.4
INV4391,2025-04-28,Adani Ports & SEZ,CUST-741,64667,28,18106.76,82773.76
INV4392,2025-04-01,Mahindra Spares,CUST-742,64804,5,3240.2,68044.2
INV4393,2025-04-02,Larsen Industrial,CUST-743,64941,12,7792.92,72733.92
INV4394,2025-04-03,Bajaj Electricals,CUST-744,65078,18,11714.04,76792.04
INV4395,2025-04-04,Godrej Agrovet,CUST-745,65215,28,18260.2,83475.2
INV4396,2025-04-05,Hindustan Traders,CUST-746,65352,5,3267.6,68619.6
INV4397,2025-04-06,Zomato Logistics,CUST-747,65489,12,7858.68,73347.68
INV4398,2025-04-07,Swiggy Kitchens,CUST-748,65626,18,11812.68,77438.68
INV4399,2025-04-08,Delhivery Express,CUST-749,65763,28,18413.64,84176.64
INV4400,2025-04-09,ABC Ltd,CUST-750,65900,5,3295,69195
INV4401,2025-04-10,XYZ Corp,CUST-751,66037,12,7924.44,73961.44
INV4402,2025-04-11,Global Mart,CUST-752,66174,18,11911.32,78085.32
INV4403,2025-04-12,Tech Solutions,CUST-753,66311,28,18567.08,84878.08
INV4404,2025-04-13,Office Hub,CUST-754,66448,5,3322.4,69770.4
INV4405,2025-04-14,Retail One,CUST-755,66585,12,7990.2,74575.2
INV4406,2025-04-15,Bharat Logistics,CUST-756,66722,18,12009.96,78731.96
INV4407,2025-04-16,Tata Enterprises,CUST-757,66859,28,18720.52,85579.52
INV4408,2025-04-17,Reliance Supply,CUST-758,66996,5,3349.8,70345.8
INV4409,2025-04-18,Infosys Services,CUST-759,67133,12,8055.96,75188.96
INV4410,2025-04-19,Wipro Digital,CUST-760,67270,18,12108.6,79378.6
INV4411,2025-04-20,Adani Ports & SEZ,CUST-761,67407,28,18873.96,86280.96
INV4412,2025-04-21,Mahindra Spares,CUST-762,67544,5,3377.2,70921.2
INV4413,2025-04-22,Larsen Industrial,CUST-763,67681,12,8121.72,75802.72
INV4414,2025-04-23,Bajaj Electricals,CUST-764,67818,18,12207.24,80025.24
INV4415,2025-04-24,Godrej Agrovet,CUST-765,67955,28,19027.4,86982.4
INV4416,2025-04-25,Hindustan Traders,CUST-766,68092,5,3404.6,71496.6
INV4417,2025-04-26,Zomato Logistics,CUST-767,68229,12,8187.48,76416.48
INV4418,2025-04-27,Swiggy Kitchens,CUST-768,68366,18,12305.88,80671.88
INV4419,2025-04-28,Delhivery Express,CUST-769,68503,28,19180.84,87683.84
INV4420,2025-04-01,ABC Ltd,CUST-770,68640,5,3432,72072
INV4421,2025-04-02,XYZ Corp,CUST-771,68777,12,8253.24,77030.24
INV4422,2025-04-03,Global Mart,CUST-772,68914,18,12404.52,81318.52
INV4423,2025-04-04,Tech Solutions,CUST-773,69051,28,19334.28,88385.28
INV4424,2025-04-05,Office Hub,CUST-774,69188,5,3459.4,72647.4
INV4425,2025-04-06,Retail One,CUST-775,69325,12,8319,77644
INV4426,2025-04-07,Bharat Logistics,CUST-776,69462,18,12503.16,81965.16
INV4427,2025-04-08,Tata Enterprises,CUST-777,69599,28,19487.72,89086.72
INV4428,2025-04-09,Reliance Supply,CUST-778,69736,5,3486.8,73222.8
INV4429,2025-04-10,Infosys Services,CUST-779,69873,12,8384.76,78257.76
INV4430,2025-04-11,Wipro Digital,CUST-780,70010,18,12601.8,82611.8
INV4431,2025-04-12,Adani Ports & SEZ,CUST-781,70147,28,19641.16,89788.16
INV4432,2025-04-13,Mahindra Spares,CUST-782,70284,5,3514.2,73798.2
INV4433,2025-04-14,Larsen Industrial,CUST-783,70421,12,8450.52,78871.52
INV4434,2025-04-15,Bajaj Electricals,CUST-784,70558,18,12700.44,83258.44
INV4435,2025-04-16,Godrej Agrovet,CUST-785,70695,28,19794.6,90489.6
INV4436,2025-04-17,Hindustan Traders,CUST-786,70832,5,3541.6,74373.6
INV4437,2025-04-18,Zomato Logistics,CUST-787,70969,12,8516.28,79485.28
INV4438,2025-04-19,Swiggy Kitchens,CUST-788,71106,18,12799.08,83905.08
INV4439,2025-04-20,Delhivery Express,CUST-789,71243,28,19948.04,91191.04
INV4440,2025-04-21,ABC Ltd,CUST-790,71380,5,3569,74949
INV4441,2025-04-22,XYZ Corp,CUST-791,71517,12,8582.04,80099.04
INV4442,2025-04-23,Global Mart,CUST-792,71654,18,12897.72,84551.72
INV4443,2025-04-24,Tech Solutions,CUST-793,71791,28,20101.48,91892.48
INV4444,2025-04-25,Office Hub,CUST-794,71928,5,3596.4,75524.4
INV4445,2025-04-26,Retail One,CUST-795,72065,12,8647.8,80712.8
INV4446,2025-04-27,Bharat Logistics,CUST-796,72202,18,12996.36,85198.36
INV4447,2025-04-28,Tata Enterprises,CUST-797,72339,28,20254.92,92593.92
INV4448,2025-04-01,Reliance Supply,CUST-798,72476,5,3623.8,76099.8
INV4449,2025-04-02,Infosys Services,CUST-799,72613,12,8713.56,81326.56
INV4450,2025-04-03,Wipro Digital,CUST-800,1050000,18,189000,1239000
INV4451,2025-04-04,Adani Ports & SEZ,CUST-801,72887,28,20408.36,93295.36
INV4452,2025-04-05,Mahindra Spares,CUST-802,73024,5,3651.2,76675.2
INV4453,2025-04-06,Larsen Industrial,CUST-803,73161,12,8779.32,81940.32
INV4454,2025-04-07,Bajaj Electricals,CUST-804,73298,18,13193.64,86491.64
INV4455,2025-04-08,Godrej Agrovet,CUST-805,73435,28,20561.8,93996.8
INV4456,2025-04-09,Hindustan Traders,CUST-806,73572,5,3678.6,77250.6
INV4457,2025-04-10,Zomato Logistics,CUST-807,73709,12,8845.08,82554.08
INV4458,2025-04-11,Swiggy Kitchens,CUST-808,73846,18,13292.28,87138.28
INV4459,2025-04-12,Delhivery Express,CUST-809,73983,28,20715.24,94698.24
INV4460,2025-04-13,ABC Ltd,CUST-810,74120,5,3706,77826
INV4461,2025-04-14,XYZ Corp,CUST-811,74257,12,8910.84,83167.84
INV4462,2025-04-15,Global Mart,CUST-812,74394,18,13390.92,87784.92
INV4463,2025-04-16,Tech Solutions,CUST-813,74531,28,20868.68,95399.68
INV4464,2025-04-17,Office Hub,CUST-814,74668,5,3733.4,78401.4
INV4465,2025-04-18,Retail One,CUST-815,74805,12,8976.6,83781.6
INV4466,2025-04-19,Bharat Logistics,CUST-816,74942,18,13489.56,88431.56
INV4467,2025-04-20,Tata Enterprises,CUST-817,75079,28,21022.12,96101.12
INV4468,2025-04-21,Reliance Supply,CUST-818,75216,5,3760.8,78976.8
INV4469,2025-04-22,Infosys Services,CUST-819,75353,12,9042.36,84395.36
INV4470,2025-04-23,Wipro Digital,CUST-820,75490,18,13588.2,89078.2
INV4471,2025-04-24,Adani Ports & SEZ,CUST-821,75627,28,21175.56,96802.56
INV4472,2025-04-25,Mahindra Spares,CUST-822,75764,5,3788.2,79552.2
INV4473,2025-04-26,Larsen Industrial,CUST-823,75901,12,9108.12,85009.12
INV4474,2025-04-27,Bajaj Electricals,CUST-824,76038,18,13686.84,89724.84
INV4475,2025-04-28,Godrej Agrovet,CUST-825,76175,28,21329,97504
INV4476,2025-04-01,Hindustan Traders,CUST-826,76312,5,3815.6,80127.6
INV4477,2025-04-02,Zomato Logistics,CUST-827,76449,12,9173.88,85622.88
INV4478,2025-04-03,Swiggy Kitchens,CUST-828,76586,18,13785.48,90371.48
INV4479,2025-04-04,Delhivery Express,CUST-829,76723,28,21482.44,98205.44
INV4480,2025-04-05,ABC Ltd,CUST-830,76860,5,3843,80703
INV4481,2025-04-06,XYZ Corp,CUST-831,76997,12,9239.64,86236.64
INV4482,2025-04-07,Global Mart,CUST-832,77134,18,13884.12,91018.12
INV4483,2025-04-08,Tech Solutions,CUST-833,77271,28,21635.88,98906.88
INV4484,2025-04-09,Office Hub,CUST-834,77408,5,3870.4,81278.4
INV4485,2025-04-10,Retail One,CUST-835,2545,12,305.4,2850.4
INV4486,2025-04-11,Bharat Logistics,CUST-836,2682,18,482.76,3164.76
INV4487,2025-04-12,Tata Enterprises,CUST-837,2819,28,789.32,3608.32
INV4488,2025-04-13,Reliance Supply,CUST-838,2956,5,147.8,3103.8
INV4489,2025-04-14,Infosys Services,CUST-839,3093,12,371.16,3464.16
INV4490,2025-04-15,Wipro Digital,CUST-840,3230,18,581.4,3811.4
INV4491,2025-04-16,Adani Ports & SEZ,CUST-841,3367,28,942.76,4309.76
INV4492,2025-04-17,Mahindra Spares,CUST-842,3504,5,175.2,3679.2
INV4493,2025-04-18,Larsen Industrial,CUST-843,3641,12,436.92,4077.92
INV4494,2025-04-19,Bajaj Electricals,CUST-844,3778,18,680.04,4458.04
INV4495,2025-04-20,Godrej Agrovet,CUST-845,3915,28,1096.2,5011.2
INV4496,2025-04-21,Hindustan Traders,CUST-846,4052,5,202.6,4254.6
INV4497,2025-04-22,Zomato Logistics,CUST-847,4189,12,502.68,4691.68
INV4498,2025-04-23,Swiggy Kitchens,CUST-848,4326,18,778.68,5104.68
INV4499,2025-04-24,Delhivery Express,CUST-849,4463,28,1249.64,5712.64
INV4500,2025-04-25,ABC Ltd,CUST-850,4600,5,230,4830
INV4501,2025-04-26,XYZ Corp,CUST-851,4737,12,568.44,5305.44
INV4502,2025-04-27,Global Mart,CUST-852,4874,18,877.32,5751.32
INV4503,2025-04-28,Tech Solutions,CUST-853,5011,28,1403.08,6414.08
INV4504,2025-04-01,Office Hub,CUST-854,5148,5,257.4,5405.4
INV4505,2025-04-02,Retail One,CUST-855,5285,12,634.2,5919.2
INV4506,2025-04-03,Bharat Logistics,CUST-856,5422,18,975.96,6397.96
INV4507,2025-04-04,Tata Enterprises,CUST-857,5559,28,1556.52,7115.52
INV4508,2025-04-05,Reliance Supply,CUST-858,5696,5,284.8,5980.8
INV4509,2025-04-06,Infosys Services,CUST-859,5833,12,699.96,6532.96
INV4510,2025-04-07,Wipro Digital,CUST-860,5970,18,1074.6,7044.6
INV4511,2025-04-08,Adani Ports & SEZ,CUST-861,6107,28,1709.96,7816.96
INV4512,2025-04-09,Mahindra Spares,CUST-862,6244,5,312.2,6556.2
INV4513,2025-04-10,Larsen Industrial,CUST-863,6381,12,765.72,7146.72
INV4514,2025-04-11,Bajaj Electricals,CUST-864,6518,18,1173.24,7691.24
INV4515,2025-04-12,Godrej Agrovet,CUST-865,6655,28,1863.4,8518.4
INV4516,2025-04-13,Hindustan Traders,CUST-866,6792,5,339.6,7131.6
INV4517,2025-04-14,Zomato Logistics,CUST-867,6929,12,831.48,7760.48
INV4518,2025-04-15,Swiggy Kitchens,CUST-868,7066,18,1271.88,8337.88
INV4519,2025-04-16,Delhivery Express,CUST-869,7203,28,2016.84,9219.84
INV4520,2025-04-17,ABC Ltd,CUST-870,7340,5,367,7707
INV4521,2025-04-18,XYZ Corp,CUST-871,7477,12,897.24,8374.24
INV4522,2025-04-19,Global Mart,CUST-872,7614,18,1370.52,8984.52
INV4523,2025-04-20,Tech Solutions,CUST-873,7751,28,2170.28,9921.28
INV4524,2025-04-21,Office Hub,CUST-874,7888,5,394.4,8282.4
INV4525,2025-04-22,Retail One,CUST-875,8025,12,963,8988
INV4526,2025-04-23,Bharat Logistics,CUST-876,8162,18,1469.16,9631.16
INV4527,2025-04-24,Tata Enterprises,CUST-877,8299,28,2323.72,10622.72
INV4528,2025-04-25,Reliance Supply,CUST-878,8436,5,421.8,8857.8
INV4529,2025-04-26,Infosys Services,CUST-879,8573,12,1028.76,9601.76
INV4530,2025-04-27,Wipro Digital,CUST-880,8710,18,1567.8,10277.8
INV4531,2025-04-28,Adani Ports & SEZ,CUST-881,8847,28,2477.16,11324.16
INV4532,2025-04-01,Mahindra Spares,CUST-882,8984,5,449.2,9433.2
INV4533,2025-04-02,Larsen Industrial,CUST-883,9121,12,1094.52,10215.52
INV4534,2025-04-03,Bajaj Electricals,CUST-884,9258,18,1666.44,10924.44
INV4535,2025-04-04,Godrej Agrovet,CUST-885,9395,28,2630.6,12025.6
INV4536,2025-04-05,Hindustan Traders,CUST-886,9532,5,476.6,10008.6
INV4537,2025-04-06,Zomato Logistics,CUST-887,9669,12,1160.28,10829.28
INV4538,2025-04-07,Swiggy Kitchens,CUST-888,9806,18,1765.08,11571.08
INV4539,2025-04-08,Delhivery Express,CUST-889,9943,28,2784.04,12727.04
INV4540,2025-04-09,ABC Ltd,CUST-890,10080,5,504,10584
INV4541,2025-04-10,XYZ Corp,CUST-891,10217,12,1226.04,11443.04
INV4542,2025-04-11,Global Mart,CUST-892,10354,18,1863.72,12217.72
INV4543,2025-04-12,Tech Solutions,CUST-893,10491,28,2937.48,13428.48
INV4544,2025-04-13,Office Hub,CUST-894,10628,5,531.4,11159.4
INV4545,2025-04-14,Retail One,CUST-895,10765,12,1291.8,12056.8
INV4546,2025-04-15,Bharat Logistics,CUST-896,10902,18,1962.36,12864.36
INV4547,2025-04-16,Tata Enterprises,CUST-897,11039,28,3090.92,14129.92
INV4548,2025-04-17,Reliance Supply,CUST-898,11176,5,558.8,11734.8
INV4549,2025-04-18,Infosys Services,CUST-899,11313,12,1357.56,12670.56
INV4550,2025-04-19,Wipro Digital,CUST-900,11450,18,2061,13511
INV4551,2025-04-20,Adani Ports & SEZ,CUST-901,11587,28,3244.36,14831.36
INV4552,2025-04-21,Mahindra Spares,CUST-902,11724,5,586.2,12310.2
INV4553,2025-04-22,Larsen Industrial,CUST-903,11861,12,1423.32,13284.32
INV4554,2025-04-23,Bajaj Electricals,CUST-904,11998,18,2159.64,14157.64
INV4555,2025-04-24,Godrej Agrovet,CUST-905,12135,28,3397.8,15532.8
INV4556,2025-04-25,Hindustan Traders,CUST-906,12272,5,613.6,12885.6
INV4557,2025-04-26,Zomato Logistics,CUST-907,12409,12,1489.08,13898.08
INV4558,2025-04-27,Swiggy Kitchens,CUST-908,12546,18,2258.28,14804.28
INV4559,2025-04-28,Delhivery Express,CUST-909,12683,28,3551.24,16234.24
INV4560,2025-04-01,ABC Ltd,CUST-910,12820,5,641,13461
INV4561,2025-04-02,XYZ Corp,CUST-911,12957,12,1554.84,14511.84
INV4562,2025-04-03,Global Mart,CUST-912,13094,18,2356.92,15450.92
INV4563,2025-04-04,Tech Solutions,CUST-913,13231,28,3704.68,16935.68
INV4564,2025-04-05,Office Hub,CUST-914,13368,5,668.4,14036.4
INV4565,2025-04-06,Retail One,CUST-915,13505,12,1620.6,15125.6
INV4566,2025-04-07,Bharat Logistics,CUST-916,13642,18,2455.56,16097.56
INV4567,2025-04-08,Tata Enterprises,CUST-917,13779,28,3858.12,17637.12
INV4568,2025-04-09,Reliance Supply,CUST-918,13916,5,695.8,14611.8
INV4569,2025-04-10,Infosys Services,CUST-919,14053,12,1686.36,15739.36
INV4570,2025-04-11,Wipro Digital,CUST-920,14190,18,2554.2,16744.2
INV4571,2025-04-12,Adani Ports & SEZ,CUST-921,14327,28,4011.56,18338.56
INV4572,2025-04-13,Mahindra Spares,CUST-922,14464,5,723.2,15187.2
INV4573,2025-04-14,Larsen Industrial,CUST-923,14601,12,1752.12,16353.12
INV4574,2025-04-15,Bajaj Electricals,CUST-924,14738,18,2652.84,17390.84
INV4575,2025-04-16,Godrej Agrovet,CUST-925,14875,28,4165,19040
INV4576,2025-04-17,Hindustan Traders,CUST-926,15012,5,750.6,15762.6
INV4577,2025-04-18,Zomato Logistics,CUST-927,15149,12,1817.88,16966.88
INV4578,2025-04-19,Swiggy Kitchens,CUST-928,15286,18,2751.48,18037.48
INV4579,2025-04-20,Delhivery Express,CUST-929,15423,28,4318.44,19741.44
INV4580,2025-04-21,ABC Ltd,CUST-930,15560,5,778,16338
INV4581,2025-04-22,XYZ Corp,CUST-931,15697,12,1883.64,17580.64
INV4582,2025-04-23,Global Mart,CUST-932,15834,18,2850.12,18684.12
INV4583,2025-04-24,Tech Solutions,CUST-933,15971,28,4471.88,20442.88
INV4584,2025-04-25,Office Hub,CUST-934,16108,5,805.4,16913.4
INV4585,2025-04-26,Retail One,CUST-935,16245,12,1949.4,18194.4
INV4586,2025-04-27,Bharat Logistics,CUST-936,16382,18,2948.76,19330.76
INV4587,2025-04-28,Tata Enterprises,CUST-937,16519,28,4625.32,21144.32
INV4588,2025-04-01,Reliance Supply,CUST-938,16656,5,832.8,17488.8
INV4589,2025-04-02,Infosys Services,CUST-939,16793,12,2015.16,18808.16
INV4590,2025-04-03,Wipro Digital,CUST-940,16930,18,3047.4,19977.4
INV4591,2025-04-04,Adani Ports & SEZ,CUST-941,17067,28,4778.76,21845.76
INV4592,2025-04-05,Mahindra Spares,CUST-942,17204,5,860.2,18064.2
INV4593,2025-04-06,Larsen Industrial,CUST-943,17341,12,2080.92,19421.92
INV4594,2025-04-07,Bajaj Electricals,CUST-944,17478,18,3146.04,20624.04
INV4595,2025-04-08,Godrej Agrovet,CUST-945,17615,28,4932.2,22547.2
INV4596,2025-04-09,Hindustan Traders,CUST-946,17752,5,887.6,18639.6
INV4597,2025-04-10,Zomato Logistics,CUST-947,17889,12,2146.68,20035.68
INV4598,2025-04-11,Swiggy Kitchens,CUST-948,18026,18,3244.68,21270.68
INV4599,2025-04-12,Delhivery Express,CUST-949,18163,28,5085.64,23248.64
INV4600,2025-04-13,ABC Ltd,CUST-100,18300,5,915,19215
INV4601,2025-04-14,XYZ Corp,CUST-101,18437,12,2212.44,20649.44
INV4602,2025-04-15,Global Mart,CUST-102,18574,18,3343.32,21917.32
INV4603,2025-04-16,Tech Solutions,CUST-103,18711,28,5239.08,23950.08
INV4604,2025-04-17,Office Hub,CUST-104,18848,5,942.4,19790.4
INV4605,2025-04-18,Retail One,CUST-105,18985,12,2278.2,21263.2
INV4606,2025-04-19,Bharat Logistics,CUST-106,19122,18,3441.96,22563.96
INV4607,2025-04-20,Tata Enterprises,CUST-107,19259,28,5392.52,24651.52
INV4608,2025-04-21,Reliance Supply,CUST-108,19396,5,969.8,20365.8
INV4609,2025-04-22,Infosys Services,CUST-109,19533,12,2343.96,21876.96
INV4610,2025-04-23,Wipro Digital,CUST-110,19670,18,3540.6,23210.6
INV4611,2025-04-24,Adani Ports & SEZ,CUST-111,19807,28,5545.96,25352.96
INV4612,2025-04-25,Mahindra Spares,CUST-112,19944,5,997.2,20941.2
INV4613,2025-04-26,Larsen Industrial,CUST-113,20081,12,2409.72,22490.72
INV4614,2025-04-27,Bajaj Electricals,CUST-114,20218,18,3639.24,23857.24
INV4615,2025-04-28,Godrej Agrovet,CUST-115,20355,28,5699.4,26054.4
INV4616,2025-04-01,Hindustan Traders,CUST-116,20492,5,1024.6,21516.6
INV4617,2025-04-02,Zomato Logistics,CUST-117,20629,12,2475.48,23104.48
INV4618,2025-04-03,Swiggy Kitchens,CUST-118,20766,18,3737.88,24503.88
INV4619,2025-04-04,Delhivery Express,CUST-119,20903,28,5852.84,26755.84
INV4620,2025-04-05,ABC Ltd,CUST-120,21040,5,1052,22092
INV4621,2025-04-06,XYZ Corp,CUST-121,21177,12,2541.24,23718.24
INV4622,2025-04-07,Global Mart,CUST-122,21314,18,3836.52,25150.52
INV4623,2025-04-08,Tech Solutions,CUST-123,21451,28,6006.28,27457.28
INV4624,2025-04-09,Office Hub,CUST-124,21588,5,1079.4,22667.4
INV4625,2025-04-10,Retail One,CUST-125,21725,12,2607,24332
INV4626,2025-04-11,Bharat Logistics,CUST-126,21862,18,3935.16,25797.16
INV4627,2025-04-12,Tata Enterprises,CUST-127,21999,28,6159.72,28158.72
INV4628,2025-04-13,Reliance Supply,CUST-128,22136,5,1106.8,23242.8
INV4629,2025-04-14,Infosys Services,CUST-129,22273,12,2672.76,24945.76
INV4630,2025-04-15,Wipro Digital,CUST-130,22410,18,4033.8,26443.8
INV4631,2025-04-16,Adani Ports & SEZ,CUST-131,22547,28,6313.16,28860.16
INV4632,2025-04-17,Mahindra Spares,CUST-132,22684,5,1134.2,23818.2
INV4633,2025-04-18,Larsen Industrial,CUST-133,22821,12,2738.52,25559.52
INV4634,2025-04-19,Bajaj Electricals,CUST-134,22958,18,4132.44,27090.44
INV4635,2025-04-20,Godrej Agrovet,CUST-135,23095,28,6466.6,29561.6
INV4636,2025-04-21,Hindustan Traders,CUST-136,23232,5,1161.6,24393.6
INV4637,2025-04-22,Zomato Logistics,CUST-137,23369,12,2804.28,26173.28
INV4638,2025-04-23,Swiggy Kitchens,CUST-138,23506,18,4231.08,27737.08
INV4639,2025-04-24,Delhivery Express,CUST-139,23643,28,6620.04,30263.04
INV4640,2025-04-25,ABC Ltd,CUST-140,23780,5,1189,24969
INV4641,2025-04-26,XYZ Corp,CUST-141,23917,12,2870.04,26787.04
INV4642,2025-04-27,Global Mart,CUST-142,24054,18,4329.72,28383.72
INV4643,2025-04-28,Tech Solutions,CUST-143,24191,28,6773.48,30964.48
INV4644,2025-04-01,Office Hub,CUST-144,24328,5,1216.4,25544.4
INV4645,2025-04-02,Retail One,CUST-145,24465,12,2935.8,27400.8
INV4646,2025-04-03,Bharat Logistics,CUST-146,24602,18,4428.36,29030.36
INV4647,2025-04-04,Tata Enterprises,CUST-147,24739,28,6926.92,31665.92
INV4648,2025-04-05,Reliance Supply,CUST-148,24876,5,1243.8,26119.8
INV4649,2025-04-06,Infosys Services,CUST-149,25013,12,3001.56,28014.56
INV4650,2025-04-07,Wipro Digital,CUST-150,25150,18,4527,29677
INV4651,2025-04-08,Adani Ports & SEZ,CUST-151,25287,28,7080.36,32367.36
INV4652,2025-04-09,Mahindra Spares,CUST-152,25424,5,1271.2,26695.2
INV4653,2025-04-10,Larsen Industrial,CUST-153,25561,12,3067.32,28628.32
INV4654,2025-04-11,Bajaj Electricals,CUST-154,25698,18,4625.64,30323.64
INV4655,2025-04-12,Godrej Agrovet,CUST-155,25835,28,7233.8,33068.8
INV4656,2025-04-13,Hindustan Traders,CUST-156,25972,5,1298.6,27270.6
INV4657,2025-04-14,Zomato Logistics,CUST-157,26109,12,3133.08,29242.08
INV4658,2025-04-15,Swiggy Kitchens,CUST-158,26246,18,4724.28,30970.28
INV4659,2025-04-16,Delhivery Express,CUST-159,26383,28,7387.24,33770.24
INV4660,2025-04-17,ABC Ltd,CUST-160,26520,5,1326,27846
INV4661,2025-04-18,XYZ Corp,CUST-161,26657,12,3198.84,29855.84
INV4662,2025-04-19,Global Mart,CUST-162,26794,18,4822.92,31616.92
INV4663,2025-04-20,Tech Solutions,CUST-163,26931,28,7540.68,34471.68
INV4664,2025-04-21,Office Hub,CUST-164,27068,5,1353.4,28421.4
INV4665,2025-04-22,Retail One,CUST-165,27205,12,3264.6,30469.6
INV4666,2025-04-23,Bharat Logistics,CUST-166,27342,18,4921.56,32263.56
INV4667,2025-04-24,Tata Enterprises,CUST-167,27479,28,7694.12,35173.12
INV4668,2025-04-25,Reliance Supply,CUST-168,27616,5,1380.8,28996.8
INV4669,2025-04-26,Infosys Services,CUST-169,27753,12,3330.36,31083.36
INV4670,2025-04-27,Wipro Digital,CUST-170,27890,18,5020.2,32910.2
INV4671,2025-04-28,Adani Ports & SEZ,CUST-171,28027,28,7847.56,35874.56
INV4672,2025-04-01,Mahindra Spares,CUST-172,28164,5,1408.2,29572.2
INV4673,2025-04-02,Larsen Industrial,CUST-173,28301,12,3396.12,31697.12
INV4674,2025-04-03,Bajaj Electricals,CUST-174,28438,18,5118.84,33556.84
INV4675,2025-04-04,Godrej Agrovet,CUST-175,28575,28,8001,36576
INV4676,2025-04-05,Hindustan Traders,CUST-176,28712,5,1435.6,30147.6
INV4677,2025-04-06,Zomato Logistics,CUST-177,28849,12,3461.88,32310.88
INV4678,2025-04-07,Swiggy Kitchens,CUST-178,28986,18,5217.48,34203.48
INV4679,2025-04-08,Delhivery Express,CUST-179,29123,28,8154.44,37277.44
INV4680,2025-04-09,ABC Ltd,CUST-180,29260,5,1463,30723
INV4681,2025-04-10,XYZ Corp,CUST-181,29397,12,3527.64,32924.64
INV4682,2025-04-11,Global Mart,CUST-182,29534,18,5316.12,34850.12
INV4683,2025-04-12,Tech Solutions,CUST-183,29671,28,8307.88,37978.88
INV4684,2025-04-13,Office Hub,CUST-184,29808,5,1490.4,31298.4
INV4685,2025-04-14,Retail One,CUST-185,29945,12,3593.4,33538.4
INV4686,2025-04-15,Bharat Logistics,CUST-186,30082,18,5414.76,35496.76
INV4687,2025-04-16,Tata Enterprises,CUST-187,30219,28,8461.32,38680.32
INV4688,2025-04-17,Reliance Supply,CUST-188,30356,5,1517.8,31873.8
INV4689,2025-04-18,Infosys Services,CUST-189,30493,12,3659.16,34152.16
INV4690,2025-04-19,Wipro Digital,CUST-190,30630,18,5513.4,36143.4
INV4691,2025-04-20,Adani Ports & SEZ,CUST-191,30767,28,8614.76,39381.76
INV4692,2025-04-21,Mahindra Spares,CUST-192,30904,5,1545.2,32449.2
INV4693,2025-04-22,Larsen Industrial,CUST-193,31041,12,3724.92,34765.92
INV4694,2025-04-23,Bajaj Electricals,CUST-194,31178,18,5612.04,36790.04
INV4695,2025-04-24,Godrej Agrovet,CUST-195,31315,28,8768.2,40083.2
INV4696,2025-04-25,Hindustan Traders,CUST-196,31452,5,1572.6,33024.6
INV4697,2025-04-26,Zomato Logistics,CUST-197,31589,12,3790.68,35379.68
INV4698,2025-04-27,Swiggy Kitchens,CUST-198,31726,18,5710.68,37436.68
INV4699,2025-04-28,Delhivery Express,CUST-199,31863,28,8921.64,40784.64
INV4700,2025-04-01,ABC Ltd,CUST-200,950000,5,47500,997500
INV4701,2025-04-02,XYZ Corp,CUST-201,32137,12,3856.44,35993.44
INV4702,2025-04-03,Global Mart,CUST-202,32274,18,5809.32,38083.32
INV4703,2025-04-04,Tech Solutions,CUST-203,32411,28,9075.08,41486.08
INV4704,2025-04-05,Office Hub,CUST-204,32548,5,1627.4,34175.4
INV4705,2025-04-06,Retail One,CUST-205,32685,12,3922.2,36607.2
INV4706,2025-04-07,Bharat Logistics,CUST-206,32822,18,5907.96,38729.96
INV4707,2025-04-08,Tata Enterprises,CUST-207,32959,28,9228.52,42187.52
INV4708,2025-04-09,Reliance Supply,CUST-208,33096,5,1654.8,34750.8
INV4709,2025-04-10,Infosys Services,CUST-209,33233,12,3987.96,37220.96
INV4710,2025-04-11,Wipro Digital,CUST-210,33370,18,6006.6,39376.6
INV4711,2025-04-12,Adani Ports & SEZ,CUST-211,33507,28,9381.96,42888.96
INV4712,2025-04-13,Mahindra Spares,CUST-212,33644,5,1682.2,35326.2
INV4713,2025-04-14,Larsen Industrial,CUST-213,33781,12,4053.72,37834.72
INV4714,2025-04-15,Bajaj Electricals,CUST-214,33918,18,6105.24,40023.24
INV4715,2025-04-16,Godrej Agrovet,CUST-215,34055,28,9535.4,43590.4
INV4716,2025-04-17,Hindustan Traders,CUST-216,34192,5,1709.6,35901.6
INV4717,2025-04-18,Zomato Logistics,CUST-217,34329,12,4119.48,38448.48
INV4718,2025-04-19,Swiggy Kitchens,CUST-218,34466,18,6203.88,40669.88
INV4719,2025-04-20,Delhivery Express,CUST-219,34603,28,9688.84,44291.84
INV4720,2025-04-21,ABC Ltd,CUST-220,34740,5,1737,36477
INV4721,2025-04-22,XYZ Corp,CUST-221,34877,12,4185.24,39062.24
INV4722,2025-04-23,Global Mart,CUST-222,35014,18,6302.52,41316.52
INV4723,2025-04-24,Tech Solutions,CUST-223,35151,28,9842.28,44993.28
INV4724,2025-04-25,Office Hub,CUST-224,35288,5,1764.4,37052.4
INV4725,2025-04-26,Retail One,CUST-225,35425,12,4251,39676
INV4726,2025-04-27,Bharat Logistics,CUST-226,35562,18,6401.16,41963.16
INV4727,2025-04-28,Tata Enterprises,CUST-227,35699,28,9995.72,45694.72
INV4728,2025-04-01,Reliance Supply,CUST-228,35836,5,1791.8,37627.8
INV4729,2025-04-02,Infosys Services,CUST-229,35973,12,4316.76,40289.76
INV4730,2025-04-03,Wipro Digital,CUST-230,36110,18,6499.8,42609.8
INV4731,2025-04-04,Adani Ports & SEZ,CUST-231,36247,28,10149.16,46396.16
INV4732,2025-04-05,Mahindra Spares,CUST-232,36384,5,1819.2,38203.2
INV4733,2025-04-06,Larsen Industrial,CUST-233,36521,12,4382.52,40903.52
INV4734,2025-04-07,Bajaj Electricals,CUST-234,36658,18,6598.44,43256.44
INV4735,2025-04-08,Godrej Agrovet,CUST-235,36795,28,10302.6,47097.6
INV4736,2025-04-09,Hindustan Traders,CUST-236,36932,5,1846.6,38778.6
INV4737,2025-04-10,Zomato Logistics,CUST-237,37069,12,4448.28,41517.28
INV4738,2025-04-11,Swiggy Kitchens,CUST-238,37206,18,6697.08,43903.08
INV4739,2025-04-12,Delhivery Express,CUST-239,37343,28,10456.04,47799.04
INV4740,2025-04-13,ABC Ltd,CUST-240,37480,5,1874,39354
INV4741,2025-04-14,XYZ Corp,CUST-241,37617,12,4514.04,42131.04
INV4742,2025-04-15,Global Mart,CUST-242,37754,18,6795.72,44549.72
INV4743,2025-04-16,Tech Solutions,CUST-243,37891,28,10609.48,48500.48
INV4744,2025-04-17,Office Hub,CUST-244,38028,5,1901.4,39929.4
INV4745,2025-04-18,Retail One,CUST-245,38165,12,4579.8,42744.8
INV4746,2025-04-19,Bharat Logistics,CUST-246,38302,18,6894.36,45196.36
INV4747,2025-04-20,Tata Enterprises,CUST-247,38439,28,10762.92,49201.92
INV4748,2025-04-21,Reliance Supply,CUST-248,38576,5,1928.8,40504.8
INV4749,2025-04-22,Infosys Services,CUST-249,38713,12,4645.56,43358.56
INV4750,2025-04-23,Wipro Digital,CUST-250,38850,18,6993,45843
INV4751,2025-04-24,Adani Ports & SEZ,CUST-251,38987,28,10916.36,49903.36
INV4752,2025-04-25,Mahindra Spares,CUST-252,39124,5,1956.2,41080.2
INV4753,2025-04-26,Larsen Industrial,CUST-253,39261,12,4711.32,43972.32
INV4754,2025-04-27,Bajaj Electricals,CUST-254,39398,18,7091.64,46489.64
INV4755,2025-04-28,Godrej Agrovet,CUST-255,39535,28,11069.8,50604.8
INV4756,2025-04-01,Hindustan Traders,CUST-256,39672,5,1983.6,41655.6
INV4757,2025-04-02,Zomato Logistics,CUST-257,39809,12,4777.08,44586.08
INV4758,2025-04-03,Swiggy Kitchens,CUST-258,39946,18,7190.28,47136.28
INV4759,2025-04-04,Delhivery Express,CUST-259,40083,28,11223.24,51306.24
INV4760,2025-04-05,ABC Ltd,CUST-260,40220,5,2011,42231
INV4761,2025-04-06,XYZ Corp,CUST-261,40357,12,4842.84,45199.84
INV4762,2025-04-07,Global Mart,CUST-262,40494,18,7288.92,47782.92
INV4763,2025-04-08,Tech Solutions,CUST-263,40631,28,11376.68,52007.68
INV4764,2025-04-09,Office Hub,CUST-264,40768,5,2038.4,42806.4
INV4765,2025-04-10,Retail One,CUST-265,40905,12,4908.6,45813.6
INV4766,2025-04-11,Bharat Logistics,CUST-266,41042,18,7387.56,48429.56
INV4767,2025-04-12,Tata Enterprises,CUST-267,41179,28,11530.12,52709.12
INV4768,2025-04-13,Reliance Supply,CUST-268,41316,5,2065.8,43381.8
INV4769,2025-04-14,Infosys Services,CUST-269,41453,12,4974.36,46427.36
INV4770,2025-04-15,Wipro Digital,CUST-270,41590,18,7486.2,49076.2
INV4771,2025-04-16,Adani Ports & SEZ,CUST-271,41727,28,11683.56,53410.56
INV4772,2025-04-17,Mahindra Spares,CUST-272,41864,5,2093.2,43957.2
INV4773,2025-04-18,Larsen Industrial,CUST-273,42001,12,5040.12,47041.12
INV4774,2025-04-19,Bajaj Electricals,CUST-274,42138,18,7584.84,49722.84
INV4775,2025-04-20,Godrej Agrovet,CUST-275,42275,28,11837,54112
INV4776,2025-04-21,Hindustan Traders,CUST-276,42412,5,2120.6,44532.6
INV4777,2025-04-22,Zomato Logistics,CUST-277,42549,12,5105.88,47654.88
INV4778,2025-04-23,Swiggy Kitchens,CUST-278,42686,18,7683.48,50369.48
INV4779,2025-04-24,Delhivery Express,CUST-279,42823,28,11990.44,54813.44
INV4780,2025-04-25,ABC Ltd,CUST-280,42960,5,2148,45108
INV4781,2025-04-26,XYZ Corp,CUST-281,43097,12,5171.64,48268.64
INV4782,2025-04-27,Global Mart,CUST-282,43234,18,7782.12,51016.12
INV4783,2025-04-28,Tech Solutions,CUST-283,43371,28,12143.88,55514.88
INV4784,2025-04-01,Office Hub,CUST-284,43508,5,2175.4,45683.4
INV4785,2025-04-02,Retail One,CUST-285,43645,12,5237.4,48882.4
INV4786,2025-04-03,Bharat Logistics,CUST-286,43782,18,7880.76,51662.76
INV4787,2025-04-04,Tata Enterprises,CUST-287,43919,28,12297.32,56216.32
INV4788,2025-04-05,Reliance Supply,CUST-288,44056,5,2202.8,46258.8
INV4789,2025-04-06,Infosys Services,CUST-289,44193,12,5303.16,49496.16
INV4790,2025-04-07,Wipro Digital,CUST-290,44330,18,7979.4,52309.4
INV4791,2025-04-08,Adani Ports & SEZ,CUST-291,44467,28,12450.76,56917.76
INV4792,2025-04-09,Mahindra Spares,CUST-292,44604,5,2230.2,46834.2
INV4793,2025-04-10,Larsen Industrial,CUST-293,44741,12,5368.92,50109.92
INV4794,2025-04-11,Bajaj Electricals,CUST-294,44878,18,8078.04,52956.04
INV4795,2025-04-12,Godrej Agrovet,CUST-295,45015,28,12604.2,57619.2
INV4796,2025-04-13,Hindustan Traders,CUST-296,45152,5,2257.6,47409.6
INV4797,2025-04-14,Zomato Logistics,CUST-297,45289,12,5434.68,50723.68
INV4798,2025-04-15,Swiggy Kitchens,CUST-298,45426,18,8176.68,53602.68
INV4799,2025-04-16,Delhivery Express,CUST-299,45563,28,12757.64,58320.64
INV4800,2025-04-17,ABC Ltd,CUST-300,45700,5,2285,47985
INV4801,2025-04-18,XYZ Corp,CUST-301,45837,12,5500.44,51337.44
INV4802,2025-04-19,Global Mart,CUST-302,45974,18,8275.32,54249.32
INV4803,2025-04-20,Tech Solutions,CUST-303,46111,28,12911.08,59022.08
INV4804,2025-04-21,Office Hub,CUST-304,46248,5,2312.4,48560.4
INV4805,2025-04-22,Retail One,CUST-305,46385,12,5566.2,51951.2
INV4806,2025-04-23,Bharat Logistics,CUST-306,46522,18,8373.96,54895.96
INV4807,2025-04-24,Tata Enterprises,CUST-307,46659,28,13064.52,59723.52
INV4808,2025-04-25,Reliance Supply,CUST-308,46796,5,2339.8,49135.8
INV4809,2025-04-26,Infosys Services,CUST-309,46933,12,5631.96,52564.96
INV4810,2025-04-27,Wipro Digital,CUST-310,47070,18,8472.6,55542.6
INV4811,2025-04-28,Adani Ports & SEZ,CUST-311,47207,28,13217.96,60424.96
INV4812,2025-04-01,Mahindra Spares,CUST-312,47344,5,2367.2,49711.2
INV4813,2025-04-02,Larsen Industrial,CUST-313,47481,12,5697.72,53178.72
INV4814,2025-04-03,Bajaj Electricals,CUST-314,47618,18,8571.24,56189.24
INV4815,2025-04-04,Godrej Agrovet,CUST-315,47755,28,13371.4,61126.4
INV4816,2025-04-05,Hindustan Traders,CUST-316,47892,5,2394.6,50286.6
INV4817,2025-04-06,Zomato Logistics,CUST-317,48029,12,5763.48,53792.48
INV4818,2025-04-07,Swiggy Kitchens,CUST-318,48166,18,8669.88,56835.88
INV4819,2025-04-08,Delhivery Express,CUST-319,48303,28,13524.84,61827.84
INV4820,2025-04-09,ABC Ltd,CUST-320,48440,5,2422,50862
INV4821,2025-04-10,XYZ Corp,CUST-321,48577,12,5829.24,54406.24
INV4822,2025-04-11,Global Mart,CUST-322,48714,18,8768.52,57482.52
INV4823,2025-04-12,Tech Solutions,CUST-323,48851,28,13678.28,62529.28
INV4824,2025-04-13,Office Hub,CUST-324,48988,5,2449.4,51437.4
INV4825,2025-04-14,Retail One,CUST-325,49125,12,5895,55020
INV4826,2025-04-15,Bharat Logistics,CUST-326,49262,18,8867.16,58129.16
INV4827,2025-04-16,Tata Enterprises,CUST-327,49399,28,13831.72,63230.72
INV4828,2025-04-17,Reliance Supply,CUST-328,49536,5,2476.8,52012.8
INV4829,2025-04-18,Infosys Services,CUST-329,49673,12,5960.76,55633.76
INV4830,2025-04-19,Wipro Digital,CUST-330,49810,18,8965.8,58775.8
INV4831,2025-04-20,Adani Ports & SEZ,CUST-331,49947,28,13985.16,63932.16
INV4832,2025-04-21,Mahindra Spares,CUST-332,50084,5,2504.2,52588.2
INV4833,2025-04-22,Larsen Industrial,CUST-333,50221,12,6026.52,56247.52
INV4834,2025-04-23,Bajaj Electricals,CUST-334,50358,18,9064.44,59422.44
INV4835,2025-04-24,Godrej Agrovet,CUST-335,50495,28,14138.6,64633.6
INV4836,2025-04-25,Hindustan Traders,CUST-336,50632,5,2531.6,53163.6
INV4837,2025-04-26,Zomato Logistics,CUST-337,50769,12,6092.28,56861.28
INV4838,2025-04-27,Swiggy Kitchens,CUST-338,50906,18,9163.08,60069.08
INV4839,2025-04-28,Delhivery Express,CUST-339,51043,28,14292.04,65335.04
INV4840,2025-04-01,ABC Ltd,CUST-340,51180,5,2559,53739
INV4841,2025-04-02,XYZ Corp,CUST-341,51317,12,6158.04,57475.04
INV4842,2025-04-03,Global Mart,CUST-342,51454,18,9261.72,60715.72
INV4843,2025-04-04,Tech Solutions,CUST-343,51591,28,14445.48,66036.48
INV4844,2025-04-05,Office Hub,CUST-344,51728,5,2586.4,54314.4
INV4845,2025-04-06,Retail One,CUST-345,51865,12,6223.8,58088.8
INV4846,2025-04-07,Bharat Logistics,CUST-346,52002,18,9360.36,61362.36
INV4847,2025-04-08,Tata Enterprises,CUST-347,52139,28,14598.92,66737.92
INV4848,2025-04-09,Reliance Supply,CUST-348,52276,5,2613.8,54889.8
INV4849,2025-04-10,Infosys Services,CUST-349,52413,12,6289.56,58702.56
INV4850,2025-04-11,Wipro Digital,CUST-350,52550,18,9459,62009
INV4851,2025-04-12,Adani Ports & SEZ,CUST-351,52687,28,14752.36,67439.36
INV4852,2025-04-13,Mahindra Spares,CUST-352,52824,5,2641.2,55465.2
INV4853,2025-04-14,Larsen Industrial,CUST-353,52961,12,6355.32,59316.32
INV4854,2025-04-15,Bajaj Electricals,CUST-354,53098,18,9557.64,62655.64
INV4855,2025-04-16,Godrej Agrovet,CUST-355,53235,28,14905.8,68140.8
INV4856,2025-04-17,Hindustan Traders,CUST-356,53372,5,2668.6,56040.6
INV4857,2025-04-18,Zomato Logistics,CUST-357,53509,12,6421.08,59930.08
INV4858,2025-04-19,Swiggy Kitchens,CUST-358,53646,18,9656.28,63302.28
INV4859,2025-04-20,Delhivery Express,CUST-359,53783,28,15059.24,68842.24
INV4860,2025-04-21,ABC Ltd,CUST-360,53920,5,2696,56616
INV4861,2025-04-22,XYZ Corp,CUST-361,54057,12,6486.84,60543.84
INV4862,2025-04-23,Global Mart,CUST-362,54194,18,9754.92,63948.92
INV4863,2025-04-24,Tech Solutions,CUST-363,54331,28,15212.68,69543.68
INV4864,2025-04-25,Office Hub,CUST-364,54468,5,2723.4,57191.4
INV4865,2025-04-26,Retail One,CUST-365,54605,12,6552.6,61157.6
INV4866,2025-04-27,Bharat Logistics,CUST-366,54742,18,9853.56,64595.56
INV4867,2025-04-28,Tata Enterprises,CUST-367,54879,28,15366.12,70245.12
INV4868,2025-04-01,Reliance Supply,CUST-368,55016,5,2750.8,57766.8
INV4869,2025-04-02,Infosys Services,CUST-369,55153,12,6618.36,61771.36
INV4870,2025-04-03,Wipro Digital,CUST-370,55290,18,9952.2,65242.2
INV4871,2025-04-04,Adani Ports & SEZ,CUST-371,55427,28,15519.56,70946.56
INV4872,2025-04-05,Mahindra Spares,CUST-372,55564,5,2778.2,58342.2
INV4873,2025-04-06,Larsen Industrial,CUST-373,55701,12,6684.12,62385.12
INV4874,2025-04-07,Bajaj Electricals,CUST-374,55838,18,10050.84,65888.84
INV4875,2025-04-08,Godrej Agrovet,CUST-375,55975,28,15673,71648
INV4876,2025-04-09,Hindustan Traders,CUST-376,56112,5,2805.6,58917.6
INV4877,2025-04-10,Zomato Logistics,CUST-377,56249,12,6749.88,62998.88
INV4878,2025-04-11,Swiggy Kitchens,CUST-378,56386,18,10149.48,66535.48
INV4879,2025-04-12,Delhivery Express,CUST-379,56523,28,15826.44,72349.44
INV4880,2025-04-13,ABC Ltd,CUST-380,56660,5,2833,59493
INV4881,2025-04-14,XYZ Corp,CUST-381,56797,12,6815.64,63612.64
INV4882,2025-04-15,Global Mart,CUST-382,56934,18,10248.12,67182.12
INV4883,2025-04-16,Tech Solutions,CUST-383,57071,28,15979.88,73050.88
INV4884,2025-04-17,Office Hub,CUST-384,57208,5,2860.4,60068.4
INV4885,2025-04-18,Retail One,CUST-385,57345,12,6881.4,64226.4
INV4886,2025-04-19,Bharat Logistics,CUST-386,57482,18,10346.76,67828.76
INV4887,2025-04-20,Tata Enterprises,CUST-387,57619,28,16133.32,73752.32
INV4888,2025-04-21,Reliance Supply,CUST-388,57756,5,2887.8,60643.8
INV4889,2025-04-22,Infosys Services,CUST-389,57893,12,6947.16,64840.16
INV4890,2025-04-23,Wipro Digital,CUST-390,58030,18,10445.4,68475.4
INV4891,2025-04-24,Adani Ports & SEZ,CUST-391,58167,28,16286.76,74453.76
INV4892,2025-04-25,Mahindra Spares,CUST-392,58304,5,2915.2,61219.2
INV4893,2025-04-26,Larsen Industrial,CUST-393,58441,12,7012.92,65453.92
INV4894,2025-04-27,Bajaj Electricals,CUST-394,58578,18,10544.04,69122.04
INV4895,2025-04-28,Godrej Agrovet,CUST-395,58715,28,16440.2,75155.2
INV4896,2025-04-01,Hindustan Traders,CUST-396,58852,5,2942.6,61794.6
INV4897,2025-04-02,Zomato Logistics,CUST-397,58989,12,7078.68,66067.68
INV4898,2025-04-03,Swiggy Kitchens,CUST-398,59126,18,10642.68,69768.68
INV4899,2025-04-04,Delhivery Express,CUST-399,59263,28,16593.64,75856.64
INV4900,2025-04-05,ABC Ltd,CUST-400,59400,5,2970,62370
INV4901,2025-04-06,XYZ Corp,CUST-401,59537,12,7144.44,66681.44
INV4902,2025-04-07,Global Mart,CUST-402,59674,18,10741.32,70415.32
INV4903,2025-04-08,Tech Solutions,CUST-403,59811,28,16747.08,76558.08
INV4904,2025-04-09,Office Hub,CUST-404,59948,5,2997.4,62945.4
INV4905,2025-04-10,Retail One,CUST-405,60085,12,7210.2,67295.2
INV4906,2025-04-11,Bharat Logistics,CUST-406,60222,18,10839.96,71061.96
INV4907,2025-04-12,Tata Enterprises,CUST-407,60359,28,16900.52,77259.52
INV4908,2025-04-13,Reliance Supply,CUST-408,60496,5,3024.8,63520.8
INV4909,2025-04-14,Infosys Services,CUST-409,60633,12,7275.96,67908.96
INV4910,2025-04-15,Wipro Digital,CUST-410,60770,18,10938.6,71708.6
INV4911,2025-04-16,Adani Ports & SEZ,CUST-411,60907,28,17053.96,77960.96
INV4912,2025-04-17,Mahindra Spares,CUST-412,61044,5,3052.2,64096.2
INV4913,2025-04-18,Larsen Industrial,CUST-413,61181,12,7341.72,68522.72
INV4914,2025-04-19,Bajaj Electricals,CUST-414,61318,18,11037.24,72355.24
INV4915,2025-04-20,Godrej Agrovet,CUST-415,61455,28,17207.4,78662.4
INV4916,2025-04-21,Hindustan Traders,CUST-416,61592,5,3079.6,64671.6
INV4917,2025-04-22,Zomato Logistics,CUST-417,61729,12,7407.48,69136.48
INV4918,2025-04-23,Swiggy Kitchens,CUST-418,61866,18,11135.88,73001.88
INV4919,2025-04-24,Delhivery Express,CUST-419,62003,28,17360.84,79363.84
INV4920,2025-04-25,ABC Ltd,CUST-420,62140,5,3107,65247
INV4921,2025-04-26,XYZ Corp,CUST-421,62277,12,7473.24,69750.24
INV4922,2025-04-27,Global Mart,CUST-422,62414,18,11234.52,73648.52
INV4923,2025-04-28,Tech Solutions,CUST-423,62551,28,17514.28,80065.28
INV4924,2025-04-01,Office Hub,CUST-424,62688,5,3134.4,65822.4
INV4925,2025-04-02,Retail One,CUST-425,62825,12,7539,70364
INV4926,2025-04-03,Bharat Logistics,CUST-426,62962,18,11333.16,74295.16
INV4927,2025-04-04,Tata Enterprises,CUST-427,63099,28,17667.72,80766.72
INV4928,2025-04-05,Reliance Supply,CUST-428,63236,5,3161.8,66397.8
INV4929,2025-04-06,Infosys Services,CUST-429,63373,12,7604.76,70977.76
INV4930,2025-04-07,Wipro Digital,CUST-430,63510,18,11431.8,74941.8
INV4931,2025-04-08,Adani Ports & SEZ,CUST-431,63647,28,17821.16,81468.16
INV4932,2025-04-09,Mahindra Spares,CUST-432,63784,5,3189.2,66973.2
INV4933,2025-04-10,Larsen Industrial,CUST-433,63921,12,7670.52,71591.52
INV4934,2025-04-11,Bajaj Electricals,CUST-434,64058,18,11530.44,75588.44
INV4935,2025-04-12,Godrej Agrovet,CUST-435,64195,28,17974.6,82169.6
INV4936,2025-04-13,Hindustan Traders,CUST-436,64332,5,3216.6,67548.6
INV4937,2025-04-14,Zomato Logistics,CUST-437,64469,12,7736.28,72205.28
INV4938,2025-04-15,Swiggy Kitchens,CUST-438,64606,18,11629.08,76235.08
INV4939,2025-04-16,Delhivery Express,CUST-439,64743,28,18128.04,82871.04
INV4940,2025-04-17,ABC Ltd,CUST-440,64880,5,3244,68124
INV4941,2025-04-18,XYZ Corp,CUST-441,65017,12,7802.04,72819.04
INV4942,2025-04-19,Global Mart,CUST-442,65154,18,11727.72,76881.72
INV4943,2025-04-20,Tech Solutions,CUST-443,65291,28,18281.48,83572.48
INV4944,2025-04-21,Office Hub,CUST-444,65428,5,3271.4,68699.4
INV4945,2025-04-22,Retail One,CUST-445,65565,12,7867.8,73432.8
INV4946,2025-04-23,Bharat Logistics,CUST-446,65702,18,11826.36,77528.36
INV4947,2025-04-24,Tata Enterprises,CUST-447,65839,28,18434.92,84273.92
INV4948,2025-04-25,Reliance Supply,CUST-448,65976,5,3298.8,69274.8
INV4949,2025-04-26,Infosys Services,CUST-449,66113,12,7933.56,74046.56
INV4950,2025-04-27,Wipro Digital,CUST-450,850000,18,153000,1003000
INV4951,2025-04-28,Adani Ports & SEZ,CUST-451,66387,28,18588.36,84975.36
INV4952,2025-04-01,Mahindra Spares,CUST-452,66524,5,3326.2,69850.2
INV4953,2025-04-02,Larsen Industrial,CUST-453,66661,12,7999.32,74660.32
INV4954,2025-04-03,Bajaj Electricals,CUST-454,66798,18,12023.64,78821.64
INV4955,2025-04-04,Godrej Agrovet,CUST-455,66935,28,18741.8,85676.8
INV4956,2025-04-05,Hindustan Traders,CUST-456,67072,5,3353.6,70425.6
INV4957,2025-04-06,Zomato Logistics,CUST-457,67209,12,8065.08,75274.08
INV4958,2025-04-07,Swiggy Kitchens,CUST-458,67346,18,12122.28,79468.28
INV4959,2025-04-08,Delhivery Express,CUST-459,67483,28,18895.24,86378.24
INV4960,2025-04-09,ABC Ltd,CUST-460,67620,5,3381,71001
INV4961,2025-04-10,XYZ Corp,CUST-461,67757,12,8130.84,75887.84
INV4962,2025-04-11,Global Mart,CUST-462,67894,18,12220.92,80114.92
INV4963,2025-04-12,Tech Solutions,CUST-463,68031,28,19048.68,87079.68
INV4964,2025-04-13,Office Hub,CUST-464,68168,5,3408.4,71576.4
INV4965,2025-04-14,Retail One,CUST-465,68305,12,8196.6,76501.6
INV4966,2025-04-15,Bharat Logistics,CUST-466,68442,18,12319.56,80761.56
INV4967,2025-04-16,Tata Enterprises,CUST-467,68579,28,19202.12,87781.12
INV4968,2025-04-17,Reliance Supply,CUST-468,68716,5,3435.8,72151.8
INV4969,2025-04-18,Infosys Services,CUST-469,68853,12,8262.36,77115.36
INV4970,2025-04-19,Wipro Digital,CUST-470,68990,18,12418.2,81408.2
INV4971,2025-04-20,Adani Ports & SEZ,CUST-471,69127,28,19355.56,88482.56
INV4972,2025-04-21,Mahindra Spares,CUST-472,69264,5,3463.2,72727.2
INV4973,2025-04-22,Larsen Industrial,CUST-473,69401,12,8328.12,77729.12
INV4974,2025-04-23,Bajaj Electricals,CUST-474,69538,18,12516.84,82054.84
INV4975,2025-04-24,Godrej Agrovet,CUST-475,69675,28,19509,89184
INV4976,2025-04-25,Hindustan Traders,CUST-476,69812,5,3490.6,73302.6
INV4977,2025-04-26,Zomato Logistics,CUST-477,69949,12,8393.88,78342.88
INV4978,2025-04-27,Swiggy Kitchens,CUST-478,70086,18,12615.48,82701.48
INV4979,2025-04-28,Delhivery Express,CUST-479,70223,28,19662.44,89885.44
INV4980,2025-04-01,ABC Ltd,CUST-480,70360,5,3518,73878
INV4981,2025-04-02,XYZ Corp,CUST-481,70497,12,8459.64,78956.64
INV4982,2025-04-03,Global Mart,CUST-482,70634,18,12714.12,83348.12
INV4983,2025-04-04,Tech Solutions,CUST-483,70771,28,19815.88,90586.88
INV4984,2025-04-05,Office Hub,CUST-484,70908,5,3545.4,74453.4
INV4985,2025-04-06,Retail One,CUST-485,71045,12,8525.4,79570.4
INV4986,2025-04-07,Bharat Logistics,CUST-486,71182,18,12812.76,83994.76
INV4987,2025-04-08,Tata Enterprises,CUST-487,71319,28,19969.32,91288.32
INV4988,2025-04-09,Reliance Supply,CUST-488,71456,5,3572.8,75028.8
INV4989,2025-04-10,Infosys Services,CUST-489,71593,12,8591.16,80184.16
INV4990,2025-04-11,Wipro Digital,CUST-490,71730,18,12911.4,84641.4
INV4991,2025-04-12,Adani Ports & SEZ,CUST-491,71867,28,20122.76,91989.76
INV4992,2025-04-13,Mahindra Spares,CUST-492,72004,5,3600.2,75604.2
INV4993,2025-04-14,Larsen Industrial,CUST-493,72141,12,8656.92,80797.92
INV4994,2025-04-15,Bajaj Electricals,CUST-494,72278,18,13010.04,85288.04
INV4995,2025-04-16,Godrej Agrovet,CUST-495,72415,28,20276.2,92691.2
INV4996,2025-04-17,Hindustan Traders,CUST-496,72552,5,3627.6,76179.6
INV4997,2025-04-18,Zomato Logistics,CUST-497,72689,12,8722.68,81411.68
INV4998,2025-04-19,Swiggy Kitchens,CUST-498,72826,18,13108.68,85934.68
INV4999,2025-04-20,Delhivery Express,CUST-499,72963,28,20429.64,93392.64
INV5000,2025-04-21,ABC Ltd,CUST-500,73100,5,3655,76755
INV5001,2025-04-22,XYZ Corp,CUST-501,73237,12,8788.44,82025.44
INV5002,2025-04-23,Global Mart,CUST-502,73374,18,13207.32,86581.32
INV5003,2025-04-24,Tech Solutions,CUST-503,73511,28,20583.08,94094.08
INV5004,2025-04-25,Office Hub,CUST-504,73648,5,3682.4,77330.4
INV5005,2025-04-26,Retail One,CUST-505,73785,12,8854.2,82639.2
INV5006,2025-04-27,Bharat Logistics,CUST-506,73922,18,13305.96,87227.96
INV5007,2025-04-28,Tata Enterprises,CUST-507,74059,28,20736.52,94795.52
INV5008,2025-04-01,Reliance Supply,CUST-508,74196,5,3709.8,77905.8
INV5009,2025-04-02,Infosys Services,CUST-509,74333,12,8919.96,83252.96
INV5010,2025-04-03,Wipro Digital,CUST-510,74470,18,13404.6,87874.6
INV5011,2025-04-04,Adani Ports & SEZ,CUST-511,74607,28,20889.96,95496.96
INV5012,2025-04-05,Mahindra Spares,CUST-512,74744,5,3737.2,78481.2
INV5013,2025-04-06,Larsen Industrial,CUST-513,74881,12,8985.72,83866.72
INV5014,2025-04-07,Bajaj Electricals,CUST-514,75018,18,13503.24,88521.24
INV5015,2025-04-08,Godrej Agrovet,CUST-515,75155,28,21043.4,96198.4
INV5016,2025-04-09,Hindustan Traders,CUST-516,75292,5,3764.6,79056.6
INV5017,2025-04-10,Zomato Logistics,CUST-517,75429,12,9051.48,84480.48
INV5018,2025-04-11,Swiggy Kitchens,CUST-518,75566,18,13601.88,89167.88
INV5019,2025-04-12,Delhivery Express,CUST-519,75703,28,21196.84,96899.84
INV5020,2025-04-13,ABC Ltd,CUST-520,75840,5,3792,79632
INV5021,2025-04-14,XYZ Corp,CUST-521,75977,12,9117.24,85094.24
INV5022,2025-04-15,Global Mart,CUST-522,76114,18,13700.52,89814.52
INV5023,2025-04-16,Tech Solutions,CUST-523,76251,28,21350.28,97601.28
INV5024,2025-04-17,Office Hub,CUST-524,76388,5,3819.4,80207.4
INV5025,2025-04-18,Retail One,CUST-525,76525,12,9183,85708
INV5026,2025-04-19,Bharat Logistics,CUST-526,76662,18,13799.16,90461.16
INV5027,2025-04-20,Tata Enterprises,CUST-527,76799,28,21503.72,98302.72
INV5028,2025-04-21,Reliance Supply,CUST-528,76936,5,3846.8,80782.8
INV5029,2025-04-22,Infosys Services,CUST-529,77073,12,9248.76,86321.76
INV5030,2025-04-23,Wipro Digital,CUST-530,77210,18,13897.8,91107.8
INV5031,2025-04-24,Adani Ports & SEZ,CUST-531,77347,28,21657.16,99004.16
INV5032,2025-04-25,Mahindra Spares,CUST-532,77484,5,3874.2,81358.2
INV5033,2025-04-26,Larsen Industrial,CUST-533,2621,12,314.52,2935.52
INV5034,2025-04-27,Bajaj Electricals,CUST-534,2758,18,496.44,3254.44
INV5035,2025-04-28,Godrej Agrovet,CUST-535,2895,28,810.6,3705.6
INV5036,2025-04-01,Hindustan Traders,CUST-536,3032,5,151.6,3183.6
INV5037,2025-04-02,Zomato Logistics,CUST-537,3169,12,380.28,3549.28
INV5038,2025-04-03,Swiggy Kitchens,CUST-538,3306,18,595.08,3901.08
INV5039,2025-04-04,Delhivery Express,CUST-539,3443,28,964.04,4407.04
INV5040,2025-04-05,ABC Ltd,CUST-540,3580,5,179,3759
INV5041,2025-04-06,XYZ Corp,CUST-541,3717,12,446.04,4163.04
INV5042,2025-04-07,Global Mart,CUST-542,3854,18,693.72,4547.72
INV5043,2025-04-08,Tech Solutions,CUST-543,3991,28,1117.48,5108.48
INV5044,2025-04-09,Office Hub,CUST-544,4128,5,206.4,4334.4
INV5045,2025-04-10,Retail One,CUST-545,4265,12,511.8,4776.8
INV5046,2025-04-11,Bharat Logistics,CUST-546,4402,18,792.36,5194.36
INV5047,2025-04-12,Tata Enterprises,CUST-547,4539,28,1270.92,5809.92
INV5048,2025-04-13,Reliance Supply,CUST-548,4676,5,233.8,4909.8
INV5049,2025-04-14,Infosys Services,CUST-549,4813,12,577.56,5390.56
INV5050,2025-04-15,Wipro Digital,CUST-550,4950,18,891,5841
INV5051,2025-04-16,Adani Ports & SEZ,CUST-551,5087,28,1424.36,6511.36
INV5052,2025-04-17,Mahindra Spares,CUST-552,5224,5,261.2,5485.2
INV5053,2025-04-18,Larsen Industrial,CUST-553,5361,12,643.32,6004.32
INV5054,2025-04-19,Bajaj Electricals,CUST-554,5498,18,989.64,6487.64
INV5055,2025-04-20,Godrej Agrovet,CUST-555,5635,28,1577.8,7212.8
INV5056,2025-04-21,Hindustan Traders,CUST-556,5772,5,288.6,6060.6
INV5057,2025-04-22,Zomato Logistics,CUST-557,5909,12,709.08,6618.08
INV5058,2025-04-23,Swiggy Kitchens,CUST-558,6046,18,1088.28,7134.28
INV5059,2025-04-24,Delhivery Express,CUST-559,6183,28,1731.24,7914.24
INV5060,2025-04-25,ABC Ltd,CUST-560,6320,5,316,6636
INV5061,2025-04-26,XYZ Corp,CUST-561,6457,12,774.84,7231.84
INV5062,2025-04-27,Global Mart,CUST-562,6594,18,1186.92,7780.92
INV5063,2025-04-28,Tech Solutions,CUST-563,6731,28,1884.68,8615.68
INV5064,2025-04-01,Office Hub,CUST-564,6868,5,343.4,7211.4
INV5065,2025-04-02,Retail One,CUST-565,7005,12,840.6,7845.6
INV5066,2025-04-03,Bharat Logistics,CUST-566,7142,18,1285.56,8427.56
INV5067,2025-04-04,Tata Enterprises,CUST-567,7279,28,2038.12,9317.12
INV5068,2025-04-05,Reliance Supply,CUST-568,7416,5,370.8,7786.8
INV5069,2025-04-06,Infosys Services,CUST-569,7553,12,906.36,8459.36
INV5070,2025-04-07,Wipro Digital,CUST-570,7690,18,1384.2,9074.2
INV5071,2025-04-08,Adani Ports & SEZ,CUST-571,7827,28,2191.56,10018.56
INV5072,2025-04-09,Mahindra Spares,CUST-572,7964,5,398.2,8362.2
INV5073,2025-04-10,Larsen Industrial,CUST-573,8101,12,972.12,9073.12
INV5074,2025-04-11,Bajaj Electricals,CUST-574,8238,18,1482.84,9720.84
INV5075,2025-04-12,Godrej Agrovet,CUST-575,8375,28,2345,10720
INV5076,2025-04-13,Hindustan Traders,CUST-576,8512,5,425.6,8937.6
INV5077,2025-04-14,Zomato Logistics,CUST-577,8649,12,1037.88,9686.88
INV5078,2025-04-15,Swiggy Kitchens,CUST-578,8786,18,1581.48,10367.48
INV5079,2025-04-16,Delhivery Express,CUST-579,8923,28,2498.44,11421.44
INV5080,2025-04-17,ABC Ltd,CUST-580,9060,5,453,9513
INV5081,2025-04-18,XYZ Corp,CUST-581,9197,12,1103.64,10300.64
INV5082,2025-04-19,Global Mart,CUST-582,9334,18,1680.12,11014.12
INV5083,2025-04-20,Tech Solutions,CUST-583,9471,28,2651.88,12122.88
INV5084,2025-04-21,Office Hub,CUST-584,9608,5,480.4,10088.4
INV5085,2025-04-22,Retail One,CUST-585,9745,12,1169.4,10914.4
INV5086,2025-04-23,Bharat Logistics,CUST-586,9882,18,1778.76,11660.76
INV5087,2025-04-24,Tata Enterprises,CUST-587,10019,28,2805.32,12824.32
INV5088,2025-04-25,Reliance Supply,CUST-588,10156,5,507.8,10663.8
INV5089,2025-04-26,Infosys Services,CUST-589,10293,12,1235.16,11528.16
INV5090,2025-04-27,Wipro Digital,CUST-590,10430,18,1877.4,12307.4
INV5091,2025-04-28,Adani Ports & SEZ,CUST-591,10567,28,2958.76,13525.76
INV5092,2025-04-01,Mahindra Spares,CUST-592,10704,5,535.2,11239.2
INV5093,2025-04-02,Larsen Industrial,CUST-593,10841,12,1300.92,12141.92
INV5094,2025-04-03,Bajaj Electricals,CUST-594,10978,18,1976.04,12954.04
INV5095,2025-04-04,Godrej Agrovet,CUST-595,11115,28,3112.2,14227.2
INV5096,2025-04-05,Hindustan Traders,CUST-596,11252,5,562.6,11814.6
INV5097,2025-04-06,Zomato Logistics,CUST-597,11389,12,1366.68,12755.68
INV5098,2025-04-07,Swiggy Kitchens,CUST-598,11526,18,2074.68,13600.68
INV5099,2025-04-08,Delhivery Express,CUST-599,11663,28,3265.64,14928.64
INV5100,2025-04-09,ABC Ltd,CUST-600,11800,5,590,12390
INV5101,2025-04-10,XYZ Corp,CUST-601,11937,12,1432.44,13369.44
INV5102,2025-04-11,Global Mart,CUST-602,12074,18,2173.32,14247.32
INV5103,2025-04-12,Tech Solutions,CUST-603,12211,28,3419.08,15630.08
INV5104,2025-04-13,Office Hub,CUST-604,12348,5,617.4,12965.4
INV5105,2025-04-14,Retail One,CUST-605,12485,12,1498.2,13983.2
INV5106,2025-04-15,Bharat Logistics,CUST-606,12622,18,2271.96,14893.96
INV5107,2025-04-16,Tata Enterprises,CUST-607,12759,28,3572.52,16331.52
INV5108,2025-04-17,Reliance Supply,CUST-608,12896,5,644.8,13540.8
INV5109,2025-04-18,Infosys Services,CUST-609,13033,12,1563.96,14596.96
INV5110,2025-04-19,Wipro Digital,CUST-610,13170,18,2370.6,15540.6
INV5111,2025-04-20,Adani Ports & SEZ,CUST-611,13307,28,3725.96,17032.96
INV5112,2025-04-21,Mahindra Spares,CUST-612,13444,5,672.2,14116.2
INV5113,2025-04-22,Larsen Industrial,CUST-613,13581,12,1629.72,15210.72
INV5114,2025-04-23,Bajaj Electricals,CUST-614,13718,18,2469.24,16187.24
INV5115,2025-04-24,Godrej Agrovet,CUST-615,13855,28,3879.4,17734.4
INV5116,2025-04-25,Hindustan Traders,CUST-616,13992,5,699.6,14691.6
INV5117,2025-04-26,Zomato Logistics,CUST-617,14129,12,1695.48,15824.48
INV5118,2025-04-27,Swiggy Kitchens,CUST-618,14266,18,2567.88,16833.88
INV5119,2025-04-28,Delhivery Express,CUST-619,14403,28,4032.84,18435.84
INV5120,2025-04-01,ABC Ltd,CUST-620,14540,5,727,15267
INV5121,2025-04-02,XYZ Corp,CUST-621,14677,12,1761.24,16438.24
INV5122,2025-04-03,Global Mart,CUST-622,14814,18,2666.52,17480.52
INV5123,2025-04-04,Tech Solutions,CUST-623,14951,28,4186.28,19137.28
INV5124,2025-04-05,Office Hub,CUST-624,15088,5,754.4,15842.4
INV5125,2025-04-06,Retail One,CUST-625,15225,12,1827,17052
INV5126,2025-04-07,Bharat Logistics,CUST-626,15362,18,2765.16,18127.16
INV5127,2025-04-08,Tata Enterprises,CUST-627,15499,28,4339.72,19838.72
INV5128,2025-04-09,Reliance Supply,CUST-628,15636,5,781.8,16417.8
INV5129,2025-04-10,Infosys Services,CUST-629,15773,12,1892.76,17665.76
INV5130,2025-04-11,Wipro Digital,CUST-630,15910,18,2863.8,18773.8
INV5131,2025-04-12,Adani Ports & SEZ,CUST-631,16047,28,4493.16,20540.16
INV5132,2025-04-13,Mahindra Spares,CUST-632,16184,5,809.2,16993.2
INV5133,2025-04-14,Larsen Industrial,CUST-633,16321,12,1958.52,18279.52
INV5134,2025-04-15,Bajaj Electricals,CUST-634,16458,18,2962.44,19420.44
INV5135,2025-04-16,Godrej Agrovet,CUST-635,16595,28,4646.6,21241.6
INV5136,2025-04-17,Hindustan Traders,CUST-636,16732,5,836.6,17568.6
INV5137,2025-04-18,Zomato Logistics,CUST-637,16869,12,2024.28,18893.28
INV5138,2025-04-19,Swiggy Kitchens,CUST-638,17006,18,3061.08,20067.08
INV5139,2025-04-20,Delhivery Express,CUST-639,17143,28,4800.04,21943.04
INV5140,2025-04-21,ABC Ltd,CUST-640,17280,5,864,18144
INV5141,2025-04-22,XYZ Corp,CUST-641,17417,12,2090.04,19507.04
INV5142,2025-04-23,Global Mart,CUST-642,17554,18,3159.72,20713.72
INV5143,2025-04-24,Tech Solutions,CUST-643,17691,28,4953.48,22644.48
INV5144,2025-04-25,Office Hub,CUST-644,17828,5,891.4,18719.4
INV5145,2025-04-26,Retail One,CUST-645,17965,12,2155.8,20120.8
INV5146,2025-04-27,Bharat Logistics,CUST-646,18102,18,3258.36,21360.36
INV5147,2025-04-28,Tata Enterprises,CUST-647,18239,28,5106.92,23345.92
INV5148,2025-04-01,Reliance Supply,CUST-648,18376,5,918.8,19294.8
INV5149,2025-04-02,Infosys Services,CUST-649,18513,12,2221.56,20734.56
INV5150,2025-04-03,Wipro Digital,CUST-650,18650,18,3357,22007
INV5151,2025-04-04,Adani Ports & SEZ,CUST-651,18787,28,5260.36,24047.36
INV5152,2025-04-05,Mahindra Spares,CUST-652,18924,5,946.2,19870.2
INV5153,2025-04-06,Larsen Industrial,CUST-653,19061,12,2287.32,21348.32
INV5154,2025-04-07,Bajaj Electricals,CUST-654,19198,18,3455.64,22653.64
INV5155,2025-04-08,Godrej Agrovet,CUST-655,19335,28,5413.8,24748.8
INV5156,2025-04-09,Hindustan Traders,CUST-656,19472,5,973.6,20445.6
INV5157,2025-04-10,Zomato Logistics,CUST-657,19609,12,2353.08,21962.08
INV5158,2025-04-11,Swiggy Kitchens,CUST-658,19746,18,3554.28,23300.28
INV5159,2025-04-12,Delhivery Express,CUST-659,19883,28,5567.24,25450.24
INV5160,2025-04-13,ABC Ltd,CUST-660,20020,5,1001,21021
INV5161,2025-04-14,XYZ Corp,CUST-661,20157,12,2418.84,22575.84
INV5162,2025-04-15,Global Mart,CUST-662,20294,18,3652.92,23946.92
INV5163,2025-04-16,Tech Solutions,CUST-663,20431,28,5720.68,26151.68
INV5164,2025-04-17,Office Hub,CUST-664,20568,5,1028.4,21596.4
INV5165,2025-04-18,Retail One,CUST-665,20705,12,2484.6,23189.6
INV5166,2025-04-19,Bharat Logistics,CUST-666,20842,18,3751.56,24593.56
INV5167,2025-04-20,Tata Enterprises,CUST-667,20979,28,5874.12,26853.12
INV5168,2025-04-21,Reliance Supply,CUST-668,21116,5,1055.8,22171.8
INV5169,2025-04-22,Infosys Services,CUST-669,21253,12,2550.36,23803.36
INV5170,2025-04-23,Wipro Digital,CUST-670,21390,18,3850.2,25240.2
INV5171,2025-04-24,Adani Ports & SEZ,CUST-671,21527,28,6027.56,27554.56
INV5172,2025-04-25,Mahindra Spares,CUST-672,21664,5,1083.2,22747.2
INV5173,2025-04-26,Larsen Industrial,CUST-673,21801,12,2616.12,24417.12
INV5174,2025-04-27,Bajaj Electricals,CUST-674,21938,18,3948.84,25886.84
INV5175,2025-04-28,Godrej Agrovet,CUST-675,22075,28,6181,28256
INV5176,2025-04-01,Hindustan Traders,CUST-676,22212,5,1110.6,23322.6
INV5177,2025-04-02,Zomato Logistics,CUST-677,22349,12,2681.88,25030.88
INV5178,2025-04-03,Swiggy Kitchens,CUST-678,22486,18,4047.48,26533.48
INV5179,2025-04-04,Delhivery Express,CUST-679,22623,28,6334.44,28957.44
INV5180,2025-04-05,ABC Ltd,CUST-680,22760,5,1138,23898
INV5181,2025-04-06,XYZ Corp,CUST-681,22897,12,2747.64,25644.64
INV5182,2025-04-07,Global Mart,CUST-682,23034,18,4146.12,27180.12
INV5183,2025-04-08,Tech Solutions,CUST-683,23171,28,6487.88,29658.88
INV5184,2025-04-09,Office Hub,CUST-684,23308,5,1165.4,24473.4
INV5185,2025-04-10,Retail One,CUST-685,23445,12,2813.4,26258.4
INV5186,2025-04-11,Bharat Logistics,CUST-686,23582,18,4244.76,27826.76
INV5187,2025-04-12,Tata Enterprises,CUST-687,23719,28,6641.32,30360.32
INV5188,2025-04-13,Reliance Supply,CUST-688,23856,5,1192.8,25048.8
INV5189,2025-04-14,Infosys Services,CUST-689,23993,12,2879.16,26872.16
INV5190,2025-04-15,Wipro Digital,CUST-690,24130,18,4343.4,28473.4
INV5191,2025-04-16,Adani Ports & SEZ,CUST-691,24267,28,6794.76,31061.76
INV5192,2025-04-17,Mahindra Spares,CUST-692,24404,5,1220.2,25624.2
INV5193,2025-04-18,Larsen Industrial,CUST-693,24541,12,2944.92,27485.92
INV5194,2025-04-19,Bajaj Electricals,CUST-694,24678,18,4442.04,29120.04
INV5195,2025-04-20,Godrej Agrovet,CUST-695,24815,28,6948.2,31763.2
INV5196,2025-04-21,Hindustan Traders,CUST-696,24952,5,1247.6,26199.6
INV5197,2025-04-22,Zomato Logistics,CUST-697,25089,12,3010.68,28099.68
INV5198,2025-04-23,Swiggy Kitchens,CUST-698,25226,18,4540.68,29766.68
INV5199,2025-04-24,Delhivery Express,CUST-699,25363,28,7101.64,32464.64
INV5200,2025-04-25,ABC Ltd,CUST-700,1050000,5,52500,1102500
INV5201,2025-04-26,XYZ Corp,CUST-701,25637,12,3076.44,28713.44
INV5202,2025-04-27,Global Mart,CUST-702,25774,18,4639.32,30413.32
INV5203,2025-04-28,Tech Solutions,CUST-703,25911,28,7255.08,33166.08
INV5204,2025-04-01,Office Hub,CUST-704,26048,5,1302.4,27350.4
INV5205,2025-04-02,Retail One,CUST-705,26185,12,3142.2,29327.2
INV5206,2025-04-03,Bharat Logistics,CUST-706,26322,18,4737.96,31059.96
INV5207,2025-04-04,Tata Enterprises,CUST-707,26459,28,7408.52,33867.52
INV5208,2025-04-05,Reliance Supply,CUST-708,26596,5,1329.8,27925.8
INV5209,2025-04-06,Infosys Services,CUST-709,26733,12,3207.96,29940.96
INV5210,2025-04-07,Wipro Digital,CUST-710,26870,18,4836.6,31706.6
INV5211,2025-04-08,Adani Ports & SEZ,CUST-711,27007,28,7561.96,34568.96
INV5212,2025-04-09,Mahindra Spares,CUST-712,27144,5,1357.2,28501.2
INV5213,2025-04-10,Larsen Industrial,CUST-713,27281,12,3273.72,30554.72
INV5214,2025-04-11,Bajaj Electricals,CUST-714,27418,18,4935.24,32353.24
INV5215,2025-04-12,Godrej Agrovet,CUST-715,27555,28,7715.4,35270.4
INV5216,2025-04-13,Hindustan Traders,CUST-716,27692,5,1384.6,29076.6
INV5217,2025-04-14,Zomato Logistics,CUST-717,27829,12,3339.48,31168.48
INV5218,2025-04-15,Swiggy Kitchens,CUST-718,27966,18,5033.88,32999.88
INV5219,2025-04-16,Delhivery Express,CUST-719,28103,28,7868.84,35971.84
INV5220,2025-04-17,ABC Ltd,CUST-720,28240,5,1412,29652
INV5221,2025-04-18,XYZ Corp,CUST-721,28377,12,3405.24,31782.24
INV5222,2025-04-19,Global Mart,CUST-722,28514,18,5132.52,33646.52
INV5223,2025-04-20,Tech Solutions,CUST-723,28651,28,8022.28,36673.28
INV5224,2025-04-21,Office Hub,CUST-724,28788,5,1439.4,30227.4
INV5225,2025-04-22,Retail One,CUST-725,28925,12,3471,32396
INV5226,2025-04-23,Bharat Logistics,CUST-726,29062,18,5231.16,34293.16
INV5227,2025-04-24,Tata Enterprises,CUST-727,29199,28,8175.72,37374.72
INV5228,2025-04-25,Reliance Supply,CUST-728,29336,5,1466.8,30802.8
INV5229,2025-04-26,Infosys Services,CUST-729,29473,12,3536.76,33009.76
INV5230,2025-04-27,Wipro Digital,CUST-730,29610,18,5329.8,34939.8
INV5231,2025-04-28,Adani Ports & SEZ,CUST-731,29747,28,8329.16,38076.16
INV5232,2025-04-01,Mahindra Spares,CUST-732,29884,5,1494.2,31378.2
INV5233,2025-04-02,Larsen Industrial,CUST-733,30021,12,3602.52,33623.52
INV5234,2025-04-03,Bajaj Electricals,CUST-734,30158,18,5428.44,35586.44
INV5235,2025-04-04,Godrej Agrovet,CUST-735,30295,28,8482.6,38777.6
INV5236,2025-04-05,Hindustan Traders,CUST-736,30432,5,1521.6,31953.6
INV5237,2025-04-06,Zomato Logistics,CUST-737,30569,12,3668.28,34237.28
INV5238,2025-04-07,Swiggy Kitchens,CUST-738,30706,18,5527.08,36233.08
INV5239,2025-04-08,Delhivery Express,CUST-739,30843,28,8636.04,39479.04
INV5240,2025-04-09,ABC Ltd,CUST-740,30980,5,1549,32529
INV5241,2025-04-10,XYZ Corp,CUST-741,31117,12,3734.04,34851.04
INV5242,2025-04-11,Global Mart,CUST-742,31254,18,5625.72,36879.72
INV5243,2025-04-12,Tech Solutions,CUST-743,31391,28,8789.48,40180.48
INV5244,2025-04-13,Office Hub,CUST-744,31528,5,1576.4,33104.4
INV5245,2025-04-14,Retail One,CUST-745,31665,12,3799.8,35464.8
INV5246,2025-04-15,Bharat Logistics,CUST-746,31802,18,5724.36,37526.36
INV5247,2025-04-16,Tata Enterprises,CUST-747,31939,28,8942.92,40881.92
INV5248,2025-04-17,Reliance Supply,CUST-748,32076,5,1603.8,33679.8
INV5249,2025-04-18,Infosys Services,CUST-749,32213,12,3865.56,36078.56
INV5250,2025-04-19,Wipro Digital,CUST-750,32350,18,5823,38173
INV5251,2025-04-20,Adani Ports & SEZ,CUST-751,32487,28,9096.36,41583.36
INV5252,2025-04-21,Mahindra Spares,CUST-752,32624,5,1631.2,34255.2
INV5253,2025-04-22,Larsen Industrial,CUST-753,32761,12,3931.32,36692.32
INV5254,2025-04-23,Bajaj Electricals,CUST-754,32898,18,5921.64,38819.64
INV5255,2025-04-24,Godrej Agrovet,CUST-755,33035,28,9249.8,42284.8
INV5256,2025-04-25,Hindustan Traders,CUST-756,33172,5,1658.6,34830.6
INV5257,2025-04-26,Zomato Logistics,CUST-757,33309,12,3997.08,37306.08
INV5258,2025-04-27,Swiggy Kitchens,CUST-758,33446,18,6020.28,39466.28
INV5259,2025-04-28,Delhivery Express,CUST-759,33583,28,9403.24,42986.24
INV5260,2025-04-01,ABC Ltd,CUST-760,33720,5,1686,35406
INV5261,2025-04-02,XYZ Corp,CUST-761,33857,12,4062.84,37919.84
INV5262,2025-04-03,Global Mart,CUST-762,33994,18,6118.92,40112.92
INV5263,2025-04-04,Tech Solutions,CUST-763,34131,28,9556.68,43687.68
INV5264,2025-04-05,Office Hub,CUST-764,34268,5,1713.4,35981.4
INV5265,2025-04-06,Retail One,CUST-765,34405,12,4128.6,38533.6
INV5266,2025-04-07,Bharat Logistics,CUST-766,34542,18,6217.56,40759.56
INV5267,2025-04-08,Tata Enterprises,CUST-767,34679,28,9710.12,44389.12
INV5268,2025-04-09,Reliance Supply,CUST-768,34816,5,1740.8,36556.8
INV5269,2025-04-10,Infosys Services,CUST-769,34953,12,4194.36,39147.36
INV5270,2025-04-11,Wipro Digital,CUST-770,35090,18,6316.2,41406.2
INV5271,2025-04-12,Adani Ports & SEZ,CUST-771,35227,28,9863.56,45090.56
INV5272,2025-04-13,Mahindra Spares,CUST-772,35364,5,1768.2,37132.2
INV5273,2025-04-14,Larsen Industrial,CUST-773,35501,12,4260.12,39761.12
INV5274,2025-04-15,Bajaj Electricals,CUST-774,35638,18,6414.84,42052.84
INV5275,2025-04-16,Godrej Agrovet,CUST-775,35775,28,10017,45792
INV5276,2025-04-17,Hindustan Traders,CUST-776,35912,5,1795.6,37707.6
INV5277,2025-04-18,Zomato Logistics,CUST-777,36049,12,4325.88,40374.88
INV5278,2025-04-19,Swiggy Kitchens,CUST-778,36186,18,6513.48,42699.48
INV5279,2025-04-20,Delhivery Express,CUST-779,36323,28,10170.44,46493.44
INV5280,2025-04-21,ABC Ltd,CUST-780,36460,5,1823,38283
INV5281,2025-04-22,XYZ Corp,CUST-781,36597,12,4391.64,40988.64
INV5282,2025-04-23,Global Mart,CUST-782,36734,18,6612.12,43346.12
INV5283,2025-04-24,Tech Solutions,CUST-783,36871,28,10323.88,47194.88
INV5284,2025-04-25,Office Hub,CUST-784,37008,5,1850.4,38858.4
INV5285,2025-04-26,Retail One,CUST-785,37145,12,4457.4,41602.4
INV5286,2025-04-27,Bharat Logistics,CUST-786,37282,18,6710.76,43992.76
INV5287,2025-04-28,Tata Enterprises,CUST-787,37419,28,10477.32,47896.32
INV5288,2025-04-01,Reliance Supply,CUST-788,37556,5,1877.8,39433.8
INV5289,2025-04-02,Infosys Services,CUST-789,37693,12,4523.16,42216.16
INV5290,2025-04-03,Wipro Digital,CUST-790,37830,18,6809.4,44639.4
INV5291,2025-04-04,Adani Ports & SEZ,CUST-791,37967,28,10630.76,48597.76
INV5292,2025-04-05,Mahindra Spares,CUST-792,38104,5,1905.2,40009.2
INV5293,2025-04-06,Larsen Industrial,CUST-793,38241,12,4588.92,42829.92
INV5294,2025-04-07,Bajaj Electricals,CUST-794,38378,18,6908.04,45286.04
INV5295,2025-04-08,Godrej Agrovet,CUST-795,38515,28,10784.2,49299.2
INV5296,2025-04-09,Hindustan Traders,CUST-796,38652,5,1932.6,40584.6
INV5297,2025-04-10,Zomato Logistics,CUST-797,38789,12,4654.68,43443.68
INV5298,2025-04-11,Swiggy Kitchens,CUST-798,38926,18,7006.68,45932.68
INV5299,2025-04-12,Delhivery Express,CUST-799,39063,28,10937.64,50000.64
INV5300,2025-04-13,ABC Ltd,CUST-800,39200,5,1960,41160
INV5301,2025-04-14,XYZ Corp,CUST-801,39337,12,4720.44,44057.44
INV5302,2025-04-15,Global Mart,CUST-802,39474,18,7105.32,46579.32
INV5303,2025-04-16,Tech Solutions,CUST-803,39611,28,11091.08,50702.08
INV5304,2025-04-17,Office Hub,CUST-804,39748,5,1987.4,41735.4
INV5305,2025-04-18,Retail One,CUST-805,39885,12,4786.2,44671.2
INV5306,2025-04-19,Bharat Logistics,CUST-806,40022,18,7203.96,47225.96
INV5307,2025-04-20,Tata Enterprises,CUST-807,40159,28,11244.52,51403.52
INV5308,2025-04-21,Reliance Supply,CUST-808,40296,5,2014.8,42310.8
INV5309,2025-04-22,Infosys Services,CUST-809,40433,12,4851.96,45284.96
INV5310,2025-04-23,Wipro Digital,CUST-810,40570,18,7302.6,47872.6
INV5311,2025-04-24,Adani Ports & SEZ,CUST-811,40707,28,11397.96,52104.96
INV5312,2025-04-25,Mahindra Spares,CUST-812,40844,5,2042.2,42886.2
INV5313,2025-04-26,Larsen Industrial,CUST-813,40981,12,4917.72,45898.72
INV5314,2025-04-27,Bajaj Electricals,CUST-814,41118,18,7401.24,48519.24
INV5315,2025-04-28,Godrej Agrovet,CUST-815,41255,28,11551.4,52806.4
INV5316,2025-04-01,Hindustan Traders,CUST-816,41392,5,2069.6,43461.6
INV5317,2025-04-02,Zomato Logistics,CUST-817,41529,12,4983.48,46512.48
INV5318,2025-04-03,Swiggy Kitchens,CUST-818,41666,18,7499.88,49165.88
INV5319,2025-04-04,Delhivery Express,CUST-819,41803,28,11704.84,53507.84
INV5320,2025-04-05,ABC Ltd,CUST-820,41940,5,2097,44037
INV5321,2025-04-06,XYZ Corp,CUST-821,42077,12,5049.24,47126.24
INV5322,2025-04-07,Global Mart,CUST-822,42214,18,7598.52,49812.52
INV5323,2025-04-08,Tech Solutions,CUST-823,42351,28,11858.28,54209.28
INV5324,2025-04-09,Office Hub,CUST-824,42488,5,2124.4,44612.4
INV5325,2025-04-10,Retail One,CUST-825,42625,12,5115,47740
INV5326,2025-04-11,Bharat Logistics,CUST-826,42762,18,7697.16,50459.16
INV5327,2025-04-12,Tata Enterprises,CUST-827,42899,28,12011.72,54910.72
INV5328,2025-04-13,Reliance Supply,CUST-828,43036,5,2151.8,45187.8
INV5329,2025-04-14,Infosys Services,CUST-829,43173,12,5180.76,48353.76
INV5330,2025-04-15,Wipro Digital,CUST-830,43310,18,7795.8,51105.8
INV5331,2025-04-16,Adani Ports & SEZ,CUST-831,43447,28,12165.16,55612.16
INV5332,2025-04-17,Mahindra Spares,CUST-832,43584,5,2179.2,45763.2
INV5333,2025-04-18,Larsen Industrial,CUST-833,43721,12,5246.52,48967.52
INV5334,2025-04-19,Bajaj Electricals,CUST-834,43858,18,7894.44,51752.44
INV5335,2025-04-20,Godrej Agrovet,CUST-835,43995,28,12318.6,56313.6
INV5336,2025-04-21,Hindustan Traders,CUST-836,44132,5,2206.6,46338.6
INV5337,2025-04-22,Zomato Logistics,CUST-837,44269,12,5312.28,49581.28
INV5338,2025-04-23,Swiggy Kitchens,CUST-838,44406,18,7993.08,52399.08
INV5339,2025-04-24,Delhivery Express,CUST-839,44543,28,12472.04,57015.04
INV5340,2025-04-25,ABC Ltd,CUST-840,44680,5,2234,46914
INV5341,2025-04-26,XYZ Corp,CUST-841,44817,12,5378.04,50195.04
INV5342,2025-04-27,Global Mart,CUST-842,44954,18,8091.72,53045.72
INV5343,2025-04-28,Tech Solutions,CUST-843,45091,28,12625.48,57716.48
INV5344,2025-04-01,Office Hub,CUST-844,45228,5,2261.4,47489.4
INV5345,2025-04-02,Retail One,CUST-845,45365,12,5443.8,50808.8
INV5346,2025-04-03,Bharat Logistics,CUST-846,45502,18,8190.36,53692.36
INV5347,2025-04-04,Tata Enterprises,CUST-847,45639,28,12778.92,58417.92
INV5348,2025-04-05,Reliance Supply,CUST-848,45776,5,2288.8,48064.8
INV5349,2025-04-06,Infosys Services,CUST-849,45913,12,5509.56,51422.56
INV5350,2025-04-07,Wipro Digital,CUST-850,46050,18,8289,54339
INV5351,2025-04-08,Adani Ports & SEZ,CUST-851,46187,28,12932.36,59119.36
INV5352,2025-04-09,Mahindra Spares,CUST-852,46324,5,2316.2,48640.2
INV5353,2025-04-10,Larsen Industrial,CUST-853,46461,12,5575.32,52036.32
INV5354,2025-04-11,Bajaj Electricals,CUST-854,46598,18,8387.64,54985.64
INV5355,2025-04-12,Godrej Agrovet,CUST-855,46735,28,13085.8,59820.8
INV5356,2025-04-13,Hindustan Traders,CUST-856,46872,5,2343.6,49215.6
INV5357,2025-04-14,Zomato Logistics,CUST-857,47009,12,5641.08,52650.08
INV5358,2025-04-15,Swiggy Kitchens,CUST-858,47146,18,8486.28,55632.28
INV5359,2025-04-16,Delhivery Express,CUST-859,47283,28,13239.24,60522.24
INV5360,2025-04-17,ABC Ltd,CUST-860,47420,5,2371,49791
INV5361,2025-04-18,XYZ Corp,CUST-861,47557,12,5706.84,53263.84
INV5362,2025-04-19,Global Mart,CUST-862,47694,18,8584.92,56278.92
INV5363,2025-04-20,Tech Solutions,CUST-863,47831,28,13392.68,61223.68
INV5364,2025-04-21,Office Hub,CUST-864,47968,5,2398.4,50366.4
INV5365,2025-04-22,Retail One,CUST-865,48105,12,5772.6,53877.6
INV5366,2025-04-23,Bharat Logistics,CUST-866,48242,18,8683.56,56925.56
INV5367,2025-04-24,Tata Enterprises,CUST-867,48379,28,13546.12,61925.12
INV5368,2025-04-25,Reliance Supply,CUST-868,48516,5,2425.8,50941.8
INV5369,2025-04-26,Infosys Services,CUST-869,48653,12,5838.36,54491.36
INV5370,2025-04-27,Wipro Digital,CUST-870,48790,18,8782.2,57572.2
INV5371,2025-04-28,Adani Ports & SEZ,CUST-871,48927,28,13699.56,62626.56
INV5372,2025-04-01,Mahindra Spares,CUST-872,49064,5,2453.2,51517.2
INV5373,2025-04-02,Larsen Industrial,CUST-873,49201,12,5904.12,55105.12
INV5374,2025-04-03,Bajaj Electricals,CUST-874,49338,18,8880.84,58218.84
INV5375,2025-04-04,Godrej Agrovet,CUST-875,49475,28,13853,63328
INV5376,2025-04-05,Hindustan Traders,CUST-876,49612,5,2480.6,52092.6
INV5377,2025-04-06,Zomato Logistics,CUST-877,49749,12,5969.88,55718.88
INV5378,2025-04-07,Swiggy Kitchens,CUST-878,49886,18,8979.48,58865.48
INV5379,2025-04-08,Delhivery Express,CUST-879,50023,28,14006.44,64029.44
INV5380,2025-04-09,ABC Ltd,CUST-880,50160,5,2508,52668
INV5381,2025-04-10,XYZ Corp,CUST-881,50297,12,6035.64,56332.64
INV5382,2025-04-11,Global Mart,CUST-882,50434,18,9078.12,59512.12
INV5383,2025-04-12,Tech Solutions,CUST-883,50571,28,14159.88,64730.88
INV5384,2025-04-13,Office Hub,CUST-884,50708,5,2535.4,53243.4
INV5385,2025-04-14,Retail One,CUST-885,50845,12,6101.4,56946.4
INV5386,2025-04-15,Bharat Logistics,CUST-886,50982,18,9176.76,60158.76
INV5387,2025-04-16,Tata Enterprises,CUST-887,51119,28,14313.32,65432.32
INV5388,2025-04-17,Reliance Supply,CUST-888,51256,5,2562.8,53818.8
INV5389,2025-04-18,Infosys Services,CUST-889,51393,12,6167.16,57560.16
INV5390,2025-04-19,Wipro Digital,CUST-890,51530,18,9275.4,60805.4
INV5391,2025-04-20,Adani Ports & SEZ,CUST-891,51667,28,14466.76,66133.76
INV5392,2025-04-21,Mahindra Spares,CUST-892,51804,5,2590.2,54394.2
INV5393,2025-04-22,Larsen Industrial,CUST-893,51941,12,6232.92,58173.92
INV5394,2025-04-23,Bajaj Electricals,CUST-894,52078,18,9374.04,61452.04
INV5395,2025-04-24,Godrej Agrovet,CUST-895,52215,28,14620.2,66835.2
INV5396,2025-04-25,Hindustan Traders,CUST-896,52352,5,2617.6,54969.6
INV5397,2025-04-26,Zomato Logistics,CUST-897,52489,12,6298.68,58787.68
INV5398,2025-04-27,Swiggy Kitchens,CUST-898,52626,18,9472.68,62098.68
INV5399,2025-04-28,Delhivery Express,CUST-899,52763,28,14773.64,67536.64
INV5400,2025-04-01,ABC Ltd,CUST-900,52900,5,2645,55545
INV5401,2025-04-02,XYZ Corp,CUST-901,53037,12,6364.44,59401.44
INV5402,2025-04-03,Global Mart,CUST-902,53174,18,9571.32,62745.32
INV5403,2025-04-04,Tech Solutions,CUST-903,53311,28,14927.08,68238.08
INV5404,2025-04-05,Office Hub,CUST-904,53448,5,2672.4,56120.4
INV5405,2025-04-06,Retail One,CUST-905,53585,12,6430.2,60015.2
INV5406,2025-04-07,Bharat Logistics,CUST-906,53722,18,9669.96,63391.96
INV5407,2025-04-08,Tata Enterprises,CUST-907,53859,28,15080.52,68939.52
INV5408,2025-04-09,Reliance Supply,CUST-908,53996,5,2699.8,56695.8
INV5409,2025-04-10,Infosys Services,CUST-909,54133,12,6495.96,60628.96
INV5410,2025-04-11,Wipro Digital,CUST-910,54270,18,9768.6,64038.6
INV5411,2025-04-12,Adani Ports & SEZ,CUST-911,54407,28,15233.96,69640.96
INV5412,2025-04-13,Mahindra Spares,CUST-912,54544,5,2727.2,57271.2
INV5413,2025-04-14,Larsen Industrial,CUST-913,54681,12,6561.72,61242.72
INV5414,2025-04-15,Bajaj Electricals,CUST-914,54818,18,9867.24,64685.24
INV5415,2025-04-16,Godrej Agrovet,CUST-915,54955,28,15387.4,70342.4
INV5416,2025-04-17,Hindustan Traders,CUST-916,55092,5,2754.6,57846.6
INV5417,2025-04-18,Zomato Logistics,CUST-917,55229,12,6627.48,61856.48
INV5418,2025-04-19,Swiggy Kitchens,CUST-918,55366,18,9965.88,65331.88
INV5419,2025-04-20,Delhivery Express,CUST-919,55503,28,15540.84,71043.84
INV5420,2025-04-21,ABC Ltd,CUST-920,55640,5,2782,58422
INV5421,2025-04-22,XYZ Corp,CUST-921,55777,12,6693.24,62470.24
INV5422,2025-04-23,Global Mart,CUST-922,55914,18,10064.52,65978.52
INV5423,2025-04-24,Tech Solutions,CUST-923,56051,28,15694.28,71745.28
INV5424,2025-04-25,Office Hub,CUST-924,56188,5,2809.4,58997.4
INV5425,2025-04-26,Retail One,CUST-925,56325,12,6759,63084
INV5426,2025-04-27,Bharat Logistics,CUST-926,56462,18,10163.16,66625.16
INV5427,2025-04-28,Tata Enterprises,CUST-927,56599,28,15847.72,72446.72
INV5428,2025-04-01,Reliance Supply,CUST-928,56736,5,2836.8,59572.8
INV5429,2025-04-02,Infosys Services,CUST-929,56873,12,6824.76,63697.76
INV5430,2025-04-03,Wipro Digital,CUST-930,57010,18,10261.8,67271.8
INV5431,2025-04-04,Adani Ports & SEZ,CUST-931,57147,28,16001.16,73148.16
INV5432,2025-04-05,Mahindra Spares,CUST-932,57284,5,2864.2,60148.2
INV5433,2025-04-06,Larsen Industrial,CUST-933,57421,12,6890.52,64311.52
INV5434,2025-04-07,Bajaj Electricals,CUST-934,57558,18,10360.44,67918.44
INV5435,2025-04-08,Godrej Agrovet,CUST-935,57695,28,16154.6,73849.6
INV5436,2025-04-09,Hindustan Traders,CUST-936,57832,5,2891.6,60723.6
INV5437,2025-04-10,Zomato Logistics,CUST-937,57969,12,6956.28,64925.28
INV5438,2025-04-11,Swiggy Kitchens,CUST-938,58106,18,10459.08,68565.08
INV5439,2025-04-12,Delhivery Express,CUST-939,58243,28,16308.04,74551.04
INV5440,2025-04-13,ABC Ltd,CUST-940,58380,5,2919,61299
INV5441,2025-04-14,XYZ Corp,CUST-941,58517,12,7022.04,65539.04
INV5442,2025-04-15,Global Mart,CUST-942,58654,18,10557.72,69211.72
INV5443,2025-04-16,Tech Solutions,CUST-943,58791,28,16461.48,75252.48
INV5444,2025-04-17,Office Hub,CUST-944,58928,5,2946.4,61874.4
INV5445,2025-04-18,Retail One,CUST-945,59065,12,7087.8,66152.8
INV5446,2025-04-19,Bharat Logistics,CUST-946,59202,18,10656.36,69858.36
INV5447,2025-04-20,Tata Enterprises,CUST-947,59339,28,16614.92,75953.92
INV5448,2025-04-21,Reliance Supply,CUST-948,59476,5,2973.8,62449.8
INV5449,2025-04-22,Infosys Services,CUST-949,59613,12,7153.56,66766.56
INV5450,2025-04-23,Wipro Digital,CUST-100,950000,18,171000,1121000
INV5451,2025-04-24,Adani Ports & SEZ,CUST-101,59887,28,16768.36,76655.36
INV5452,2025-04-25,Mahindra Spares,CUST-102,60024,5,3001.2,63025.2
INV5453,2025-04-26,Larsen Industrial,CUST-103,60161,12,7219.32,67380.32
INV5454,2025-04-27,Bajaj Electricals,CUST-104,60298,18,10853.64,71151.64
INV5455,2025-04-28,Godrej Agrovet,CUST-105,60435,28,16921.8,77356.8
INV5456,2025-04-01,Hindustan Traders,CUST-106,60572,5,3028.6,63600.6
INV5457,2025-04-02,Zomato Logistics,CUST-107,60709,12,7285.08,67994.08
INV5458,2025-04-03,Swiggy Kitchens,CUST-108,60846,18,10952.28,71798.28
INV5459,2025-04-04,Delhivery Express,CUST-109,60983,28,17075.24,78058.24
INV5460,2025-04-05,ABC Ltd,CUST-110,61120,5,3056,64176
INV5461,2025-04-06,XYZ Corp,CUST-111,61257,12,7350.84,68607.84
INV5462,2025-04-07,Global Mart,CUST-112,61394,18,11050.92,72444.92
INV5463,2025-04-08,Tech Solutions,CUST-113,61531,28,17228.68,78759.68
INV5464,2025-04-09,Office Hub,CUST-114,61668,5,3083.4,64751.4
INV5465,2025-04-10,Retail One,CUST-115,61805,12,7416.6,69221.6
INV5466,2025-04-11,Bharat Logistics,CUST-116,61942,18,11149.56,73091.56
INV5467,2025-04-12,Tata Enterprises,CUST-117,62079,28,17382.12,79461.12
INV5468,2025-04-13,Reliance Supply,CUST-118,62216,5,3110.8,65326.8
INV5469,2025-04-14,Infosys Services,CUST-119,62353,12,7482.36,69835.36
INV5470,2025-04-15,Wipro Digital,CUST-120,62490,18,11248.2,73738.2
INV5471,2025-04-16,Adani Ports & SEZ,CUST-121,62627,28,17535.56,80162.56
INV5472,2025-04-17,Mahindra Spares,CUST-122,62764,5,3138.2,65902.2
INV5473,2025-04-18,Larsen Industrial,CUST-123,62901,12,7548.12,70449.12
INV5474,2025-04-19,Bajaj Electricals,CUST-124,63038,18,11346.84,74384.84
INV5475,2025-04-20,Godrej Agrovet,CUST-125,63175,28,17689,80864
INV5476,2025-04-21,Hindustan Traders,CUST-126,63312,5,3165.6,66477.6
INV5477,2025-04-22,Zomato Logistics,CUST-127,63449,12,7613.88,71062.88
INV5478,2025-04-23,Swiggy Kitchens,CUST-128,63586,18,11445.48,75031.48
INV5479,2025-04-24,Delhivery Express,CUST-129,63723,28,17842.44,81565.44
INV5480,2025-04-25,ABC Ltd,CUST-130,63860,5,3193,67053
INV5481,2025-04-26,XYZ Corp,CUST-131,63997,12,7679.64,71676.64
INV5482,2025-04-27,Global Mart,CUST-132,64134,18,11544.12,75678.12
INV5483,2025-04-28,Tech Solutions,CUST-133,64271,28,17995.88,82266.88
INV5484,2025-04-01,Office Hub,CUST-134,64408,5,3220.4,67628.4
INV5485,2025-04-02,Retail One,CUST-135,64545,12,7745.4,72290.4
INV5486,2025-04-03,Bharat Logistics,CUST-136,64682,18,11642.76,76324.76
INV5487,2025-04-04,Tata Enterprises,CUST-137,64819,28,18149.32,82968.32
INV5488,2025-04-05,Reliance Supply,CUST-138,64956,5,3247.8,68203.8
INV5489,2025-04-06,Infosys Services,CUST-139,65093,12,7811.16,72904.16
INV5490,2025-04-07,Wipro Digital,CUST-140,65230,18,11741.4,76971.4
INV5491,2025-04-08,Adani Ports & SEZ,CUST-141,65367,28,18302.76,83669.76
INV5492,2025-04-09,Mahindra Spares,CUST-142,65504,5,3275.2,68779.2
INV5493,2025-04-10,Larsen Industrial,CUST-143,65641,12,7876.92,73517.92
INV5494,2025-04-11,Bajaj Electricals,CUST-144,65778,18,11840.04,77618.04
INV5495,2025-04-12,Godrej Agrovet,CUST-145,65915,28,18456.2,84371.2
INV5496,2025-04-13,Hindustan Traders,CUST-146,66052,5,3302.6,69354.6
INV5497,2025-04-14,Zomato Logistics,CUST-147,66189,12,7942.68,74131.68
INV5498,2025-04-15,Swiggy Kitchens,CUST-148,66326,18,11938.68,78264.68
INV5499,2025-04-16,Delhivery Express,CUST-149,66463,28,18609.64,85072.64
INV5500,2025-04-17,ABC Ltd,CUST-150,66600,5,3330,69930
INV5501,2025-04-18,XYZ Corp,CUST-151,66737,12,8008.44,74745.44
INV5502,2025-04-19,Global Mart,CUST-152,66874,18,12037.32,78911.32
INV5503,2025-04-20,Tech Solutions,CUST-153,67011,28,18763.08,85774.08
INV5504,2025-04-21,Office Hub,CUST-154,67148,5,3357.4,70505.4
INV5505,2025-04-22,Retail One,CUST-155,67285,12,8074.2,75359.2
INV5506,2025-04-23,Bharat Logistics,CUST-156,67422,18,12135.96,79557.96
INV5507,2025-04-24,Tata Enterprises,CUST-157,67559,28,18916.52,86475.52
INV5508,2025-04-25,Reliance Supply,CUST-158,67696,5,3384.8,71080.8
INV5509,2025-04-26,Infosys Services,CUST-159,67833,12,8139.96,75972.96
INV5510,2025-04-27,Wipro Digital,CUST-160,67970,18,12234.6,80204.6
INV5511,2025-04-28,Adani Ports & SEZ,CUST-161,68107,28,19069.96,87176.96
INV5512,2025-04-01,Mahindra Spares,CUST-162,68244,5,3412.2,71656.2
INV5513,2025-04-02,Larsen Industrial,CUST-163,68381,12,8205.72,76586.72
INV5514,2025-04-03,Bajaj Electricals,CUST-164,68518,18,12333.24,80851.24
INV5515,2025-04-04,Godrej Agrovet,CUST-165,68655,28,19223.4,87878.4
INV5516,2025-04-05,Hindustan Traders,CUST-166,68792,5,3439.6,72231.6
INV5517,2025-04-06,Zomato Logistics,CUST-167,68929,12,8271.48,77200.48
INV5518,2025-04-07,Swiggy Kitchens,CUST-168,69066,18,12431.88,81497.88
INV5519,2025-04-08,Delhivery Express,CUST-169,69203,28,19376.84,88579.84
INV5520,2025-04-09,ABC Ltd,CUST-170,69340,5,3467,72807
INV5521,2025-04-10,XYZ Corp,CUST-171,69477,12,8337.24,77814.24
INV5522,2025-04-11,Global Mart,CUST-172,69614,18,12530.52,82144.52
INV5523,2025-04-12,Tech Solutions,CUST-173,69751,28,19530.28,89281.28
INV5524,2025-04-13,Office Hub,CUST-174,69888,5,3494.4,73382.4
INV5525,2025-04-14,Retail One,CUST-175,70025,12,8403,78428
INV5526,2025-04-15,Bharat Logistics,CUST-176,70162,18,12629.16,82791.16
INV5527,2025-04-16,Tata Enterprises,CUST-177,70299,28,19683.72,89982.72
INV5528,2025-04-17,Reliance Supply,CUST-178,70436,5,3521.8,73957.8
INV5529,2025-04-18,Infosys Services,CUST-179,70573,12,8468.76,79041.76
INV5530,2025-04-19,Wipro Digital,CUST-180,70710,18,12727.8,83437.8
INV5531,2025-04-20,Adani Ports & SEZ,CUST-181,70847,28,19837.16,90684.16
INV5532,2025-04-21,Mahindra Spares,CUST-182,70984,5,3549.2,74533.2
INV5533,2025-04-22,Larsen Industrial,CUST-183,71121,12,8534.52,79655.52
INV5534,2025-04-23,Bajaj Electricals,CUST-184,71258,18,12826.44,84084.44
INV5535,2025-04-24,Godrej Agrovet,CUST-185,71395,28,19990.6,91385.6
INV5536,2025-04-25,Hindustan Traders,CUST-186,71532,5,3576.6,75108.6
INV5537,2025-04-26,Zomato Logistics,CUST-187,71669,12,8600.28,80269.28
INV5538,2025-04-27,Swiggy Kitchens,CUST-188,71806,18,12925.08,84731.08
INV5539,2025-04-28,Delhivery Express,CUST-189,71943,28,20144.04,92087.04
INV5540,2025-04-01,ABC Ltd,CUST-190,72080,5,3604,75684
INV5541,2025-04-02,XYZ Corp,CUST-191,72217,12,8666.04,80883.04
INV5542,2025-04-03,Global Mart,CUST-192,72354,18,13023.72,85377.72
INV5543,2025-04-04,Tech Solutions,CUST-193,72491,28,20297.48,92788.48
INV5544,2025-04-05,Office Hub,CUST-194,72628,5,3631.4,76259.4
INV5545,2025-04-06,Retail One,CUST-195,72765,12,8731.8,81496.8
INV5546,2025-04-07,Bharat Logistics,CUST-196,72902,18,13122.36,86024.36
INV5547,2025-04-08,Tata Enterprises,CUST-197,73039,28,20450.92,93489.92
INV5548,2025-04-09,Reliance Supply,CUST-198,73176,5,3658.8,76834.8
INV5549,2025-04-10,Infosys Services,CUST-199,73313,12,8797.56,82110.56
INV5550,2025-04-11,Wipro Digital,CUST-200,73450,18,13221,86671
INV5551,2025-04-12,Adani Ports & SEZ,CUST-201,73587,28,20604.36,94191.36
INV5552,2025-04-13,Mahindra Spares,CUST-202,73724,5,3686.2,77410.2
INV5553,2025-04-14,Larsen Industrial,CUST-203,73861,12,8863.32,82724.32
INV5554,2025-04-15,Bajaj Electricals,CUST-204,73998,18,13319.64,87317.64
INV5555,2025-04-16,Godrej Agrovet,CUST-205,74135,28,20757.8,94892.8
INV5556,2025-04-17,Hindustan Traders,CUST-206,74272,5,3713.6,77985.6
INV5557,2025-04-18,Zomato Logistics,CUST-207,74409,12,8929.08,83338.08
INV5558,2025-04-19,Swiggy Kitchens,CUST-208,74546,18,13418.28,87964.28
INV5559,2025-04-20,Delhivery Express,CUST-209,74683,28,20911.24,95594.24
INV5560,2025-04-21,ABC Ltd,CUST-210,74820,5,3741,78561
INV5561,2025-04-22,XYZ Corp,CUST-211,74957,12,8994.84,83951.84
INV5562,2025-04-23,Global Mart,CUST-212,75094,18,13516.92,88610.92
INV5563,2025-04-24,Tech Solutions,CUST-213,75231,28,21064.68,96295.68
INV5564,2025-04-25,Office Hub,CUST-214,75368,5,3768.4,79136.4
INV5565,2025-04-26,Retail One,CUST-215,75505,12,9060.6,84565.6
INV5566,2025-04-27,Bharat Logistics,CUST-216,75642,18,13615.56,89257.56
INV5567,2025-04-28,Tata Enterprises,CUST-217,75779,28,21218.12,96997.12
INV5568,2025-04-01,Reliance Supply,CUST-218,75916,5,3795.8,79711.8
INV5569,2025-04-02,Infosys Services,CUST-219,76053,12,9126.36,85179.36
INV5570,2025-04-03,Wipro Digital,CUST-220,76190,18,13714.2,89904.2
INV5571,2025-04-04,Adani Ports & SEZ,CUST-221,76327,28,21371.56,97698.56
INV5572,2025-04-05,Mahindra Spares,CUST-222,76464,5,3823.2,80287.2
INV5573,2025-04-06,Larsen Industrial,CUST-223,76601,12,9192.12,85793.12
INV5574,2025-04-07,Bajaj Electricals,CUST-224,76738,18,13812.84,90550.84
INV5575,2025-04-08,Godrej Agrovet,CUST-225,76875,28,21525,98400
INV5576,2025-04-09,Hindustan Traders,CUST-226,77012,5,3850.6,80862.6
INV5577,2025-04-10,Zomato Logistics,CUST-227,77149,12,9257.88,86406.88
INV5578,2025-04-11,Swiggy Kitchens,CUST-228,77286,18,13911.48,91197.48
INV5579,2025-04-12,Delhivery Express,CUST-229,77423,28,21678.44,99101.44
INV5580,2025-04-13,ABC Ltd,CUST-230,2560,5,128,2688
INV5581,2025-04-14,XYZ Corp,CUST-231,2697,12,323.64,3020.64
INV5582,2025-04-15,Global Mart,CUST-232,2834,18,510.12,3344.12
INV5583,2025-04-16,Tech Solutions,CUST-233,2971,28,831.88,3802.88
INV5584,2025-04-17,Office Hub,CUST-234,3108,5,155.4,3263.4
INV5585,2025-04-18,Retail One,CUST-235,3245,12,389.4,3634.4
INV5586,2025-04-19,Bharat Logistics,CUST-236,3382,18,608.76,3990.76
INV5587,2025-04-20,Tata Enterprises,CUST-237,3519,28,985.32,4504.32
INV5588,2025-04-21,Reliance Supply,CUST-238,3656,5,182.8,3838.8
INV5589,2025-04-22,Infosys Services,CUST-239,3793,12,455.16,4248.16
INV5590,2025-04-23,Wipro Digital,CUST-240,3930,18,707.4,4637.4
INV5591,2025-04-24,Adani Ports & SEZ,CUST-241,4067,28,1138.76,5205.76
INV5592,2025-04-25,Mahindra Spares,CUST-242,4204,5,210.2,4414.2
INV5593,2025-04-26,Larsen Industrial,CUST-243,4341,12,520.92,4861.92
INV5594,2025-04-27,Bajaj Electricals,CUST-244,4478,18,806.04,5284.04
INV5595,2025-04-28,Godrej Agrovet,CUST-245,4615,28,1292.2,5907.2
INV5596,2025-04-01,Hindustan Traders,CUST-246,4752,5,237.6,4989.6
INV5597,2025-04-02,Zomato Logistics,CUST-247,4889,12,586.68,5475.68
INV5598,2025-04-03,Swiggy Kitchens,CUST-248,5026,18,904.68,5930.68
INV5599,2025-04-04,Delhivery Express,CUST-249,5163,28,1445.64,6608.64
INV5600,2025-04-05,ABC Ltd,CUST-250,5300,5,265,5565
INV5601,2025-04-06,XYZ Corp,CUST-251,5437,12,652.44,6089.44
INV5602,2025-04-07,Global Mart,CUST-252,5574,18,1003.32,6577.32
INV5603,2025-04-08,Tech Solutions,CUST-253,5711,28,1599.08,7310.08
INV5604,2025-04-09,Office Hub,CUST-254,5848,5,292.4,6140.4
INV5605,2025-04-10,Retail One,CUST-255,5985,12,718.2,6703.2
INV5606,2025-04-11,Bharat Logistics,CUST-256,6122,18,1101.96,7223.96
INV5607,2025-04-12,Tata Enterprises,CUST-257,6259,28,1752.52,8011.52
INV5608,2025-04-13,Reliance Supply,CUST-258,6396,5,319.8,6715.8
INV5609,2025-04-14,Infosys Services,CUST-259,6533,12,783.96,7316.96
INV5610,2025-04-15,Wipro Digital,CUST-260,6670,18,1200.6,7870.6
INV5611,2025-04-16,Adani Ports & SEZ,CUST-261,6807,28,1905.96,8712.96
INV5612,2025-04-17,Mahindra Spares,CUST-262,6944,5,347.2,7291.2
INV5613,2025-04-18,Larsen Industrial,CUST-263,7081,12,849.72,7930.72
INV5614,2025-04-19,Bajaj Electricals,CUST-264,7218,18,1299.24,8517.24
INV5615,2025-04-20,Godrej Agrovet,CUST-265,7355,28,2059.4,9414.4
INV5616,2025-04-21,Hindustan Traders,CUST-266,7492,5,374.6,7866.6
INV5617,2025-04-22,Zomato Logistics,CUST-267,7629,12,915.48,8544.48
INV5618,2025-04-23,Swiggy Kitchens,CUST-268,7766,18,1397.88,9163.88
INV5619,2025-04-24,Delhivery Express,CUST-269,7903,28,2212.84,10115.84
INV5620,2025-04-25,ABC Ltd,CUST-270,8040,5,402,8442
INV5621,2025-04-26,XYZ Corp,CUST-271,8177,12,981.24,9158.24
INV5622,2025-04-27,Global Mart,CUST-272,8314,18,1496.52,9810.52
INV5623,2025-04-28,Tech Solutions,CUST-273,8451,28,2366.28,10817.28
INV5624,2025-04-01,Office Hub,CUST-274,8588,5,429.4,9017.4
INV5625,2025-04-02,Retail One,CUST-275,8725,12,1047,9772
INV5626,2025-04-03,Bharat Logistics,CUST-276,8862,18,1595.16,10457.16
INV5627,2025-04-04,Tata Enterprises,CUST-277,8999,28,2519.72,11518.72
INV5628,2025-04-05,Reliance Supply,CUST-278,9136,5,456.8,9592.8
INV5629,2025-04-06,Infosys Services,CUST-279,9273,12,1112.76,10385.76
INV5630,2025-04-07,Wipro Digital,CUST-280,9410,18,1693.8,11103.8
INV5631,2025-04-08,Adani Ports & SEZ,CUST-281,9547,28,2673.16,12220.16
INV5632,2025-04-09,Mahindra Spares,CUST-282,9684,5,484.2,10168.2
INV5633,2025-04-10,Larsen Industrial,CUST-283,9821,12,1178.52,10999.52
INV5634,2025-04-11,Bajaj Electricals,CUST-284,9958,18,1792.44,11750.44
INV5635,2025-04-12,Godrej Agrovet,CUST-285,10095,28,2826.6,12921.6
INV5636,2025-04-13,Hindustan Traders,CUST-286,10232,5,511.6,10743.6
INV5637,2025-04-14,Zomato Logistics,CUST-287,10369,12,1244.28,11613.28
INV5638,2025-04-15,Swiggy Kitchens,CUST-288,10506,18,1891.08,12397.08
INV5639,2025-04-16,Delhivery Express,CUST-289,10643,28,2980.04,13623.04
INV5640,2025-04-17,ABC Ltd,CUST-290,10780,5,539,11319
INV5641,2025-04-18,XYZ Corp,CUST-291,10917,12,1310.04,12227.04
INV5642,2025-04-19,Global Mart,CUST-292,11054,18,1989.72,13043.72
INV5643,2025-04-20,Tech Solutions,CUST-293,11191,28,3133.48,14324.48
INV5644,2025-04-21,Office Hub,CUST-294,11328,5,566.4,11894.4
INV5645,2025-04-22,Retail One,CUST-295,11465,12,1375.8,12840.8
INV5646,2025-04-23,Bharat Logistics,CUST-296,11602,18,2088.36,13690.36
INV5647,2025-04-24,Tata Enterprises,CUST-297,11739,28,3286.92,15025.92
INV5648,2025-04-25,Reliance Supply,CUST-298,11876,5,593.8,12469.8
INV5649,2025-04-26,Infosys Services,CUST-299,12013,12,1441.56,13454.56
INV5650,2025-04-27,Wipro Digital,CUST-300,12150,18,2187,14337
INV5651,2025-04-28,Adani Ports & SEZ,CUST-301,12287,28,3440.36,15727.36
INV5652,2025-04-01,Mahindra Spares,CUST-302,12424,5,621.2,13045.2
INV5653,2025-04-02,Larsen Industrial,CUST-303,12561,12,1507.32,14068.32
INV5654,2025-04-03,Bajaj Electricals,CUST-304,12698,18,2285.64,14983.64
INV5655,2025-04-04,Godrej Agrovet,CUST-305,12835,28,3593.8,16428.8
INV5656,2025-04-05,Hindustan Traders,CUST-306,12972,5,648.6,13620.6
INV5657,2025-04-06,Zomato Logistics,CUST-307,13109,12,1573.08,14682.08
INV5658,2025-04-07,Swiggy Kitchens,CUST-308,13246,18,2384.28,15630.28
INV5659,2025-04-08,Delhivery Express,CUST-309,13383,28,3747.24,17130.24
INV5660,2025-04-09,ABC Ltd,CUST-310,13520,5,676,14196
INV5661,2025-04-10,XYZ Corp,CUST-311,13657,12,1638.84,15295.84
INV5662,2025-04-11,Global Mart,CUST-312,13794,18,2482.92,16276.92
INV5663,2025-04-12,Tech Solutions,CUST-313,13931,28,3900.68,17831.68
INV5664,2025-04-13,Office Hub,CUST-314,14068,5,703.4,14771.4
INV5665,2025-04-14,Retail One,CUST-315,14205,12,1704.6,15909.6
INV5666,2025-04-15,Bharat Logistics,CUST-316,14342,18,2581.56,16923.56
INV5667,2025-04-16,Tata Enterprises,CUST-317,14479,28,4054.12,18533.12
INV5668,2025-04-17,Reliance Supply,CUST-318,14616,5,730.8,15346.8
INV5669,2025-04-18,Infosys Services,CUST-319,14753,12,1770.36,16523.36
INV5670,2025-04-19,Wipro Digital,CUST-320,14890,18,2680.2,17570.2
INV5671,2025-04-20,Adani Ports & SEZ,CUST-321,15027,28,4207.56,19234.56
INV5672,2025-04-21,Mahindra Spares,CUST-322,15164,5,758.2,15922.2
INV5673,2025-04-22,Larsen Industrial,CUST-323,15301,12,1836.12,17137.12
INV5674,2025-04-23,Bajaj Electricals,CUST-324,15438,18,2778.84,18216.84
INV5675,2025-04-24,Godrej Agrovet,CUST-325,15575,28,4361,19936
INV5676,2025-04-25,Hindustan Traders,CUST-326,15712,5,785.6,16497.6
INV5677,2025-04-26,Zomato Logistics,CUST-327,15849,12,1901.88,17750.88
INV5678,2025-04-27,Swiggy Kitchens,CUST-328,15986,18,2877.48,18863.48
INV5679,2025-04-28,Delhivery Express,CUST-329,16123,28,4514.44,20637.44
INV5680,2025-04-01,ABC Ltd,CUST-330,16260,5,813,17073
INV5681,2025-04-02,XYZ Corp,CUST-331,16397,12,1967.64,18364.64
INV5682,2025-04-03,Global Mart,CUST-332,16534,18,2976.12,19510.12
INV5683,2025-04-04,Tech Solutions,CUST-333,16671,28,4667.88,21338.88
INV5684,2025-04-05,Office Hub,CUST-334,16808,5,840.4,17648.4
INV5685,2025-04-06,Retail One,CUST-335,16945,12,2033.4,18978.4
INV5686,2025-04-07,Bharat Logistics,CUST-336,17082,18,3074.76,20156.76
INV5687,2025-04-08,Tata Enterprises,CUST-337,17219,28,4821.32,22040.32
INV5688,2025-04-09,Reliance Supply,CUST-338,17356,5,867.8,18223.8
INV5689,2025-04-10,Infosys Services,CUST-339,17493,12,2099.16,19592.16
INV5690,2025-04-11,Wipro Digital,CUST-340,17630,18,3173.4,20803.4
INV5691,2025-04-12,Adani Ports & SEZ,CUST-341,17767,28,4974.76,22741.76
INV5692,2025-04-13,Mahindra Spares,CUST-342,17904,5,895.2,18799.2
INV5693,2025-04-14,Larsen Industrial,CUST-343,18041,12,2164.92,20205.92
INV5694,2025-04-15,Bajaj Electricals,CUST-344,18178,18,3272.04,21450.04
INV5695,2025-04-16,Godrej Agrovet,CUST-345,18315,28,5128.2,23443.2
INV5696,2025-04-17,Hindustan Traders,CUST-346,18452,5,922.6,19374.6
INV5697,2025-04-18,Zomato Logistics,CUST-347,18589,12,2230.68,20819.68
INV5698,2025-04-19,Swiggy Kitchens,CUST-348,18726,18,3370.68,22096.68
INV5699,2025-04-20,Delhivery Express,CUST-349,18863,28,5281.64,24144.64
INV5700,2025-04-21,ABC Ltd,CUST-350,850000,5,42500,892500
INV5701,2025-04-22,XYZ Corp,CUST-351,19137,12,2296.44,21433.44
INV5702,2025-04-23,Global Mart,CUST-352,19274,18,3469.32,22743.32
INV5703,2025-04-24,Tech Solutions,CUST-353,19411,28,5435.08,24846.08
INV5704,2025-04-25,Office Hub,CUST-354,19548,5,977.4,20525.4
INV5705,2025-04-26,Retail One,CUST-355,19685,12,2362.2,22047.2
INV5706,2025-04-27,Bharat Logistics,CUST-356,19822,18,3567.96,23389.96
INV5707,2025-04-28,Tata Enterprises,CUST-357,19959,28,5588.52,25547.52
INV5708,2025-04-01,Reliance Supply,CUST-358,20096,5,1004.8,21100.8
INV5709,2025-04-02,Infosys Services,CUST-359,20233,12,2427.96,22660.96
INV5710,2025-04-03,Wipro Digital,CUST-360,20370,18,3666.6,24036.6
INV5711,2025-04-04,Adani Ports & SEZ,CUST-361,20507,28,5741.96,26248.96
INV5712,2025-04-05,Mahindra Spares,CUST-362,20644,5,1032.2,21676.2
INV5713,2025-04-06,Larsen Industrial,CUST-363,20781,12,2493.72,23274.72
INV5714,2025-04-07,Bajaj Electricals,CUST-364,20918,18,3765.24,24683.24
INV5715,2025-04-08,Godrej Agrovet,CUST-365,21055,28,5895.4,26950.4
INV5716,2025-04-09,Hindustan Traders,CUST-366,21192,5,1059.6,22251.6
INV5717,2025-04-10,Zomato Logistics,CUST-367,21329,12,2559.48,23888.48
INV5718,2025-04-11,Swiggy Kitchens,CUST-368,21466,18,3863.88,25329.88
INV5719,2025-04-12,Delhivery Express,CUST-369,21603,28,6048.84,27651.84
INV5720,2025-04-13,ABC Ltd,CUST-370,21740,5,1087,22827
INV5721,2025-04-14,XYZ Corp,CUST-371,21877,12,2625.24,24502.24
INV5722,2025-04-15,Global Mart,CUST-372,22014,18,3962.52,25976.52
INV5723,2025-04-16,Tech Solutions,CUST-373,22151,28,6202.28,28353.28
INV5724,2025-04-17,Office Hub,CUST-374,22288,5,1114.4,23402.4
INV5725,2025-04-18,Retail One,CUST-375,22425,12,2691,25116
INV5726,2025-04-19,Bharat Logistics,CUST-376,22562,18,4061.16,26623.16
INV5727,2025-04-20,Tata Enterprises,CUST-377,22699,28,6355.72,29054.72
INV5728,2025-04-21,Reliance Supply,CUST-378,22836,5,1141.8,23977.8
INV5729,2025-04-22,Infosys Services,CUST-379,22973,12,2756.76,25729.76
INV5730,2025-04-23,Wipro Digital,CUST-380,23110,18,4159.8,27269.8
INV5731,2025-04-24,Adani Ports & SEZ,CUST-381,23247,28,6509.16,29756.16
INV5732,2025-04-25,Mahindra Spares,CUST-382,23384,5,1169.2,24553.2
INV5733,2025-04-26,Larsen Industrial,CUST-383,23521,12,2822.52,26343.52
INV5734,2025-04-27,Bajaj Electricals,CUST-384,23658,18,4258.44,27916.44
INV5735,2025-04-28,Godrej Agrovet,CUST-385,23795,28,6662.6,30457.6
INV5736,2025-04-01,Hindustan Traders,CUST-386,23932,5,1196.6,25128.6
INV5737,2025-04-02,Zomato Logistics,CUST-387,24069,12,2888.28,26957.28
INV5738,2025-04-03,Swiggy Kitchens,CUST-388,24206,18,4357.08,28563.08
INV5739,2025-04-04,Delhivery Express,CUST-389,24343,28,6816.04,31159.04
INV5740,2025-04-05,ABC Ltd,CUST-390,24480,5,1224,25704
INV5741,2025-04-06,XYZ Corp,CUST-391,24617,12,2954.04,27571.04
INV5742,2025-04-07,Global Mart,CUST-392,24754,18,4455.72,29209.72
INV5743,2025-04-08,Tech Solutions,CUST-393,24891,28,6969.48,31860.48
INV5744,2025-04-09,Office Hub,CUST-394,25028,5,1251.4,26279.4
INV5745,2025-04-10,Retail One,CUST-395,25165,12,3019.8,28184.8
INV5746,2025-04-11,Bharat Logistics,CUST-396,25302,18,4554.36,29856.36
INV5747,2025-04-12,Tata Enterprises,CUST-397,25439,28,7122.92,32561.92
INV5748,2025-04-13,Reliance Supply,CUST-398,25576,5,1278.8,26854.8
INV5749,2025-04-14,Infosys Services,CUST-399,25713,12,3085.56,28798.56
INV5750,2025-04-15,Wipro Digital,CUST-400,25850,18,4653,30503
INV5751,2025-04-16,Adani Ports & SEZ,CUST-401,25987,28,7276.36,33263.36
INV5752,2025-04-17,Mahindra Spares,CUST-402,26124,5,1306.2,27430.2
INV5753,2025-04-18,Larsen Industrial,CUST-403,26261,12,3151.32,29412.32
INV5754,2025-04-19,Bajaj Electricals,CUST-404,26398,18,4751.64,31149.64
INV5755,2025-04-20,Godrej Agrovet,CUST-405,26535,28,7429.8,33964.8
INV5756,2025-04-21,Hindustan Traders,CUST-406,26672,5,1333.6,28005.6
INV5757,2025-04-22,Zomato Logistics,CUST-407,26809,12,3217.08,30026.08
INV5758,2025-04-23,Swiggy Kitchens,CUST-408,26946,18,4850.28,31796.28
INV5759,2025-04-24,Delhivery Express,CUST-409,27083,28,7583.24,34666.24
INV5760,2025-04-25,ABC Ltd,CUST-410,27220,5,1361,28581
INV5761,2025-04-26,XYZ Corp,CUST-411,27357,12,3282.84,30639.84
INV5762,2025-04-27,Global Mart,CUST-412,27494,18,4948.92,32442.92
INV5763,2025-04-28,Tech Solutions,CUST-413,27631,28,7736.68,35367.68
INV5764,2025-04-01,Office Hub,CUST-414,27768,5,1388.4,29156.4
INV5765,2025-04-02,Retail One,CUST-415,27905,12,3348.6,31253.6
INV5766,2025-04-03,Bharat Logistics,CUST-416,28042,18,5047.56,33089.56
INV5767,2025-04-04,Tata Enterprises,CUST-417,28179,28,7890.12,36069.12
INV5768,2025-04-05,Reliance Supply,CUST-418,28316,5,1415.8,29731.8
INV5769,2025-04-06,Infosys Services,CUST-419,28453,12,3414.36,31867.36
INV5770,2025-04-07,Wipro Digital,CUST-420,28590,18,5146.2,33736.2
INV5771,2025-04-08,Adani Ports & SEZ,CUST-421,28727,28,8043.56,36770.56
INV5772,2025-04-09,Mahindra Spares,CUST-422,28864,5,1443.2,30307.2
INV5773,2025-04-10,Larsen Industrial,CUST-423,29001,12,3480.12,32481.12
INV5774,2025-04-11,Bajaj Electricals,CUST-424,29138,18,5244.84,34382.84
INV5775,2025-04-12,Godrej Agrovet,CUST-425,29275,28,8197,37472
INV5776,2025-04-13,Hindustan Traders,CUST-426,29412,5,1470.6,30882.6
INV5777,2025-04-14,Zomato Logistics,CUST-427,29549,12,3545.88,33094.88
INV5778,2025-04-15,Swiggy Kitchens,CUST-428,29686,18,5343.48,35029.48
INV5779,2025-04-16,Delhivery Express,CUST-429,29823,28,8350.44,38173.44
INV5780,2025-04-17,ABC Ltd,CUST-430,29960,5,1498,31458
INV5781,2025-04-18,XYZ Corp,CUST-431,30097,12,3611.64,33708.64
INV5782,2025-04-19,Global Mart,CUST-432,30234,18,5442.12,35676.12
INV5783,2025-04-20,Tech Solutions,CUST-433,30371,28,8503.88,38874.88
INV5784,2025-04-21,Office Hub,CUST-434,30508,5,1525.4,32033.4
INV5785,2025-04-22,Retail One,CUST-435,30645,12,3677.4,34322.4
INV5786,2025-04-23,Bharat Logistics,CUST-436,30782,18,5540.76,36322.76
INV5787,2025-04-24,Tata Enterprises,CUST-437,30919,28,8657.32,39576.32
INV5788,2025-04-25,Reliance Supply,CUST-438,31056,5,1552.8,32608.8
INV5789,2025-04-26,Infosys Services,CUST-439,31193,12,3743.16,34936.16
INV5790,2025-04-27,Wipro Digital,CUST-440,31330,18,5639.4,36969.4
INV5791,2025-04-28,Adani Ports & SEZ,CUST-441,31467,28,8810.76,40277.76
INV5792,2025-04-01,Mahindra Spares,CUST-442,31604,5,1580.2,33184.2
INV5793,2025-04-02,Larsen Industrial,CUST-443,31741,12,3808.92,35549.92
INV5794,2025-04-03,Bajaj Electricals,CUST-444,31878,18,5738.04,37616.04
INV5795,2025-04-04,Godrej Agrovet,CUST-445,32015,28,8964.2,40979.2
INV5796,2025-04-05,Hindustan Traders,CUST-446,32152,5,1607.6,33759.6
INV5797,2025-04-06,Zomato Logistics,CUST-447,32289,12,3874.68,36163.68
INV5798,2025-04-07,Swiggy Kitchens,CUST-448,32426,18,5836.68,38262.68
INV5799,2025-04-08,Delhivery Express,CUST-449,32563,28,9117.64,41680.64
INV5800,2025-04-09,ABC Ltd,CUST-450,32700,5,1635,34335
INV5801,2025-04-10,XYZ Corp,CUST-451,32837,12,3940.44,36777.44
INV5802,2025-04-11,Global Mart,CUST-452,32974,18,5935.32,38909.32
INV5803,2025-04-12,Tech Solutions,CUST-453,33111,28,9271.08,42382.08
INV5804,2025-04-13,Office Hub,CUST-454,33248,5,1662.4,34910.4
INV5805,2025-04-14,Retail One,CUST-455,33385,12,4006.2,37391.2
INV5806,2025-04-15,Bharat Logistics,CUST-456,33522,18,6033.96,39555.96
INV5807,2025-04-16,Tata Enterprises,CUST-457,33659,28,9424.52,43083.52
INV5808,2025-04-17,Reliance Supply,CUST-458,33796,5,1689.8,35485.8
INV5809,2025-04-18,Infosys Services,CUST-459,33933,12,4071.96,38004.96
INV5810,2025-04-19,Wipro Digital,CUST-460,34070,18,6132.6,40202.6
INV5811,2025-04-20,Adani Ports & SEZ,CUST-461,34207,28,9577.96,43784.96
INV5812,2025-04-21,Mahindra Spares,CUST-462,34344,5,1717.2,36061.2
INV5813,2025-04-22,Larsen Industrial,CUST-463,34481,12,4137.72,38618.72
INV5814,2025-04-23,Bajaj Electricals,CUST-464,34618,18,6231.24,40849.24
INV5815,2025-04-24,Godrej Agrovet,CUST-465,34755,28,9731.4,44486.4
INV5816,2025-04-25,Hindustan Traders,CUST-466,34892,5,1744.6,36636.6
INV5817,2025-04-26,Zomato Logistics,CUST-467,35029,12,4203.48,39232.48
INV5818,2025-04-27,Swiggy Kitchens,CUST-468,35166,18,6329.88,41495.88
INV5819,2025-04-28,Delhivery Express,CUST-469,35303,28,9884.84,45187.84
INV5820,2025-04-01,ABC Ltd,CUST-470,35440,5,1772,37212
INV5821,2025-04-02,XYZ Corp,CUST-471,35577,12,4269.24,39846.24
INV5822,2025-04-03,Global Mart,CUST-472,35714,18,6428.52,42142.52
INV5823,2025-04-04,Tech Solutions,CUST-473,35851,28,10038.28,45889.28
INV5824,2025-04-05,Office Hub,CUST-474,35988,5,1799.4,37787.4
INV5825,2025-04-06,Retail One,CUST-475,36125,12,4335,40460
INV5826,2025-04-07,Bharat Logistics,CUST-476,36262,18,6527.16,42789.16
INV5827,2025-04-08,Tata Enterprises,CUST-477,36399,28,10191.72,46590.72
INV5828,2025-04-09,Reliance Supply,CUST-478,36536,5,1826.8,38362.8
INV5829,2025-04-10,Infosys Services,CUST-479,36673,12,4400.76,41073.76
INV5830,2025-04-11,Wipro Digital,CUST-480,36810,18,6625.8,43435.8
INV5831,2025-04-12,Adani Ports & SEZ,CUST-481,36947,28,10345.16,47292.16
INV5832,2025-04-13,Mahindra Spares,CUST-482,37084,5,1854.2,38938.2
INV5833,2025-04-14,Larsen Industrial,CUST-483,37221,12,4466.52,41687.52
INV5834,2025-04-15,Bajaj Electricals,CUST-484,37358,18,6724.44,44082.44
INV5835,2025-04-16,Godrej Agrovet,CUST-485,37495,28,10498.6,47993.6
INV5836,2025-04-17,Hindustan Traders,CUST-486,37632,5,1881.6,39513.6
INV5837,2025-04-18,Zomato Logistics,CUST-487,37769,12,4532.28,42301.28
INV5838,2025-04-19,Swiggy Kitchens,CUST-488,37906,18,6823.08,44729.08
INV5839,2025-04-20,Delhivery Express,CUST-489,38043,28,10652.04,48695.04
INV5840,2025-04-21,ABC Ltd,CUST-490,38180,5,1909,40089
INV5841,2025-04-22,XYZ Corp,CUST-491,38317,12,4598.04,42915.04
INV5842,2025-04-23,Global Mart,CUST-492,38454,18,6921.72,45375.72
INV5843,2025-04-24,Tech Solutions,CUST-493,38591,28,10805.48,49396.48
INV5844,2025-04-25,Office Hub,CUST-494,38728,5,1936.4,40664.4
INV5845,2025-04-26,Retail One,CUST-495,38865,12,4663.8,43528.8
INV5846,2025-04-27,Bharat Logistics,CUST-496,39002,18,7020.36,46022.36
INV5847,2025-04-28,Tata Enterprises,CUST-497,39139,28,10958.92,50097.92
INV5848,2025-04-01,Reliance Supply,CUST-498,39276,5,1963.8,41239.8
INV5849,2025-04-02,Infosys Services,CUST-499,39413,12,4729.56,44142.56
INV5850,2025-04-03,Wipro Digital,CUST-500,39550,18,7119,46669
INV5851,2025-04-04,Adani Ports & SEZ,CUST-501,39687,28,11112.36,50799.36
INV5852,2025-04-05,Mahindra Spares,CUST-502,39824,5,1991.2,41815.2
INV5853,2025-04-06,Larsen Industrial,CUST-503,39961,12,4795.32,44756.32
INV5854,2025-04-07,Bajaj Electricals,CUST-504,40098,18,7217.64,47315.64
INV5855,2025-04-08,Godrej Agrovet,CUST-505,40235,28,11265.8,51500.8
INV5856,2025-04-09,Hindustan Traders,CUST-506,40372,5,2018.6,42390.6
INV5857,2025-04-10,Zomato Logistics,CUST-507,40509,12,4861.08,45370.08
INV5858,2025-04-11,Swiggy Kitchens,CUST-508,40646,18,7316.28,47962.28
INV5859,2025-04-12,Delhivery Express,CUST-509,40783,28,11419.24,52202.24
INV5860,2025-04-13,ABC Ltd,CUST-510,40920,5,2046,42966
INV5861,2025-04-14,XYZ Corp,CUST-511,41057,12,4926.84,45983.84
INV5862,2025-04-15,Global Mart,CUST-512,41194,18,7414.92,48608.92
INV5863,2025-04-16,Tech Solutions,CUST-513,41331,28,11572.68,52903.68
INV5864,2025-04-17,Office Hub,CUST-514,41468,5,2073.4,43541.4
INV5865,2025-04-18,Retail One,CUST-515,41605,12,4992.6,46597.6
INV5866,2025-04-19,Bharat Logistics,CUST-516,41742,18,7513.56,49255.56
INV5867,2025-04-20,Tata Enterprises,CUST-517,41879,28,11726.12,53605.12
INV5868,2025-04-21,Reliance Supply,CUST-518,42016,5,2100.8,44116.8
INV5869,2025-04-22,Infosys Services,CUST-519,42153,12,5058.36,47211.36
INV5870,2025-04-23,Wipro Digital,CUST-520,42290,18,7612.2,49902.2
INV5871,2025-04-24,Adani Ports & SEZ,CUST-521,42427,28,11879.56,54306.56
INV5872,2025-04-25,Mahindra Spares,CUST-522,42564,5,2128.2,44692.2
INV5873,2025-04-26,Larsen Industrial,CUST-523,42701,12,5124.12,47825.12
INV5874,2025-04-27,Bajaj Electricals,CUST-524,42838,18,7710.84,50548.84
INV5875,2025-04-28,Godrej Agrovet,CUST-525,42975,28,12033,55008
INV5876,2025-04-01,Hindustan Traders,CUST-526,43112,5,2155.6,45267.6
INV5877,2025-04-02,Zomato Logistics,CUST-527,43249,12,5189.88,48438.88
INV5878,2025-04-03,Swiggy Kitchens,CUST-528,43386,18,7809.48,51195.48
INV5879,2025-04-04,Delhivery Express,CUST-529,43523,28,12186.44,55709.44
INV5880,2025-04-05,ABC Ltd,CUST-530,43660,5,2183,45843
INV5881,2025-04-06,XYZ Corp,CUST-531,43797,12,5255.64,49052.64
INV5882,2025-04-07,Global Mart,CUST-532,43934,18,7908.12,51842.12
INV5883,2025-04-08,Tech Solutions,CUST-533,44071,28,12339.88,56410.88
INV5884,2025-04-09,Office Hub,CUST-534,44208,5,2210.4,46418.4
INV5885,2025-04-10,Retail One,CUST-535,44345,12,5321.4,49666.4
INV5886,2025-04-11,Bharat Logistics,CUST-536,44482,18,8006.76,52488.76
INV5887,2025-04-12,Tata Enterprises,CUST-537,44619,28,12493.32,57112.32
INV5888,2025-04-13,Reliance Supply,CUST-538,44756,5,2237.8,46993.8
INV5889,2025-04-14,Infosys Services,CUST-539,44893,12,5387.16,50280.16
INV5890,2025-04-15,Wipro Digital,CUST-540,45030,18,8105.4,53135.4
INV5891,2025-04-16,Adani Ports & SEZ,CUST-541,45167,28,12646.76,57813.76
INV5892,2025-04-17,Mahindra Spares,CUST-542,45304,5,2265.2,47569.2
INV5893,2025-04-18,Larsen Industrial,CUST-543,45441,12,5452.92,50893.92
INV5894,2025-04-19,Bajaj Electricals,CUST-544,45578,18,8204.04,53782.04
INV5895,2025-04-20,Godrej Agrovet,CUST-545,45715,28,12800.2,58515.2
INV5896,2025-04-21,Hindustan Traders,CUST-546,45852,5,2292.6,48144.6
INV5897,2025-04-22,Zomato Logistics,CUST-547,45989,12,5518.68,51507.68
INV5898,2025-04-23,Swiggy Kitchens,CUST-548,46126,18,8302.68,54428.68
INV5899,2025-04-24,Delhivery Express,CUST-549,46263,28,12953.64,59216.64
INV5900,2025-04-25,ABC Ltd,CUST-550,46400,5,2320,48720
INV5901,2025-04-26,XYZ Corp,CUST-551,46537,12,5584.44,52121.44
INV5902,2025-04-27,Global Mart,CUST-552,46674,18,8401.32,55075.32
INV5903,2025-04-28,Tech Solutions,CUST-553,46811,28,13107.08,59918.08
INV5904,2025-04-01,Office Hub,CUST-554,46948,5,2347.4,49295.4
INV5905,2025-04-02,Retail One,CUST-555,47085,12,5650.2,52735.2
INV5906,2025-04-03,Bharat Logistics,CUST-556,47222,18,8499.96,55721.96
INV5907,2025-04-04,Tata Enterprises,CUST-557,47359,28,13260.52,60619.52
INV5908,2025-04-05,Reliance Supply,CUST-558,47496,5,2374.8,49870.8
INV5909,2025-04-06,Infosys Services,CUST-559,47633,12,5715.96,53348.96
INV5910,2025-04-07,Wipro Digital,CUST-560,47770,18,8598.6,56368.6
INV5911,2025-04-08,Adani Ports & SEZ,CUST-561,47907,28,13413.96,61320.96
INV5912,2025-04-09,Mahindra Spares,CUST-562,48044,5,2402.2,50446.2
INV5913,2025-04-10,Larsen Industrial,CUST-563,48181,12,5781.72,53962.72
INV5914,2025-04-11,Bajaj Electricals,CUST-564,48318,18,8697.24,57015.24
INV5915,2025-04-12,Godrej Agrovet,CUST-565,48455,28,13567.4,62022.4
INV5916,2025-04-13,Hindustan Traders,CUST-566,48592,5,2429.6,51021.6
INV5917,2025-04-14,Zomato Logistics,CUST-567,48729,12,5847.48,54576.48
INV5918,2025-04-15,Swiggy Kitchens,CUST-568,48866,18,8795.88,57661.88
INV5919,2025-04-16,Delhivery Express,CUST-569,49003,28,13720.84,62723.84
INV5920,2025-04-17,ABC Ltd,CUST-570,49140,5,2457,51597
INV5921,2025-04-18,XYZ Corp,CUST-571,49277,12,5913.24,55190.24
INV5922,2025-04-19,Global Mart,CUST-572,49414,18,8894.52,58308.52
INV5923,2025-04-20,Tech Solutions,CUST-573,49551,28,13874.28,63425.28
INV5924,2025-04-21,Office Hub,CUST-574,49688,5,2484.4,52172.4
INV5925,2025-04-22,Retail One,CUST-575,49825,12,5979,55804
INV5926,2025-04-23,Bharat Logistics,CUST-576,49962,18,8993.16,58955.16
INV5927,2025-04-24,Tata Enterprises,CUST-577,50099,28,14027.72,64126.72
INV5928,2025-04-25,Reliance Supply,CUST-578,50236,5,2511.8,52747.8
INV5929,2025-04-26,Infosys Services,CUST-579,50373,12,6044.76,56417.76
INV5930,2025-04-27,Wipro Digital,CUST-580,50510,18,9091.8,59601.8
INV5931,2025-04-28,Adani Ports & SEZ,CUST-581,50647,28,14181.16,64828.16
INV5932,2025-04-01,Mahindra Spares,CUST-582,50784,5,2539.2,53323.2
INV5933,2025-04-02,Larsen Industrial,CUST-583,50921,12,6110.52,57031.52
INV5934,2025-04-03,Bajaj Electricals,CUST-584,51058,18,9190.44,60248.44
INV5935,2025-04-04,Godrej Agrovet,CUST-585,51195,28,14334.6,65529.6
INV5936,2025-04-05,Hindustan Traders,CUST-586,51332,5,2566.6,53898.6
INV5937,2025-04-06,Zomato Logistics,CUST-587,51469,12,6176.28,57645.28
INV5938,2025-04-07,Swiggy Kitchens,CUST-588,51606,18,9289.08,60895.08
INV5939,2025-04-08,Delhivery Express,CUST-589,51743,28,14488.04,66231.04
INV5940,2025-04-09,ABC Ltd,CUST-590,51880,5,2594,54474
INV5941,2025-04-10,XYZ Corp,CUST-591,52017,12,6242.04,58259.04
INV5942,2025-04-11,Global Mart,CUST-592,52154,18,9387.72,61541.72
INV5943,2025-04-12,Tech Solutions,CUST-593,52291,28,14641.48,66932.48
INV5944,2025-04-13,Office Hub,CUST-594,52428,5,2621.4,55049.4
INV5945,2025-04-14,Retail One,CUST-595,52565,12,6307.8,58872.8
INV5946,2025-04-15,Bharat Logistics,CUST-596,52702,18,9486.36,62188.36
INV5947,2025-04-16,Tata Enterprises,CUST-597,52839,28,14794.92,67633.92
INV5948,2025-04-17,Reliance Supply,CUST-598,52976,5,2648.8,55624.8
INV5949,2025-04-18,Infosys Services,CUST-599,53113,12,6373.56,59486.56
INV5950,2025-04-19,Wipro Digital,CUST-600,1050000,18,189000,1239000
INV5951,2025-04-20,Adani Ports & SEZ,CUST-601,53387,28,14948.36,68335.36
INV5952,2025-04-21,Mahindra Spares,CUST-602,53524,5,2676.2,56200.2
INV5953,2025-04-22,Larsen Industrial,CUST-603,53661,12,6439.32,60100.32
INV5954,2025-04-23,Bajaj Electricals,CUST-604,53798,18,9683.64,63481.64
INV5955,2025-04-24,Godrej Agrovet,CUST-605,53935,28,15101.8,69036.8
INV5956,2025-04-25,Hindustan Traders,CUST-606,54072,5,2703.6,56775.6
INV5957,2025-04-26,Zomato Logistics,CUST-607,54209,12,6505.08,60714.08
INV5958,2025-04-27,Swiggy Kitchens,CUST-608,54346,18,9782.28,64128.28
INV5959,2025-04-28,Delhivery Express,CUST-609,54483,28,15255.24,69738.24
INV5960,2025-04-01,ABC Ltd,CUST-610,54620,5,2731,57351
INV5961,2025-04-02,XYZ Corp,CUST-611,54757,12,6570.84,61327.84
INV5962,2025-04-03,Global Mart,CUST-612,54894,18,9880.92,64774.92
INV5963,2025-04-04,Tech Solutions,CUST-613,55031,28,15408.68,70439.68
INV5964,2025-04-05,Office Hub,CUST-614,55168,5,2758.4,57926.4
INV5965,2025-04-06,Retail One,CUST-615,55305,12,6636.6,61941.6
INV5966,2025-04-07,Bharat Logistics,CUST-616,55442,18,9979.56,65421.56
INV5967,2025-04-08,Tata Enterprises,CUST-617,55579,28,15562.12,71141.12
INV5968,2025-04-09,Reliance Supply,CUST-618,55716,5,2785.8,58501.8
INV5969,2025-04-10,Infosys Services,CUST-619,55853,12,6702.36,62555.36
INV5970,2025-04-11,Wipro Digital,CUST-620,55990,18,10078.2,66068.2
INV5971,2025-04-12,Adani Ports & SEZ,CUST-621,56127,28,15715.56,71842.56
INV5972,2025-04-13,Mahindra Spares,CUST-622,56264,5,2813.2,59077.2
INV5973,2025-04-14,Larsen Industrial,CUST-623,56401,12,6768.12,63169.12
INV5974,2025-04-15,Bajaj Electricals,CUST-624,56538,18,10176.84,66714.84
INV5975,2025-04-16,Godrej Agrovet,CUST-625,56675,28,15869,72544
INV5976,2025-04-17,Hindustan Traders,CUST-626,56812,5,2840.6,59652.6
INV5977,2025-04-18,Zomato Logistics,CUST-627,56949,12,6833.88,63782.88
INV5978,2025-04-19,Swiggy Kitchens,CUST-628,57086,18,10275.48,67361.48
INV5979,2025-04-20,Delhivery Express,CUST-629,57223,28,16022.44,73245.44
INV5980,2025-04-21,ABC Ltd,CUST-630,57360,5,2868,60228
INV5981,2025-04-22,XYZ Corp,CUST-631,57497,12,6899.64,64396.64
INV5982,2025-04-23,Global Mart,CUST-632,57634,18,10374.12,68008.12
INV5983,2025-04-24,Tech Solutions,CUST-633,57771,28,16175.88,73946.88
INV5984,2025-04-25,Office Hub,CUST-634,57908,5,2895.4,60803.4
INV5985,2025-04-26,Retail One,CUST-635,58045,12,6965.4,65010.4
INV5986,2025-04-27,Bharat Logistics,CUST-636,58182,18,10472.76,68654.76
INV5987,2025-04-28,Tata Enterprises,CUST-637,58319,28,16329.32,74648.32
INV5988,2025-04-01,Reliance Supply,CUST-638,58456,5,2922.8,61378.8
INV5989,2025-04-02,Infosys Services,CUST-639,58593,12,7031.16,65624.16
INV5990,2025-04-03,Wipro Digital,CUST-640,58730,18,10571.4,69301.4
INV5991,2025-04-04,Adani Ports & SEZ,CUST-641,58867,28,16482.76,75349.76
INV5992,2025-04-05,Mahindra Spares,CUST-642,59004,5,2950.2,61954.2
INV5993,2025-04-06,Larsen Industrial,CUST-643,59141,12,7096.92,66237.92
INV5994,2025-04-07,Bajaj Electricals,CUST-644,59278,18,10670.04,69948.04
INV5995,2025-04-08,Godrej Agrovet,CUST-645,59415,28,16636.2,76051.2
INV5996,2025-04-09,Hindustan Traders,CUST-646,59552,5,2977.6,62529.6
INV5997,2025-04-10,Zomato Logistics,CUST-647,59689,12,7162.68,66851.68
INV5998,2025-04-11,Swiggy Kitchens,CUST-648,59826,18,10768.68,70594.68
INV5999,2025-04-12,Delhivery Express,CUST-649,59963,28,16789.64,76752.64
INV6000,2025-04-13,ABC Ltd,CUST-650,60100,5,3005,63105
INV6001,2025-04-14,XYZ Corp,CUST-651,60237,12,7228.44,67465.44
INV6002,2025-04-15,Global Mart,CUST-652,60374,18,10867.32,71241.32
INV6003,2025-04-16,Tech Solutions,CUST-653,60511,28,16943.08,77454.08
INV6004,2025-04-17,Office Hub,CUST-654,60648,5,3032.4,63680.4
INV6005,2025-04-18,Retail One,CUST-655,60785,12,7294.2,68079.2
INV6006,2025-04-19,Bharat Logistics,CUST-656,60922,18,10965.96,71887.96
INV6007,2025-04-20,Tata Enterprises,CUST-657,61059,28,17096.52,78155.52
INV6008,2025-04-21,Reliance Supply,CUST-658,61196,5,3059.8,64255.8
INV6009,2025-04-22,Infosys Services,CUST-659,61333,12,7359.96,68692.96
INV6010,2025-04-23,Wipro Digital,CUST-660,61470,18,11064.6,72534.6
INV6011,2025-04-24,Adani Ports & SEZ,CUST-661,61607,28,17249.96,78856.96
INV6012,2025-04-25,Mahindra Spares,CUST-662,61744,5,3087.2,64831.2
INV6013,2025-04-26,Larsen Industrial,CUST-663,61881,12,7425.72,69306.72
INV6014,2025-04-27,Bajaj Electricals,CUST-664,62018,18,11163.24,73181.24
INV6015,2025-04-28,Godrej Agrovet,CUST-665,62155,28,17403.4,79558.4
INV6016,2025-04-01,Hindustan Traders,CUST-666,62292,5,3114.6,65406.6
INV6017,2025-04-02,Zomato Logistics,CUST-667,62429,12,7491.48,69920.48
INV6018,2025-04-03,Swiggy Kitchens,CUST-668,62566,18,11261.88,73827.88
INV6019,2025-04-04,Delhivery Express,CUST-669,62703,28,17556.84,80259.84
INV6020,2025-04-05,ABC Ltd,CUST-670,62840,5,3142,65982
INV6021,2025-04-06,XYZ Corp,CUST-671,62977,12,7557.24,70534.24
INV6022,2025-04-07,Global Mart,CUST-672,63114,18,11360.52,74474.52
INV6023,2025-04-08,Tech Solutions,CUST-673,63251,28,17710.28,80961.28
INV6024,2025-04-09,Office Hub,CUST-674,63388,5,3169.4,66557.4
INV6025,2025-04-10,Retail One,CUST-675,63525,12,7623,71148
INV6026,2025-04-11,Bharat Logistics,CUST-676,63662,18,11459.16,75121.16
INV6027,2025-04-12,Tata Enterprises,CUST-677,63799,28,17863.72,81662.72
INV6028,2025-04-13,Reliance Supply,CUST-678,63936,5,3196.8,67132.8
INV6029,2025-04-14,Infosys Services,CUST-679,64073,12,7688.76,71761.76
INV6030,2025-04-15,Wipro Digital,CUST-680,64210,18,11557.8,75767.8
INV6031,2025-04-16,Adani Ports & SEZ,CUST-681,64347,28,18017.16,82364.16
INV6032,2025-04-17,Mahindra Spares,CUST-682,64484,5,3224.2,67708.2
INV6033,2025-04-18,Larsen Industrial,CUST-683,64621,12,7754.52,72375.52
INV6034,2025-04-19,Bajaj Electricals,CUST-684,64758,18,11656.44,76414.44
INV6035,2025-04-20,Godrej Agrovet,CUST-685,64895,28,18170.6,83065.6
INV6036,2025-04-21,Hindustan Traders,CUST-686,65032,5,3251.6,68283.6
INV6037,2025-04-22,Zomato Logistics,CUST-687,65169,12,7820.28,72989.28
INV6038,2025-04-23,Swiggy Kitchens,CUST-688,65306,18,11755.08,77061.08
INV6039,2025-04-24,Delhivery Express,CUST-689,65443,28,18324.04,83767.04
INV6040,2025-04-25,ABC Ltd,CUST-690,65580,5,3279,68859
INV6041,2025-04-26,XYZ Corp,CUST-691,65717,12,7886.04,73603.04
INV6042,2025-04-27,Global Mart,CUST-692,65854,18,11853.72,77707.72
INV6043,2025-04-28,Tech Solutions,CUST-693,65991,28,18477.48,84468.48
INV6044,2025-04-01,Office Hub,CUST-694,66128,5,3306.4,69434.4
INV6045,2025-04-02,Retail One,CUST-695,66265,12,7951.8,74216.8
INV6046,2025-04-03,Bharat Logistics,CUST-696,66402,18,11952.36,78354.36
INV6047,2025-04-04,Tata Enterprises,CUST-697,66539,28,18630.92,85169.92
INV6048,2025-04-05,Reliance Supply,CUST-698,66676,5,3333.8,70009.8
INV6049,2025-04-06,Infosys Services,CUST-699,66813,12,8017.56,74830.56
INV6050,2025-04-07,Wipro Digital,CUST-700,66950,18,12051,79001
INV6051,2025-04-08,Adani Ports & SEZ,CUST-701,67087,28,18784.36,85871.36
INV6052,2025-04-09,Mahindra Spares,CUST-702,67224,5,3361.2,70585.2
INV6053,2025-04-10,Larsen Industrial,CUST-703,67361,12,8083.32,75444.32
INV6054,2025-04-11,Bajaj Electricals,CUST-704,67498,18,12149.64,79647.64
INV6055,2025-04-12,Godrej Agrovet,CUST-705,67635,28,18937.8,86572.8
INV6056,2025-04-13,Hindustan Traders,CUST-706,67772,5,3388.6,71160.6
INV6057,2025-04-14,Zomato Logistics,CUST-707,67909,12,8149.08,76058.08
INV6058,2025-04-15,Swiggy Kitchens,CUST-708,68046,18,12248.28,80294.28
INV6059,2025-04-16,Delhivery Express,CUST-709,68183,28,19091.24,87274.24
INV6060,2025-04-17,ABC Ltd,CUST-710,68320,5,3416,71736
INV6061,2025-04-18,XYZ Corp,CUST-711,68457,12,8214.84,76671.84
INV6062,2025-04-19,Global Mart,CUST-712,68594,18,12346.92,80940.92
INV6063,2025-04-20,Tech Solutions,CUST-713,68731,28,19244.68,87975.68
INV6064,2025-04-21,Office Hub,CUST-714,68868,5,3443.4,72311.4
INV6065,2025-04-22,Retail One,CUST-715,69005,12,8280.6,77285.6
INV6066,2025-04-23,Bharat Logistics,CUST-716,69142,18,12445.56,81587.56
INV6067,2025-04-24,Tata Enterprises,CUST-717,69279,28,19398.12,88677.12
INV6068,2025-04-25,Reliance Supply,CUST-718,69416,5,3470.8,72886.8
INV6069,2025-04-26,Infosys Services,CUST-719,69553,12,8346.36,77899.36
INV6070,2025-04-27,Wipro Digital,CUST-720,69690,18,12544.2,82234.2
INV6071,2025-04-28,Adani Ports & SEZ,CUST-721,69827,28,19551.56,89378.56
INV6072,2025-04-01,Mahindra Spares,CUST-722,69964,5,3498.2,73462.2
INV6073,2025-04-02,Larsen Industrial,CUST-723,70101,12,8412.12,78513.12
INV6074,2025-04-03,Bajaj Electricals,CUST-724,70238,18,12642.84,82880.84
INV6075,2025-04-04,Godrej Agrovet,CUST-725,70375,28,19705,90080
INV6076,2025-04-05,Hindustan Traders,CUST-726,70512,5,3525.6,74037.6
INV6077,2025-04-06,Zomato Logistics,CUST-727,70649,12,8477.88,79126.88
INV6078,2025-04-07,Swiggy Kitchens,CUST-728,70786,18,12741.48,83527.48
INV6079,2025-04-08,Delhivery Express,CUST-729,70923,28,19858.44,90781.44
INV6080,2025-04-09,ABC Ltd,CUST-730,71060,5,3553,74613
INV6081,2025-04-10,XYZ Corp,CUST-731,71197,12,8543.64,79740.64
INV6082,2025-04-11,Global Mart,CUST-732,71334,18,12840.12,84174.12
INV6083,2025-04-12,Tech Solutions,CUST-733,71471,28,20011.88,91482.88
INV6084,2025-04-13,Office Hub,CUST-734,71608,5,3580.4,75188.4
INV6085,2025-04-14,Retail One,CUST-735,71745,12,8609.4,80354.4
INV6086,2025-04-15,Bharat Logistics,CUST-736,71882,18,12938.76,84820.76
INV6087,2025-04-16,Tata Enterprises,CUST-737,72019,28,20165.32,92184.32
INV6088,2025-04-17,Reliance Supply,CUST-738,72156,5,3607.8,75763.8
INV6089,2025-04-18,Infosys Services,CUST-739,72293,12,8675.16,80968.16
INV6090,2025-04-19,Wipro Digital,CUST-740,72430,18,13037.4,85467.4
INV6091,2025-04-20,Adani Ports & SEZ,CUST-741,72567,28,20318.76,92885.76
INV6092,2025-04-21,Mahindra Spares,CUST-742,72704,5,3635.2,76339.2
INV6093,2025-04-22,Larsen Industrial,CUST-743,72841,12,8740.92,81581.92
INV6094,2025-04-23,Bajaj Electricals,CUST-744,72978,18,13136.04,86114.04
INV6095,2025-04-24,Godrej Agrovet,CUST-745,73115,28,20472.2,93587.2
INV6096,2025-04-25,Hindustan Traders,CUST-746,73252,5,3662.6,76914.6
INV6097,2025-04-26,Zomato Logistics,CUST-747,73389,12,8806.68,82195.68
INV6098,2025-04-27,Swiggy Kitchens,CUST-748,73526,18,13234.68,86760.68
INV6099,2025-04-28,Delhivery Express,CUST-749,73663,28,20625.64,94288.64
INV6100,2025-04-01,ABC Ltd,CUST-750,73800,5,3690,77490
INV6101,2025-04-02,XYZ Corp,CUST-751,73937,12,8872.44,82809.44
INV6102,2025-04-03,Global Mart,CUST-752,74074,18,13333.32,87407.32
INV6103,2025-04-04,Tech Solutions,CUST-753,74211,28,20779.08,94990.08
INV6104,2025-04-05,Office Hub,CUST-754,74348,5,3717.4,78065.4
INV6105,2025-04-06,Retail One,CUST-755,74485,12,8938.2,83423.2
INV6106,2025-04-07,Bharat Logistics,CUST-756,74622,18,13431.96,88053.96
INV6107,2025-04-08,Tata Enterprises,CUST-757,74759,28,20932.52,95691.52
INV6108,2025-04-09,Reliance Supply,CUST-758,74896,5,3744.8,78640.8
INV6109,2025-04-10,Infosys Services,CUST-759,75033,12,9003.96,84036.96
INV6110,2025-04-11,Wipro Digital,CUST-760,75170,18,13530.6,88700.6
INV6111,2025-04-12,Adani Ports & SEZ,CUST-761,75307,28,21085.96,96392.96
INV6112,2025-04-13,Mahindra Spares,CUST-762,75444,5,3772.2,79216.2
INV6113,2025-04-14,Larsen Industrial,CUST-763,75581,12,9069.72,84650.72
INV6114,2025-04-15,Bajaj Electricals,CUST-764,75718,18,13629.24,89347.24
INV6115,2025-04-16,Godrej Agrovet,CUST-765,75855,28,21239.4,97094.4
INV6116,2025-04-17,Hindustan Traders,CUST-766,75992,5,3799.6,79791.6
INV6117,2025-04-18,Zomato Logistics,CUST-767,76129,12,9135.48,85264.48
INV6118,2025-04-19,Swiggy Kitchens,CUST-768,76266,18,13727.88,89993.88
INV6119,2025-04-20,Delhivery Express,CUST-769,76403,28,21392.84,97795.84
INV6120,2025-04-21,ABC Ltd,CUST-770,76540,5,3827,80367
INV6121,2025-04-22,XYZ Corp,CUST-771,76677,12,9201.24,85878.24
INV6122,2025-04-23,Global Mart,CUST-772,76814,18,13826.52,90640.52
INV6123,2025-04-24,Tech Solutions,CUST-773,76951,28,21546.28,98497.28
INV6124,2025-04-25,Office Hub,CUST-774,77088,5,3854.4,80942.4
INV6125,2025-04-26,Retail One,CUST-775,77225,12,9267,86492
INV6126,2025-04-27,Bharat Logistics,CUST-776,77362,18,13925.16,91287.16
INV6127,2025-04-28,Tata Enterprises,CUST-777,77499,28,21699.72,99198.72
INV6128,2025-04-01,Reliance Supply,CUST-778,2636,5,131.8,2767.8
INV6129,2025-04-02,Infosys Services,CUST-779,2773,12,332.76,3105.76
INV6130,2025-04-03,Wipro Digital,CUST-780,2910,18,523.8,3433.8
INV6131,2025-04-04,Adani Ports & SEZ,CUST-781,3047,28,853.16,3900.16
INV6132,2025-04-05,Mahindra Spares,CUST-782,3184,5,159.2,3343.2
INV6133,2025-04-06,Larsen Industrial,CUST-783,3321,12,398.52,3719.52
INV6134,2025-04-07,Bajaj Electricals,CUST-784,3458,18,622.44,4080.44
INV6135,2025-04-08,Godrej Agrovet,CUST-785,3595,28,1006.6,4601.6
INV6136,2025-04-09,Hindustan Traders,CUST-786,3732,5,186.6,3918.6
INV6137,2025-04-10,Zomato Logistics,CUST-787,3869,12,464.28,4333.28
INV6138,2025-04-11,Swiggy Kitchens,CUST-788,4006,18,721.08,4727.08
INV6139,2025-04-12,Delhivery Express,CUST-789,4143,28,1160.04,5303.04
INV6140,2025-04-13,ABC Ltd,CUST-790,4280,5,214,4494
INV6141,2025-04-14,XYZ Corp,CUST-791,4417,12,530.04,4947.04
INV6142,2025-04-15,Global Mart,CUST-792,4554,18,819.72,5373.72
INV6143,2025-04-16,Tech Solutions,CUST-793,4691,28,1313.48,6004.48
INV6144,2025-04-17,Office Hub,CUST-794,4828,5,241.4,5069.4
INV6145,2025-04-18,Retail One,CUST-795,4965,12,595.8,5560.8
INV6146,2025-04-19,Bharat Logistics,CUST-796,5102,18,918.36,6020.36
INV6147,2025-04-20,Tata Enterprises,CUST-797,5239,28,1466.92,6705.92
INV6148,2025-04-21,Reliance Supply,CUST-798,5376,5,268.8,5644.8
INV6149,2025-04-22,Infosys Services,CUST-799,5513,12,661.56,6174.56
INV6150,2025-04-23,Wipro Digital,CUST-800,5650,18,1017,6667
INV6151,2025-04-24,Adani Ports & SEZ,CUST-801,5787,28,1620.36,7407.36
INV6152,2025-04-25,Mahindra Spares,CUST-802,5924,5,296.2,6220.2
INV6153,2025-04-26,Larsen Industrial,CUST-803,6061,12,727.32,6788.32
INV6154,2025-04-27,Bajaj Electricals,CUST-804,6198,18,1115.64,7313.64
INV6155,2025-04-28,Godrej Agrovet,CUST-805,6335,28,1773.8,8108.8
INV6156,2025-04-01,Hindustan Traders,CUST-806,6472,5,323.6,6795.6
INV6157,2025-04-02,Zomato Logistics,CUST-807,6609,12,793.08,7402.08
INV6158,2025-04-03,Swiggy Kitchens,CUST-808,6746,18,1214.28,7960.28
INV6159,2025-04-04,Delhivery Express,CUST-809,6883,28,1927.24,8810.24
INV6160,2025-04-05,ABC Ltd,CUST-810,7020,5,351,7371
INV6161,2025-04-06,XYZ Corp,CUST-811,7157,12,858.84,8015.84
INV6162,2025-04-07,Global Mart,CUST-812,7294,18,1312.92,8606.92
INV6163,2025-04-08,Tech Solutions,CUST-813,7431,28,2080.68,9511.68
INV6164,2025-04-09,Office Hub,CUST-814,7568,5,378.4,7946.4
INV6165,2025-04-10,Retail One,CUST-815,7705,12,924.6,8629.6
INV6166,2025-04-11,Bharat Logistics,CUST-816,7842,18,1411.56,9253.56
INV6167,2025-04-12,Tata Enterprises,CUST-817,7979,28,2234.12,10213.12
INV6168,2025-04-13,Reliance Supply,CUST-818,8116,5,405.8,8521.8
INV6169,2025-04-14,Infosys Services,CUST-819,8253,12,990.36,9243.36
INV6170,2025-04-15,Wipro Digital,CUST-820,8390,18,1510.2,9900.2
INV6171,2025-04-16,Adani Ports & SEZ,CUST-821,8527,28,2387.56,10914.56
INV6172,2025-04-17,Mahindra Spares,CUST-822,8664,5,433.2,9097.2
INV6173,2025-04-18,Larsen Industrial,CUST-823,8801,12,1056.12,9857.12
INV6174,2025-04-19,Bajaj Electricals,CUST-824,8938,18,1608.84,10546.84
INV6175,2025-04-20,Godrej Agrovet,CUST-825,9075,28,2541,11616
INV6176,2025-04-21,Hindustan Traders,CUST-826,9212,5,460.6,9672.6
INV6177,2025-04-22,Zomato Logistics,CUST-827,9349,12,1121.88,10470.88
INV6178,2025-04-23,Swiggy Kitchens,CUST-828,9486,18,1707.48,11193.48
INV6179,2025-04-24,Delhivery Express,CUST-829,9623,28,2694.44,12317.44
INV6180,2025-04-25,ABC Ltd,CUST-830,9760,5,488,10248
INV6181,2025-04-26,XYZ Corp,CUST-831,9897,12,1187.64,11084.64
INV6182,2025-04-27,Global Mart,CUST-832,10034,18,1806.12,11840.12
INV6183,2025-04-28,Tech Solutions,CUST-833,10171,28,2847.88,13018.88
INV6184,2025-04-01,Office Hub,CUST-834,10308,5,515.4,10823.4
INV6185,2025-04-02,Retail One,CUST-835,10445,12,1253.4,11698.4
INV6186,2025-04-03,Bharat Logistics,CUST-836,10582,18,1904.76,12486.76
INV6187,2025-04-04,Tata Enterprises,CUST-837,10719,28,3001.32,13720.32
INV6188,2025-04-05,Reliance Supply,CUST-838,10856,5,542.8,11398.8
INV6189,2025-04-06,Infosys Services,CUST-839,10993,12,1319.16,12312.16
INV6190,2025-04-07,Wipro Digital,CUST-840,11130,18,2003.4,13133.4
INV6191,2025-04-08,Adani Ports & SEZ,CUST-841,11267,28,3154.76,14421.76
INV6192,2025-04-09,Mahindra Spares,CUST-842,11404,5,570.2,11974.2
INV6193,2025-04-10,Larsen Industrial,CUST-843,11541,12,1384.92,12925.92
INV6194,2025-04-11,Bajaj Electricals,CUST-844,11678,18,2102.04,13780.04
INV6195,2025-04-12,Godrej Agrovet,CUST-845,11815,28,3308.2,15123.2
INV6196,2025-04-13,Hindustan Traders,CUST-846,11952,5,597.6,12549.6
INV6197,2025-04-14,Zomato Logistics,CUST-847,12089,12,1450.68,13539.68
INV6198,2025-04-15,Swiggy Kitchens,CUST-848,12226,18,2200.68,14426.68
INV6199,2025-04-16,Delhivery Express,CUST-849,12363,28,3461.64,15824.64
INV6200,2025-04-17,ABC Ltd,CUST-850,950000,5,47500,997500
INV6201,2025-04-18,XYZ Corp,CUST-851,12637,12,1516.44,14153.44
INV6202,2025-04-19,Global Mart,CUST-852,12774,18,2299.32,15073.32
INV6203,2025-04-20,Tech Solutions,CUST-853,12911,28,3615.08,16526.08
INV6204,2025-04-21,Office Hub,CUST-854,13048,5,652.4,13700.4
INV6205,2025-04-22,Retail One,CUST-855,13185,12,1582.2,14767.2
INV6206,2025-04-23,Bharat Logistics,CUST-856,13322,18,2397.96,15719.96
INV6207,2025-04-24,Tata Enterprises,CUST-857,13459,28,3768.52,17227.52
INV6208,2025-04-25,Reliance Supply,CUST-858,13596,5,679.8,14275.8
INV6209,2025-04-26,Infosys Services,CUST-859,13733,12,1647.96,15380.96
INV6210,2025-04-27,Wipro Digital,CUST-860,13870,18,2496.6,16366.6
INV6211,2025-04-28,Adani Ports & SEZ,CUST-861,14007,28,3921.96,17928.96
INV6212,2025-04-01,Mahindra Spares,CUST-862,14144,5,707.2,14851.2
INV6213,2025-04-02,Larsen Industrial,CUST-863,14281,12,1713.72,15994.72
INV6214,2025-04-03,Bajaj Electricals,CUST-864,14418,18,2595.24,17013.24
INV6215,2025-04-04,Godrej Agrovet,CUST-865,14555,28,4075.4,18630.4
INV6216,2025-04-05,Hindustan Traders,CUST-866,14692,5,734.6,15426.6
INV6217,2025-04-06,Zomato Logistics,CUST-867,14829,12,1779.48,16608.48
INV6218,2025-04-07,Swiggy Kitchens,CUST-868,14966,18,2693.88,17659.88
INV6219,2025-04-08,Delhivery Express,CUST-869,15103,28,4228.84,19331.84
INV6220,2025-04-09,ABC Ltd,CUST-870,15240,5,762,16002
INV6221,2025-04-10,XYZ Corp,CUST-871,15377,12,1845.24,17222.24
INV6222,2025-04-11,Global Mart,CUST-872,15514,18,2792.52,18306.52
INV6223,2025-04-12,Tech Solutions,CUST-873,15651,28,4382.28,20033.28
INV6224,2025-04-13,Office Hub,CUST-874,15788,5,789.4,16577.4
INV6225,2025-04-14,Retail One,CUST-875,15925,12,1911,17836
INV6226,2025-04-15,Bharat Logistics,CUST-876,16062,18,2891.16,18953.16
INV6227,2025-04-16,Tata Enterprises,CUST-877,16199,28,4535.72,20734.72
INV6228,2025-04-17,Reliance Supply,CUST-878,16336,5,816.8,17152.8
INV6229,2025-04-18,Infosys Services,CUST-879,16473,12,1976.76,18449.76
INV6230,2025-04-19,Wipro Digital,CUST-880,16610,18,2989.8,19599.8
INV6231,2025-04-20,Adani Ports & SEZ,CUST-881,16747,28,4689.16,21436.16
INV6232,2025-04-21,Mahindra Spares,CUST-882,16884,5,844.2,17728.2
INV6233,2025-04-22,Larsen Industrial,CUST-883,17021,12,2042.52,19063.52
INV6234,2025-04-23,Bajaj Electricals,CUST-884,17158,18,3088.44,20246.44
INV6235,2025-04-24,Godrej Agrovet,CUST-885,17295,28,4842.6,22137.6
INV6236,2025-04-25,Hindustan Traders,CUST-886,17432,5,871.6,18303.6
INV6237,2025-04-26,Zomato Logistics,CUST-887,17569,12,2108.28,19677.28
INV6238,2025-04-27,Swiggy Kitchens,CUST-888,17706,18,3187.08,20893.08
INV6239,2025-04-28,Delhivery Express,CUST-889,17843,28,4996.04,22839.04
INV6240,2025-04-01,ABC Ltd,CUST-890,17980,5,899,18879
INV6241,2025-04-02,XYZ Corp,CUST-891,18117,12,2174.04,20291.04
INV6242,2025-04-03,Global Mart,CUST-892,18254,18,3285.72,21539.72
INV6243,2025-04-04,Tech Solutions,CUST-893,18391,28,5149.48,23540.48
INV6244,2025-04-05,Office Hub,CUST-894,18528,5,926.4,19454.4
INV6245,2025-04-06,Retail One,CUST-895,18665,12,2239.8,20904.8
INV6246,2025-04-07,Bharat Logistics,CUST-896,18802,18,3384.36,22186.36
INV6247,2025-04-08,Tata Enterprises,CUST-897,18939,28,5302.92,24241.92
INV6248,2025-04-09,Reliance Supply,CUST-898,19076,5,953.8,20029.8
INV6249,2025-04-10,Infosys Services,CUST-899,19213,12,2305.56,21518.56
INV6250,2025-04-11,Wipro Digital,CUST-900,19350,18,3483,22833
INV6251,2025-04-12,Adani Ports & SEZ,CUST-901,19487,28,5456.36,24943.36
INV6252,2025-04-13,Mahindra Spares,CUST-902,19624,5,981.2,20605.2
INV6253,2025-04-14,Larsen Industrial,CUST-903,19761,12,2371.32,22132.32
INV6254,2025-04-15,Bajaj Electricals,CUST-904,19898,18,3581.64,23479.64
INV6255,2025-04-16,Godrej Agrovet,CUST-905,20035,28,5609.8,25644.8
INV6256,2025-04-17,Hindustan Traders,CUST-906,20172,5,1008.6,21180.6
INV6257,2025-04-18,Zomato Logistics,CUST-907,20309,12,2437.08,22746.08
INV6258,2025-04-19,Swiggy Kitchens,CUST-908,20446,18,3680.28,24126.28
INV6259,2025-04-20,Delhivery Express,CUST-909,20583,28,5763.24,26346.24
INV6260,2025-04-21,ABC Ltd,CUST-910,20720,5,1036,21756
INV6261,2025-04-22,XYZ Corp,CUST-911,20857,12,2502.84,23359.84
INV6262,2025-04-23,Global Mart,CUST-912,20994,18,3778.92,24772.92
INV6263,2025-04-24,Tech Solutions,CUST-913,21131,28,5916.68,27047.68
INV6264,2025-04-25,Office Hub,CUST-914,21268,5,1063.4,22331.4
INV6265,2025-04-26,Retail One,CUST-915,21405,12,2568.6,23973.6
INV6266,2025-04-27,Bharat Logistics,CUST-916,21542,18,3877.56,25419.56
INV6267,2025-04-28,Tata Enterprises,CUST-917,21679,28,6070.12,27749.12
INV6268,2025-04-01,Reliance Supply,CUST-918,21816,5,1090.8,22906.8
INV6269,2025-04-02,Infosys Services,CUST-919,21953,12,2634.36,24587.36
INV6270,2025-04-03,Wipro Digital,CUST-920,22090,18,3976.2,26066.2
INV6271,2025-04-04,Adani Ports & SEZ,CUST-921,22227,28,6223.56,28450.56
INV6272,2025-04-05,Mahindra Spares,CUST-922,22364,5,1118.2,23482.2
INV6273,2025-04-06,Larsen Industrial,CUST-923,22501,12,2700.12,25201.12
INV6274,2025-04-07,Bajaj Electricals,CUST-924,22638,18,4074.84,26712.84
INV6275,2025-04-08,Godrej Agrovet,CUST-925,22775,28,6377,29152
INV6276,2025-04-09,Hindustan Traders,CUST-926,22912,5,1145.6,24057.6
INV6277,2025-04-10,Zomato Logistics,CUST-927,23049,12,2765.88,25814.88
INV6278,2025-04-11,Swiggy Kitchens,CUST-928,23186,18,4173.48,27359.48
INV6279,2025-04-12,Delhivery Express,CUST-929,23323,28,6530.44,29853.44
INV6280,2025-04-13,ABC Ltd,CUST-930,23460,5,1173,24633
INV6281,2025-04-14,XYZ Corp,CUST-931,23597,12,2831.64,26428.64
INV6282,2025-04-15,Global Mart,CUST-932,23734,18,4272.12,28006.12
INV6283,2025-04-16,Tech Solutions,CUST-933,23871,28,6683.88,30554.88
INV6284,2025-04-17,Office Hub,CUST-934,24008,5,1200.4,25208.4
INV6285,2025-04-18,Retail One,CUST-935,24145,12,2897.4,27042.4
INV6286,2025-04-19,Bharat Logistics,CUST-936,24282,18,4370.76,28652.76
INV6287,2025-04-20,Tata Enterprises,CUST-937,24419,28,6837.32,31256.32
INV6288,2025-04-21,Reliance Supply,CUST-938,24556,5,1227.8,25783.8
INV6289,2025-04-22,Infosys Services,CUST-939,24693,12,2963.16,27656.16
INV6290,2025-04-23,Wipro Digital,CUST-940,24830,18,4469.4,29299.4
INV6291,2025-04-24,Adani Ports & SEZ,CUST-941,24967,28,6990.76,31957.76
INV6292,2025-04-25,Mahindra Spares,CUST-942,25104,5,1255.2,26359.2
INV6293,2025-04-26,Larsen Industrial,CUST-943,25241,12,3028.92,28269.92
INV6294,2025-04-27,Bajaj Electricals,CUST-944,25378,18,4568.04,29946.04
INV6295,2025-04-28,Godrej Agrovet,CUST-945,25515,28,7144.2,32659.2
INV6296,2025-04-01,Hindustan Traders,CUST-946,25652,5,1282.6,26934.6
INV6297,2025-04-02,Zomato Logistics,CUST-947,25789,12,3094.68,28883.68
INV6298,2025-04-03,Swiggy Kitchens,CUST-948,25926,18,4666.68,30592.68
INV6299,2025-04-04,Delhivery Express,CUST-949,26063,28,7297.64,33360.64
INV6300,2025-04-05,ABC Ltd,CUST-100,26200,5,1310,27510
INV6301,2025-04-06,XYZ Corp,CUST-101,26337,12,3160.44,29497.44
INV6302,2025-04-07,Global Mart,CUST-102,26474,18,4765.32,31239.32
INV6303,2025-04-08,Tech Solutions,CUST-103,26611,28,7451.08,34062.08
INV6304,2025-04-09,Office Hub,CUST-104,26748,5,1337.4,28085.4
INV6305,2025-04-10,Retail One,CUST-105,26885,12,3226.2,30111.2
INV6306,2025-04-11,Bharat Logistics,CUST-106,27022,18,4863.96,31885.96
INV6307,2025-04-12,Tata Enterprises,CUST-107,27159,28,7604.52,34763.52
INV6308,2025-04-13,Reliance Supply,CUST-108,27296,5,1364.8,28660.8
INV6309,2025-04-14,Infosys Services,CUST-109,27433,12,3291.96,30724.96
INV6310,2025-04-15,Wipro Digital,CUST-110,27570,18,4962.6,32532.6
INV6311,2025-04-16,Adani Ports & SEZ,CUST-111,27707,28,7757.96,35464.96
INV6312,2025-04-17,Mahindra Spares,CUST-112,27844,5,1392.2,29236.2
INV6313,2025-04-18,Larsen Industrial,CUST-113,27981,12,3357.72,31338.72
INV6314,2025-04-19,Bajaj Electricals,CUST-114,28118,18,5061.24,33179.24
INV6315,2025-04-20,Godrej Agrovet,CUST-115,28255,28,7911.4,36166.4
INV6316,2025-04-21,Hindustan Traders,CUST-116,28392,5,1419.6,29811.6
INV6317,2025-04-22,Zomato Logistics,CUST-117,28529,12,3423.48,31952.48
INV6318,2025-04-23,Swiggy Kitchens,CUST-118,28666,18,5159.88,33825.88
INV6319,2025-04-24,Delhivery Express,CUST-119,28803,28,8064.84,36867.84
INV6320,2025-04-25,ABC Ltd,CUST-120,28940,5,1447,30387
INV6321,2025-04-26,XYZ Corp,CUST-121,29077,12,3489.24,32566.24
INV6322,2025-04-27,Global Mart,CUST-122,29214,18,5258.52,34472.52
INV6323,2025-04-28,Tech Solutions,CUST-123,29351,28,8218.28,37569.28
INV6324,2025-04-01,Office Hub,CUST-124,29488,5,1474.4,30962.4
INV6325,2025-04-02,Retail One,CUST-125,29625,12,3555,33180
INV6326,2025-04-03,Bharat Logistics,CUST-126,29762,18,5357.16,35119.16
INV6327,2025-04-04,Tata Enterprises,CUST-127,29899,28,8371.72,38270.72
INV6328,2025-04-05,Reliance Supply,CUST-128,30036,5,1501.8,31537.8
INV6329,2025-04-06,Infosys Services,CUST-129,30173,12,3620.76,33793.76
INV6330,2025-04-07,Wipro Digital,CUST-130,30310,18,5455.8,35765.8
INV6331,2025-04-08,Adani Ports & SEZ,CUST-131,30447,28,8525.16,38972.16
INV6332,2025-04-09,Mahindra Spares,CUST-132,30584,5,1529.2,32113.2
INV6333,2025-04-10,Larsen Industrial,CUST-133,30721,12,3686.52,34407.52
INV6334,2025-04-11,Bajaj Electricals,CUST-134,30858,18,5554.44,36412.44
INV6335,2025-04-12,Godrej Agrovet,CUST-135,30995,28,8678.6,39673.6
INV6336,2025-04-13,Hindustan Traders,CUST-136,31132,5,1556.6,32688.6
INV6337,2025-04-14,Zomato Logistics,CUST-137,31269,12,3752.28,35021.28
INV6338,2025-04-15,Swiggy Kitchens,CUST-138,31406,18,5653.08,37059.08
INV6339,2025-04-16,Delhivery Express,CUST-139,31543,28,8832.04,40375.04
INV6340,2025-04-17,ABC Ltd,CUST-140,31680,5,1584,33264
INV6341,2025-04-18,XYZ Corp,CUST-141,31817,12,3818.04,35635.04
INV6342,2025-04-19,Global Mart,CUST-142,31954,18,5751.72,37705.72
INV6343,2025-04-20,Tech Solutions,CUST-143,32091,28,8985.48,41076.48
INV6344,2025-04-21,Office Hub,CUST-144,32228,5,1611.4,33839.4
INV6345,2025-04-22,Retail One,CUST-145,32365,12,3883.8,36248.8
INV6346,2025-04-23,Bharat Logistics,CUST-146,32502,18,5850.36,38352.36
INV6347,2025-04-24,Tata Enterprises,CUST-147,32639,28,9138.92,41777.92
INV6348,2025-04-25,Reliance Supply,CUST-148,32776,5,1638.8,34414.8
INV6349,2025-04-26,Infosys Services,CUST-149,32913,12,3949.56,36862.56
INV6350,2025-04-27,Wipro Digital,CUST-150,33050,18,5949,38999
INV6351,2025-04-28,Adani Ports & SEZ,CUST-151,33187,28,9292.36,42479.36
INV6352,2025-04-01,Mahindra Spares,CUST-152,33324,5,1666.2,34990.2
INV6353,2025-04-02,Larsen Industrial,CUST-153,33461,12,4015.32,37476.32
INV6354,2025-04-03,Bajaj Electricals,CUST-154,33598,18,6047.64,39645.64
INV6355,2025-04-04,Godrej Agrovet,CUST-155,33735,28,9445.8,43180.8
INV6356,2025-04-05,Hindustan Traders,CUST-156,33872,5,1693.6,35565.6
INV6357,2025-04-06,Zomato Logistics,CUST-157,34009,12,4081.08,38090.08
INV6358,2025-04-07,Swiggy Kitchens,CUST-158,34146,18,6146.28,40292.28
INV6359,2025-04-08,Delhivery Express,CUST-159,34283,28,9599.24,43882.24
INV6360,2025-04-09,ABC Ltd,CUST-160,34420,5,1721,36141
INV6361,2025-04-10,XYZ Corp,CUST-161,34557,12,4146.84,38703.84
INV6362,2025-04-11,Global Mart,CUST-162,34694,18,6244.92,40938.92
INV6363,2025-04-12,Tech Solutions,CUST-163,34831,28,9752.68,44583.68
INV6364,2025-04-13,Office Hub,CUST-164,34968,5,1748.4,36716.4
INV6365,2025-04-14,Retail One,CUST-165,35105,12,4212.6,39317.6
INV6366,2025-04-15,Bharat Logistics,CUST-166,35242,18,6343.56,41585.56
INV6367,2025-04-16,Tata Enterprises,CUST-167,35379,28,9906.12,45285.12
INV6368,2025-04-17,Reliance Supply,CUST-168,35516,5,1775.8,37291.8
INV6369,2025-04-18,Infosys Services,CUST-169,35653,12,4278.36,39931.36
INV6370,2025-04-19,Wipro Digital,CUST-170,35790,18,6442.2,42232.2
INV6371,2025-04-20,Adani Ports & SEZ,CUST-171,35927,28,10059.56,45986.56
INV6372,2025-04-21,Mahindra Spares,CUST-172,36064,5,1803.2,37867.2
INV6373,2025-04-22,Larsen Industrial,CUST-173,36201,12,4344.12,40545.12
INV6374,2025-04-23,Bajaj Electricals,CUST-174,36338,18,6540.84,42878.84
INV6375,2025-04-24,Godrej Agrovet,CUST-175,36475,28,10213,46688
INV6376,2025-04-25,Hindustan Traders,CUST-176,36612,5,1830.6,38442.6
INV6377,2025-04-26,Zomato Logistics,CUST-177,36749,12,4409.88,41158.88
INV6378,2025-04-27,Swiggy Kitchens,CUST-178,36886,18,6639.48,43525.48
INV6379,2025-04-28,Delhivery Express,CUST-179,37023,28,10366.44,47389.44
INV6380,2025-04-01,ABC Ltd,CUST-180,37160,5,1858,39018
INV6381,2025-04-02,XYZ Corp,CUST-181,37297,12,4475.64,41772.64
INV6382,2025-04-03,Global Mart,CUST-182,37434,18,6738.12,44172.12
INV6383,2025-04-04,Tech Solutions,CUST-183,37571,28,10519.88,48090.88
INV6384,2025-04-05,Office Hub,CUST-184,37708,5,1885.4,39593.4
INV6385,2025-04-06,Retail One,CUST-185,37845,12,4541.4,42386.4
INV6386,2025-04-07,Bharat Logistics,CUST-186,37982,18,6836.76,44818.76
INV6387,2025-04-08,Tata Enterprises,CUST-187,38119,28,10673.32,48792.32
INV6388,2025-04-09,Reliance Supply,CUST-188,38256,5,1912.8,40168.8
INV6389,2025-04-10,Infosys Services,CUST-189,38393,12,4607.16,43000.16
INV6390,2025-04-11,Wipro Digital,CUST-190,38530,18,6935.4,45465.4
INV6391,2025-04-12,Adani Ports & SEZ,CUST-191,38667,28,10826.76,49493.76
INV6392,2025-04-13,Mahindra Spares,CUST-192,38804,5,1940.2,40744.2
INV6393,2025-04-14,Larsen Industrial,CUST-193,38941,12,4672.92,43613.92
INV6394,2025-04-15,Bajaj Electricals,CUST-194,39078,18,7034.04,46112.04
INV6395,2025-04-16,Godrej Agrovet,CUST-195,39215,28,10980.2,50195.2
INV6396,2025-04-17,Hindustan Traders,CUST-196,39352,5,1967.6,41319.6
INV6397,2025-04-18,Zomato Logistics,CUST-197,39489,12,4738.68,44227.68
INV6398,2025-04-19,Swiggy Kitchens,CUST-198,39626,18,7132.68,46758.68
INV6399,2025-04-20,Delhivery Express,CUST-199,39763,28,11133.64,50896.64
INV6400,2025-04-21,ABC Ltd,CUST-200,39900,5,1995,41895
INV6401,2025-04-22,XYZ Corp,CUST-201,40037,12,4804.44,44841.44
INV6402,2025-04-23,Global Mart,CUST-202,40174,18,7231.32,47405.32
INV6403,2025-04-24,Tech Solutions,CUST-203,40311,28,11287.08,51598.08
INV6404,2025-04-25,Office Hub,CUST-204,40448,5,2022.4,42470.4
INV6405,2025-04-26,Retail One,CUST-205,40585,12,4870.2,45455.2
INV6406,2025-04-27,Bharat Logistics,CUST-206,40722,18,7329.96,48051.96
INV6407,2025-04-28,Tata Enterprises,CUST-207,40859,28,11440.52,52299.52
INV6408,2025-04-01,Reliance Supply,CUST-208,40996,5,2049.8,43045.8
INV6409,2025-04-02,Infosys Services,CUST-209,41133,12,4935.96,46068.96
INV6410,2025-04-03,Wipro Digital,CUST-210,41270,18,7428.6,48698.6
INV6411,2025-04-04,Adani Ports & SEZ,CUST-211,41407,28,11593.96,53000.96
INV6412,2025-04-05,Mahindra Spares,CUST-212,41544,5,2077.2,43621.2
INV6413,2025-04-06,Larsen Industrial,CUST-213,41681,12,5001.72,46682.72
INV6414,2025-04-07,Bajaj Electricals,CUST-214,41818,18,7527.24,49345.24
INV6415,2025-04-08,Godrej Agrovet,CUST-215,41955,28,11747.4,53702.4
INV6416,2025-04-09,Hindustan Traders,CUST-216,42092,5,2104.6,44196.6
INV6417,2025-04-10,Zomato Logistics,CUST-217,42229,12,5067.48,47296.48
INV6418,2025-04-11,Swiggy Kitchens,CUST-218,42366,18,7625.88,49991.88
INV6419,2025-04-12,Delhivery Express,CUST-219,42503,28,11900.84,54403.84
INV6420,2025-04-13,ABC Ltd,CUST-220,42640,5,2132,44772
INV6421,2025-04-14,XYZ Corp,CUST-221,42777,12,5133.24,47910.24
INV6422,2025-04-15,Global Mart,CUST-222,42914,18,7724.52,50638.52
INV6423,2025-04-16,Tech Solutions,CUST-223,43051,28,12054.28,55105.28
INV6424,2025-04-17,Office Hub,CUST-224,43188,5,2159.4,45347.4
INV6425,2025-04-18,Retail One,CUST-225,43325,12,5199,48524
INV6426,2025-04-19,Bharat Logistics,CUST-226,43462,18,7823.16,51285.16
INV6427,2025-04-20,Tata Enterprises,CUST-227,43599,28,12207.72,55806.72
INV6428,2025-04-21,Reliance Supply,CUST-228,43736,5,2186.8,45922.8
INV6429,2025-04-22,Infosys Services,CUST-229,43873,12,5264.76,49137.76
INV6430,2025-04-23,Wipro Digital,CUST-230,44010,18,7921.8,51931.8
INV6431,2025-04-24,Adani Ports & SEZ,CUST-231,44147,28,12361.16,56508.16
INV6432,2025-04-25,Mahindra Spares,CUST-232,44284,5,2214.2,46498.2
INV6433,2025-04-26,Larsen Industrial,CUST-233,44421,12,5330.52,49751.52
INV6434,2025-04-27,Bajaj Electricals,CUST-234,44558,18,8020.44,52578.44
INV6435,2025-04-28,Godrej Agrovet,CUST-235,44695,28,12514.6,57209.6
INV6436,2025-04-01,Hindustan Traders,CUST-236,44832,5,2241.6,47073.6
INV6437,2025-04-02,Zomato Logistics,CUST-237,44969,12,5396.28,50365.28
INV6438,2025-04-03,Swiggy Kitchens,CUST-238,45106,18,8119.08,53225.08
INV6439,2025-04-04,Delhivery Express,CUST-239,45243,28,12668.04,57911.04
INV6440,2025-04-05,ABC Ltd,CUST-240,45380,5,2269,47649
INV6441,2025-04-06,XYZ Corp,CUST-241,45517,12,5462.04,50979.04
INV6442,2025-04-07,Global Mart,CUST-242,45654,18,8217.72,53871.72
INV6443,2025-04-08,Tech Solutions,CUST-243,45791,28,12821.48,58612.48
INV6444,2025-04-09,Office Hub,CUST-244,45928,5,2296.4,48224.4
INV6445,2025-04-10,Retail One,CUST-245,46065,12,5527.8,51592.8
INV6446,2025-04-11,Bharat Logistics,CUST-246,46202,18,8316.36,54518.36
INV6447,2025-04-12,Tata Enterprises,CUST-247,46339,28,12974.92,59313.92
INV6448,2025-04-13,Reliance Supply,CUST-248,46476,5,2323.8,48799.8
INV6449,2025-04-14,Infosys Services,CUST-249,46613,12,5593.56,52206.56
INV6450,2025-04-15,Wipro Digital,CUST-250,850000,18,153000,1003000
INV6451,2025-04-16,Adani Ports & SEZ,CUST-251,46887,28,13128.36,60015.36
INV6452,2025-04-17,Mahindra Spares,CUST-252,47024,5,2351.2,49375.2
INV6453,2025-04-18,Larsen Industrial,CUST-253,47161,12,5659.32,52820.32
INV6454,2025-04-19,Bajaj Electricals,CUST-254,47298,18,8513.64,55811.64
INV6455,2025-04-20,Godrej Agrovet,CUST-255,47435,28,13281.8,60716.8
INV6456,2025-04-21,Hindustan Traders,CUST-256,47572,5,2378.6,49950.6
INV6457,2025-04-22,Zomato Logistics,CUST-257,47709,12,5725.08,53434.08
INV6458,2025-04-23,Swiggy Kitchens,CUST-258,47846,18,8612.28,56458.28
INV6459,2025-04-24,Delhivery Express,CUST-259,47983,28,13435.24,61418.24
INV6460,2025-04-25,ABC Ltd,CUST-260,48120,5,2406,50526
INV6461,2025-04-26,XYZ Corp,CUST-261,48257,12,5790.84,54047.84
INV6462,2025-04-27,Global Mart,CUST-262,48394,18,8710.92,57104.92
INV6463,2025-04-28,Tech Solutions,CUST-263,48531,28,13588.68,62119.68
INV6464,2025-04-01,Office Hub,CUST-264,48668,5,2433.4,51101.4
INV6465,2025-04-02,Retail One,CUST-265,48805,12,5856.6,54661.6
INV6466,2025-04-03,Bharat Logistics,CUST-266,48942,18,8809.56,57751.56
INV6467,2025-04-04,Tata Enterprises,CUST-267,49079,28,13742.12,62821.12
INV6468,2025-04-05,Reliance Supply,CUST-268,49216,5,2460.8,51676.8
INV6469,2025-04-06,Infosys Services,CUST-269,49353,12,5922.36,55275.36
INV6470,2025-04-07,Wipro Digital,CUST-270,49490,18,8908.2,58398.2
INV6471,2025-04-08,Adani Ports & SEZ,CUST-271,49627,28,13895.56,63522.56
INV6472,2025-04-09,Mahindra Spares,CUST-272,49764,5,2488.2,52252.2
INV6473,2025-04-10,Larsen Industrial,CUST-273,49901,12,5988.12,55889.12
INV6474,2025-04-11,Bajaj Electricals,CUST-274,50038,18,9006.84,59044.84
INV6475,2025-04-12,Godrej Agrovet,CUST-275,50175,28,14049,64224
INV6476,2025-04-13,Hindustan Traders,CUST-276,50312,5,2515.6,52827.6
INV6477,2025-04-14,Zomato Logistics,CUST-277,50449,12,6053.88,56502.88
INV6478,2025-04-15,Swiggy Kitchens,CUST-278,50586,18,9105.48,59691.48
INV6479,2025-04-16,Delhivery Express,CUST-279,50723,28,14202.44,64925.44
INV6480,2025-04-17,ABC Ltd,CUST-280,50860,5,2543,53403
INV6481,2025-04-18,XYZ Corp,CUST-281,50997,12,6119.64,57116.64
INV6482,2025-04-19,Global Mart,CUST-282,51134,18,9204.12,60338.12
INV6483,2025-04-20,Tech Solutions,CUST-283,51271,28,14355.88,65626.88
INV6484,2025-04-21,Office Hub,CUST-284,51408,5,2570.4,53978.4
INV6485,2025-04-22,Retail One,CUST-285,51545,12,6185.4,57730.4
INV6486,2025-04-23,Bharat Logistics,CUST-286,51682,18,9302.76,60984.76
INV6487,2025-04-24,Tata Enterprises,CUST-287,51819,28,14509.32,66328.32
INV6488,2025-04-25,Reliance Supply,CUST-288,51956,5,2597.8,54553.8
INV6489,2025-04-26,Infosys Services,CUST-289,52093,12,6251.16,58344.16
INV6490,2025-04-27,Wipro Digital,CUST-290,52230,18,9401.4,61631.4
INV6491,2025-04-28,Adani Ports & SEZ,CUST-291,52367,28,14662.76,67029.76
INV6492,2025-04-01,Mahindra Spares,CUST-292,52504,5,2625.2,55129.2
INV6493,2025-04-02,Larsen Industrial,CUST-293,52641,12,6316.92,58957.92
INV6494,2025-04-03,Bajaj Electricals,CUST-294,52778,18,9500.04,62278.04
INV6495,2025-04-04,Godrej Agrovet,CUST-295,52915,28,14816.2,67731.2
INV6496,2025-04-05,Hindustan Traders,CUST-296,53052,5,2652.6,55704.6
INV6497,2025-04-06,Zomato Logistics,CUST-297,53189,12,6382.68,59571.68
INV6498,2025-04-07,Swiggy Kitchens,CUST-298,53326,18,9598.68,62924.68
INV6499,2025-04-08,Delhivery Express,CUST-299,53463,28,14969.64,68432.64
INV6500,2025-04-09,ABC Ltd,CUST-300,53600,5,2680,56280
INV6501,2025-04-10,XYZ Corp,CUST-301,53737,12,6448.44,60185.44
INV6502,2025-04-11,Global Mart,CUST-302,53874,18,9697.32,63571.32
INV6503,2025-04-12,Tech Solutions,CUST-303,54011,28,15123.08,69134.08
INV6504,2025-04-13,Office Hub,CUST-304,54148,5,2707.4,56855.4
INV6505,2025-04-14,Retail One,CUST-305,54285,12,6514.2,60799.2
INV6506,2025-04-15,Bharat Logistics,CUST-306,54422,18,9795.96,64217.96
INV6507,2025-04-16,Tata Enterprises,CUST-307,54559,28,15276.52,69835.52
INV6508,2025-04-17,Reliance Supply,CUST-308,54696,5,2734.8,57430.8
INV6509,2025-04-18,Infosys Services,CUST-309,54833,12,6579.96,61412.96
INV6510,2025-04-19,Wipro Digital,CUST-310,54970,18,9894.6,64864.6
INV6511,2025-04-20,Adani Ports & SEZ,CUST-311,55107,28,15429.96,70536.96
INV6512,2025-04-21,Mahindra Spares,CUST-312,55244,5,2762.2,58006.2
INV6513,2025-04-22,Larsen Industrial,CUST-313,55381,12,6645.72,62026.72
INV6514,2025-04-23,Bajaj Electricals,CUST-314,55518,18,9993.24,65511.24
INV6515,2025-04-24,Godrej Agrovet,CUST-315,55655,28,15583.4,71238.4
INV6516,2025-04-25,Hindustan Traders,CUST-316,55792,5,2789.6,58581.6
INV6517,2025-04-26,Zomato Logistics,CUST-317,55929,12,6711.48,62640.48
INV6518,2025-04-27,Swiggy Kitchens,CUST-318,56066,18,10091.88,66157.88
INV6519,2025-04-28,Delhivery Express,CUST-319,56203,28,15736.84,71939.84
INV6520,2025-04-01,ABC Ltd,CUST-320,56340,5,2817,59157
INV6521,2025-04-02,XYZ Corp,CUST-321,56477,12,6777.24,63254.24
INV6522,2025-04-03,Global Mart,CUST-322,56614,18,10190.52,66804.52
INV6523,2025-04-04,Tech Solutions,CUST-323,56751,28,15890.28,72641.28
INV6524,2025-04-05,Office Hub,CUST-324,56888,5,2844.4,59732.4
INV6525,2025-04-06,Retail One,CUST-325,57025,12,6843,63868
INV6526,2025-04-07,Bharat Logistics,CUST-326,57162,18,10289.16,67451.16
INV6527,2025-04-08,Tata Enterprises,CUST-327,57299,28,16043.72,73342.72
INV6528,2025-04-09,Reliance Supply,CUST-328,57436,5,2871.8,60307.8
INV6529,2025-04-10,Infosys Services,CUST-329,57573,12,6908.76,64481.76
INV6530,2025-04-11,Wipro Digital,CUST-330,57710,18,10387.8,68097.8
INV6531,2025-04-12,Adani Ports & SEZ,CUST-331,57847,28,16197.16,74044.16
INV6532,2025-04-13,Mahindra Spares,CUST-332,57984,5,2899.2,60883.2
INV6533,2025-04-14,Larsen Industrial,CUST-333,58121,12,6974.52,65095.52
INV6534,2025-04-15,Bajaj Electricals,CUST-334,58258,18,10486.44,68744.44
INV6535,2025-04-16,Godrej Agrovet,CUST-335,58395,28,16350.6,74745.6
INV6536,2025-04-17,Hindustan Traders,CUST-336,58532,5,2926.6,61458.6
INV6537,2025-04-18,Zomato Logistics,CUST-337,58669,12,7040.28,65709.28
INV6538,2025-04-19,Swiggy Kitchens,CUST-338,58806,18,10585.08,69391.08
INV6539,2025-04-20,Delhivery Express,CUST-339,58943,28,16504.04,75447.04
INV6540,2025-04-21,ABC Ltd,CUST-340,59080,5,2954,62034
INV6541,2025-04-22,XYZ Corp,CUST-341,59217,12,7106.04,66323.04
INV6542,2025-04-23,Global Mart,CUST-342,59354,18,10683.72,70037.72
INV6543,2025-04-24,Tech Solutions,CUST-343,59491,28,16657.48,76148.48
INV6544,2025-04-25,Office Hub,CUST-344,59628,5,2981.4,62609.4
INV6545,2025-04-26,Retail One,CUST-345,59765,12,7171.8,66936.8
INV6546,2025-04-27,Bharat Logistics,CUST-346,59902,18,10782.36,70684.36
INV6547,2025-04-28,Tata Enterprises,CUST-347,60039,28,16810.92,76849.92
INV6548,2025-04-01,Reliance Supply,CUST-348,60176,5,3008.8,63184.8
INV6549,2025-04-02,Infosys Services,CUST-349,60313,12,7237.56,67550.56
INV6550,2025-04-03,Wipro Digital,CUST-350,60450,18,10881,71331
INV6551,2025-04-04,Adani Ports & SEZ,CUST-351,60587,28,16964.36,77551.36
INV6552,2025-04-05,Mahindra Spares,CUST-352,60724,5,3036.2,63760.2
INV6553,2025-04-06,Larsen Industrial,CUST-353,60861,12,7303.32,68164.32
INV6554,2025-04-07,Bajaj Electricals,CUST-354,60998,18,10979.64,71977.64
INV6555,2025-04-08,Godrej Agrovet,CUST-355,61135,28,17117.8,78252.8
INV6556,2025-04-09,Hindustan Traders,CUST-356,61272,5,3063.6,64335.6
INV6557,2025-04-10,Zomato Logistics,CUST-357,61409,12,7369.08,68778.08
INV6558,2025-04-11,Swiggy Kitchens,CUST-358,61546,18,11078.28,72624.28
INV6559,2025-04-12,Delhivery Express,CUST-359,61683,28,17271.24,78954.24
INV6560,2025-04-13,ABC Ltd,CUST-360,61820,5,3091,64911
INV6561,2025-04-14,XYZ Corp,CUST-361,61957,12,7434.84,69391.84
INV6562,2025-04-15,Global Mart,CUST-362,62094,18,11176.92,73270.92
INV6563,2025-04-16,Tech Solutions,CUST-363,62231,28,17424.68,79655.68
INV6564,2025-04-17,Office Hub,CUST-364,62368,5,3118.4,65486.4
INV6565,2025-04-18,Retail One,CUST-365,62505,12,7500.6,70005.6
INV6566,2025-04-19,Bharat Logistics,CUST-366,62642,18,11275.56,73917.56
INV6567,2025-04-20,Tata Enterprises,CUST-367,62779,28,17578.12,80357.12
INV6568,2025-04-21,Reliance Supply,CUST-368,62916,5,3145.8,66061.8
INV6569,2025-04-22,Infosys Services,CUST-369,63053,12,7566.36,70619.36
INV6570,2025-04-23,Wipro Digital,CUST-370,63190,18,11374.2,74564.2
INV6571,2025-04-24,Adani Ports & SEZ,CUST-371,63327,28,17731.56,81058.56
INV6572,2025-04-25,Mahindra Spares,CUST-372,63464,5,3173.2,66637.2
INV6573,2025-04-26,Larsen Industrial,CUST-373,63601,12,7632.12,71233.12
INV6574,2025-04-27,Bajaj Electricals,CUST-374,63738,18,11472.84,75210.84
INV6575,2025-04-28,Godrej Agrovet,CUST-375,63875,28,17885,81760
INV6576,2025-04-01,Hindustan Traders,CUST-376,64012,5,3200.6,67212.6
INV6577,2025-04-02,Zomato Logistics,CUST-377,64149,12,7697.88,71846.88
INV6578,2025-04-03,Swiggy Kitchens,CUST-378,64286,18,11571.48,75857.48
INV6579,2025-04-04,Delhivery Express,CUST-379,64423,28,18038.44,82461.44
INV6580,2025-04-05,ABC Ltd,CUST-380,64560,5,3228,67788
INV6581,2025-04-06,XYZ Corp,CUST-381,64697,12,7763.64,72460.64
INV6582,2025-04-07,Global Mart,CUST-382,64834,18,11670.12,76504.12
INV6583,2025-04-08,Tech Solutions,CUST-383,64971,28,18191.88,83162.88
INV6584,2025-04-09,Office Hub,CUST-384,65108,5,3255.4,68363.4
INV6585,2025-04-10,Retail One,CUST-385,65245,12,7829.4,73074.4
INV6586,2025-04-11,Bharat Logistics,CUST-386,65382,18,11768.76,77150.76
INV6587,2025-04-12,Tata Enterprises,CUST-387,65519,28,18345.32,83864.32
INV6588,2025-04-13,Reliance Supply,CUST-388,65656,5,3282.8,68938.8
INV6589,2025-04-14,Infosys Services,CUST-389,65793,12,7895.16,73688.16
INV6590,2025-04-15,Wipro Digital,CUST-390,65930,18,11867.4,77797.4
INV6591,2025-04-16,Adani Ports & SEZ,CUST-391,66067,28,18498.76,84565.76
INV6592,2025-04-17,Mahindra Spares,CUST-392,66204,5,3310.2,69514.2
INV6593,2025-04-18,Larsen Industrial,CUST-393,66341,12,7960.92,74301.92
INV6594,2025-04-19,Bajaj Electricals,CUST-394,66478,18,11966.04,78444.04
INV6595,2025-04-20,Godrej Agrovet,CUST-395,66615,28,18652.2,85267.2
INV6596,2025-04-21,Hindustan Traders,CUST-396,66752,5,3337.6,70089.6
INV6597,2025-04-22,Zomato Logistics,CUST-397,66889,12,8026.68,74915.68
INV6598,2025-04-23,Swiggy Kitchens,CUST-398,67026,18,12064.68,79090.68
INV6599,2025-04-24,Delhivery Express,CUST-399,67163,28,18805.64,85968.64
INV6600,2025-04-25,ABC Ltd,CUST-400,67300,5,3365,70665
INV6601,2025-04-26,XYZ Corp,CUST-401,67437,12,8092.44,75529.44
INV6602,2025-04-27,Global Mart,CUST-402,67574,18,12163.32,79737.32
INV6603,2025-04-28,Tech Solutions,CUST-403,67711,28,18959.08,86670.08
INV6604,2025-04-01,Office Hub,CUST-404,67848,5,3392.4,71240.4
INV6605,2025-04-02,Retail One,CUST-405,67985,12,8158.2,76143.2
INV6606,2025-04-03,Bharat Logistics,CUST-406,68122,18,12261.96,80383.96
INV6607,2025-04-04,Tata Enterprises,CUST-407,68259,28,19112.52,87371.52
INV6608,2025-04-05,Reliance Supply,CUST-408,68396,5,3419.8,71815.8
INV6609,2025-04-06,Infosys Services,CUST-409,68533,12,8223.96,76756.96
INV6610,2025-04-07,Wipro Digital,CUST-410,68670,18,12360.6,81030.6
INV6611,2025-04-08,Adani Ports & SEZ,CUST-411,68807,28,19265.96,88072.96
INV6612,2025-04-09,Mahindra Spares,CUST-412,68944,5,3447.2,72391.2
INV6613,2025-04-10,Larsen Industrial,CUST-413,69081,12,8289.72,77370.72
INV6614,2025-04-11,Bajaj Electricals,CUST-414,69218,18,12459.24,81677.24
INV6615,2025-04-12,Godrej Agrovet,CUST-415,69355,28,19419.4,88774.4
INV6616,2025-04-13,Hindustan Traders,CUST-416,69492,5,3474.6,72966.6
INV6617,2025-04-14,Zomato Logistics,CUST-417,69629,12,8355.48,77984.48
INV6618,2025-04-15,Swiggy Kitchens,CUST-418,69766,18,12557.88,82323.88
INV6619,2025-04-16,Delhivery Express,CUST-419,69903,28,19572.84,89475.84
INV6620,2025-04-17,ABC Ltd,CUST-420,70040,5,3502,73542
INV6621,2025-04-18,XYZ Corp,CUST-421,70177,12,8421.24,78598.24
INV6622,2025-04-19,Global Mart,CUST-422,70314,18,12656.52,82970.52
INV6623,2025-04-20,Tech Solutions,CUST-423,70451,28,19726.28,90177.28
INV6624,2025-04-21,Office Hub,CUST-424,70588,5,3529.4,74117.4
INV6625,2025-04-22,Retail One,CUST-425,70725,12,8487,79212
INV6626,2025-04-23,Bharat Logistics,CUST-426,70862,18,12755.16,83617.16
INV6627,2025-04-24,Tata Enterprises,CUST-427,70999,28,19879.72,90878.72
INV6628,2025-04-25,Reliance Supply,CUST-428,71136,5,3556.8,74692.8
INV6629,2025-04-26,Infosys Services,CUST-429,71273,12,8552.76,79825.76
INV6630,2025-04-27,Wipro Digital,CUST-430,71410,18,12853.8,84263.8
INV6631,2025-04-28,Adani Ports & SEZ,CUST-431,71547,28,20033.16,91580.16
INV6632,2025-04-01,Mahindra Spares,CUST-432,71684,5,3584.2,75268.2
INV6633,2025-04-02,Larsen Industrial,CUST-433,71821,12,8618.52,80439.52
INV6634,2025-04-03,Bajaj Electricals,CUST-434,71958,18,12952.44,84910.44
INV6635,2025-04-04,Godrej Agrovet,CUST-435,72095,28,20186.6,92281.6
INV6636,2025-04-05,Hindustan Traders,CUST-436,72232,5,3611.6,75843.6
INV6637,2025-04-06,Zomato Logistics,CUST-437,72369,12,8684.28,81053.28
INV6638,2025-04-07,Swiggy Kitchens,CUST-438,72506,18,13051.08,85557.08
INV6639,2025-04-08,Delhivery Express,CUST-439,72643,28,20340.04,92983.04
INV6640,2025-04-09,ABC Ltd,CUST-440,72780,5,3639,76419
INV6641,2025-04-10,XYZ Corp,CUST-441,72917,12,8750.04,81667.04
INV6642,2025-04-11,Global Mart,CUST-442,73054,18,13149.72,86203.72
INV6643,2025-04-12,Tech Solutions,CUST-443,73191,28,20493.48,93684.48
INV6644,2025-04-13,Office Hub,CUST-444,73328,5,3666.4,76994.4
INV6645,2025-04-14,Retail One,CUST-445,73465,12,8815.8,82280.8
INV6646,2025-04-15,Bharat Logistics,CUST-446,73602,18,13248.36,86850.36
INV6647,2025-04-16,Tata Enterprises,CUST-447,73739,28,20646.92,94385.92
INV6648,2025-04-17,Reliance Supply,CUST-448,73876,5,3693.8,77569.8
INV6649,2025-04-18,Infosys Services,CUST-449,74013,12,8881.56,82894.56
INV6650,2025-04-19,Wipro Digital,CUST-450,74150,18,13347,87497
INV6651,2025-04-20,Adani Ports & SEZ,CUST-451,74287,28,20800.36,95087.36
INV6652,2025-04-21,Mahindra Spares,CUST-452,74424,5,3721.2,78145.2
INV6653,2025-04-22,Larsen Industrial,CUST-453,74561,12,8947.32,83508.32
INV6654,2025-04-23,Bajaj Electricals,CUST-454,74698,18,13445.64,88143.64
INV6655,2025-04-24,Godrej Agrovet,CUST-455,74835,28,20953.8,95788.8
INV6656,2025-04-25,Hindustan Traders,CUST-456,74972,5,3748.6,78720.6
INV6657,2025-04-26,Zomato Logistics,CUST-457,75109,12,9013.08,84122.08
INV6658,2025-04-27,Swiggy Kitchens,CUST-458,75246,18,13544.28,88790.28
INV6659,2025-04-28,Delhivery Express,CUST-459,75383,28,21107.24,96490.24
INV6660,2025-04-01,ABC Ltd,CUST-460,75520,5,3776,79296
INV6661,2025-04-02,XYZ Corp,CUST-461,75657,12,9078.84,84735.84
INV6662,2025-04-03,Global Mart,CUST-462,75794,18,13642.92,89436.92
INV6663,2025-04-04,Tech Solutions,CUST-463,75931,28,21260.68,97191.68
INV6664,2025-04-05,Office Hub,CUST-464,76068,5,3803.4,79871.4
INV6665,2025-04-06,Retail One,CUST-465,76205,12,9144.6,85349.6
INV6666,2025-04-07,Bharat Logistics,CUST-466,76342,18,13741.56,90083.56
INV6667,2025-04-08,Tata Enterprises,CUST-467,76479,28,21414.12,97893.12
INV6668,2025-04-09,Reliance Supply,CUST-468,76616,5,3830.8,80446.8
INV6669,2025-04-10,Infosys Services,CUST-469,76753,12,9210.36,85963.36
INV6670,2025-04-11,Wipro Digital,CUST-470,76890,18,13840.2,90730.2
INV6671,2025-04-12,Adani Ports & SEZ,CUST-471,77027,28,21567.56,98594.56
INV6672,2025-04-13,Mahindra Spares,CUST-472,77164,5,3858.2,81022.2
INV6673,2025-04-14,Larsen Industrial,CUST-473,77301,12,9276.12,86577.12
INV6674,2025-04-15,Bajaj Electricals,CUST-474,77438,18,13938.84,91376.84
INV6675,2025-04-16,Godrej Agrovet,CUST-475,2575,28,721,3296
INV6676,2025-04-17,Hindustan Traders,CUST-476,2712,5,135.6,2847.6
INV6677,2025-04-18,Zomato Logistics,CUST-477,2849,12,341.88,3190.88
INV6678,2025-04-19,Swiggy Kitchens,CUST-478,2986,18,537.48,3523.48
INV6679,2025-04-20,Delhivery Express,CUST-479,3123,28,874.44,3997.44
INV6680,2025-04-21,ABC Ltd,CUST-480,3260,5,163,3423
INV6681,2025-04-22,XYZ Corp,CUST-481,3397,12,407.64,3804.64
INV6682,2025-04-23,Global Mart,CUST-482,3534,18,636.12,4170.12
INV6683,2025-04-24,Tech Solutions,CUST-483,3671,28,1027.88,4698.88
INV6684,2025-04-25,Office Hub,CUST-484,3808,5,190.4,3998.4
INV6685,2025-04-26,Retail One,CUST-485,3945,12,473.4,4418.4
INV6686,2025-04-27,Bharat Logistics,CUST-486,4082,18,734.76,4816.76
INV6687,2025-04-28,Tata Enterprises,CUST-487,4219,28,1181.32,5400.32
INV6688,2025-04-01,Reliance Supply,CUST-488,4356,5,217.8,4573.8
INV6689,2025-04-02,Infosys Services,CUST-489,4493,12,539.16,5032.16
INV6690,2025-04-03,Wipro Digital,CUST-490,4630,18,833.4,5463.4
INV6691,2025-04-04,Adani Ports & SEZ,CUST-491,4767,28,1334.76,6101.76
INV6692,2025-04-05,Mahindra Spares,CUST-492,4904,5,245.2,5149.2
INV6693,2025-04-06,Larsen Industrial,CUST-493,5041,12,604.92,5645.92
INV6694,2025-04-07,Bajaj Electricals,CUST-494,5178,18,932.04,6110.04
INV6695,2025-04-08,Godrej Agrovet,CUST-495,5315,28,1488.2,6803.2
INV6696,2025-04-09,Hindustan Traders,CUST-496,5452,5,272.6,5724.6
INV6697,2025-04-10,Zomato Logistics,CUST-497,5589,12,670.68,6259.68
INV6698,2025-04-11,Swiggy Kitchens,CUST-498,5726,18,1030.68,6756.68
INV6699,2025-04-12,Delhivery Express,CUST-499,5863,28,1641.64,7504.64
INV6700,2025-04-13,ABC Ltd,CUST-500,1050000,5,52500,1102500
INV6701,2025-04-14,XYZ Corp,CUST-501,6137,12,736.44,6873.44
INV6702,2025-04-15,Global Mart,CUST-502,6274,18,1129.32,7403.32
INV6703,2025-04-16,Tech Solutions,CUST-503,6411,28,1795.08,8206.08
INV6704,2025-04-17,Office Hub,CUST-504,6548,5,327.4,6875.4
INV6705,2025-04-18,Retail One,CUST-505,6685,12,802.2,7487.2
INV6706,2025-04-19,Bharat Logistics,CUST-506,6822,18,1227.96,8049.96
INV6707,2025-04-20,Tata Enterprises,CUST-507,6959,28,1948.52,8907.52
INV6708,2025-04-21,Reliance Supply,CUST-508,7096,5,354.8,7450.8
INV6709,2025-04-22,Infosys Services,CUST-509,7233,12,867.96,8100.96
INV6710,2025-04-23,Wipro Digital,CUST-510,7370,18,1326.6,8696.6
INV6711,2025-04-24,Adani Ports & SEZ,CUST-511,7507,28,2101.96,9608.96
INV6712,2025-04-25,Mahindra Spares,CUST-512,7644,5,382.2,8026.2
INV6713,2025-04-26,Larsen Industrial,CUST-513,7781,12,933.72,8714.72
INV6714,2025-04-27,Bajaj Electricals,CUST-514,7918,18,1425.24,9343.24
INV6715,2025-04-28,Godrej Agrovet,CUST-515,8055,28,2255.4,10310.4
INV6716,2025-04-01,Hindustan Traders,CUST-516,8192,5,409.6,8601.6
INV6717,2025-04-02,Zomato Logistics,CUST-517,8329,12,999.48,9328.48
INV6718,2025-04-03,Swiggy Kitchens,CUST-518,8466,18,1523.88,9989.88
INV6719,2025-04-04,Delhivery Express,CUST-519,8603,28,2408.84,11011.84
INV6720,2025-04-05,ABC Ltd,CUST-520,8740,5,437,9177
INV6721,2025-04-06,XYZ Corp,CUST-521,8877,12,1065.24,9942.24
INV6722,2025-04-07,Global Mart,CUST-522,9014,18,1622.52,10636.52
INV6723,2025-04-08,Tech Solutions,CUST-523,9151,28,2562.28,11713.28
INV6724,2025-04-09,Office Hub,CUST-524,9288,5,464.4,9752.4
INV6725,2025-04-10,Retail One,CUST-525,9425,12,1131,10556
INV6726,2025-04-11,Bharat Logistics,CUST-526,9562,18,1721.16,11283.16
INV6727,2025-04-12,Tata Enterprises,CUST-527,9699,28,2715.72,12414.72
INV6728,2025-04-13,Reliance Supply,CUST-528,9836,5,491.8,10327.8
INV6729,2025-04-14,Infosys Services,CUST-529,9973,12,1196.76,11169.76
INV6730,2025-04-15,Wipro Digital,CUST-530,10110,18,1819.8,11929.8
INV6731,2025-04-16,Adani Ports & SEZ,CUST-531,10247,28,2869.16,13116.16
INV6732,2025-04-17,Mahindra Spares,CUST-532,10384,5,519.2,10903.2
INV6733,2025-04-18,Larsen Industrial,CUST-533,10521,12,1262.52,11783.52
INV6734,2025-04-19,Bajaj Electricals,CUST-534,10658,18,1918.44,12576.44
INV6735,2025-04-20,Godrej Agrovet,CUST-535,10795,28,3022.6,13817.6
INV6736,2025-04-21,Hindustan Traders,CUST-536,10932,5,546.6,11478.6
INV6737,2025-04-22,Zomato Logistics,CUST-537,11069,12,1328.28,12397.28
INV6738,2025-04-23,Swiggy Kitchens,CUST-538,11206,18,2017.08,13223.08
INV6739,2025-04-24,Delhivery Express,CUST-539,11343,28,3176.04,14519.04
INV6740,2025-04-25,ABC Ltd,CUST-540,11480,5,574,12054
INV6741,2025-04-26,XYZ Corp,CUST-541,11617,12,1394.04,13011.04
INV6742,2025-04-27,Global Mart,CUST-542,11754,18,2115.72,13869.72
INV6743,2025-04-28,Tech Solutions,CUST-543,11891,28,3329.48,15220.48
INV6744,2025-04-01,Office Hub,CUST-544,12028,5,601.4,12629.4
INV6745,2025-04-02,Retail One,CUST-545,12165,12,1459.8,13624.8
INV6746,2025-04-03,Bharat Logistics,CUST-546,12302,18,2214.36,14516.36
INV6747,2025-04-04,Tata Enterprises,CUST-547,12439,28,3482.92,15921.92
INV6748,2025-04-05,Reliance Supply,CUST-548,12576,5,628.8,13204.8
INV6749,2025-04-06,Infosys Services,CUST-549,12713,12,1525.56,14238.56
INV6750,2025-04-07,Wipro Digital,CUST-550,12850,18,2313,15163
INV6751,2025-04-08,Adani Ports & SEZ,CUST-551,12987,28,3636.36,16623.36
INV6752,2025-04-09,Mahindra Spares,CUST-552,13124,5,656.2,13780.2
INV6753,2025-04-10,Larsen Industrial,CUST-553,13261,12,1591.32,14852.32
INV6754,2025-04-11,Bajaj Electricals,CUST-554,13398,18,2411.64,15809.64
INV6755,2025-04-12,Godrej Agrovet,CUST-555,13535,28,3789.8,17324.8
INV6756,2025-04-13,Hindustan Traders,CUST-556,13672,5,683.6,14355.6
INV6757,2025-04-14,Zomato Logistics,CUST-557,13809,12,1657.08,15466.08
INV6758,2025-04-15,Swiggy Kitchens,CUST-558,13946,18,2510.28,16456.28
INV6759,2025-04-16,Delhivery Express,CUST-559,14083,28,3943.24,18026.24
INV6760,2025-04-17,ABC Ltd,CUST-560,14220,5,711,14931
INV6761,2025-04-18,XYZ Corp,CUST-561,14357,12,1722.84,16079.84
INV6762,2025-04-19,Global Mart,CUST-562,14494,18,2608.92,17102.92
INV6763,2025-04-20,Tech Solutions,CUST-563,14631,28,4096.68,18727.68
INV6764,2025-04-21,Office Hub,CUST-564,14768,5,738.4,15506.4
INV6765,2025-04-22,Retail One,CUST-565,14905,12,1788.6,16693.6
INV6766,2025-04-23,Bharat Logistics,CUST-566,15042,18,2707.56,17749.56
INV6767,2025-04-24,Tata Enterprises,CUST-567,15179,28,4250.12,19429.12
INV6768,2025-04-25,Reliance Supply,CUST-568,15316,5,765.8,16081.8
INV6769,2025-04-26,Infosys Services,CUST-569,15453,12,1854.36,17307.36
INV6770,2025-04-27,Wipro Digital,CUST-570,15590,18,2806.2,18396.2
INV6771,2025-04-28,Adani Ports & SEZ,CUST-571,15727,28,4403.56,20130.56
INV6772,2025-04-01,Mahindra Spares,CUST-572,15864,5,793.2,16657.2
INV6773,2025-04-02,Larsen Industrial,CUST-573,16001,12,1920.12,17921.12
INV6774,2025-04-03,Bajaj Electricals,CUST-574,16138,18,2904.84,19042.84
INV6775,2025-04-04,Godrej Agrovet,CUST-575,16275,28,4557,20832
INV6776,2025-04-05,Hindustan Traders,CUST-576,16412,5,820.6,17232.6
INV6777,2025-04-06,Zomato Logistics,CUST-577,16549,12,1985.88,18534.88
INV6778,2025-04-07,Swiggy Kitchens,CUST-578,16686,18,3003.48,19689.48
INV6779,2025-04-08,Delhivery Express,CUST-579,16823,28,4710.44,21533.44
INV6780,2025-04-09,ABC Ltd,CUST-580,16960,5,848,17808
INV6781,2025-04-10,XYZ Corp,CUST-581,17097,12,2051.64,19148.64
INV6782,2025-04-11,Global Mart,CUST-582,17234,18,3102.12,20336.12
INV6783,2025-04-12,Tech Solutions,CUST-583,17371,28,4863.88,22234.88
INV6784,2025-04-13,Office Hub,CUST-584,17508,5,875.4,18383.4
INV6785,2025-04-14,Retail One,CUST-585,17645,12,2117.4,19762.4
INV6786,2025-04-15,Bharat Logistics,CUST-586,17782,18,3200.76,20982.76
INV6787,2025-04-16,Tata Enterprises,CUST-587,17919,28,5017.32,22936.32
INV6788,2025-04-17,Reliance Supply,CUST-588,18056,5,902.8,18958.8
INV6789,2025-04-18,Infosys Services,CUST-589,18193,12,2183.16,20376.16
INV6790,2025-04-19,Wipro Digital,CUST-590,18330,18,3299.4,21629.4
INV6791,2025-04-20,Adani Ports & SEZ,CUST-591,18467,28,5170.76,23637.76
INV6792,2025-04-21,Mahindra Spares,CUST-592,18604,5,930.2,19534.2
INV6793,2025-04-22,Larsen Industrial,CUST-593,18741,12,2248.92,20989.92
INV6794,2025-04-23,Bajaj Electricals,CUST-594,18878,18,3398.04,22276.04
INV6795,2025-04-24,Godrej Agrovet,CUST-595,19015,28,5324.2,24339.2
INV6796,2025-04-25,Hindustan Traders,CUST-596,19152,5,957.6,20109.6
INV6797,2025-04-26,Zomato Logistics,CUST-597,19289,12,2314.68,21603.68
INV6798,2025-04-27,Swiggy Kitchens,CUST-598,19426,18,3496.68,22922.68
INV6799,2025-04-28,Delhivery Express,CUST-599,19563,28,5477.64,25040.64
INV6800,2025-04-01,ABC Ltd,CUST-600,19700,5,985,20685
INV6801,2025-04-02,XYZ Corp,CUST-601,19837,12,2380.44,22217.44
INV6802,2025-04-03,Global Mart,CUST-602,19974,18,3595.32,23569.32
INV6803,2025-04-04,Tech Solutions,CUST-603,20111,28,5631.08,25742.08
INV6804,2025-04-05,Office Hub,CUST-604,20248,5,1012.4,21260.4
INV6805,2025-04-06,Retail One,CUST-605,20385,12,2446.2,22831.2
INV6806,2025-04-07,Bharat Logistics,CUST-606,20522,18,3693.96,24215.96
INV6807,2025-04-08,Tata Enterprises,CUST-607,20659,28,5784.52,26443.52
INV6808,2025-04-09,Reliance Supply,CUST-608,20796,5,1039.8,21835.8
INV6809,2025-04-10,Infosys Services,CUST-609,20933,12,2511.96,23444.96
INV6810,2025-04-11,Wipro Digital,CUST-610,21070,18,3792.6,24862.6
INV6811,2025-04-12,Adani Ports & SEZ,CUST-611,21207,28,5937.96,27144.96
INV6812,2025-04-13,Mahindra Spares,CUST-612,21344,5,1067.2,22411.2
INV6813,2025-04-14,Larsen Industrial,CUST-613,21481,12,2577.72,24058.72
INV6814,2025-04-15,Bajaj Electricals,CUST-614,21618,18,3891.24,25509.24
INV6815,2025-04-16,Godrej Agrovet,CUST-615,21755,28,6091.4,27846.4
INV6816,2025-04-17,Hindustan Traders,CUST-616,21892,5,1094.6,22986.6
INV6817,2025-04-18,Zomato Logistics,CUST-617,22029,12,2643.48,24672.48
INV6818,2025-04-19,Swiggy Kitchens,CUST-618,22166,18,3989.88,26155.88
INV6819,2025-04-20,Delhivery Express,CUST-619,22303,28,6244.84,28547.84
INV6820,2025-04-21,ABC Ltd,CUST-620,22440,5,1122,23562
INV6821,2025-04-22,XYZ Corp,CUST-621,22577,12,2709.24,25286.24
INV6822,2025-04-23,Global Mart,CUST-622,22714,18,4088.52,26802.52
INV6823,2025-04-24,Tech Solutions,CUST-623,22851,28,6398.28,29249.28
INV6824,2025-04-25,Office Hub,CUST-624,22988,5,1149.4,24137.4
INV6825,2025-04-26,Retail One,CUST-625,23125,12,2775,25900
INV6826,2025-04-27,Bharat Logistics,CUST-626,23262,18,4187.16,27449.16
INV6827,2025-04-28,Tata Enterprises,CUST-627,23399,28,6551.72,29950.72
INV6828,2025-04-01,Reliance Supply,CUST-628,23536,5,1176.8,24712.8
INV6829,2025-04-02,Infosys Services,CUST-629,23673,12,2840.76,26513.76
INV6830,2025-04-03,Wipro Digital,CUST-630,23810,18,4285.8,28095.8
INV6831,2025-04-04,Adani Ports & SEZ,CUST-631,23947,28,6705.16,30652.16
INV6832,2025-04-05,Mahindra Spares,CUST-632,24084,5,1204.2,25288.2
INV6833,2025-04-06,Larsen Industrial,CUST-633,24221,12,2906.52,27127.52
INV6834,2025-04-07,Bajaj Electricals,CUST-634,24358,18,4384.44,28742.44
INV6835,2025-04-08,Godrej Agrovet,CUST-635,24495,28,6858.6,31353.6
INV6836,2025-04-09,Hindustan Traders,CUST-636,24632,5,1231.6,25863.6
INV6837,2025-04-10,Zomato Logistics,CUST-637,24769,12,2972.28,27741.28
INV6838,2025-04-11,Swiggy Kitchens,CUST-638,24906,18,4483.08,29389.08
INV6839,2025-04-12,Delhivery Express,CUST-639,25043,28,7012.04,32055.04
INV6840,2025-04-13,ABC Ltd,CUST-640,25180,5,1259,26439
INV6841,2025-04-14,XYZ Corp,CUST-641,25317,12,3038.04,28355.04
INV6842,2025-04-15,Global Mart,CUST-642,25454,18,4581.72,30035.72
INV6843,2025-04-16,Tech Solutions,CUST-643,25591,28,7165.48,32756.48
INV6844,2025-04-17,Office Hub,CUST-644,25728,5,1286.4,27014.4
INV6845,2025-04-18,Retail One,CUST-645,25865,12,3103.8,28968.8
INV6846,2025-04-19,Bharat Logistics,CUST-646,26002,18,4680.36,30682.36
INV6847,2025-04-20,Tata Enterprises,CUST-647,26139,28,7318.92,33457.92
INV6848,2025-04-21,Reliance Supply,CUST-648,26276,5,1313.8,27589.8
INV6849,2025-04-22,Infosys Services,CUST-649,26413,12,3169.56,29582.56
INV6850,2025-04-23,Wipro Digital,CUST-650,26550,18,4779,31329
INV6851,2025-04-24,Adani Ports & SEZ,CUST-651,26687,28,7472.36,34159.36
INV6852,2025-04-25,Mahindra Spares,CUST-652,26824,5,1341.2,28165.2
INV6853,2025-04-26,Larsen Industrial,CUST-653,26961,12,3235.32,30196.32
INV6854,2025-04-27,Bajaj Electricals,CUST-654,27098,18,4877.64,31975.64
INV6855,2025-04-28,Godrej Agrovet,CUST-655,27235,28,7625.8,34860.8
INV6856,2025-04-01,Hindustan Traders,CUST-656,27372,5,1368.6,28740.6
INV6857,2025-04-02,Zomato Logistics,CUST-657,27509,12,3301.08,30810.08
INV6858,2025-04-03,Swiggy Kitchens,CUST-658,27646,18,4976.28,32622.28
INV6859,2025-04-04,Delhivery Express,CUST-659,27783,28,7779.24,35562.24
INV6860,2025-04-05,ABC Ltd,CUST-660,27920,5,1396,29316
INV6861,2025-04-06,XYZ Corp,CUST-661,28057,12,3366.84,31423.84
INV6862,2025-04-07,Global Mart,CUST-662,28194,18,5074.92,33268.92
INV6863,2025-04-08,Tech Solutions,CUST-663,28331,28,7932.68,36263.68
INV6864,2025-04-09,Office Hub,CUST-664,28468,5,1423.4,29891.4
INV6865,2025-04-10,Retail One,CUST-665,28605,12,3432.6,32037.6
INV6866,2025-04-11,Bharat Logistics,CUST-666,28742,18,5173.56,33915.56
INV6867,2025-04-12,Tata Enterprises,CUST-667,28879,28,8086.12,36965.12
INV6868,2025-04-13,Reliance Supply,CUST-668,29016,5,1450.8,30466.8
INV6869,2025-04-14,Infosys Services,CUST-669,29153,12,3498.36,32651.36
INV6870,2025-04-15,Wipro Digital,CUST-670,29290,18,5272.2,34562.2
INV6871,2025-04-16,Adani Ports & SEZ,CUST-671,29427,28,8239.56,37666.56
INV6872,2025-04-17,Mahindra Spares,CUST-672,29564,5,1478.2,31042.2
INV6873,2025-04-18,Larsen Industrial,CUST-673,29701,12,3564.12,33265.12
INV6874,2025-04-19,Bajaj Electricals,CUST-674,29838,18,5370.84,35208.84
INV6875,2025-04-20,Godrej Agrovet,CUST-675,29975,28,8393,38368
INV6876,2025-04-21,Hindustan Traders,CUST-676,30112,5,1505.6,31617.6
INV6877,2025-04-22,Zomato Logistics,CUST-677,30249,12,3629.88,33878.88
INV6878,2025-04-23,Swiggy Kitchens,CUST-678,30386,18,5469.48,35855.48
INV6879,2025-04-24,Delhivery Express,CUST-679,30523,28,8546.44,39069.44
INV6880,2025-04-25,ABC Ltd,CUST-680,30660,5,1533,32193
INV6881,2025-04-26,XYZ Corp,CUST-681,30797,12,3695.64,34492.64
INV6882,2025-04-27,Global Mart,CUST-682,30934,18,5568.12,36502.12
INV6883,2025-04-28,Tech Solutions,CUST-683,31071,28,8699.88,39770.88
INV6884,2025-04-01,Office Hub,CUST-684,31208,5,1560.4,32768.4
INV6885,2025-04-02,Retail One,CUST-685,31345,12,3761.4,35106.4
INV6886,2025-04-03,Bharat Logistics,CUST-686,31482,18,5666.76,37148.76
INV6887,2025-04-04,Tata Enterprises,CUST-687,31619,28,8853.32,40472.32
INV6888,2025-04-05,Reliance Supply,CUST-688,31756,5,1587.8,33343.8
INV6889,2025-04-06,Infosys Services,CUST-689,31893,12,3827.16,35720.16
INV6890,2025-04-07,Wipro Digital,CUST-690,32030,18,5765.4,37795.4
INV6891,2025-04-08,Adani Ports & SEZ,CUST-691,32167,28,9006.76,41173.76
INV6892,2025-04-09,Mahindra Spares,CUST-692,32304,5,1615.2,33919.2
INV6893,2025-04-10,Larsen Industrial,CUST-693,32441,12,3892.92,36333.92
INV6894,2025-04-11,Bajaj Electricals,CUST-694,32578,18,5864.04,38442.04
INV6895,2025-04-12,Godrej Agrovet,CUST-695,32715,28,9160.2,41875.2
INV6896,2025-04-13,Hindustan Traders,CUST-696,32852,5,1642.6,34494.6
INV6897,2025-04-14,Zomato Logistics,CUST-697,32989,12,3958.68,36947.68
INV6898,2025-04-15,Swiggy Kitchens,CUST-698,33126,18,5962.68,39088.68
INV6899,2025-04-16,Delhivery Express,CUST-699,33263,28,9313.64,42576.64
INV6900,2025-04-17,ABC Ltd,CUST-700,33400,5,1670,35070
INV6901,2025-04-18,XYZ Corp,CUST-701,33537,12,4024.44,37561.44
INV6902,2025-04-19,Global Mart,CUST-702,33674,18,6061.32,39735.32
INV6903,2025-04-20,Tech Solutions,CUST-703,33811,28,9467.08,43278.08
INV6904,2025-04-21,Office Hub,CUST-704,33948,5,1697.4,35645.4
INV6905,2025-04-22,Retail One,CUST-705,34085,12,4090.2,38175.2
INV6906,2025-04-23,Bharat Logistics,CUST-706,34222,18,6159.96,40381.96
INV6907,2025-04-24,Tata Enterprises,CUST-707,34359,28,9620.52,43979.52
INV6908,2025-04-25,Reliance Supply,CUST-708,34496,5,1724.8,36220.8
INV6909,2025-04-26,Infosys Services,CUST-709,34633,12,4155.96,38788.96
INV6910,2025-04-27,Wipro Digital,CUST-710,34770,18,6258.6,41028.6
INV6911,2025-04-28,Adani Ports & SEZ,CUST-711,34907,28,9773.96,44680.96
INV6912,2025-04-01,Mahindra Spares,CUST-712,35044,5,1752.2,36796.2
INV6913,2025-04-02,Larsen Industrial,CUST-713,35181,12,4221.72,39402.72
INV6914,2025-04-03,Bajaj Electricals,CUST-714,35318,18,6357.24,41675.24
INV6915,2025-04-04,Godrej Agrovet,CUST-715,35455,28,9927.4,45382.4
INV6916,2025-04-05,Hindustan Traders,CUST-716,35592,5,1779.6,37371.6
INV6917,2025-04-06,Zomato Logistics,CUST-717,35729,12,4287.48,40016.48
INV6918,2025-04-07,Swiggy Kitchens,CUST-718,35866,18,6455.88,42321.88
INV6919,2025-04-08,Delhivery Express,CUST-719,36003,28,10080.84,46083.84
INV6920,2025-04-09,ABC Ltd,CUST-720,36140,5,1807,37947
INV6921,2025-04-10,XYZ Corp,CUST-721,36277,12,4353.24,40630.24
INV6922,2025-04-11,Global Mart,CUST-722,36414,18,6554.52,42968.52
INV6923,2025-04-12,Tech Solutions,CUST-723,36551,28,10234.28,46785.28
INV6924,2025-04-13,Office Hub,CUST-724,36688,5,1834.4,38522.4
INV6925,2025-04-14,Retail One,CUST-725,36825,12,4419,41244
INV6926,2025-04-15,Bharat Logistics,CUST-726,36962,18,6653.16,43615.16
INV6927,2025-04-16,Tata Enterprises,CUST-727,37099,28,10387.72,47486.72
INV6928,2025-04-17,Reliance Supply,CUST-728,37236,5,1861.8,39097.8
INV6929,2025-04-18,Infosys Services,CUST-729,37373,12,4484.76,41857.76
INV6930,2025-04-19,Wipro Digital,CUST-730,37510,18,6751.8,44261.8
INV6931,2025-04-20,Adani Ports & SEZ,CUST-731,37647,28,10541.16,48188.16
INV6932,2025-04-21,Mahindra Spares,CUST-732,37784,5,1889.2,39673.2
INV6933,2025-04-22,Larsen Industrial,CUST-733,37921,12,4550.52,42471.52
INV6934,2025-04-23,Bajaj Electricals,CUST-734,38058,18,6850.44,44908.44
INV6935,2025-04-24,Godrej Agrovet,CUST-735,38195,28,10694.6,48889.6
INV6936,2025-04-25,Hindustan Traders,CUST-736,38332,5,1916.6,40248.6
INV6937,2025-04-26,Zomato Logistics,CUST-737,38469,12,4616.28,43085.28
INV6938,2025-04-27,Swiggy Kitchens,CUST-738,38606,18,6949.08,45555.08
INV6939,2025-04-28,Delhivery Express,CUST-739,38743,28,10848.04,49591.04
INV6940,2025-04-01,ABC Ltd,CUST-740,38880,5,1944,40824
INV6941,2025-04-02,XYZ Corp,CUST-741,39017,12,4682.04,43699.04
INV6942,2025-04-03,Global Mart,CUST-742,39154,18,7047.72,46201.72
INV6943,2025-04-04,Tech Solutions,CUST-743,39291,28,11001.48,50292.48
INV6944,2025-04-05,Office Hub,CUST-744,39428,5,1971.4,41399.4
INV6945,2025-04-06,Retail One,CUST-745,39565,12,4747.8,44312.8
INV6946,2025-04-07,Bharat Logistics,CUST-746,39702,18,7146.36,46848.36
INV6947,2025-04-08,Tata Enterprises,CUST-747,39839,28,11154.92,50993.92
INV6948,2025-04-09,Reliance Supply,CUST-748,39976,5,1998.8,41974.8
INV6949,2025-04-10,Infosys Services,CUST-749,40113,12,4813.56,44926.56
INV6950,2025-04-11,Wipro Digital,CUST-750,950000,18,171000,1121000
INV6951,2025-04-12,Adani Ports & SEZ,CUST-751,40387,28,11308.36,51695.36
INV6952,2025-04-13,Mahindra Spares,CUST-752,40524,5,2026.2,42550.2
INV6953,2025-04-14,Larsen Industrial,CUST-753,40661,12,4879.32,45540.32
INV6954,2025-04-15,Bajaj Electricals,CUST-754,40798,18,7343.64,48141.64
INV6955,2025-04-16,Godrej Agrovet,CUST-755,40935,28,11461.8,52396.8
INV6956,2025-04-17,Hindustan Traders,CUST-756,41072,5,2053.6,43125.6
INV6957,2025-04-18,Zomato Logistics,CUST-757,41209,12,4945.08,46154.08
INV6958,2025-04-19,Swiggy Kitchens,CUST-758,41346,18,7442.28,48788.28
INV6959,2025-04-20,Delhivery Express,CUST-759,41483,28,11615.24,53098.24
INV6960,2025-04-21,ABC Ltd,CUST-760,41620,5,2081,43701
INV6961,2025-04-22,XYZ Corp,CUST-761,41757,12,5010.84,46767.84
INV6962,2025-04-23,Global Mart,CUST-762,41894,18,7540.92,49434.92
INV6963,2025-04-24,Tech Solutions,CUST-763,42031,28,11768.68,53799.68
INV6964,2025-04-25,Office Hub,CUST-764,42168,5,2108.4,44276.4
INV6965,2025-04-26,Retail One,CUST-765,42305,12,5076.6,47381.6
INV6966,2025-04-27,Bharat Logistics,CUST-766,42442,18,7639.56,50081.56
INV6967,2025-04-28,Tata Enterprises,CUST-767,42579,28,11922.12,54501.12
INV6968,2025-04-01,Reliance Supply,CUST-768,42716,5,2135.8,44851.8
INV6969,2025-04-02,Infosys Services,CUST-769,42853,12,5142.36,47995.36
INV6970,2025-04-03,Wipro Digital,CUST-770,42990,18,7738.2,50728.2
INV6971,2025-04-04,Adani Ports & SEZ,CUST-771,43127,28,12075.56,55202.56
INV6972,2025-04-05,Mahindra Spares,CUST-772,43264,5,2163.2,45427.2
INV6973,2025-04-06,Larsen Industrial,CUST-773,43401,12,5208.12,48609.12
INV6974,2025-04-07,Bajaj Electricals,CUST-774,43538,18,7836.84,51374.84
INV6975,2025-04-08,Godrej Agrovet,CUST-775,43675,28,12229,55904
INV6976,2025-04-09,Hindustan Traders,CUST-776,43812,5,2190.6,46002.6
INV6977,2025-04-10,Zomato Logistics,CUST-777,43949,12,5273.88,49222.88
INV6978,2025-04-11,Swiggy Kitchens,CUST-778,44086,18,7935.48,52021.48
INV6979,2025-04-12,Delhivery Express,CUST-779,44223,28,12382.44,56605.44
INV6980,2025-04-13,ABC Ltd,CUST-780,44360,5,2218,46578
INV6981,2025-04-14,XYZ Corp,CUST-781,44497,12,5339.64,49836.64
INV6982,2025-04-15,Global Mart,CUST-782,44634,18,8034.12,52668.12
INV6983,2025-04-16,Tech Solutions,CUST-783,44771,28,12535.88,57306.88
INV6984,2025-04-17,Office Hub,CUST-784,44908,5,2245.4,47153.4
INV6985,2025-04-18,Retail One,CUST-785,45045,12,5405.4,50450.4
INV6986,2025-04-19,Bharat Logistics,CUST-786,45182,18,8132.76,53314.76
INV6987,2025-04-20,Tata Enterprises,CUST-787,45319,28,12689.32,58008.32
INV6988,2025-04-21,Reliance Supply,CUST-788,45456,5,2272.8,47728.8
INV6989,2025-04-22,Infosys Services,CUST-789,45593,12,5471.16,51064.16
INV6990,2025-04-23,Wipro Digital,CUST-790,45730,18,8231.4,53961.4
INV6991,2025-04-24,Adani Ports & SEZ,CUST-791,45867,28,12842.76,58709.76
INV6992,2025-04-25,Mahindra Spares,CUST-792,46004,5,2300.2,48304.2
INV6993,2025-04-26,Larsen Industrial,CUST-793,46141,12,5536.92,51677.92
INV6994,2025-04-27,Bajaj Electricals,CUST-794,46278,18,8330.04,54608.04
INV6995,2025-04-28,Godrej Agrovet,CUST-795,46415,28,12996.2,59411.2
INV6996,2025-04-01,Hindustan Traders,CUST-796,46552,5,2327.6,48879.6
INV6997,2025-04-02,Zomato Logistics,CUST-797,46689,12,5602.68,52291.68
INV6998,2025-04-03,Swiggy Kitchens,CUST-798,46826,18,8428.68,55254.68
INV6999,2025-04-04,Delhivery Express,CUST-799,46963,28,13149.64,60112.64
INV7000,2025-04-05,ABC Ltd,CUST-800,47100,5,2355,49455
INV7001,2025-04-06,XYZ Corp,CUST-801,47237,12,5668.44,52905.44
INV7002,2025-04-07,Global Mart,CUST-802,47374,18,8527.32,55901.32
INV7003,2025-04-08,Tech Solutions,CUST-803,47511,28,13303.08,60814.08
INV7004,2025-04-09,Office Hub,CUST-804,47648,5,2382.4,50030.4
INV7005,2025-04-10,Retail One,CUST-805,47785,12,5734.2,53519.2
INV7006,2025-04-11,Bharat Logistics,CUST-806,47922,18,8625.96,56547.96
INV7007,2025-04-12,Tata Enterprises,CUST-807,48059,28,13456.52,61515.52
INV7008,2025-04-13,Reliance Supply,CUST-808,48196,5,2409.8,50605.8
INV7009,2025-04-14,Infosys Services,CUST-809,48333,12,5799.96,54132.96
INV7010,2025-04-15,Wipro Digital,CUST-810,48470,18,8724.6,57194.6
INV7011,2025-04-16,Adani Ports & SEZ,CUST-811,48607,28,13609.96,62216.96
INV7012,2025-04-17,Mahindra Spares,CUST-812,48744,5,2437.2,51181.2
INV7013,2025-04-18,Larsen Industrial,CUST-813,48881,12,5865.72,54746.72
INV7014,2025-04-19,Bajaj Electricals,CUST-814,49018,18,8823.24,57841.24
INV7015,2025-04-20,Godrej Agrovet,CUST-815,49155,28,13763.4,62918.4
INV7016,2025-04-21,Hindustan Traders,CUST-816,49292,5,2464.6,51756.6
INV7017,2025-04-22,Zomato Logistics,CUST-817,49429,12,5931.48,55360.48
INV7018,2025-04-23,Swiggy Kitchens,CUST-818,49566,18,8921.88,58487.88
INV7019,2025-04-24,Delhivery Express,CUST-819,49703,28,13916.84,63619.84
INV7020,2025-04-25,ABC Ltd,CUST-820,49840,5,2492,52332
INV7021,2025-04-26,XYZ Corp,CUST-821,49977,12,5997.24,55974.24
INV7022,2025-04-27,Global Mart,CUST-822,50114,18,9020.52,59134.52
INV7023,2025-04-28,Tech Solutions,CUST-823,50251,28,14070.28,64321.28
INV7024,2025-04-01,Office Hub,CUST-824,50388,5,2519.4,52907.4
INV7025,2025-04-02,Retail One,CUST-825,50525,12,6063,56588
INV7026,2025-04-03,Bharat Logistics,CUST-826,50662,18,9119.16,59781.16
INV7027,2025-04-04,Tata Enterprises,CUST-827,50799,28,14223.72,65022.72
INV7028,2025-04-05,Reliance Supply,CUST-828,50936,5,2546.8,53482.8
INV7029,2025-04-06,Infosys Services,CUST-829,51073,12,6128.76,57201.76
INV7030,2025-04-07,Wipro Digital,CUST-830,51210,18,9217.8,60427.8
INV7031,2025-04-08,Adani Ports & SEZ,CUST-831,51347,28,14377.16,65724.16
INV7032,2025-04-09,Mahindra Spares,CUST-832,51484,5,2574.2,54058.2
INV7033,2025-04-10,Larsen Industrial,CUST-833,51621,12,6194.52,57815.52
INV7034,2025-04-11,Bajaj Electricals,CUST-834,51758,18,9316.44,61074.44
INV7035,2025-04-12,Godrej Agrovet,CUST-835,51895,28,14530.6,66425.6
INV7036,2025-04-13,Hindustan Traders,CUST-836,52032,5,2601.6,54633.6
INV7037,2025-04-14,Zomato Logistics,CUST-837,52169,12,6260.28,58429.28
INV7038,2025-04-15,Swiggy Kitchens,CUST-838,52306,18,9415.08,61721.08
INV7039,2025-04-16,Delhivery Express,CUST-839,52443,28,14684.04,67127.04
INV7040,2025-04-17,ABC Ltd,CUST-840,52580,5,2629,55209
INV7041,2025-04-18,XYZ Corp,CUST-841,52717,12,6326.04,59043.04
INV7042,2025-04-19,Global Mart,CUST-842,52854,18,9513.72,62367.72
INV7043,2025-04-20,Tech Solutions,CUST-843,52991,28,14837.48,67828.48
INV7044,2025-04-21,Office Hub,CUST-844,53128,5,2656.4,55784.4
INV7045,2025-04-22,Retail One,CUST-845,53265,12,6391.8,59656.8
INV7046,2025-04-23,Bharat Logistics,CUST-846,53402,18,9612.36,63014.36
INV7047,2025-04-24,Tata Enterprises,CUST-847,53539,28,14990.92,68529.92
INV7048,2025-04-25,Reliance Supply,CUST-848,53676,5,2683.8,56359.8
INV7049,2025-04-26,Infosys Services,CUST-849,53813,12,6457.56,60270.56
INV7050,2025-04-27,Wipro Digital,CUST-850,53950,18,9711,63661
INV7051,2025-04-28,Adani Ports & SEZ,CUST-851,54087,28,15144.36,69231.36
INV7052,2025-04-01,Mahindra Spares,CUST-852,54224,5,2711.2,56935.2
INV7053,2025-04-02,Larsen Industrial,CUST-853,54361,12,6523.32,60884.32
INV7054,2025-04-03,Bajaj Electricals,CUST-854,54498,18,9809.64,64307.64
INV7055,2025-04-04,Godrej Agrovet,CUST-855,54635,28,15297.8,69932.8
INV7056,2025-04-05,Hindustan Traders,CUST-856,54772,5,2738.6,57510.6
INV7057,2025-04-06,Zomato Logistics,CUST-857,54909,12,6589.08,61498.08
INV7058,2025-04-07,Swiggy Kitchens,CUST-858,55046,18,9908.28,64954.28
INV7059,2025-04-08,Delhivery Express,CUST-859,55183,28,15451.24,70634.24
INV7060,2025-04-09,ABC Ltd,CUST-860,55320,5,2766,58086
INV7061,2025-04-10,XYZ Corp,CUST-861,55457,12,6654.84,62111.84
INV7062,2025-04-11,Global Mart,CUST-862,55594,18,10006.92,65600.92
INV7063,2025-04-12,Tech Solutions,CUST-863,55731,28,15604.68,71335.68
INV7064,2025-04-13,Office Hub,CUST-864,55868,5,2793.4,58661.4
INV7065,2025-04-14,Retail One,CUST-865,56005,12,6720.6,62725.6
INV7066,2025-04-15,Bharat Logistics,CUST-866,56142,18,10105.56,66247.56
INV7067,2025-04-16,Tata Enterprises,CUST-867,56279,28,15758.12,72037.12
INV7068,2025-04-17,Reliance Supply,CUST-868,56416,5,2820.8,59236.8
INV7069,2025-04-18,Infosys Services,CUST-869,56553,12,6786.36,63339.36
INV7070,2025-04-19,Wipro Digital,CUST-870,56690,18,10204.2,66894.2
INV7071,2025-04-20,Adani Ports & SEZ,CUST-871,56827,28,15911.56,72738.56
INV7072,2025-04-21,Mahindra Spares,CUST-872,56964,5,2848.2,59812.2
INV7073,2025-04-22,Larsen Industrial,CUST-873,57101,12,6852.12,63953.12
INV7074,2025-04-23,Bajaj Electricals,CUST-874,57238,18,10302.84,67540.84
INV7075,2025-04-24,Godrej Agrovet,CUST-875,57375,28,16065,73440
INV7076,2025-04-25,Hindustan Traders,CUST-876,57512,5,2875.6,60387.6
INV7077,2025-04-26,Zomato Logistics,CUST-877,57649,12,6917.88,64566.88
INV7078,2025-04-27,Swiggy Kitchens,CUST-878,57786,18,10401.48,68187.48
INV7079,2025-04-28,Delhivery Express,CUST-879,57923,28,16218.44,74141.44
INV7080,2025-04-01,ABC Ltd,CUST-880,58060,5,2903,60963
INV7081,2025-04-02,XYZ Corp,CUST-881,58197,12,6983.64,65180.64
INV7082,2025-04-03,Global Mart,CUST-882,58334,18,10500.12,68834.12
INV7083,2025-04-04,Tech Solutions,CUST-883,58471,28,16371.88,74842.88
INV7084,2025-04-05,Office Hub,CUST-884,58608,5,2930.4,61538.4
INV7085,2025-04-06,Retail One,CUST-885,58745,12,7049.4,65794.4
INV7086,2025-04-07,Bharat Logistics,CUST-886,58882,18,10598.76,69480.76
INV7087,2025-04-08,Tata Enterprises,CUST-887,59019,28,16525.32,75544.32
INV7088,2025-04-09,Reliance Supply,CUST-888,59156,5,2957.8,62113.8
INV7089,2025-04-10,Infosys Services,CUST-889,59293,12,7115.16,66408.16
INV7090,2025-04-11,Wipro Digital,CUST-890,59430,18,10697.4,70127.4
INV7091,2025-04-12,Adani Ports & SEZ,CUST-891,59567,28,16678.76,76245.76
INV7092,2025-04-13,Mahindra Spares,CUST-892,59704,5,2985.2,62689.2
INV7093,2025-04-14,Larsen Industrial,CUST-893,59841,12,7180.92,67021.92
INV7094,2025-04-15,Bajaj Electricals,CUST-894,59978,18,10796.04,70774.04
INV7095,2025-04-16,Godrej Agrovet,CUST-895,60115,28,16832.2,76947.2
INV7096,2025-04-17,Hindustan Traders,CUST-896,60252,5,3012.6,63264.6
INV7097,2025-04-18,Zomato Logistics,CUST-897,60389,12,7246.68,67635.68
INV7098,2025-04-19,Swiggy Kitchens,CUST-898,60526,18,10894.68,71420.68
INV7099,2025-04-20,Delhivery Express,CUST-899,60663,28,16985.64,77648.64
INV7100,2025-04-21,ABC Ltd,CUST-900,60800,5,3040,63840
INV7101,2025-04-22,XYZ Corp,CUST-901,60937,12,7312.44,68249.44
INV7102,2025-04-23,Global Mart,CUST-902,61074,18,10993.32,72067.32
INV7103,2025-04-24,Tech Solutions,CUST-903,61211,28,17139.08,78350.08
INV7104,2025-04-25,Office Hub,CUST-904,61348,5,3067.4,64415.4
INV7105,2025-04-26,Retail One,CUST-905,61485,12,7378.2,68863.2
INV7106,2025-04-27,Bharat Logistics,CUST-906,61622,18,11091.96,72713.96
INV7107,2025-04-28,Tata Enterprises,CUST-907,61759,28,17292.52,79051.52
INV7108,2025-04-01,Reliance Supply,CUST-908,61896,5,3094.8,64990.8
INV7109,2025-04-02,Infosys Services,CUST-909,62033,12,7443.96,69476.96
INV7110,2025-04-03,Wipro Digital,CUST-910,62170,18,11190.6,73360.6
INV7111,2025-04-04,Adani Ports & SEZ,CUST-911,62307,28,17445.96,79752.96
INV7112,2025-04-05,Mahindra Spares,CUST-912,62444,5,3122.2,65566.2
INV7113,2025-04-06,Larsen Industrial,CUST-913,62581,12,7509.72,70090.72
INV7114,2025-04-07,Bajaj Electricals,CUST-914,62718,18,11289.24,74007.24
INV7115,2025-04-08,Godrej Agrovet,CUST-915,62855,28,17599.4,80454.4
INV7116,2025-04-09,Hindustan Traders,CUST-916,62992,5,3149.6,66141.6
INV7117,2025-04-10,Zomato Logistics,CUST-917,63129,12,7575.48,70704.48
INV7118,2025-04-11,Swiggy Kitchens,CUST-918,63266,18,11387.88,74653.88
INV7119,2025-04-12,Delhivery Express,CUST-919,63403,28,17752.84,81155.84
INV7120,2025-04-13,ABC Ltd,CUST-920,63540,5,3177,66717
INV7121,2025-04-14,XYZ Corp,CUST-921,63677,12,7641.24,71318.24
INV7122,2025-04-15,Global Mart,CUST-922,63814,18,11486.52,75300.52
INV7123,2025-04-16,Tech Solutions,CUST-923,63951,28,17906.28,81857.28
INV7124,2025-04-17,Office Hub,CUST-924,64088,5,3204.4,67292.4
INV7125,2025-04-18,Retail One,CUST-925,64225,12,7707,71932
INV7126,2025-04-19,Bharat Logistics,CUST-926,64362,18,11585.16,75947.16
INV7127,2025-04-20,Tata Enterprises,CUST-927,64499,28,18059.72,82558.72
INV7128,2025-04-21,Reliance Supply,CUST-928,64636,5,3231.8,67867.8
INV7129,2025-04-22,Infosys Services,CUST-929,64773,12,7772.76,72545.76
INV7130,2025-04-23,Wipro Digital,CUST-930,64910,18,11683.8,76593.8
INV7131,2025-04-24,Adani Ports & SEZ,CUST-931,65047,28,18213.16,83260.16
INV7132,2025-04-25,Mahindra Spares,CUST-932,65184,5,3259.2,68443.2
INV7133,2025-04-26,Larsen Industrial,CUST-933,65321,12,7838.52,73159.52
INV7134,2025-04-27,Bajaj Electricals,CUST-934,65458,18,11782.44,77240.44
INV7135,2025-04-28,Godrej Agrovet,CUST-935,65595,28,18366.6,83961.6
INV7136,2025-04-01,Hindustan Traders,CUST-936,65732,5,3286.6,69018.6
INV7137,2025-04-02,Zomato Logistics,CUST-937,65869,12,7904.28,73773.28
INV7138,2025-04-03,Swiggy Kitchens,CUST-938,66006,18,11881.08,77887.08
INV7139,2025-04-04,Delhivery Express,CUST-939,66143,28,18520.04,84663.04
INV7140,2025-04-05,ABC Ltd,CUST-940,66280,5,3314,69594
INV7141,2025-04-06,XYZ Corp,CUST-941,66417,12,7970.04,74387.04
INV7142,2025-04-07,Global Mart,CUST-942,66554,18,11979.72,78533.72
INV7143,2025-04-08,Tech Solutions,CUST-943,66691,28,18673.48,85364.48
INV7144,2025-04-09,Office Hub,CUST-944,66828,5,3341.4,70169.4
INV7145,2025-04-10,Retail One,CUST-945,66965,12,8035.8,75000.8
INV7146,2025-04-11,Bharat Logistics,CUST-946,67102,18,12078.36,79180.36
INV7147,2025-04-12,Tata Enterprises,CUST-947,67239,28,18826.92,86065.92
INV7148,2025-04-13,Reliance Supply,CUST-948,67376,5,3368.8,70744.8
INV7149,2025-04-14,Infosys Services,CUST-949,67513,12,8101.56,75614.56
INV7150,2025-04-15,Wipro Digital,CUST-100,67650,18,12177,79827
INV7151,2025-04-16,Adani Ports & SEZ,CUST-101,67787,28,18980.36,86767.36
INV7152,2025-04-17,Mahindra Spares,CUST-102,67924,5,3396.2,71320.2
INV7153,2025-04-18,Larsen Industrial,CUST-103,68061,12,8167.32,76228.32
INV7154,2025-04-19,Bajaj Electricals,CUST-104,68198,18,12275.64,80473.64
INV7155,2025-04-20,Godrej Agrovet,CUST-105,68335,28,19133.8,87468.8
INV7156,2025-04-21,Hindustan Traders,CUST-106,68472,5,3423.6,71895.6
INV7157,2025-04-22,Zomato Logistics,CUST-107,68609,12,8233.08,76842.08
INV7158,2025-04-23,Swiggy Kitchens,CUST-108,68746,18,12374.28,81120.28
INV7159,2025-04-24,Delhivery Express,CUST-109,68883,28,19287.24,88170.24
INV7160,2025-04-25,ABC Ltd,CUST-110,69020,5,3451,72471
INV7161,2025-04-26,XYZ Corp,CUST-111,69157,12,8298.84,77455.84
INV7162,2025-04-27,Global Mart,CUST-112,69294,18,12472.92,81766.92
INV7163,2025-04-28,Tech Solutions,CUST-113,69431,28,19440.68,88871.68
INV7164,2025-04-01,Office Hub,CUST-114,69568,5,3478.4,73046.4
INV7165,2025-04-02,Retail One,CUST-115,69705,12,8364.6,78069.6
INV7166,2025-04-03,Bharat Logistics,CUST-116,69842,18,12571.56,82413.56
INV7167,2025-04-04,Tata Enterprises,CUST-117,69979,28,19594.12,89573.12
INV7168,2025-04-05,Reliance Supply,CUST-118,70116,5,3505.8,73621.8
INV7169,2025-04-06,Infosys Services,CUST-119,70253,12,8430.36,78683.36
INV7170,2025-04-07,Wipro Digital,CUST-120,70390,18,12670.2,83060.2
INV7171,2025-04-08,Adani Ports & SEZ,CUST-121,70527,28,19747.56,90274.56
INV7172,2025-04-09,Mahindra Spares,CUST-122,70664,5,3533.2,74197.2
INV7173,2025-04-10,Larsen Industrial,CUST-123,70801,12,8496.12,79297.12
INV7174,2025-04-11,Bajaj Electricals,CUST-124,70938,18,12768.84,83706.84
INV7175,2025-04-12,Godrej Agrovet,CUST-125,71075,28,19901,90976
INV7176,2025-04-13,Hindustan Traders,CUST-126,71212,5,3560.6,74772.6
INV7177,2025-04-14,Zomato Logistics,CUST-127,71349,12,8561.88,79910.88
INV7178,2025-04-15,Swiggy Kitchens,CUST-128,71486,18,12867.48,84353.48
INV7179,2025-04-16,Delhivery Express,CUST-129,71623,28,20054.44,91677.44
INV7180,2025-04-17,ABC Ltd,CUST-130,71760,5,3588,75348
INV7181,2025-04-18,XYZ Corp,CUST-131,71897,12,8627.64,80524.64
INV7182,2025-04-19,Global Mart,CUST-132,72034,18,12966.12,85000.12
INV7183,2025-04-20,Tech Solutions,CUST-133,72171,28,20207.88,92378.88
INV7184,2025-04-21,Office Hub,CUST-134,72308,5,3615.4,75923.4
INV7185,2025-04-22,Retail One,CUST-135,72445,12,8693.4,81138.4
INV7186,2025-04-23,Bharat Logistics,CUST-136,72582,18,13064.76,85646.76
INV7187,2025-04-24,Tata Enterprises,CUST-137,72719,28,20361.32,93080.32
INV7188,2025-04-25,Reliance Supply,CUST-138,72856,5,3642.8,76498.8
INV7189,2025-04-26,Infosys Services,CUST-139,72993,12,8759.16,81752.16
INV7190,2025-04-27,Wipro Digital,CUST-140,73130,18,13163.4,86293.4
INV7191,2025-04-28,Adani Ports & SEZ,CUST-141,73267,28,20514.76,93781.76
INV7192,2025-04-01,Mahindra Spares,CUST-142,73404,5,3670.2,77074.2
INV7193,2025-04-02,Larsen Industrial,CUST-143,73541,12,8824.92,82365.92
INV7194,2025-04-03,Bajaj Electricals,CUST-144,73678,18,13262.04,86940.04
INV7195,2025-04-04,Godrej Agrovet,CUST-145,73815,28,20668.2,94483.2
INV7196,2025-04-05,Hindustan Traders,CUST-146,73952,5,3697.6,77649.6
INV7197,2025-04-06,Zomato Logistics,CUST-147,74089,12,8890.68,82979.68
INV7198,2025-04-07,Swiggy Kitchens,CUST-148,74226,18,13360.68,87586.68
INV7199,2025-04-08,Delhivery Express,CUST-149,74363,28,20821.64,95184.64
INV7200,2025-04-09,ABC Ltd,CUST-150,850000,5,42500,892500
INV7201,2025-04-10,XYZ Corp,CUST-151,74637,12,8956.44,83593.44
INV7202,2025-04-11,Global Mart,CUST-152,74774,18,13459.32,88233.32
INV7203,2025-04-12,Tech Solutions,CUST-153,74911,28,20975.08,95886.08
INV7204,2025-04-13,Office Hub,CUST-154,75048,5,3752.4,78800.4
INV7205,2025-04-14,Retail One,CUST-155,75185,12,9022.2,84207.2
INV7206,2025-04-15,Bharat Logistics,CUST-156,75322,18,13557.96,88879.96
INV7207,2025-04-16,Tata Enterprises,CUST-157,75459,28,21128.52,96587.52
INV7208,2025-04-17,Reliance Supply,CUST-158,75596,5,3779.8,79375.8
INV7209,2025-04-18,Infosys Services,CUST-159,75733,12,9087.96,84820.96
INV7210,2025-04-19,Wipro Digital,CUST-160,75870,18,13656.6,89526.6
INV7211,2025-04-20,Adani Ports & SEZ,CUST-161,76007,28,21281.96,97288.96
INV7212,2025-04-21,Mahindra Spares,CUST-162,76144,5,3807.2,79951.2
INV7213,2025-04-22,Larsen Industrial,CUST-163,76281,12,9153.72,85434.72
INV7214,2025-04-23,Bajaj Electricals,CUST-164,76418,18,13755.24,90173.24
INV7215,2025-04-24,Godrej Agrovet,CUST-165,76555,28,21435.4,97990.4
INV7216,2025-04-25,Hindustan Traders,CUST-166,76692,5,3834.6,80526.6
INV7217,2025-04-26,Zomato Logistics,CUST-167,76829,12,9219.48,86048.48
INV7218,2025-04-27,Swiggy Kitchens,CUST-168,76966,18,13853.88,90819.88
INV7219,2025-04-28,Delhivery Express,CUST-169,77103,28,21588.84,98691.84
INV7220,2025-04-01,ABC Ltd,CUST-170,77240,5,3862,81102
INV7221,2025-04-02,XYZ Corp,CUST-171,77377,12,9285.24,86662.24
INV7222,2025-04-03,Global Mart,CUST-172,2514,18,452.52,2966.52
INV7223,2025-04-04,Tech Solutions,CUST-173,2651,28,742.28,3393.28
INV7224,2025-04-05,Office Hub,CUST-174,2788,5,139.4,2927.4
INV7225,2025-04-06,Retail One,CUST-175,2925,12,351,3276
INV7226,2025-04-07,Bharat Logistics,CUST-176,3062,18,551.16,3613.16
INV7227,2025-04-08,Tata Enterprises,CUST-177,3199,28,895.72,4094.72
INV7228,2025-04-09,Reliance Supply,CUST-178,3336,5,166.8,3502.8
INV7229,2025-04-10,Infosys Services,CUST-179,3473,12,416.76,3889.76
INV7230,2025-04-11,Wipro Digital,CUST-180,3610,18,649.8,4259.8
INV7231,2025-04-12,Adani Ports & SEZ,CUST-181,3747,28,1049.16,4796.16
INV7232,2025-04-13,Mahindra Spares,CUST-182,3884,5,194.2,4078.2
INV7233,2025-04-14,Larsen Industrial,CUST-183,4021,12,482.52,4503.52
INV7234,2025-04-15,Bajaj Electricals,CUST-184,4158,18,748.44,4906.44
INV7235,2025-04-16,Godrej Agrovet,CUST-185,4295,28,1202.6,5497.6
INV7236,2025-04-17,Hindustan Traders,CUST-186,4432,5,221.6,4653.6
INV7237,2025-04-18,Zomato Logistics,CUST-187,4569,12,548.28,5117.28
INV7238,2025-04-19,Swiggy Kitchens,CUST-188,4706,18,847.08,5553.08
INV7239,2025-04-20,Delhivery Express,CUST-189,4843,28,1356.04,6199.04
INV7240,2025-04-21,ABC Ltd,CUST-190,4980,5,249,5229
INV7241,2025-04-22,XYZ Corp,CUST-191,5117,12,614.04,5731.04
INV7242,2025-04-23,Global Mart,CUST-192,5254,18,945.72,6199.72
INV7243,2025-04-24,Tech Solutions,CUST-193,5391,28,1509.48,6900.48
INV7244,2025-04-25,Office Hub,CUST-194,5528,5,276.4,5804.4
INV7245,2025-04-26,Retail One,CUST-195,5665,12,679.8,6344.8
INV7246,2025-04-27,Bharat Logistics,CUST-196,5802,18,1044.36,6846.36
INV7247,2025-04-28,Tata Enterprises,CUST-197,5939,28,1662.92,7601.92
INV7248,2025-04-01,Reliance Supply,CUST-198,6076,5,303.8,6379.8
INV7249,2025-04-02,Infosys Services,CUST-199,6213,12,745.56,6958.56
INV7250,2025-04-03,Wipro Digital,CUST-200,6350,18,1143,7493
INV7251,2025-04-04,Adani Ports & SEZ,CUST-201,6487,28,1816.36,8303.36
INV7252,2025-04-05,Mahindra Spares,CUST-202,6624,5,331.2,6955.2
INV7253,2025-04-06,Larsen Industrial,CUST-203,6761,12,811.32,7572.32
INV7254,2025-04-07,Bajaj Electricals,CUST-204,6898,18,1241.64,8139.64
INV7255,2025-04-08,Godrej Agrovet,CUST-205,7035,28,1969.8,9004.8
INV7256,2025-04-09,Hindustan Traders,CUST-206,7172,5,358.6,7530.6
INV7257,2025-04-10,Zomato Logistics,CUST-207,7309,12,877.08,8186.08
INV7258,2025-04-11,Swiggy Kitchens,CUST-208,7446,18,1340.28,8786.28
INV7259,2025-04-12,Delhivery Express,CUST-209,7583,28,2123.24,9706.24
INV7260,2025-04-13,ABC Ltd,CUST-210,7720,5,386,8106
INV7261,2025-04-14,XYZ Corp,CUST-211,7857,12,942.84,8799.84
INV7262,2025-04-15,Global Mart,CUST-212,7994,18,1438.92,9432.92
INV7263,2025-04-16,Tech Solutions,CUST-213,8131,28,2276.68,10407.68
INV7264,2025-04-17,Office Hub,CUST-214,8268,5,413.4,8681.4
INV7265,2025-04-18,Retail One,CUST-215,8405,12,1008.6,9413.6
INV7266,2025-04-19,Bharat Logistics,CUST-216,8542,18,1537.56,10079.56
INV7267,2025-04-20,Tata Enterprises,CUST-217,8679,28,2430.12,11109.12
INV7268,2025-04-21,Reliance Supply,CUST-218,8816,5,440.8,9256.8
INV7269,2025-04-22,Infosys Services,CUST-219,8953,12,1074.36,10027.36
INV7270,2025-04-23,Wipro Digital,CUST-220,9090,18,1636.2,10726.2
INV7271,2025-04-24,Adani Ports & SEZ,CUST-221,9227,28,2583.56,11810.56
INV7272,2025-04-25,Mahindra Spares,CUST-222,9364,5,468.2,9832.2
INV7273,2025-04-26,Larsen Industrial,CUST-223,9501,12,1140.12,10641.12
INV7274,2025-04-27,Bajaj Electricals,CUST-224,9638,18,1734.84,11372.84
INV7275,2025-04-28,Godrej Agrovet,CUST-225,9775,28,2737,12512
INV7276,2025-04-01,Hindustan Traders,CUST-226,9912,5,495.6,10407.6
INV7277,2025-04-02,Zomato Logistics,CUST-227,10049,12,1205.88,11254.88
INV7278,2025-04-03,Swiggy Kitchens,CUST-228,10186,18,1833.48,12019.48
INV7279,2025-04-04,Delhivery Express,CUST-229,10323,28,2890.44,13213.44
INV7280,2025-04-05,ABC Ltd,CUST-230,10460,5,523,10983
INV7281,2025-04-06,XYZ Corp,CUST-231,10597,12,1271.64,11868.64
INV7282,2025-04-07,Global Mart,CUST-232,10734,18,1932.12,12666.12
INV7283,2025-04-08,Tech Solutions,CUST-233,10871,28,3043.88,13914.88
INV7284,2025-04-09,Office Hub,CUST-234,11008,5,550.4,11558.4
INV7285,2025-04-10,Retail One,CUST-235,11145,12,1337.4,12482.4
INV7286,2025-04-11,Bharat Logistics,CUST-236,11282,18,2030.76,13312.76
INV7287,2025-04-12,Tata Enterprises,CUST-237,11419,28,3197.32,14616.32
INV7288,2025-04-13,Reliance Supply,CUST-238,11556,5,577.8,12133.8
INV7289,2025-04-14,Infosys Services,CUST-239,11693,12,1403.16,13096.16
INV7290,2025-04-15,Wipro Digital,CUST-240,11830,18,2129.4,13959.4
INV7291,2025-04-16,Adani Ports & SEZ,CUST-241,11967,28,3350.76,15317.76
INV7292,2025-04-17,Mahindra Spares,CUST-242,12104,5,605.2,12709.2
INV7293,2025-04-18,Larsen Industrial,CUST-243,12241,12,1468.92,13709.92
INV7294,2025-04-19,Bajaj Electricals,CUST-244,12378,18,2228.04,14606.04
INV7295,2025-04-20,Godrej Agrovet,CUST-245,12515,28,3504.2,16019.2
INV7296,2025-04-21,Hindustan Traders,CUST-246,12652,5,632.6,13284.6
INV7297,2025-04-22,Zomato Logistics,CUST-247,12789,12,1534.68,14323.68
INV7298,2025-04-23,Swiggy Kitchens,CUST-248,12926,18,2326.68,15252.68
INV7299,2025-04-24,Delhivery Express,CUST-249,13063,28,3657.64,16720.64
INV7300,2025-04-25,ABC Ltd,CUST-250,13200,5,660,13860
INV7301,2025-04-26,XYZ Corp,CUST-251,13337,12,1600.44,14937.44
INV7302,2025-04-27,Global Mart,CUST-252,13474,18,2425.32,15899.32
INV7303,2025-04-28,Tech Solutions,CUST-253,13611,28,3811.08,17422.08
INV7304,2025-04-01,Office Hub,CUST-254,13748,5,687.4,14435.4
INV7305,2025-04-02,Retail One,CUST-255,13885,12,1666.2,15551.2
INV7306,2025-04-03,Bharat Logistics,CUST-256,14022,18,2523.96,16545.96
INV7307,2025-04-04,Tata Enterprises,CUST-257,14159,28,3964.52,18123.52
INV7308,2025-04-05,Reliance Supply,CUST-258,14296,5,714.8,15010.8
INV7309,2025-04-06,Infosys Services,CUST-259,14433,12,1731.96,16164.96
INV7310,2025-04-07,Wipro Digital,CUST-260,14570,18,2622.6,17192.6
INV7311,2025-04-08,Adani Ports & SEZ,CUST-261,14707,28,4117.96,18824.96
INV7312,2025-04-09,Mahindra Spares,CUST-262,14844,5,742.2,15586.2
INV7313,2025-04-10,Larsen Industrial,CUST-263,14981,12,1797.72,16778.72
INV7314,2025-04-11,Bajaj Electricals,CUST-264,15118,18,2721.24,17839.24
INV7315,2025-04-12,Godrej Agrovet,CUST-265,15255,28,4271.4,19526.4
INV7316,2025-04-13,Hindustan Traders,CUST-266,15392,5,769.6,16161.6
INV7317,2025-04-14,Zomato Logistics,CUST-267,15529,12,1863.48,17392.48
INV7318,2025-04-15,Swiggy Kitchens,CUST-268,15666,18,2819.88,18485.88
INV7319,2025-04-16,Delhivery Express,CUST-269,15803,28,4424.84,20227.84
INV7320,2025-04-17,ABC Ltd,CUST-270,15940,5,797,16737
INV7321,2025-04-18,XYZ Corp,CUST-271,16077,12,1929.24,18006.24
INV7322,2025-04-19,Global Mart,CUST-272,16214,18,2918.52,19132.52
INV7323,2025-04-20,Tech Solutions,CUST-273,16351,28,4578.28,20929.28
INV7324,2025-04-21,Office Hub,CUST-274,16488,5,824.4,17312.4
INV7325,2025-04-22,Retail One,CUST-275,16625,12,1995,18620
INV7326,2025-04-23,Bharat Logistics,CUST-276,16762,18,3017.16,19779.16
INV7327,2025-04-24,Tata Enterprises,CUST-277,16899,28,4731.72,21630.72
INV7328,2025-04-25,Reliance Supply,CUST-278,17036,5,851.8,17887.8
INV7329,2025-04-26,Infosys Services,CUST-279,17173,12,2060.76,19233.76
INV7330,2025-04-27,Wipro Digital,CUST-280,17310,18,3115.8,20425.8
INV7331,2025-04-28,Adani Ports & SEZ,CUST-281,17447,28,4885.16,22332.16
INV7332,2025-04-01,Mahindra Spares,CUST-282,17584,5,879.2,18463.2
INV7333,2025-04-02,Larsen Industrial,CUST-283,17721,12,2126.52,19847.52
INV7334,2025-04-03,Bajaj Electricals,CUST-284,17858,18,3214.44,21072.44
INV7335,2025-04-04,Godrej Agrovet,CUST-285,17995,28,5038.6,23033.6
INV7336,2025-04-05,Hindustan Traders,CUST-286,18132,5,906.6,19038.6
INV7337,2025-04-06,Zomato Logistics,CUST-287,18269,12,2192.28,20461.28
INV7338,2025-04-07,Swiggy Kitchens,CUST-288,18406,18,3313.08,21719.08
INV7339,2025-04-08,Delhivery Express,CUST-289,18543,28,5192.04,23735.04
INV7340,2025-04-09,ABC Ltd,CUST-290,18680,5,934,19614
INV7341,2025-04-10,XYZ Corp,CUST-291,18817,12,2258.04,21075.04
INV7342,2025-04-11,Global Mart,CUST-292,18954,18,3411.72,22365.72
INV7343,2025-04-12,Tech Solutions,CUST-293,19091,28,5345.48,24436.48
INV7344,2025-04-13,Office Hub,CUST-294,19228,5,961.4,20189.4
INV7345,2025-04-14,Retail One,CUST-295,19365,12,2323.8,21688.8
INV7346,2025-04-15,Bharat Logistics,CUST-296,19502,18,3510.36,23012.36
INV7347,2025-04-16,Tata Enterprises,CUST-297,19639,28,5498.92,25137.92
INV7348,2025-04-17,Reliance Supply,CUST-298,19776,5,988.8,20764.8
INV7349,2025-04-18,Infosys Services,CUST-299,19913,12,2389.56,22302.56
INV7350,2025-04-19,Wipro Digital,CUST-300,20050,18,3609,23659
INV7351,2025-04-20,Adani Ports & SEZ,CUST-301,20187,28,5652.36,25839.36
INV7352,2025-04-21,Mahindra Spares,CUST-302,20324,5,1016.2,21340.2
INV7353,2025-04-22,Larsen Industrial,CUST-303,20461,12,2455.32,22916.32
INV7354,2025-04-23,Bajaj Electricals,CUST-304,20598,18,3707.64,24305.64
INV7355,2025-04-24,Godrej Agrovet,CUST-305,20735,28,5805.8,26540.8
INV7356,2025-04-25,Hindustan Traders,CUST-306,20872,5,1043.6,21915.6
INV7357,2025-04-26,Zomato Logistics,CUST-307,21009,12,2521.08,23530.08
INV7358,2025-04-27,Swiggy Kitchens,CUST-308,21146,18,3806.28,24952.28
INV7359,2025-04-28,Delhivery Express,CUST-309,21283,28,5959.24,27242.24
INV7360,2025-04-01,ABC Ltd,CUST-310,21420,5,1071,22491
INV7361,2025-04-02,XYZ Corp,CUST-311,21557,12,2586.84,24143.84
INV7362,2025-04-03,Global Mart,CUST-312,21694,18,3904.92,25598.92
INV7363,2025-04-04,Tech Solutions,CUST-313,21831,28,6112.68,27943.68
INV7364,2025-04-05,Office Hub,CUST-314,21968,5,1098.4,23066.4
INV7365,2025-04-06,Retail One,CUST-315,22105,12,2652.6,24757.6
INV7366,2025-04-07,Bharat Logistics,CUST-316,22242,18,4003.56,26245.56
INV7367,2025-04-08,Tata Enterprises,CUST-317,22379,28,6266.12,28645.12
INV7368,2025-04-09,Reliance Supply,CUST-318,22516,5,1125.8,23641.8
INV7369,2025-04-10,Infosys Services,CUST-319,22653,12,2718.36,25371.36
INV7370,2025-04-11,Wipro Digital,CUST-320,22790,18,4102.2,26892.2
INV7371,2025-04-12,Adani Ports & SEZ,CUST-321,22927,28,6419.56,29346.56
INV7372,2025-04-13,Mahindra Spares,CUST-322,23064,5,1153.2,24217.2
INV7373,2025-04-14,Larsen Industrial,CUST-323,23201,12,2784.12,25985.12
INV7374,2025-04-15,Bajaj Electricals,CUST-324,23338,18,4200.84,27538.84
INV7375,2025-04-16,Godrej Agrovet,CUST-325,23475,28,6573,30048
INV7376,2025-04-17,Hindustan Traders,CUST-326,23612,5,1180.6,24792.6
INV7377,2025-04-18,Zomato Logistics,CUST-327,23749,12,2849.88,26598.88
INV7378,2025-04-19,Swiggy Kitchens,CUST-328,23886,18,4299.48,28185.48
INV7379,2025-04-20,Delhivery Express,CUST-329,24023,28,6726.44,30749.44
INV7380,2025-04-21,ABC Ltd,CUST-330,24160,5,1208,25368
INV7381,2025-04-22,XYZ Corp,CUST-331,24297,12,2915.64,27212.64
INV7382,2025-04-23,Global Mart,CUST-332,24434,18,4398.12,28832.12
INV7383,2025-04-24,Tech Solutions,CUST-333,24571,28,6879.88,31450.88
INV7384,2025-04-25,Office Hub,CUST-334,24708,5,1235.4,25943.4
INV7385,2025-04-26,Retail One,CUST-335,24845,12,2981.4,27826.4
INV7386,2025-04-27,Bharat Logistics,CUST-336,24982,18,4496.76,29478.76
INV7387,2025-04-28,Tata Enterprises,CUST-337,25119,28,7033.32,32152.32
INV7388,2025-04-01,Reliance Supply,CUST-338,25256,5,1262.8,26518.8
INV7389,2025-04-02,Infosys Services,CUST-339,25393,12,3047.16,28440.16
INV7390,2025-04-03,Wipro Digital,CUST-340,25530,18,4595.4,30125.4
INV7391,2025-04-04,Adani Ports & SEZ,CUST-341,25667,28,7186.76,32853.76
INV7392,2025-04-05,Mahindra Spares,CUST-342,25804,5,1290.2,27094.2
INV7393,2025-04-06,Larsen Industrial,CUST-343,25941,12,3112.92,29053.92
INV7394,2025-04-07,Bajaj Electricals,CUST-344,26078,18,4694.04,30772.04
INV7395,2025-04-08,Godrej Agrovet,CUST-345,26215,28,7340.2,33555.2
INV7396,2025-04-09,Hindustan Traders,CUST-346,26352,5,1317.6,27669.6
INV7397,2025-04-10,Zomato Logistics,CUST-347,26489,12,3178.68,29667.68
INV7398,2025-04-11,Swiggy Kitchens,CUST-348,26626,18,4792.68,31418.68
INV7399,2025-04-12,Delhivery Express,CUST-349,26763,28,7493.64,34256.64
INV7400,2025-04-13,ABC Ltd,CUST-350,26900,5,1345,28245
INV7401,2025-04-14,XYZ Corp,CUST-351,27037,12,3244.44,30281.44
INV7402,2025-04-15,Global Mart,CUST-352,27174,18,4891.32,32065.32
INV7403,2025-04-16,Tech Solutions,CUST-353,27311,28,7647.08,34958.08
INV7404,2025-04-17,Office Hub,CUST-354,27448,5,1372.4,28820.4
INV7405,2025-04-18,Retail One,CUST-355,27585,12,3310.2,30895.2
INV7406,2025-04-19,Bharat Logistics,CUST-356,27722,18,4989.96,32711.96
INV7407,2025-04-20,Tata Enterprises,CUST-357,27859,28,7800.52,35659.52
INV7408,2025-04-21,Reliance Supply,CUST-358,27996,5,1399.8,29395.8
INV7409,2025-04-22,Infosys Services,CUST-359,28133,12,3375.96,31508.96
INV7410,2025-04-23,Wipro Digital,CUST-360,28270,18,5088.6,33358.6
INV7411,2025-04-24,Adani Ports & SEZ,CUST-361,28407,28,7953.96,36360.96
INV7412,2025-04-25,Mahindra Spares,CUST-362,28544,5,1427.2,29971.2
INV7413,2025-04-26,Larsen Industrial,CUST-363,28681,12,3441.72,32122.72
INV7414,2025-04-27,Bajaj Electricals,CUST-364,28818,18,5187.24,34005.24
INV7415,2025-04-28,Godrej Agrovet,CUST-365,28955,28,8107.4,37062.4
INV7416,2025-04-01,Hindustan Traders,CUST-366,29092,5,1454.6,30546.6
INV7417,2025-04-02,Zomato Logistics,CUST-367,29229,12,3507.48,32736.48
INV7418,2025-04-03,Swiggy Kitchens,CUST-368,29366,18,5285.88,34651.88
INV7419,2025-04-04,Delhivery Express,CUST-369,29503,28,8260.84,37763.84
INV7420,2025-04-05,ABC Ltd,CUST-370,29640,5,1482,31122
INV7421,2025-04-06,XYZ Corp,CUST-371,29777,12,3573.24,33350.24
INV7422,2025-04-07,Global Mart,CUST-372,29914,18,5384.52,35298.52
INV7423,2025-04-08,Tech Solutions,CUST-373,30051,28,8414.28,38465.28
INV7424,2025-04-09,Office Hub,CUST-374,30188,5,1509.4,31697.4
INV7425,2025-04-10,Retail One,CUST-375,30325,12,3639,33964
INV7426,2025-04-11,Bharat Logistics,CUST-376,30462,18,5483.16,35945.16
INV7427,2025-04-12,Tata Enterprises,CUST-377,30599,28,8567.72,39166.72
INV7428,2025-04-13,Reliance Supply,CUST-378,30736,5,1536.8,32272.8
INV7429,2025-04-14,Infosys Services,CUST-379,30873,12,3704.76,34577.76
INV7430,2025-04-15,Wipro Digital,CUST-380,31010,18,5581.8,36591.8
INV7431,2025-04-16,Adani Ports & SEZ,CUST-381,31147,28,8721.16,39868.16
INV7432,2025-04-17,Mahindra Spares,CUST-382,31284,5,1564.2,32848.2
INV7433,2025-04-18,Larsen Industrial,CUST-383,31421,12,3770.52,35191.52
INV7434,2025-04-19,Bajaj Electricals,CUST-384,31558,18,5680.44,37238.44
INV7435,2025-04-20,Godrej Agrovet,CUST-385,31695,28,8874.6,40569.6
INV7436,2025-04-21,Hindustan Traders,CUST-386,31832,5,1591.6,33423.6
INV7437,2025-04-22,Zomato Logistics,CUST-387,31969,12,3836.28,35805.28
INV7438,2025-04-23,Swiggy Kitchens,CUST-388,32106,18,5779.08,37885.08
INV7439,2025-04-24,Delhivery Express,CUST-389,32243,28,9028.04,41271.04
INV7440,2025-04-25,ABC Ltd,CUST-390,32380,5,1619,33999
INV7441,2025-04-26,XYZ Corp,CUST-391,32517,12,3902.04,36419.04
INV7442,2025-04-27,Global Mart,CUST-392,32654,18,5877.72,38531.72
INV7443,2025-04-28,Tech Solutions,CUST-393,32791,28,9181.48,41972.48
INV7444,2025-04-01,Office Hub,CUST-394,32928,5,1646.4,34574.4
INV7445,2025-04-02,Retail One,CUST-395,33065,12,3967.8,37032.8
INV7446,2025-04-03,Bharat Logistics,CUST-396,33202,18,5976.36,39178.36
INV7447,2025-04-04,Tata Enterprises,CUST-397,33339,28,9334.92,42673.92
INV7448,2025-04-05,Reliance Supply,CUST-398,33476,5,1673.8,35149.8
INV7449,2025-04-06,Infosys Services,CUST-399,33613,12,4033.56,37646.56
INV7450,2025-04-07,Wipro Digital,CUST-400,1050000,18,189000,1239000
INV7451,2025-04-08,Adani Ports & SEZ,CUST-401,33887,28,9488.36,43375.36
INV7452,2025-04-09,Mahindra Spares,CUST-402,34024,5,1701.2,35725.2
INV7453,2025-04-10,Larsen Industrial,CUST-403,34161,12,4099.32,38260.32
INV7454,2025-04-11,Bajaj Electricals,CUST-404,34298,18,6173.64,40471.64
INV7455,2025-04-12,Godrej Agrovet,CUST-405,34435,28,9641.8,44076.8
INV7456,2025-04-13,Hindustan Traders,CUST-406,34572,5,1728.6,36300.6
INV7457,2025-04-14,Zomato Logistics,CUST-407,34709,12,4165.08,38874.08
INV7458,2025-04-15,Swiggy Kitchens,CUST-408,34846,18,6272.28,41118.28
INV7459,2025-04-16,Delhivery Express,CUST-409,34983,28,9795.24,44778.24
INV7460,2025-04-17,ABC Ltd,CUST-410,35120,5,1756,36876
INV7461,2025-04-18,XYZ Corp,CUST-411,35257,12,4230.84,39487.84
INV7462,2025-04-19,Global Mart,CUST-412,35394,18,6370.92,41764.92
INV7463,2025-04-20,Tech Solutions,CUST-413,35531,28,9948.68,45479.68
INV7464,2025-04-21,Office Hub,CUST-414,35668,5,1783.4,37451.4
INV7465,2025-04-22,Retail One,CUST-415,35805,12,4296.6,40101.6
INV7466,2025-04-23,Bharat Logistics,CUST-416,35942,18,6469.56,42411.56
INV7467,2025-04-24,Tata Enterprises,CUST-417,36079,28,10102.12,46181.12
INV7468,2025-04-25,Reliance Supply,CUST-418,36216,5,1810.8,38026.8
INV7469,2025-04-26,Infosys Services,CUST-419,36353,12,4362.36,40715.36
INV7470,2025-04-27,Wipro Digital,CUST-420,36490,18,6568.2,43058.2
INV7471,2025-04-28,Adani Ports & SEZ,CUST-421,36627,28,10255.56,46882.56
INV7472,2025-04-01,Mahindra Spares,CUST-422,36764,5,1838.2,38602.2
INV7473,2025-04-02,Larsen Industrial,CUST-423,36901,12,4428.12,41329.12
INV7474,2025-04-03,Bajaj Electricals,CUST-424,37038,18,6666.84,43704.84
INV7475,2025-04-04,Godrej Agrovet,CUST-425,37175,28,10409,47584
INV7476,2025-04-05,Hindustan Traders,CUST-426,37312,5,1865.6,39177.6
INV7477,2025-04-06,Zomato Logistics,CUST-427,37449,12,4493.88,41942.88
INV7478,2025-04-07,Swiggy Kitchens,CUST-428,37586,18,6765.48,44351.48
INV7479,2025-04-08,Delhivery Express,CUST-429,37723,28,10562.44,48285.44
INV7480,2025-04-09,ABC Ltd,CUST-430,37860,5,1893,39753
INV7481,2025-04-10,XYZ Corp,CUST-431,37997,12,4559.64,42556.64
INV7482,2025-04-11,Global Mart,CUST-432,38134,18,6864.12,44998.12
INV7483,2025-04-12,Tech Solutions,CUST-433,38271,28,10715.88,48986.88
INV7484,2025-04-13,Office Hub,CUST-434,38408,5,1920.4,40328.4
INV7485,2025-04-14,Retail One,CUST-435,38545,12,4625.4,43170.4
INV7486,2025-04-15,Bharat Logistics,CUST-436,38682,18,6962.76,45644.76
INV7487,2025-04-16,Tata Enterprises,CUST-437,38819,28,10869.32,49688.32
INV7488,2025-04-17,Reliance Supply,CUST-438,38956,5,1947.8,40903.8
INV7489,2025-04-18,Infosys Services,CUST-439,39093,12,4691.16,43784.16
INV7490,2025-04-19,Wipro Digital,CUST-440,39230,18,7061.4,46291.4
INV7491,2025-04-20,Adani Ports & SEZ,CUST-441,39367,28,11022.76,50389.76
INV7492,2025-04-21,Mahindra Spares,CUST-442,39504,5,1975.2,41479.2
INV7493,2025-04-22,Larsen Industrial,CUST-443,39641,12,4756.92,44397.92
INV7494,2025-04-23,Bajaj Electricals,CUST-444,39778,18,7160.04,46938.04
INV7495,2025-04-24,Godrej Agrovet,CUST-445,39915,28,11176.2,51091.2
INV7496,2025-04-25,Hindustan Traders,CUST-446,40052,5,2002.6,42054.6
INV7497,2025-04-26,Zomato Logistics,CUST-447,40189,12,4822.68,45011.68
INV7498,2025-04-27,Swiggy Kitchens,CUST-448,40326,18,7258.68,47584.68
INV7499,2025-04-28,Delhivery Express,CUST-449,40463,28,11329.64,51792.64
INV7500,2025-04-01,ABC Ltd,CUST-450,40600,5,2030,42630
INV7501,2025-04-02,XYZ Corp,CUST-451,40737,12,4888.44,45625.44
INV7502,2025-04-03,Global Mart,CUST-452,40874,18,7357.32,48231.32
INV7503,2025-04-04,Tech Solutions,CUST-453,41011,28,11483.08,52494.08
INV7504,2025-04-05,Office Hub,CUST-454,41148,5,2057.4,43205.4
INV7505,2025-04-06,Retail One,CUST-455,41285,12,4954.2,46239.2
INV7506,2025-04-07,Bharat Logistics,CUST-456,41422,18,7455.96,48877.96
INV7507,2025-04-08,Tata Enterprises,CUST-457,41559,28,11636.52,53195.52
INV7508,2025-04-09,Reliance Supply,CUST-458,41696,5,2084.8,43780.8
INV7509,2025-04-10,Infosys Services,CUST-459,41833,12,5019.96,46852.96
INV7510,2025-04-11,Wipro Digital,CUST-460,41970,18,7554.6,49524.6
INV7511,2025-04-12,Adani Ports & SEZ,CUST-461,42107,28,11789.96,53896.96
INV7512,2025-04-13,Mahindra Spares,CUST-462,42244,5,2112.2,44356.2
INV7513,2025-04-14,Larsen Industrial,CUST-463,42381,12,5085.72,47466.72
INV7514,2025-04-15,Bajaj Electricals,CUST-464,42518,18,7653.24,50171.24
INV7515,2025-04-16,Godrej Agrovet,CUST-465,42655,28,11943.4,54598.4
INV7516,2025-04-17,Hindustan Traders,CUST-466,42792,5,2139.6,44931.6
INV7517,2025-04-18,Zomato Logistics,CUST-467,42929,12,5151.48,48080.48
INV7518,2025-04-19,Swiggy Kitchens,CUST-468,43066,18,7751.88,50817.88
INV7519,2025-04-20,Delhivery Express,CUST-469,43203,28,12096.84,55299.84
INV7520,2025-04-21,ABC Ltd,CUST-470,43340,5,2167,45507
INV7521,2025-04-22,XYZ Corp,CUST-471,43477,12,5217.24,48694.24
INV7522,2025-04-23,Global Mart,CUST-472,43614,18,7850.52,51464.52
INV7523,2025-04-24,Tech Solutions,CUST-473,43751,28,12250.28,56001.28
INV7524,2025-04-25,Office Hub,CUST-474,43888,5,2194.4,46082.4
INV7525,2025-04-26,Retail One,CUST-475,44025,12,5283,49308
INV7526,2025-04-27,Bharat Logistics,CUST-476,44162,18,7949.16,52111.16
INV7527,2025-04-28,Tata Enterprises,CUST-477,44299,28,12403.72,56702.72
INV7528,2025-04-01,Reliance Supply,CUST-478,44436,5,2221.8,46657.8
INV7529,2025-04-02,Infosys Services,CUST-479,44573,12,5348.76,49921.76
INV7530,2025-04-03,Wipro Digital,CUST-480,44710,18,8047.8,52757.8
INV7531,2025-04-04,Adani Ports & SEZ,CUST-481,44847,28,12557.16,57404.16
INV7532,2025-04-05,Mahindra Spares,CUST-482,44984,5,2249.2,47233.2
INV7533,2025-04-06,Larsen Industrial,CUST-483,45121,12,5414.52,50535.52
INV7534,2025-04-07,Bajaj Electricals,CUST-484,45258,18,8146.44,53404.44
INV7535,2025-04-08,Godrej Agrovet,CUST-485,45395,28,12710.6,58105.6
INV7536,2025-04-09,Hindustan Traders,CUST-486,45532,5,2276.6,47808.6
INV7537,2025-04-10,Zomato Logistics,CUST-487,45669,12,5480.28,51149.28
INV7538,2025-04-11,Swiggy Kitchens,CUST-488,45806,18,8245.08,54051.08
INV7539,2025-04-12,Delhivery Express,CUST-489,45943,28,12864.04,58807.04
INV7540,2025-04-13,ABC Ltd,CUST-490,46080,5,2304,48384
INV7541,2025-04-14,XYZ Corp,CUST-491,46217,12,5546.04,51763.04
INV7542,2025-04-15,Global Mart,CUST-492,46354,18,8343.72,54697.72
INV7543,2025-04-16,Tech Solutions,CUST-493,46491,28,13017.48,59508.48
INV7544,2025-04-17,Office Hub,CUST-494,46628,5,2331.4,48959.4
INV7545,2025-04-18,Retail One,CUST-495,46765,12,5611.8,52376.8
INV7546,2025-04-19,Bharat Logistics,CUST-496,46902,18,8442.36,55344.36
INV7547,2025-04-20,Tata Enterprises,CUST-497,47039,28,13170.92,60209.92
INV7548,2025-04-21,Reliance Supply,CUST-498,47176,5,2358.8,49534.8
INV7549,2025-04-22,Infosys Services,CUST-499,47313,12,5677.56,52990.56
INV7550,2025-04-23,Wipro Digital,CUST-500,47450,18,8541,55991
INV7551,2025-04-24,Adani Ports & SEZ,CUST-501,47587,28,13324.36,60911.36
INV7552,2025-04-25,Mahindra Spares,CUST-502,47724,5,2386.2,50110.2
INV7553,2025-04-26,Larsen Industrial,CUST-503,47861,12,5743.32,53604.32
INV7554,2025-04-27,Bajaj Electricals,CUST-504,47998,18,8639.64,56637.64
INV7555,2025-04-28,Godrej Agrovet,CUST-505,48135,28,13477.8,61612.8
INV7556,2025-04-01,Hindustan Traders,CUST-506,48272,5,2413.6,50685.6
INV7557,2025-04-02,Zomato Logistics,CUST-507,48409,12,5809.08,54218.08
INV7558,2025-04-03,Swiggy Kitchens,CUST-508,48546,18,8738.28,57284.28
INV7559,2025-04-04,Delhivery Express,CUST-509,48683,28,13631.24,62314.24
INV7560,2025-04-05,ABC Ltd,CUST-510,48820,5,2441,51261
INV7561,2025-04-06,XYZ Corp,CUST-511,48957,12,5874.84,54831.84
INV7562,2025-04-07,Global Mart,CUST-512,49094,18,8836.92,57930.92
INV7563,2025-04-08,Tech Solutions,CUST-513,49231,28,13784.68,63015.68
INV7564,2025-04-09,Office Hub,CUST-514,49368,5,2468.4,51836.4
INV7565,2025-04-10,Retail One,CUST-515,49505,12,5940.6,55445.6
INV7566,2025-04-11,Bharat Logistics,CUST-516,49642,18,8935.56,58577.56
INV7567,2025-04-12,Tata Enterprises,CUST-517,49779,28,13938.12,63717.12
INV7568,2025-04-13,Reliance Supply,CUST-518,49916,5,2495.8,52411.8
INV7569,2025-04-14,Infosys Services,CUST-519,50053,12,6006.36,56059.36
INV7570,2025-04-15,Wipro Digital,CUST-520,50190,18,9034.2,59224.2
INV7571,2025-04-16,Adani Ports & SEZ,CUST-521,50327,28,14091.56,64418.56
INV7572,2025-04-17,Mahindra Spares,CUST-522,50464,5,2523.2,52987.2
INV7573,2025-04-18,Larsen Industrial,CUST-523,50601,12,6072.12,56673.12
INV7574,2025-04-19,Bajaj Electricals,CUST-524,50738,18,9132.84,59870.84
INV7575,2025-04-20,Godrej Agrovet,CUST-525,50875,28,14245,65120
INV7576,2025-04-21,Hindustan Traders,CUST-526,51012,5,2550.6,53562.6
INV7577,2025-04-22,Zomato Logistics,CUST-527,51149,12,6137.88,57286.88
INV7578,2025-04-23,Swiggy Kitchens,CUST-528,51286,18,9231.48,60517.48
INV7579,2025-04-24,Delhivery Express,CUST-529,51423,28,14398.44,65821.44
INV7580,2025-04-25,ABC Ltd,CUST-530,51560,5,2578,54138
INV7581,2025-04-26,XYZ Corp,CUST-531,51697,12,6203.64,57900.64
INV7582,2025-04-27,Global Mart,CUST-532,51834,18,9330.12,61164.12
INV7583,2025-04-28,Tech Solutions,CUST-533,51971,28,14551.88,66522.88
INV7584,2025-04-01,Office Hub,CUST-534,52108,5,2605.4,54713.4
INV7585,2025-04-02,Retail One,CUST-535,52245,12,6269.4,58514.4
INV7586,2025-04-03,Bharat Logistics,CUST-536,52382,18,9428.76,61810.76
INV7587,2025-04-04,Tata Enterprises,CUST-537,52519,28,14705.32,67224.32
INV7588,2025-04-05,Reliance Supply,CUST-538,52656,5,2632.8,55288.8
INV7589,2025-04-06,Infosys Services,CUST-539,52793,12,6335.16,59128.16
INV7590,2025-04-07,Wipro Digital,CUST-540,52930,18,9527.4,62457.4
INV7591,2025-04-08,Adani Ports & SEZ,CUST-541,53067,28,14858.76,67925.76
INV7592,2025-04-09,Mahindra Spares,CUST-542,53204,5,2660.2,55864.2
INV7593,2025-04-10,Larsen Industrial,CUST-543,53341,12,6400.92,59741.92
INV7594,2025-04-11,Bajaj Electricals,CUST-544,53478,18,9626.04,63104.04
INV7595,2025-04-12,Godrej Agrovet,CUST-545,53615,28,15012.2,68627.2
INV7596,2025-04-13,Hindustan Traders,CUST-546,53752,5,2687.6,56439.6
INV7597,2025-04-14,Zomato Logistics,CUST-547,53889,12,6466.68,60355.68
INV7598,2025-04-15,Swiggy Kitchens,CUST-548,54026,18,9724.68,63750.68
INV7599,2025-04-16,Delhivery Express,CUST-549,54163,28,15165.64,69328.64
INV7600,2025-04-17,ABC Ltd,CUST-550,54300,5,2715,57015
INV7601,2025-04-18,XYZ Corp,CUST-551,54437,12,6532.44,60969.44
INV7602,2025-04-19,Global Mart,CUST-552,54574,18,9823.32,64397.32
INV7603,2025-04-20,Tech Solutions,CUST-553,54711,28,15319.08,70030.08
INV7604,2025-04-21,Office Hub,CUST-554,54848,5,2742.4,57590.4
INV7605,2025-04-22,Retail One,CUST-555,54985,12,6598.2,61583.2
INV7606,2025-04-23,Bharat Logistics,CUST-556,55122,18,9921.96,65043.96
INV7607,2025-04-24,Tata Enterprises,CUST-557,55259,28,15472.52,70731.52
INV7608,2025-04-25,Reliance Supply,CUST-558,55396,5,2769.8,58165.8
INV7609,2025-04-26,Infosys Services,CUST-559,55533,12,6663.96,62196.96
INV7610,2025-04-27,Wipro Digital,CUST-560,55670,18,10020.6,65690.6
INV7611,2025-04-28,Adani Ports & SEZ,CUST-561,55807,28,15625.96,71432.96
INV7612,2025-04-01,Mahindra Spares,CUST-562,55944,5,2797.2,58741.2
INV7613,2025-04-02,Larsen Industrial,CUST-563,56081,12,6729.72,62810.72
INV7614,2025-04-03,Bajaj Electricals,CUST-564,56218,18,10119.24,66337.24
INV7615,2025-04-04,Godrej Agrovet,CUST-565,56355,28,15779.4,72134.4
INV7616,2025-04-05,Hindustan Traders,CUST-566,56492,5,2824.6,59316.6
INV7617,2025-04-06,Zomato Logistics,CUST-567,56629,12,6795.48,63424.48
INV7618,2025-04-07,Swiggy Kitchens,CUST-568,56766,18,10217.88,66983.88
INV7619,2025-04-08,Delhivery Express,CUST-569,56903,28,15932.84,72835.84
INV7620,2025-04-09,ABC Ltd,CUST-570,57040,5,2852,59892
INV7621,2025-04-10,XYZ Corp,CUST-571,57177,12,6861.24,64038.24
INV7622,2025-04-11,Global Mart,CUST-572,57314,18,10316.52,67630.52
INV7623,2025-04-12,Tech Solutions,CUST-573,57451,28,16086.28,73537.28
INV7624,2025-04-13,Office Hub,CUST-574,57588,5,2879.4,60467.4
INV7625,2025-04-14,Retail One,CUST-575,57725,12,6927,64652
INV7626,2025-04-15,Bharat Logistics,CUST-576,57862,18,10415.16,68277.16
INV7627,2025-04-16,Tata Enterprises,CUST-577,57999,28,16239.72,74238.72
INV7628,2025-04-17,Reliance Supply,CUST-578,58136,5,2906.8,61042.8
INV7629,2025-04-18,Infosys Services,CUST-579,58273,12,6992.76,65265.76
INV7630,2025-04-19,Wipro Digital,CUST-580,58410,18,10513.8,68923.8
INV7631,2025-04-20,Adani Ports & SEZ,CUST-581,58547,28,16393.16,74940.16
INV7632,2025-04-21,Mahindra Spares,CUST-582,58684,5,2934.2,61618.2
INV7633,2025-04-22,Larsen Industrial,CUST-583,58821,12,7058.52,65879.52
INV7634,2025-04-23,Bajaj Electricals,CUST-584,58958,18,10612.44,69570.44
INV7635,2025-04-24,Godrej Agrovet,CUST-585,59095,28,16546.6,75641.6
INV7636,2025-04-25,Hindustan Traders,CUST-586,59232,5,2961.6,62193.6
INV7637,2025-04-26,Zomato Logistics,CUST-587,59369,12,7124.28,66493.28
INV7638,2025-04-27,Swiggy Kitchens,CUST-588,59506,18,10711.08,70217.08
INV7639,2025-04-28,Delhivery Express,CUST-589,59643,28,16700.04,76343.04
INV7640,2025-04-01,ABC Ltd,CUST-590,59780,5,2989,62769
INV7641,2025-04-02,XYZ Corp,CUST-591,59917,12,7190.04,67107.04
INV7642,2025-04-03,Global Mart,CUST-592,60054,18,10809.72,70863.72
INV7643,2025-04-04,Tech Solutions,CUST-593,60191,28,16853.48,77044.48
INV7644,2025-04-05,Office Hub,CUST-594,60328,5,3016.4,63344.4
INV7645,2025-04-06,Retail One,CUST-595,60465,12,7255.8,67720.8
INV7646,2025-04-07,Bharat Logistics,CUST-596,60602,18,10908.36,71510.36
INV7647,2025-04-08,Tata Enterprises,CUST-597,60739,28,17006.92,77745.92
INV7648,2025-04-09,Reliance Supply,CUST-598,60876,5,3043.8,63919.8
INV7649,2025-04-10,Infosys Services,CUST-599,61013,12,7321.56,68334.56
INV7650,2025-04-11,Wipro Digital,CUST-600,61150,18,11007,72157
INV7651,2025-04-12,Adani Ports & SEZ,CUST-601,61287,28,17160.36,78447.36
INV7652,2025-04-13,Mahindra Spares,CUST-602,61424,5,3071.2,64495.2
INV7653,2025-04-14,Larsen Industrial,CUST-603,61561,12,7387.32,68948.32
INV7654,2025-04-15,Bajaj Electricals,CUST-604,61698,18,11105.64,72803.64
INV7655,2025-04-16,Godrej Agrovet,CUST-605,61835,28,17313.8,79148.8
INV7656,2025-04-17,Hindustan Traders,CUST-606,61972,5,3098.6,65070.6
INV7657,2025-04-18,Zomato Logistics,CUST-607,62109,12,7453.08,69562.08
INV7658,2025-04-19,Swiggy Kitchens,CUST-608,62246,18,11204.28,73450.28
INV7659,2025-04-20,Delhivery Express,CUST-609,62383,28,17467.24,79850.24
INV7660,2025-04-21,ABC Ltd,CUST-610,62520,5,3126,65646
INV7661,2025-04-22,XYZ Corp,CUST-611,62657,12,7518.84,70175.84
INV7662,2025-04-23,Global Mart,CUST-612,62794,18,11302.92,74096.92
INV7663,2025-04-24,Tech Solutions,CUST-613,62931,28,17620.68,80551.68
INV7664,2025-04-25,Office Hub,CUST-614,63068,5,3153.4,66221.4
INV7665,2025-04-26,Retail One,CUST-615,63205,12,7584.6,70789.6
INV7666,2025-04-27,Bharat Logistics,CUST-616,63342,18,11401.56,74743.56
INV7667,2025-04-28,Tata Enterprises,CUST-617,63479,28,17774.12,81253.12
INV7668,2025-04-01,Reliance Supply,CUST-618,63616,5,3180.8,66796.8
INV7669,2025-04-02,Infosys Services,CUST-619,63753,12,7650.36,71403.36
INV7670,2025-04-03,Wipro Digital,CUST-620,63890,18,11500.2,75390.2
INV7671,2025-04-04,Adani Ports & SEZ,CUST-621,64027,28,17927.56,81954.56
INV7672,2025-04-05,Mahindra Spares,CUST-622,64164,5,3208.2,67372.2
INV7673,2025-04-06,Larsen Industrial,CUST-623,64301,12,7716.12,72017.12
INV7674,2025-04-07,Bajaj Electricals,CUST-624,64438,18,11598.84,76036.84
INV7675,2025-04-08,Godrej Agrovet,CUST-625,64575,28,18081,82656
INV7676,2025-04-09,Hindustan Traders,CUST-626,64712,5,3235.6,67947.6
INV7677,2025-04-10,Zomato Logistics,CUST-627,64849,12,7781.88,72630.88
INV7678,2025-04-11,Swiggy Kitchens,CUST-628,64986,18,11697.48,76683.48
INV7679,2025-04-12,Delhivery Express,CUST-629,65123,28,18234.44,83357.44
INV7680,2025-04-13,ABC Ltd,CUST-630,65260,5,3263,68523
INV7681,2025-04-14,XYZ Corp,CUST-631,65397,12,7847.64,73244.64
INV7682,2025-04-15,Global Mart,CUST-632,65534,18,11796.12,77330.12
INV7683,2025-04-16,Tech Solutions,CUST-633,65671,28,18387.88,84058.88
INV7684,2025-04-17,Office Hub,CUST-634,65808,5,3290.4,69098.4
INV7685,2025-04-18,Retail One,CUST-635,65945,12,7913.4,73858.4
INV7686,2025-04-19,Bharat Logistics,CUST-636,66082,18,11894.76,77976.76
INV7687,2025-04-20,Tata Enterprises,CUST-637,66219,28,18541.32,84760.32
INV7688,2025-04-21,Reliance Supply,CUST-638,66356,5,3317.8,69673.8
INV7689,2025-04-22,Infosys Services,CUST-639,66493,12,7979.16,74472.16
INV7690,2025-04-23,Wipro Digital,CUST-640,66630,18,11993.4,78623.4
INV7691,2025-04-24,Adani Ports & SEZ,CUST-641,66767,28,18694.76,85461.76
INV7692,2025-04-25,Mahindra Spares,CUST-642,66904,5,3345.2,70249.2
INV7693,2025-04-26,Larsen Industrial,CUST-643,67041,12,8044.92,75085.92
INV7694,2025-04-27,Bajaj Electricals,CUST-644,67178,18,12092.04,79270.04
INV7695,2025-04-28,Godrej Agrovet,CUST-645,67315,28,18848.2,86163.2
INV7696,2025-04-01,Hindustan Traders,CUST-646,67452,5,3372.6,70824.6
INV7697,2025-04-02,Zomato Logistics,CUST-647,67589,12,8110.68,75699.68
INV7698,2025-04-03,Swiggy Kitchens,CUST-648,67726,18,12190.68,79916.68
INV7699,2025-04-04,Delhivery Express,CUST-649,67863,28,19001.64,86864.64
INV7700,2025-04-05,ABC Ltd,CUST-650,950000,5,47500,997500
INV7701,2025-04-06,XYZ Corp,CUST-651,68137,12,8176.44,76313.44
INV7702,2025-04-07,Global Mart,CUST-652,68274,18,12289.32,80563.32
INV7703,2025-04-08,Tech Solutions,CUST-653,68411,28,19155.08,87566.08
INV7704,2025-04-09,Office Hub,CUST-654,68548,5,3427.4,71975.4
INV7705,2025-04-10,Retail One,CUST-655,68685,12,8242.2,76927.2
INV7706,2025-04-11,Bharat Logistics,CUST-656,68822,18,12387.96,81209.96
INV7707,2025-04-12,Tata Enterprises,CUST-657,68959,28,19308.52,88267.52
INV7708,2025-04-13,Reliance Supply,CUST-658,69096,5,3454.8,72550.8
INV7709,2025-04-14,Infosys Services,CUST-659,69233,12,8307.96,77540.96
INV7710,2025-04-15,Wipro Digital,CUST-660,69370,18,12486.6,81856.6
INV7711,2025-04-16,Adani Ports & SEZ,CUST-661,69507,28,19461.96,88968.96
INV7712,2025-04-17,Mahindra Spares,CUST-662,69644,5,3482.2,73126.2
INV7713,2025-04-18,Larsen Industrial,CUST-663,69781,12,8373.72,78154.72
INV7714,2025-04-19,Bajaj Electricals,CUST-664,69918,18,12585.24,82503.24
INV7715,2025-04-20,Godrej Agrovet,CUST-665,70055,28,19615.4,89670.4
INV7716,2025-04-21,Hindustan Traders,CUST-666,70192,5,3509.6,73701.6
INV7717,2025-04-22,Zomato Logistics,CUST-667,70329,12,8439.48,78768.48
INV7718,2025-04-23,Swiggy Kitchens,CUST-668,70466,18,12683.88,83149.88
INV7719,2025-04-24,Delhivery Express,CUST-669,70603,28,19768.84,90371.84
INV7720,2025-04-25,ABC Ltd,CUST-670,70740,5,3537,74277
INV7721,2025-04-26,XYZ Corp,CUST-671,70877,12,8505.24,79382.24
INV7722,2025-04-27,Global Mart,CUST-672,71014,18,12782.52,83796.52
INV7723,2025-04-28,Tech Solutions,CUST-673,71151,28,19922.28,91073.28
INV7724,2025-04-01,Office Hub,CUST-674,71288,5,3564.4,74852.4
INV7725,2025-04-02,Retail One,CUST-675,71425,12,8571,79996
INV7726,2025-04-03,Bharat Logistics,CUST-676,71562,18,12881.16,84443.16
INV7727,2025-04-04,Tata Enterprises,CUST-677,71699,28,20075.72,91774.72
INV7728,2025-04-05,Reliance Supply,CUST-678,71836,5,3591.8,75427.8
INV7729,2025-04-06,Infosys Services,CUST-679,71973,12,8636.76,80609.76
INV7730,2025-04-07,Wipro Digital,CUST-680,72110,18,12979.8,85089.8
INV7731,2025-04-08,Adani Ports & SEZ,CUST-681,72247,28,20229.16,92476.16
INV7732,2025-04-09,Mahindra Spares,CUST-682,72384,5,3619.2,76003.2
INV7733,2025-04-10,Larsen Industrial,CUST-683,72521,12,8702.52,81223.52
INV7734,2025-04-11,Bajaj Electricals,CUST-684,72658,18,13078.44,85736.44
INV7735,2025-04-12,Godrej Agrovet,CUST-685,72795,28,20382.6,93177.6
INV7736,2025-04-13,Hindustan Traders,CUST-686,72932,5,3646.6,76578.6
INV7737,2025-04-14,Zomato Logistics,CUST-687,73069,12,8768.28,81837.28
INV7738,2025-04-15,Swiggy Kitchens,CUST-688,73206,18,13177.08,86383.08
INV7739,2025-04-16,Delhivery Express,CUST-689,73343,28,20536.04,93879.04
INV7740,2025-04-17,ABC Ltd,CUST-690,73480,5,3674,77154
INV7741,2025-04-18,XYZ Corp,CUST-691,73617,12,8834.04,82451.04
INV7742,2025-04-19,Global Mart,CUST-692,73754,18,13275.72,87029.72
INV7743,2025-04-20,Tech Solutions,CUST-693,73891,28,20689.48,94580.48
INV7744,2025-04-21,Office Hub,CUST-694,74028,5,3701.4,77729.4
INV7745,2025-04-22,Retail One,CUST-695,74165,12,8899.8,83064.8
INV7746,2025-04-23,Bharat Logistics,CUST-696,74302,18,13374.36,87676.36
INV7747,2025-04-24,Tata Enterprises,CUST-697,74439,28,20842.92,95281.92
INV7748,2025-04-25,Reliance Supply,CUST-698,74576,5,3728.8,78304.8
INV7749,2025-04-26,Infosys Services,CUST-699,74713,12,8965.56,83678.56
INV7750,2025-04-27,Wipro Digital,CUST-700,74850,18,13473,88323
INV7751,2025-04-28,Adani Ports & SEZ,CUST-701,74987,28,20996.36,95983.36
INV7752,2025-04-01,Mahindra Spares,CUST-702,75124,5,3756.2,78880.2
INV7753,2025-04-02,Larsen Industrial,CUST-703,75261,12,9031.32,84292.32
INV7754,2025-04-03,Bajaj Electricals,CUST-704,75398,18,13571.64,88969.64
INV7755,2025-04-04,Godrej Agrovet,CUST-705,75535,28,21149.8,96684.8
INV7756,2025-04-05,Hindustan Traders,CUST-706,75672,5,3783.6,79455.6
INV7757,2025-04-06,Zomato Logistics,CUST-707,75809,12,9097.08,84906.08
INV7758,2025-04-07,Swiggy Kitchens,CUST-708,75946,18,13670.28,89616.28
INV7759,2025-04-08,Delhivery Express,CUST-709,76083,28,21303.24,97386.24
INV7760,2025-04-09,ABC Ltd,CUST-710,76220,5,3811,80031
INV7761,2025-04-10,XYZ Corp,CUST-711,76357,12,9162.84,85519.84
INV7762,2025-04-11,Global Mart,CUST-712,76494,18,13768.92,90262.92
INV7763,2025-04-12,Tech Solutions,CUST-713,76631,28,21456.68,98087.68
INV7764,2025-04-13,Office Hub,CUST-714,76768,5,3838.4,80606.4
INV7765,2025-04-14,Retail One,CUST-715,76905,12,9228.6,86133.6
INV7766,2025-04-15,Bharat Logistics,CUST-716,77042,18,13867.56,90909.56
INV7767,2025-04-16,Tata Enterprises,CUST-717,77179,28,21610.12,98789.12
INV7768,2025-04-17,Reliance Supply,CUST-718,77316,5,3865.8,81181.8
INV7769,2025-04-18,Infosys Services,CUST-719,77453,12,9294.36,86747.36
INV7770,2025-04-19,Wipro Digital,CUST-720,2590,18,466.2,3056.2
INV7771,2025-04-20,Adani Ports & SEZ,CUST-721,2727,28,763.56,3490.56
INV7772,2025-04-21,Mahindra Spares,CUST-722,2864,5,143.2,3007.2
INV7773,2025-04-22,Larsen Industrial,CUST-723,3001,12,360.12,3361.12
INV7774,2025-04-23,Bajaj Electricals,CUST-724,3138,18,564.84,3702.84
INV7775,2025-04-24,Godrej Agrovet,CUST-725,3275,28,917,4192
INV7776,2025-04-25,Hindustan Traders,CUST-726,3412,5,170.6,3582.6
INV7777,2025-04-26,Zomato Logistics,CUST-727,3549,12,425.88,3974.88
INV7778,2025-04-27,Swiggy Kitchens,CUST-728,3686,18,663.48,4349.48
INV7779,2025-04-28,Delhivery Express,CUST-729,3823,28,1070.44,4893.44
INV7780,2025-04-01,ABC Ltd,CUST-730,3960,5,198,4158
INV7781,2025-04-02,XYZ Corp,CUST-731,4097,12,491.64,4588.64
INV7782,2025-04-03,Global Mart,CUST-732,4234,18,762.12,4996.12
INV7783,2025-04-04,Tech Solutions,CUST-733,4371,28,1223.88,5594.88
INV7784,2025-04-05,Office Hub,CUST-734,4508,5,225.4,4733.4
INV7785,2025-04-06,Retail One,CUST-735,4645,12,557.4,5202.4
INV7786,2025-04-07,Bharat Logistics,CUST-736,4782,18,860.76,5642.76
INV7787,2025-04-08,Tata Enterprises,CUST-737,4919,28,1377.32,6296.32
INV7788,2025-04-09,Reliance Supply,CUST-738,5056,5,252.8,5308.8
INV7789,2025-04-10,Infosys Services,CUST-739,5193,12,623.16,5816.16
INV7790,2025-04-11,Wipro Digital,CUST-740,5330,18,959.4,6289.4
INV7791,2025-04-12,Adani Ports & SEZ,CUST-741,5467,28,1530.76,6997.76
INV7792,2025-04-13,Mahindra Spares,CUST-742,5604,5,280.2,5884.2
INV7793,2025-04-14,Larsen Industrial,CUST-743,5741,12,688.92,6429.92
INV7794,2025-04-15,Bajaj Electricals,CUST-744,5878,18,1058.04,6936.04
INV7795,2025-04-16,Godrej Agrovet,CUST-745,6015,28,1684.2,7699.2
INV7796,2025-04-17,Hindustan Traders,CUST-746,6152,5,307.6,6459.6
INV7797,2025-04-18,Zomato Logistics,CUST-747,6289,12,754.68,7043.68
INV7798,2025-04-19,Swiggy Kitchens,CUST-748,6426,18,1156.68,7582.68
INV7799,2025-04-20,Delhivery Express,CUST-749,6563,28,1837.64,8400.64
INV7800,2025-04-21,ABC Ltd,CUST-750,6700,5,335,7035
INV7801,2025-04-22,XYZ Corp,CUST-751,6837,12,820.44,7657.44
INV7802,2025-04-23,Global Mart,CUST-752,6974,18,1255.32,8229.32
INV7803,2025-04-24,Tech Solutions,CUST-753,7111,28,1991.08,9102.08
INV7804,2025-04-25,Office Hub,CUST-754,7248,5,362.4,7610.4
INV7805,2025-04-26,Retail One,CUST-755,7385,12,886.2,8271.2
INV7806,2025-04-27,Bharat Logistics,CUST-756,7522,18,1353.96,8875.96
INV7807,2025-04-28,Tata Enterprises,CUST-757,7659,28,2144.52,9803.52
INV7808,2025-04-01,Reliance Supply,CUST-758,7796,5,389.8,8185.8
INV7809,2025-04-02,Infosys Services,CUST-759,7933,12,951.96,8884.96
INV7810,2025-04-03,Wipro Digital,CUST-760,8070,18,1452.6,9522.6
INV7811,2025-04-04,Adani Ports & SEZ,CUST-761,8207,28,2297.96,10504.96
INV7812,2025-04-05,Mahindra Spares,CUST-762,8344,5,417.2,8761.2
INV7813,2025-04-06,Larsen Industrial,CUST-763,8481,12,1017.72,9498.72
INV7814,2025-04-07,Bajaj Electricals,CUST-764,8618,18,1551.24,10169.24
INV7815,2025-04-08,Godrej Agrovet,CUST-765,8755,28,2451.4,11206.4
INV7816,2025-04-09,Hindustan Traders,CUST-766,8892,5,444.6,9336.6
INV7817,2025-04-10,Zomato Logistics,CUST-767,9029,12,1083.48,10112.48
INV7818,2025-04-11,Swiggy Kitchens,CUST-768,9166,18,1649.88,10815.88
INV7819,2025-04-12,Delhivery Express,CUST-769,9303,28,2604.84,11907.84
INV7820,2025-04-13,ABC Ltd,CUST-770,9440,5,472,9912
INV7821,2025-04-14,XYZ Corp,CUST-771,9577,12,1149.24,10726.24
INV7822,2025-04-15,Global Mart,CUST-772,9714,18,1748.52,11462.52
INV7823,2025-04-16,Tech Solutions,CUST-773,9851,28,2758.28,12609.28
INV7824,2025-04-17,Office Hub,CUST-774,9988,5,499.4,10487.4
INV7825,2025-04-18,Retail One,CUST-775,10125,12,1215,11340
INV7826,2025-04-19,Bharat Logistics,CUST-776,10262,18,1847.16,12109.16
INV7827,2025-04-20,Tata Enterprises,CUST-777,10399,28,2911.72,13310.72
INV7828,2025-04-21,Reliance Supply,CUST-778,10536,5,526.8,11062.8
INV7829,2025-04-22,Infosys Services,CUST-779,10673,12,1280.76,11953.76
INV7830,2025-04-23,Wipro Digital,CUST-780,10810,18,1945.8,12755.8
INV7831,2025-04-24,Adani Ports & SEZ,CUST-781,10947,28,3065.16,14012.16
INV7832,2025-04-25,Mahindra Spares,CUST-782,11084,5,554.2,11638.2
INV7833,2025-04-26,Larsen Industrial,CUST-783,11221,12,1346.52,12567.52
INV7834,2025-04-27,Bajaj Electricals,CUST-784,11358,18,2044.44,13402.44
INV7835,2025-04-28,Godrej Agrovet,CUST-785,11495,28,3218.6,14713.6
INV7836,2025-04-01,Hindustan Traders,CUST-786,11632,5,581.6,12213.6
INV7837,2025-04-02,Zomato Logistics,CUST-787,11769,12,1412.28,13181.28
INV7838,2025-04-03,Swiggy Kitchens,CUST-788,11906,18,2143.08,14049.08
INV7839,2025-04-04,Delhivery Express,CUST-789,12043,28,3372.04,15415.04
INV7840,2025-04-05,ABC Ltd,CUST-790,12180,5,609,12789
INV7841,2025-04-06,XYZ Corp,CUST-791,12317,12,1478.04,13795.04
INV7842,2025-04-07,Global Mart,CUST-792,12454,18,2241.72,14695.72
INV7843,2025-04-08,Tech Solutions,CUST-793,12591,28,3525.48,16116.48
INV7844,2025-04-09,Office Hub,CUST-794,12728,5,636.4,13364.4
INV7845,2025-04-10,Retail One,CUST-795,12865,12,1543.8,14408.8
INV7846,2025-04-11,Bharat Logistics,CUST-796,13002,18,2340.36,15342.36
INV7847,2025-04-12,Tata Enterprises,CUST-797,13139,28,3678.92,16817.92
INV7848,2025-04-13,Reliance Supply,CUST-798,13276,5,663.8,13939.8
INV7849,2025-04-14,Infosys Services,CUST-799,13413,12,1609.56,15022.56
INV7850,2025-04-15,Wipro Digital,CUST-800,13550,18,2439,15989
INV7851,2025-04-16,Adani Ports & SEZ,CUST-801,13687,28,3832.36,17519.36
INV7852,2025-04-17,Mahindra Spares,CUST-802,13824,5,691.2,14515.2
INV7853,2025-04-18,Larsen Industrial,CUST-803,13961,12,1675.32,15636.32
INV7854,2025-04-19,Bajaj Electricals,CUST-804,14098,18,2537.64,16635.64
INV7855,2025-04-20,Godrej Agrovet,CUST-805,14235,28,3985.8,18220.8
INV7856,2025-04-21,Hindustan Traders,CUST-806,14372,5,718.6,15090.6
INV7857,2025-04-22,Zomato Logistics,CUST-807,14509,12,1741.08,16250.08
INV7858,2025-04-23,Swiggy Kitchens,CUST-808,14646,18,2636.28,17282.28
INV7859,2025-04-24,Delhivery Express,CUST-809,14783,28,4139.24,18922.24
INV7860,2025-04-25,ABC Ltd,CUST-810,14920,5,746,15666
INV7861,2025-04-26,XYZ Corp,CUST-811,15057,12,1806.84,16863.84
INV7862,2025-04-27,Global Mart,CUST-812,15194,18,2734.92,17928.92
INV7863,2025-04-28,Tech Solutions,CUST-813,15331,28,4292.68,19623.68
INV7864,2025-04-01,Office Hub,CUST-814,15468,5,773.4,16241.4
INV7865,2025-04-02,Retail One,CUST-815,15605,12,1872.6,17477.6
INV7866,2025-04-03,Bharat Logistics,CUST-816,15742,18,2833.56,18575.56
INV7867,2025-04-04,Tata Enterprises,CUST-817,15879,28,4446.12,20325.12
INV7868,2025-04-05,Reliance Supply,CUST-818,16016,5,800.8,16816.8
INV7869,2025-04-06,Infosys Services,CUST-819,16153,12,1938.36,18091.36
INV7870,2025-04-07,Wipro Digital,CUST-820,16290,18,2932.2,19222.2
INV7871,2025-04-08,Adani Ports & SEZ,CUST-821,16427,28,4599.56,21026.56
INV7872,2025-04-09,Mahindra Spares,CUST-822,16564,5,828.2,17392.2
INV7873,2025-04-10,Larsen Industrial,CUST-823,16701,12,2004.12,18705.12
INV7874,2025-04-11,Bajaj Electricals,CUST-824,16838,18,3030.84,19868.84
INV7875,2025-04-12,Godrej Agrovet,CUST-825,16975,28,4753,21728
INV7876,2025-04-13,Hindustan Traders,CUST-826,17112,5,855.6,17967.6
INV7877,2025-04-14,Zomato Logistics,CUST-827,17249,12,2069.88,19318.88
INV7878,2025-04-15,Swiggy Kitchens,CUST-828,17386,18,3129.48,20515.48
INV7879,2025-04-16,Delhivery Express,CUST-829,17523,28,4906.44,22429.44
INV7880,2025-04-17,ABC Ltd,CUST-830,17660,5,883,18543
INV7881,2025-04-18,XYZ Corp,CUST-831,17797,12,2135.64,19932.64
INV7882,2025-04-19,Global Mart,CUST-832,17934,18,3228.12,21162.12
INV7883,2025-04-20,Tech Solutions,CUST-833,18071,28,5059.88,23130.88
INV7884,2025-04-21,Office Hub,CUST-834,18208,5,910.4,19118.4
INV7885,2025-04-22,Retail One,CUST-835,18345,12,2201.4,20546.4
INV7886,2025-04-23,Bharat Logistics,CUST-836,18482,18,3326.76,21808.76
INV7887,2025-04-24,Tata Enterprises,CUST-837,18619,28,5213.32,23832.32
INV7888,2025-04-25,Reliance Supply,CUST-838,18756,5,937.8,19693.8
INV7889,2025-04-26,Infosys Services,CUST-839,18893,12,2267.16,21160.16
INV7890,2025-04-27,Wipro Digital,CUST-840,19030,18,3425.4,22455.4
INV7891,2025-04-28,Adani Ports & SEZ,CUST-841,19167,28,5366.76,24533.76
INV7892,2025-04-01,Mahindra Spares,CUST-842,19304,5,965.2,20269.2
INV7893,2025-04-02,Larsen Industrial,CUST-843,19441,12,2332.92,21773.92
INV7894,2025-04-03,Bajaj Electricals,CUST-844,19578,18,3524.04,23102.04
INV7895,2025-04-04,Godrej Agrovet,CUST-845,19715,28,5520.2,25235.2
INV7896,2025-04-05,Hindustan Traders,CUST-846,19852,5,992.6,20844.6
INV7897,2025-04-06,Zomato Logistics,CUST-847,19989,12,2398.68,22387.68
INV7898,2025-04-07,Swiggy Kitchens,CUST-848,20126,18,3622.68,23748.68
INV7899,2025-04-08,Delhivery Express,CUST-849,20263,28,5673.64,25936.64
INV7900,2025-04-09,ABC Ltd,CUST-850,20400,5,1020,21420
INV7901,2025-04-10,XYZ Corp,CUST-851,20537,12,2464.44,23001.44
INV7902,2025-04-11,Global Mart,CUST-852,20674,18,3721.32,24395.32
INV7903,2025-04-12,Tech Solutions,CUST-853,20811,28,5827.08,26638.08
INV7904,2025-04-13,Office Hub,CUST-854,20948,5,1047.4,21995.4
INV7905,2025-04-14,Retail One,CUST-855,21085,12,2530.2,23615.2
INV7906,2025-04-15,Bharat Logistics,CUST-856,21222,18,3819.96,25041.96
INV7907,2025-04-16,Tata Enterprises,CUST-857,21359,28,5980.52,27339.52
INV7908,2025-04-17,Reliance Supply,CUST-858,21496,5,1074.8,22570.8
INV7909,2025-04-18,Infosys Services,CUST-859,21633,12,2595.96,24228.96
INV7910,2025-04-19,Wipro Digital,CUST-860,21770,18,3918.6,25688.6
INV7911,2025-04-20,Adani Ports & SEZ,CUST-861,21907,28,6133.96,28040.96
INV7912,2025-04-21,Mahindra Spares,CUST-862,22044,5,1102.2,23146.2
INV7913,2025-04-22,Larsen Industrial,CUST-863,22181,12,2661.72,24842.72
INV7914,2025-04-23,Bajaj Electricals,CUST-864,22318,18,4017.24,26335.24
INV7915,2025-04-24,Godrej Agrovet,CUST-865,22455,28,6287.4,28742.4
INV7916,2025-04-25,Hindustan Traders,CUST-866,22592,5,1129.6,23721.6
INV7917,2025-04-26,Zomato Logistics,CUST-867,22729,12,2727.48,25456.48
INV7918,2025-04-27,Swiggy Kitchens,CUST-868,22866,18,4115.88,26981.88
INV7919,2025-04-28,Delhivery Express,CUST-869,23003,28,6440.84,29443.84
INV7920,2025-04-01,ABC Ltd,CUST-870,23140,5,1157,24297
INV7921,2025-04-02,XYZ Corp,CUST-871,23277,12,2793.24,26070.24
INV7922,2025-04-03,Global Mart,CUST-872,23414,18,4214.52,27628.52
INV7923,2025-04-04,Tech Solutions,CUST-873,23551,28,6594.28,30145.28
INV7924,2025-04-05,Office Hub,CUST-874,23688,5,1184.4,24872.4
INV7925,2025-04-06,Retail One,CUST-875,23825,12,2859,26684
INV7926,2025-04-07,Bharat Logistics,CUST-876,23962,18,4313.16,28275.16
INV7927,2025-04-08,Tata Enterprises,CUST-877,24099,28,6747.72,30846.72
INV7928,2025-04-09,Reliance Supply,CUST-878,24236,5,1211.8,25447.8
INV7929,2025-04-10,Infosys Services,CUST-879,24373,12,2924.76,27297.76
INV7930,2025-04-11,Wipro Digital,CUST-880,24510,18,4411.8,28921.8
INV7931,2025-04-12,Adani Ports & SEZ,CUST-881,24647,28,6901.16,31548.16
INV7932,2025-04-13,Mahindra Spares,CUST-882,24784,5,1239.2,26023.2
INV7933,2025-04-14,Larsen Industrial,CUST-883,24921,12,2990.52,27911.52
INV7934,2025-04-15,Bajaj Electricals,CUST-884,25058,18,4510.44,29568.44
INV7935,2025-04-16,Godrej Agrovet,CUST-885,25195,28,7054.6,32249.6
INV7936,2025-04-17,Hindustan Traders,CUST-886,25332,5,1266.6,26598.6
INV7937,2025-04-18,Zomato Logistics,CUST-887,25469,12,3056.28,28525.28
INV7938,2025-04-19,Swiggy Kitchens,CUST-888,25606,18,4609.08,30215.08
INV7939,2025-04-20,Delhivery Express,CUST-889,25743,28,7208.04,32951.04
INV7940,2025-04-21,ABC Ltd,CUST-890,25880,5,1294,27174
INV7941,2025-04-22,XYZ Corp,CUST-891,26017,12,3122.04,29139.04
INV7942,2025-04-23,Global Mart,CUST-892,26154,18,4707.72,30861.72
INV7943,2025-04-24,Tech Solutions,CUST-893,26291,28,7361.48,33652.48
INV7944,2025-04-25,Office Hub,CUST-894,26428,5,1321.4,27749.4
INV7945,2025-04-26,Retail One,CUST-895,26565,12,3187.8,29752.8
INV7946,2025-04-27,Bharat Logistics,CUST-896,26702,18,4806.36,31508.36
INV7947,2025-04-28,Tata Enterprises,CUST-897,26839,28,7514.92,34353.92
INV7948,2025-04-01,Reliance Supply,CUST-898,26976,5,1348.8,28324.8
INV7949,2025-04-02,Infosys Services,CUST-899,27113,12,3253.56,30366.56
INV7950,2025-04-03,Wipro Digital,CUST-900,850000,18,153000,1003000
INV7951,2025-04-04,Adani Ports & SEZ,CUST-901,27387,28,7668.36,35055.36
INV7952,2025-04-05,Mahindra Spares,CUST-902,27524,5,1376.2,28900.2
INV7953,2025-04-06,Larsen Industrial,CUST-903,27661,12,3319.32,30980.32
INV7954,2025-04-07,Bajaj Electricals,CUST-904,27798,18,5003.64,32801.64
INV7955,2025-04-08,Godrej Agrovet,CUST-905,27935,28,7821.8,35756.8
INV7956,2025-04-09,Hindustan Traders,CUST-906,28072,5,1403.6,29475.6
INV7957,2025-04-10,Zomato Logistics,CUST-907,28209,12,3385.08,31594.08
INV7958,2025-04-11,Swiggy Kitchens,CUST-908,28346,18,5102.28,33448.28
INV7959,2025-04-12,Delhivery Express,CUST-909,28483,28,7975.24,36458.24
INV7960,2025-04-13,ABC Ltd,CUST-910,28620,5,1431,30051
INV7961,2025-04-14,XYZ Corp,CUST-911,28757,12,3450.84,32207.84
INV7962,2025-04-15,Global Mart,CUST-912,28894,18,5200.92,34094.92
INV7963,2025-04-16,Tech Solutions,CUST-913,29031,28,8128.68,37159.68
INV7964,2025-04-17,Office Hub,CUST-914,29168,5,1458.4,30626.4
INV7965,2025-04-18,Retail One,CUST-915,29305,12,3516.6,32821.6
INV7966,2025-04-19,Bharat Logistics,CUST-916,29442,18,5299.56,34741.56
INV7967,2025-04-20,Tata Enterprises,CUST-917,29579,28,8282.12,37861.12
INV7968,2025-04-21,Reliance Supply,CUST-918,29716,5,1485.8,31201.8
INV7969,2025-04-22,Infosys Services,CUST-919,29853,12,3582.36,33435.36
INV7970,2025-04-23,Wipro Digital,CUST-920,29990,18,5398.2,35388.2
INV7971,2025-04-24,Adani Ports & SEZ,CUST-921,30127,28,8435.56,38562.56
INV7972,2025-04-25,Mahindra Spares,CUST-922,30264,5,1513.2,31777.2
INV7973,2025-04-26,Larsen Industrial,CUST-923,30401,12,3648.12,34049.12
INV7974,2025-04-27,Bajaj Electricals,CUST-924,30538,18,5496.84,36034.84
INV7975,2025-04-28,Godrej Agrovet,CUST-925,30675,28,8589,39264
INV7976,2025-04-01,Hindustan Traders,CUST-926,30812,5,1540.6,32352.6
INV7977,2025-04-02,Zomato Logistics,CUST-927,30949,12,3713.88,34662.88
INV7978,2025-04-03,Swiggy Kitchens,CUST-928,31086,18,5595.48,36681.48
INV7979,2025-04-04,Delhivery Express,CUST-929,31223,28,8742.44,39965.44
INV7980,2025-04-05,ABC Ltd,CUST-930,31360,5,1568,32928
INV7981,2025-04-06,XYZ Corp,CUST-931,31497,12,3779.64,35276.64
INV7982,2025-04-07,Global Mart,CUST-932,31634,18,5694.12,37328.12
INV7983,2025-04-08,Tech Solutions,CUST-933,31771,28,8895.88,40666.88
INV7984,2025-04-09,Office Hub,CUST-934,31908,5,1595.4,33503.4
INV7985,2025-04-10,Retail One,CUST-935,32045,12,3845.4,35890.4
INV7986,2025-04-11,Bharat Logistics,CUST-936,32182,18,5792.76,37974.76
INV7987,2025-04-12,Tata Enterprises,CUST-937,32319,28,9049.32,41368.32
INV7988,2025-04-13,Reliance Supply,CUST-938,32456,5,1622.8,34078.8
INV7989,2025-04-14,Infosys Services,CUST-939,32593,12,3911.16,36504.16
INV7990,2025-04-15,Wipro Digital,CUST-940,32730,18,5891.4,38621.4
INV7991,2025-04-16,Adani Ports & SEZ,CUST-941,32867,28,9202.76,42069.76
INV7992,2025-04-17,Mahindra Spares,CUST-942,33004,5,1650.2,34654.2
INV7993,2025-04-18,Larsen Industrial,CUST-943,33141,12,3976.92,37117.92
INV7994,2025-04-19,Bajaj Electricals,CUST-944,33278,18,5990.04,39268.04
INV7995,2025-04-20,Godrej Agrovet,CUST-945,33415,28,9356.2,42771.2
INV7996,2025-04-21,Hindustan Traders,CUST-946,33552,5,1677.6,35229.6
INV7997,2025-04-22,Zomato Logistics,CUST-947,33689,12,4042.68,37731.68
INV7998,2025-04-23,Swiggy Kitchens,CUST-948,33826,18,6088.68,39914.68
INV7999,2025-04-24,Delhivery Express,CUST-949,33963,28,9509.64,43472.64
INV8000,2025-04-25,ABC Ltd,CUST-100,34100,5,1705,35805
INV8001,2025-04-26,XYZ Corp,CUST-101,34237,12,4108.44,38345.44
INV8002,2025-04-27,Global Mart,CUST-102,34374,18,6187.32,40561.32
INV8003,2025-04-28,Tech Solutions,CUST-103,34511,28,9663.08,44174.08
INV8004,2025-04-01,Office Hub,CUST-104,34648,5,1732.4,36380.4
INV8005,2025-04-02,Retail One,CUST-105,34785,12,4174.2,38959.2
INV8006,2025-04-03,Bharat Logistics,CUST-106,34922,18,6285.96,41207.96
INV8007,2025-04-04,Tata Enterprises,CUST-107,35059,28,9816.52,44875.52
INV8008,2025-04-05,Reliance Supply,CUST-108,35196,5,1759.8,36955.8
INV8009,2025-04-06,Infosys Services,CUST-109,35333,12,4239.96,39572.96
INV8010,2025-04-07,Wipro Digital,CUST-110,35470,18,6384.6,41854.6
INV8011,2025-04-08,Adani Ports & SEZ,CUST-111,35607,28,9969.96,45576.96
INV8012,2025-04-09,Mahindra Spares,CUST-112,35744,5,1787.2,37531.2
INV8013,2025-04-10,Larsen Industrial,CUST-113,35881,12,4305.72,40186.72
INV8014,2025-04-11,Bajaj Electricals,CUST-114,36018,18,6483.24,42501.24
INV8015,2025-04-12,Godrej Agrovet,CUST-115,36155,28,10123.4,46278.4
INV8016,2025-04-13,Hindustan Traders,CUST-116,36292,5,1814.6,38106.6
INV8017,2025-04-14,Zomato Logistics,CUST-117,36429,12,4371.48,40800.48
INV8018,2025-04-15,Swiggy Kitchens,CUST-118,36566,18,6581.88,43147.88
INV8019,2025-04-16,Delhivery Express,CUST-119,36703,28,10276.84,46979.84
INV8020,2025-04-17,ABC Ltd,CUST-120,36840,5,1842,38682
INV8021,2025-04-18,XYZ Corp,CUST-121,36977,12,4437.24,41414.24
INV8022,2025-04-19,Global Mart,CUST-122,37114,18,6680.52,43794.52
INV8023,2025-04-20,Tech Solutions,CUST-123,37251,28,10430.28,47681.28
INV8024,2025-04-21,Office Hub,CUST-124,37388,5,1869.4,39257.4
INV8025,2025-04-22,Retail One,CUST-125,37525,12,4503,42028
INV8026,2025-04-23,Bharat Logistics,CUST-126,37662,18,6779.16,44441.16
INV8027,2025-04-24,Tata Enterprises,CUST-127,37799,28,10583.72,48382.72
INV8028,2025-04-25,Reliance Supply,CUST-128,37936,5,1896.8,39832.8
INV8029,2025-04-26,Infosys Services,CUST-129,38073,12,4568.76,42641.76
INV8030,2025-04-27,Wipro Digital,CUST-130,38210,18,6877.8,45087.8
INV8031,2025-04-28,Adani Ports & SEZ,CUST-131,38347,28,10737.16,49084.16
INV8032,2025-04-01,Mahindra Spares,CUST-132,38484,5,1924.2,40408.2
INV8033,2025-04-02,Larsen Industrial,CUST-133,38621,12,4634.52,43255.52
INV8034,2025-04-03,Bajaj Electricals,CUST-134,38758,18,6976.44,45734.44
INV8035,2025-04-04,Godrej Agrovet,CUST-135,38895,28,10890.6,49785.6
INV8036,2025-04-05,Hindustan Traders,CUST-136,39032,5,1951.6,40983.6
INV8037,2025-04-06,Zomato Logistics,CUST-137,39169,12,4700.28,43869.28
INV8038,2025-04-07,Swiggy Kitchens,CUST-138,39306,18,7075.08,46381.08
INV8039,2025-04-08,Delhivery Express,CUST-139,39443,28,11044.04,50487.04
INV8040,2025-04-09,ABC Ltd,CUST-140,39580,5,1979,41559
INV8041,2025-04-10,XYZ Corp,CUST-141,39717,12,4766.04,44483.04
INV8042,2025-04-11,Global Mart,CUST-142,39854,18,7173.72,47027.72
INV8043,2025-04-12,Tech Solutions,CUST-143,39991,28,11197.48,51188.48
INV8044,2025-04-13,Office Hub,CUST-144,40128,5,2006.4,42134.4
INV8045,2025-04-14,Retail One,CUST-145,40265,12,4831.8,45096.8
INV8046,2025-04-15,Bharat Logistics,CUST-146,40402,18,7272.36,47674.36
INV8047,2025-04-16,Tata Enterprises,CUST-147,40539,28,11350.92,51889.92
INV8048,2025-04-17,Reliance Supply,CUST-148,40676,5,2033.8,42709.8
INV8049,2025-04-18,Infosys Services,CUST-149,40813,12,4897.56,45710.56
INV8050,2025-04-19,Wipro Digital,CUST-150,40950,18,7371,48321
INV8051,2025-04-20,Adani Ports & SEZ,CUST-151,41087,28,11504.36,52591.36
INV8052,2025-04-21,Mahindra Spares,CUST-152,41224,5,2061.2,43285.2
INV8053,2025-04-22,Larsen Industrial,CUST-153,41361,12,4963.32,46324.32
INV8054,2025-04-23,Bajaj Electricals,CUST-154,41498,18,7469.64,48967.64
INV8055,2025-04-24,Godrej Agrovet,CUST-155,41635,28,11657.8,53292.8
INV8056,2025-04-25,Hindustan Traders,CUST-156,41772,5,2088.6,43860.6
INV8057,2025-04-26,Zomato Logistics,CUST-157,41909,12,5029.08,46938.08
INV8058,2025-04-27,Swiggy Kitchens,CUST-158,42046,18,7568.28,49614.28
INV8059,2025-04-28,Delhivery Express,CUST-159,42183,28,11811.24,53994.24
INV8060,2025-04-01,ABC Ltd,CUST-160,42320,5,2116,44436
INV8061,2025-04-02,XYZ Corp,CUST-161,42457,12,5094.84,47551.84
INV8062,2025-04-03,Global Mart,CUST-162,42594,18,7666.92,50260.92
INV8063,2025-04-04,Tech Solutions,CUST-163,42731,28,11964.68,54695.68
INV8064,2025-04-05,Office Hub,CUST-164,42868,5,2143.4,45011.4
INV8065,2025-04-06,Retail One,CUST-165,43005,12,5160.6,48165.6
INV8066,2025-04-07,Bharat Logistics,CUST-166,43142,18,7765.56,50907.56
INV8067,2025-04-08,Tata Enterprises,CUST-167,43279,28,12118.12,55397.12
INV8068,2025-04-09,Reliance Supply,CUST-168,43416,5,2170.8,45586.8
INV8069,2025-04-10,Infosys Services,CUST-169,43553,12,5226.36,48779.36
INV8070,2025-04-11,Wipro Digital,CUST-170,43690,18,7864.2,51554.2
INV8071,2025-04-12,Adani Ports & SEZ,CUST-171,43827,28,12271.56,56098.56
INV8072,2025-04-13,Mahindra Spares,CUST-172,43964,5,2198.2,46162.2
INV8073,2025-04-14,Larsen Industrial,CUST-173,44101,12,5292.12,49393.12
INV8074,2025-04-15,Bajaj Electricals,CUST-174,44238,18,7962.84,52200.84
INV8075,2025-04-16,Godrej Agrovet,CUST-175,44375,28,12425,56800
INV8076,2025-04-17,Hindustan Traders,CUST-176,44512,5,2225.6,46737.6
INV8077,2025-04-18,Zomato Logistics,CUST-177,44649,12,5357.88,50006.88
INV8078,2025-04-19,Swiggy Kitchens,CUST-178,44786,18,8061.48,52847.48
INV8079,2025-04-20,Delhivery Express,CUST-179,44923,28,12578.44,57501.44
INV8080,2025-04-21,ABC Ltd,CUST-180,45060,5,2253,47313
INV8081,2025-04-22,XYZ Corp,CUST-181,45197,12,5423.64,50620.64
INV8082,2025-04-23,Global Mart,CUST-182,45334,18,8160.12,53494.12
INV8083,2025-04-24,Tech Solutions,CUST-183,45471,28,12731.88,58202.88
INV8084,2025-04-25,Office Hub,CUST-184,45608,5,2280.4,47888.4
INV8085,2025-04-26,Retail One,CUST-185,45745,12,5489.4,51234.4
INV8086,2025-04-27,Bharat Logistics,CUST-186,45882,18,8258.76,54140.76
INV8087,2025-04-28,Tata Enterprises,CUST-187,46019,28,12885.32,58904.32
INV8088,2025-04-01,Reliance Supply,CUST-188,46156,5,2307.8,48463.8
INV8089,2025-04-02,Infosys Services,CUST-189,46293,12,5555.16,51848.16
INV8090,2025-04-03,Wipro Digital,CUST-190,46430,18,8357.4,54787.4
INV8091,2025-04-04,Adani Ports & SEZ,CUST-191,46567,28,13038.76,59605.76
INV8092,2025-04-05,Mahindra Spares,CUST-192,46704,5,2335.2,49039.2
INV8093,2025-04-06,Larsen Industrial,CUST-193,46841,12,5620.92,52461.92
INV8094,2025-04-07,Bajaj Electricals,CUST-194,46978,18,8456.04,55434.04
INV8095,2025-04-08,Godrej Agrovet,CUST-195,47115,28,13192.2,60307.2
INV8096,2025-04-09,Hindustan Traders,CUST-196,47252,5,2362.6,49614.6
INV8097,2025-04-10,Zomato Logistics,CUST-197,47389,12,5686.68,53075.68
INV8098,2025-04-11,Swiggy Kitchens,CUST-198,47526,18,8554.68,56080.68
INV8099,2025-04-12,Delhivery Express,CUST-199,47663,28,13345.64,61008.64
INV8100,2025-04-13,ABC Ltd,CUST-200,47800,5,2390,50190
INV8101,2025-04-14,XYZ Corp,CUST-201,47937,12,5752.44,53689.44
INV8102,2025-04-15,Global Mart,CUST-202,48074,18,8653.32,56727.32
INV8103,2025-04-16,Tech Solutions,CUST-203,48211,28,13499.08,61710.08
INV8104,2025-04-17,Office Hub,CUST-204,48348,5,2417.4,50765.4
INV8105,2025-04-18,Retail One,CUST-205,48485,12,5818.2,54303.2
INV8106,2025-04-19,Bharat Logistics,CUST-206,48622,18,8751.96,57373.96
INV8107,2025-04-20,Tata Enterprises,CUST-207,48759,28,13652.52,62411.52
INV8108,2025-04-21,Reliance Supply,CUST-208,48896,5,2444.8,51340.8
INV8109,2025-04-22,Infosys Services,CUST-209,49033,12,5883.96,54916.96
INV8110,2025-04-23,Wipro Digital,CUST-210,49170,18,8850.6,58020.6
INV8111,2025-04-24,Adani Ports & SEZ,CUST-211,49307,28,13805.96,63112.96
INV8112,2025-04-25,Mahindra Spares,CUST-212,49444,5,2472.2,51916.2
INV8113,2025-04-26,Larsen Industrial,CUST-213,49581,12,5949.72,55530.72
INV8114,2025-04-27,Bajaj Electricals,CUST-214,49718,18,8949.24,58667.24
INV8115,2025-04-28,Godrej Agrovet,CUST-215,49855,28,13959.4,63814.4
INV8116,2025-04-01,Hindustan Traders,CUST-216,49992,5,2499.6,52491.6
INV8117,2025-04-02,Zomato Logistics,CUST-217,50129,12,6015.48,56144.48
INV8118,2025-04-03,Swiggy Kitchens,CUST-218,50266,18,9047.88,59313.88
INV8119,2025-04-04,Delhivery Express,CUST-219,50403,28,14112.84,64515.84
INV8120,2025-04-05,ABC Ltd,CUST-220,50540,5,2527,53067
INV8121,2025-04-06,XYZ Corp,CUST-221,50677,12,6081.24,56758.24
INV8122,2025-04-07,Global Mart,CUST-222,50814,18,9146.52,59960.52
INV8123,2025-04-08,Tech Solutions,CUST-223,50951,28,14266.28,65217.28
INV8124,2025-04-09,Office Hub,CUST-224,51088,5,2554.4,53642.4
INV8125,2025-04-10,Retail One,CUST-225,51225,12,6147,57372
INV8126,2025-04-11,Bharat Logistics,CUST-226,51362,18,9245.16,60607.16
INV8127,2025-04-12,Tata Enterprises,CUST-227,51499,28,14419.72,65918.72
INV8128,2025-04-13,Reliance Supply,CUST-228,51636,5,2581.8,54217.8
INV8129,2025-04-14,Infosys Services,CUST-229,51773,12,6212.76,57985.76
INV8130,2025-04-15,Wipro Digital,CUST-230,51910,18,9343.8,61253.8
INV8131,2025-04-16,Adani Ports & SEZ,CUST-231,52047,28,14573.16,66620.16
INV8132,2025-04-17,Mahindra Spares,CUST-232,52184,5,2609.2,54793.2
INV8133,2025-04-18,Larsen Industrial,CUST-233,52321,12,6278.52,58599.52
INV8134,2025-04-19,Bajaj Electricals,CUST-234,52458,18,9442.44,61900.44
INV8135,2025-04-20,Godrej Agrovet,CUST-235,52595,28,14726.6,67321.6
INV8136,2025-04-21,Hindustan Traders,CUST-236,52732,5,2636.6,55368.6
INV8137,2025-04-22,Zomato Logistics,CUST-237,52869,12,6344.28,59213.28
INV8138,2025-04-23,Swiggy Kitchens,CUST-238,53006,18,9541.08,62547.08
INV8139,2025-04-24,Delhivery Express,CUST-239,53143,28,14880.04,68023.04
INV8140,2025-04-25,ABC Ltd,CUST-240,53280,5,2664,55944
INV8141,2025-04-26,XYZ Corp,CUST-241,53417,12,6410.04,59827.04
INV8142,2025-04-27,Global Mart,CUST-242,53554,18,9639.72,63193.72
INV8143,2025-04-28,Tech Solutions,CUST-243,53691,28,15033.48,68724.48
INV8144,2025-04-01,Office Hub,CUST-244,53828,5,2691.4,56519.4
INV8145,2025-04-02,Retail One,CUST-245,53965,12,6475.8,60440.8
INV8146,2025-04-03,Bharat Logistics,CUST-246,54102,18,9738.36,63840.36
INV8147,2025-04-04,Tata Enterprises,CUST-247,54239,28,15186.92,69425.92
INV8148,2025-04-05,Reliance Supply,CUST-248,54376,5,2718.8,57094.8
INV8149,2025-04-06,Infosys Services,CUST-249,54513,12,6541.56,61054.56
INV8150,2025-04-07,Wipro Digital,CUST-250,54650,18,9837,64487
INV8151,2025-04-08,Adani Ports & SEZ,CUST-251,54787,28,15340.36,70127.36
INV8152,2025-04-09,Mahindra Spares,CUST-252,54924,5,2746.2,57670.2
INV8153,2025-04-10,Larsen Industrial,CUST-253,55061,12,6607.32,61668.32
INV8154,2025-04-11,Bajaj Electricals,CUST-254,55198,18,9935.64,65133.64
INV8155,2025-04-12,Godrej Agrovet,CUST-255,55335,28,15493.8,70828.8
INV8156,2025-04-13,Hindustan Traders,CUST-256,55472,5,2773.6,58245.6
INV8157,2025-04-14,Zomato Logistics,CUST-257,55609,12,6673.08,62282.08
INV8158,2025-04-15,Swiggy Kitchens,CUST-258,55746,18,10034.28,65780.28
INV8159,2025-04-16,Delhivery Express,CUST-259,55883,28,15647.24,71530.24
INV8160,2025-04-17,ABC Ltd,CUST-260,56020,5,2801,58821
INV8161,2025-04-18,XYZ Corp,CUST-261,56157,12,6738.84,62895.84
INV8162,2025-04-19,Global Mart,CUST-262,56294,18,10132.92,66426.92
INV8163,2025-04-20,Tech Solutions,CUST-263,56431,28,15800.68,72231.68
INV8164,2025-04-21,Office Hub,CUST-264,56568,5,2828.4,59396.4
INV8165,2025-04-22,Retail One,CUST-265,56705,12,6804.6,63509.6
INV8166,2025-04-23,Bharat Logistics,CUST-266,56842,18,10231.56,67073.56
INV8167,2025-04-24,Tata Enterprises,CUST-267,56979,28,15954.12,72933.12
INV8168,2025-04-25,Reliance Supply,CUST-268,57116,5,2855.8,59971.8
INV8169,2025-04-26,Infosys Services,CUST-269,57253,12,6870.36,64123.36
INV8170,2025-04-27,Wipro Digital,CUST-270,57390,18,10330.2,67720.2
INV8171,2025-04-28,Adani Ports & SEZ,CUST-271,57527,28,16107.56,73634.56
INV8172,2025-04-01,Mahindra Spares,CUST-272,57664,5,2883.2,60547.2
INV8173,2025-04-02,Larsen Industrial,CUST-273,57801,12,6936.12,64737.12
INV8174,2025-04-03,Bajaj Electricals,CUST-274,57938,18,10428.84,68366.84
INV8175,2025-04-04,Godrej Agrovet,CUST-275,58075,28,16261,74336
INV8176,2025-04-05,Hindustan Traders,CUST-276,58212,5,2910.6,61122.6
INV8177,2025-04-06,Zomato Logistics,CUST-277,58349,12,7001.88,65350.88
INV8178,2025-04-07,Swiggy Kitchens,CUST-278,58486,18,10527.48,69013.48
INV8179,2025-04-08,Delhivery Express,CUST-279,58623,28,16414.44,75037.44
INV8180,2025-04-09,ABC Ltd,CUST-280,58760,5,2938,61698
INV8181,2025-04-10,XYZ Corp,CUST-281,58897,12,7067.64,65964.64
INV8182,2025-04-11,Global Mart,CUST-282,59034,18,10626.12,69660.12
INV8183,2025-04-12,Tech Solutions,CUST-283,59171,28,16567.88,75738.88
INV8184,2025-04-13,Office Hub,CUST-284,59308,5,2965.4,62273.4
INV8185,2025-04-14,Retail One,CUST-285,59445,12,7133.4,66578.4
INV8186,2025-04-15,Bharat Logistics,CUST-286,59582,18,10724.76,70306.76
INV8187,2025-04-16,Tata Enterprises,CUST-287,59719,28,16721.32,76440.32
INV8188,2025-04-17,Reliance Supply,CUST-288,59856,5,2992.8,62848.8
INV8189,2025-04-18,Infosys Services,CUST-289,59993,12,7199.16,67192.16
INV8190,2025-04-19,Wipro Digital,CUST-290,60130,18,10823.4,70953.4
INV8191,2025-04-20,Adani Ports & SEZ,CUST-291,60267,28,16874.76,77141.76
INV8192,2025-04-21,Mahindra Spares,CUST-292,60404,5,3020.2,63424.2
INV8193,2025-04-22,Larsen Industrial,CUST-293,60541,12,7264.92,67805.92
INV8194,2025-04-23,Bajaj Electricals,CUST-294,60678,18,10922.04,71600.04
INV8195,2025-04-24,Godrej Agrovet,CUST-295,60815,28,17028.2,77843.2
INV8196,2025-04-25,Hindustan Traders,CUST-296,60952,5,3047.6,63999.6
INV8197,2025-04-26,Zomato Logistics,CUST-297,61089,12,7330.68,68419.68
INV8198,2025-04-27,Swiggy Kitchens,CUST-298,61226,18,11020.68,72246.68
INV8199,2025-04-28,Delhivery Express,CUST-299,61363,28,17181.64,78544.64
INV8200,2025-04-01,ABC Ltd,CUST-300,1050000,5,52500,1102500
INV8201,2025-04-02,XYZ Corp,CUST-301,61637,12,7396.44,69033.44
INV8202,2025-04-03,Global Mart,CUST-302,61774,18,11119.32,72893.32
INV8203,2025-04-04,Tech Solutions,CUST-303,61911,28,17335.08,79246.08
INV8204,2025-04-05,Office Hub,CUST-304,62048,5,3102.4,65150.4
INV8205,2025-04-06,Retail One,CUST-305,62185,12,7462.2,69647.2
INV8206,2025-04-07,Bharat Logistics,CUST-306,62322,18,11217.96,73539.96
INV8207,2025-04-08,Tata Enterprises,CUST-307,62459,28,17488.52,79947.52
INV8208,2025-04-09,Reliance Supply,CUST-308,62596,5,3129.8,65725.8
INV8209,2025-04-10,Infosys Services,CUST-309,62733,12,7527.96,70260.96
INV8210,2025-04-11,Wipro Digital,CUST-310,62870,18,11316.6,74186.6
INV8211,2025-04-12,Adani Ports & SEZ,CUST-311,63007,28,17641.96,80648.96
INV8212,2025-04-13,Mahindra Spares,CUST-312,63144,5,3157.2,66301.2
INV8213,2025-04-14,Larsen Industrial,CUST-313,63281,12,7593.72,70874.72
INV8214,2025-04-15,Bajaj Electricals,CUST-314,63418,18,11415.24,74833.24
INV8215,2025-04-16,Godrej Agrovet,CUST-315,63555,28,17795.4,81350.4
INV8216,2025-04-17,Hindustan Traders,CUST-316,63692,5,3184.6,66876.6
INV8217,2025-04-18,Zomato Logistics,CUST-317,63829,12,7659.48,71488.48
INV8218,2025-04-19,Swiggy Kitchens,CUST-318,63966,18,11513.88,75479.88
INV8219,2025-04-20,Delhivery Express,CUST-319,64103,28,17948.84,82051.84
INV8220,2025-04-21,ABC Ltd,CUST-320,64240,5,3212,67452
INV8221,2025-04-22,XYZ Corp,CUST-321,64377,12,7725.24,72102.24
INV8222,2025-04-23,Global Mart,CUST-322,64514,18,11612.52,76126.52
INV8223,2025-04-24,Tech Solutions,CUST-323,64651,28,18102.28,82753.28
INV8224,2025-04-25,Office Hub,CUST-324,64788,5,3239.4,68027.4
INV8225,2025-04-26,Retail One,CUST-325,64925,12,7791,72716
INV8226,2025-04-27,Bharat Logistics,CUST-326,65062,18,11711.16,76773.16
INV8227,2025-04-28,Tata Enterprises,CUST-327,65199,28,18255.72,83454.72
INV8228,2025-04-01,Reliance Supply,CUST-328,65336,5,3266.8,68602.8
INV8229,2025-04-02,Infosys Services,CUST-329,65473,12,7856.76,73329.76
INV8230,2025-04-03,Wipro Digital,CUST-330,65610,18,11809.8,77419.8
INV8231,2025-04-04,Adani Ports & SEZ,CUST-331,65747,28,18409.16,84156.16
INV8232,2025-04-05,Mahindra Spares,CUST-332,65884,5,3294.2,69178.2
INV8233,2025-04-06,Larsen Industrial,CUST-333,66021,12,7922.52,73943.52
INV8234,2025-04-07,Bajaj Electricals,CUST-334,66158,18,11908.44,78066.44
INV8235,2025-04-08,Godrej Agrovet,CUST-335,66295,28,18562.6,84857.6
INV8236,2025-04-09,Hindustan Traders,CUST-336,66432,5,3321.6,69753.6
INV8237,2025-04-10,Zomato Logistics,CUST-337,66569,12,7988.28,74557.28
INV8238,2025-04-11,Swiggy Kitchens,CUST-338,66706,18,12007.08,78713.08
INV8239,2025-04-12,Delhivery Express,CUST-339,66843,28,18716.04,85559.04
INV8240,2025-04-13,ABC Ltd,CUST-340,66980,5,3349,70329
INV8241,2025-04-14,XYZ Corp,CUST-341,67117,12,8054.04,75171.04
INV8242,2025-04-15,Global Mart,CUST-342,67254,18,12105.72,79359.72
INV8243,2025-04-16,Tech Solutions,CUST-343,67391,28,18869.48,86260.48
INV8244,2025-04-17,Office Hub,CUST-344,67528,5,3376.4,70904.4
INV8245,2025-04-18,Retail One,CUST-345,67665,12,8119.8,75784.8
INV8246,2025-04-19,Bharat Logistics,CUST-346,67802,18,12204.36,80006.36
INV8247,2025-04-20,Tata Enterprises,CUST-347,67939,28,19022.92,86961.92
INV8248,2025-04-21,Reliance Supply,CUST-348,68076,5,3403.8,71479.8
INV8249,2025-04-22,Infosys Services,CUST-349,68213,12,8185.56,76398.56
INV8250,2025-04-23,Wipro Digital,CUST-350,68350,18,12303,80653
INV8251,2025-04-24,Adani Ports & SEZ,CUST-351,68487,28,19176.36,87663.36
INV8252,2025-04-25,Mahindra Spares,CUST-352,68624,5,3431.2,72055.2
INV8253,2025-04-26,Larsen Industrial,CUST-353,68761,12,8251.32,77012.32
INV8254,2025-04-27,Bajaj Electricals,CUST-354,68898,18,12401.64,81299.64
INV8255,2025-04-28,Godrej Agrovet,CUST-355,69035,28,19329.8,88364.8
INV8256,2025-04-01,Hindustan Traders,CUST-356,69172,5,3458.6,72630.6
INV8257,2025-04-02,Zomato Logistics,CUST-357,69309,12,8317.08,77626.08
INV8258,2025-04-03,Swiggy Kitchens,CUST-358,69446,18,12500.28,81946.28
INV8259,2025-04-04,Delhivery Express,CUST-359,69583,28,19483.24,89066.24
INV8260,2025-04-05,ABC Ltd,CUST-360,69720,5,3486,73206
INV8261,2025-04-06,XYZ Corp,CUST-361,69857,12,8382.84,78239.84
INV8262,2025-04-07,Global Mart,CUST-362,69994,18,12598.92,82592.92
INV8263,2025-04-08,Tech Solutions,CUST-363,70131,28,19636.68,89767.68
INV8264,2025-04-09,Office Hub,CUST-364,70268,5,3513.4,73781.4
INV8265,2025-04-10,Retail One,CUST-365,70405,12,8448.6,78853.6
INV8266,2025-04-11,Bharat Logistics,CUST-366,70542,18,12697.56,83239.56
INV8267,2025-04-12,Tata Enterprises,CUST-367,70679,28,19790.12,90469.12
INV8268,2025-04-13,Reliance Supply,CUST-368,70816,5,3540.8,74356.8
INV8269,2025-04-14,Infosys Services,CUST-369,70953,12,8514.36,79467.36
INV8270,2025-04-15,Wipro Digital,CUST-370,71090,18,12796.2,83886.2
INV8271,2025-04-16,Adani Ports & SEZ,CUST-371,71227,28,19943.56,91170.56
INV8272,2025-04-17,Mahindra Spares,CUST-372,71364,5,3568.2,74932.2
INV8273,2025-04-18,Larsen Industrial,CUST-373,71501,12,8580.12,80081.12
INV8274,2025-04-19,Bajaj Electricals,CUST-374,71638,18,12894.84,84532.84
INV8275,2025-04-20,Godrej Agrovet,CUST-375,71775,28,20097,91872
INV8276,2025-04-21,Hindustan Traders,CUST-376,71912,5,3595.6,75507.6
INV8277,2025-04-22,Zomato Logistics,CUST-377,72049,12,8645.88,80694.88
INV8278,2025-04-23,Swiggy Kitchens,CUST-378,72186,18,12993.48,85179.48
INV8279,2025-04-24,Delhivery Express,CUST-379,72323,28,20250.44,92573.44
INV8280,2025-04-25,ABC Ltd,CUST-380,72460,5,3623,76083
INV8281,2025-04-26,XYZ Corp,CUST-381,72597,12,8711.64,81308.64
INV8282,2025-04-27,Global Mart,CUST-382,72734,18,13092.12,85826.12
INV8283,2025-04-28,Tech Solutions,CUST-383,72871,28,20403.88,93274.88
INV8284,2025-04-01,Office Hub,CUST-384,73008,5,3650.4,76658.4
INV8285,2025-04-02,Retail One,CUST-385,73145,12,8777.4,81922.4
INV8286,2025-04-03,Bharat Logistics,CUST-386,73282,18,13190.76,86472.76
INV8287,2025-04-04,Tata Enterprises,CUST-387,73419,28,20557.32,93976.32
INV8288,2025-04-05,Reliance Supply,CUST-388,73556,5,3677.8,77233.8
INV8289,2025-04-06,Infosys Services,CUST-389,73693,12,8843.16,82536.16
INV8290,2025-04-07,Wipro Digital,CUST-390,73830,18,13289.4,87119.4
INV8291,2025-04-08,Adani Ports & SEZ,CUST-391,73967,28,20710.76,94677.76
INV8292,2025-04-09,Mahindra Spares,CUST-392,74104,5,3705.2,77809.2
INV8293,2025-04-10,Larsen Industrial,CUST-393,74241,12,8908.92,83149.92
INV8294,2025-04-11,Bajaj Electricals,CUST-394,74378,18,13388.04,87766.04
INV8295,2025-04-12,Godrej Agrovet,CUST-395,74515,28,20864.2,95379.2
INV8296,2025-04-13,Hindustan Traders,CUST-396,74652,5,3732.6,78384.6
INV8297,2025-04-14,Zomato Logistics,CUST-397,74789,12,8974.68,83763.68
INV8298,2025-04-15,Swiggy Kitchens,CUST-398,74926,18,13486.68,88412.68
INV8299,2025-04-16,Delhivery Express,CUST-399,75063,28,21017.64,96080.64
INV8300,2025-04-17,ABC Ltd,CUST-400,75200,5,3760,78960
INV8301,2025-04-18,XYZ Corp,CUST-401,75337,12,9040.44,84377.44
INV8302,2025-04-19,Global Mart,CUST-402,75474,18,13585.32,89059.32
INV8303,2025-04-20,Tech Solutions,CUST-403,75611,28,21171.08,96782.08
INV8304,2025-04-21,Office Hub,CUST-404,75748,5,3787.4,79535.4
INV8305,2025-04-22,Retail One,CUST-405,75885,12,9106.2,84991.2
INV8306,2025-04-23,Bharat Logistics,CUST-406,76022,18,13683.96,89705.96
INV8307,2025-04-24,Tata Enterprises,CUST-407,76159,28,21324.52,97483.52
INV8308,2025-04-25,Reliance Supply,CUST-408,76296,5,3814.8,80110.8
INV8309,2025-04-26,Infosys Services,CUST-409,76433,12,9171.96,85604.96
INV8310,2025-04-27,Wipro Digital,CUST-410,76570,18,13782.6,90352.6
INV8311,2025-04-28,Adani Ports & SEZ,CUST-411,76707,28,21477.96,98184.96
INV8312,2025-04-01,Mahindra Spares,CUST-412,76844,5,3842.2,80686.2
INV8313,2025-04-02,Larsen Industrial,CUST-413,76981,12,9237.72,86218.72
INV8314,2025-04-03,Bajaj Electricals,CUST-414,77118,18,13881.24,90999.24
INV8315,2025-04-04,Godrej Agrovet,CUST-415,77255,28,21631.4,98886.4
INV8316,2025-04-05,Hindustan Traders,CUST-416,77392,5,3869.6,81261.6
INV8317,2025-04-06,Zomato Logistics,CUST-417,2529,12,303.48,2832.48
INV8318,2025-04-07,Swiggy Kitchens,CUST-418,2666,18,479.88,3145.88
INV8319,2025-04-08,Delhivery Express,CUST-419,2803,28,784.84,3587.84
INV8320,2025-04-09,ABC Ltd,CUST-420,2940,5,147,3087
INV8321,2025-04-10,XYZ Corp,CUST-421,3077,12,369.24,3446.24
INV8322,2025-04-11,Global Mart,CUST-422,3214,18,578.52,3792.52
INV8323,2025-04-12,Tech Solutions,CUST-423,3351,28,938.28,4289.28
INV8324,2025-04-13,Office Hub,CUST-424,3488,5,174.4,3662.4
INV8325,2025-04-14,Retail One,CUST-425,3625,12,435,4060
INV8326,2025-04-15,Bharat Logistics,CUST-426,3762,18,677.16,4439.16
INV8327,2025-04-16,Tata Enterprises,CUST-427,3899,28,1091.72,4990.72
INV8328,2025-04-17,Reliance Supply,CUST-428,4036,5,201.8,4237.8
INV8329,2025-04-18,Infosys Services,CUST-429,4173,12,500.76,4673.76
INV8330,2025-04-19,Wipro Digital,CUST-430,4310,18,775.8,5085.8
INV8331,2025-04-20,Adani Ports & SEZ,CUST-431,4447,28,1245.16,5692.16
INV8332,2025-04-21,Mahindra Spares,CUST-432,4584,5,229.2,4813.2
INV8333,2025-04-22,Larsen Industrial,CUST-433,4721,12,566.52,5287.52
INV8334,2025-04-23,Bajaj Electricals,CUST-434,4858,18,874.44,5732.44
INV8335,2025-04-24,Godrej Agrovet,CUST-435,4995,28,1398.6,6393.6
INV8336,2025-04-25,Hindustan Traders,CUST-436,5132,5,256.6,5388.6
INV8337,2025-04-26,Zomato Logistics,CUST-437,5269,12,632.28,5901.28
INV8338,2025-04-27,Swiggy Kitchens,CUST-438,5406,18,973.08,6379.08
INV8339,2025-04-28,Delhivery Express,CUST-439,5543,28,1552.04,7095.04
INV8340,2025-04-01,ABC Ltd,CUST-440,5680,5,284,5964
INV8341,2025-04-02,XYZ Corp,CUST-441,5817,12,698.04,6515.04
INV8342,2025-04-03,Global Mart,CUST-442,5954,18,1071.72,7025.72
INV8343,2025-04-04,Tech Solutions,CUST-443,6091,28,1705.48,7796.48
INV8344,2025-04-05,Office Hub,CUST-444,6228,5,311.4,6539.4
INV8345,2025-04-06,Retail One,CUST-445,6365,12,763.8,7128.8
INV8346,2025-04-07,Bharat Logistics,CUST-446,6502,18,1170.36,7672.36
INV8347,2025-04-08,Tata Enterprises,CUST-447,6639,28,1858.92,8497.92
INV8348,2025-04-09,Reliance Supply,CUST-448,6776,5,338.8,7114.8
INV8349,2025-04-10,Infosys Services,CUST-449,6913,12,829.56,7742.56
INV8350,2025-04-11,Wipro Digital,CUST-450,7050,18,1269,8319
INV8351,2025-04-12,Adani Ports & SEZ,CUST-451,7187,28,2012.36,9199.36
INV8352,2025-04-13,Mahindra Spares,CUST-452,7324,5,366.2,7690.2
INV8353,2025-04-14,Larsen Industrial,CUST-453,7461,12,895.32,8356.32
INV8354,2025-04-15,Bajaj Electricals,CUST-454,7598,18,1367.64,8965.64
INV8355,2025-04-16,Godrej Agrovet,CUST-455,7735,28,2165.8,9900.8
INV8356,2025-04-17,Hindustan Traders,CUST-456,7872,5,393.6,8265.6
INV8357,2025-04-18,Zomato Logistics,CUST-457,8009,12,961.08,8970.08
INV8358,2025-04-19,Swiggy Kitchens,CUST-458,8146,18,1466.28,9612.28
INV8359,2025-04-20,Delhivery Express,CUST-459,8283,28,2319.24,10602.24
INV8360,2025-04-21,ABC Ltd,CUST-460,8420,5,421,8841
INV8361,2025-04-22,XYZ Corp,CUST-461,8557,12,1026.84,9583.84
INV8362,2025-04-23,Global Mart,CUST-462,8694,18,1564.92,10258.92
INV8363,2025-04-24,Tech Solutions,CUST-463,8831,28,2472.68,11303.68
INV8364,2025-04-25,Office Hub,CUST-464,8968,5,448.4,9416.4
INV8365,2025-04-26,Retail One,CUST-465,9105,12,1092.6,10197.6
INV8366,2025-04-27,Bharat Logistics,CUST-466,9242,18,1663.56,10905.56
INV8367,2025-04-28,Tata Enterprises,CUST-467,9379,28,2626.12,12005.12
INV8368,2025-04-01,Reliance Supply,CUST-468,9516,5,475.8,9991.8
INV8369,2025-04-02,Infosys Services,CUST-469,9653,12,1158.36,10811.36
INV8370,2025-04-03,Wipro Digital,CUST-470,9790,18,1762.2,11552.2
INV8371,2025-04-04,Adani Ports & SEZ,CUST-471,9927,28,2779.56,12706.56
INV8372,2025-04-05,Mahindra Spares,CUST-472,10064,5,503.2,10567.2
INV8373,2025-04-06,Larsen Industrial,CUST-473,10201,12,1224.12,11425.12
INV8374,2025-04-07,Bajaj Electricals,CUST-474,10338,18,1860.84,12198.84
INV8375,2025-04-08,Godrej Agrovet,CUST-475,10475,28,2933,13408
INV8376,2025-04-09,Hindustan Traders,CUST-476,10612,5,530.6,11142.6
INV8377,2025-04-10,Zomato Logistics,CUST-477,10749,12,1289.88,12038.88
INV8378,2025-04-11,Swiggy Kitchens,CUST-478,10886,18,1959.48,12845.48
INV8379,2025-04-12,Delhivery Express,CUST-479,11023,28,3086.44,14109.44
INV8380,2025-04-13,ABC Ltd,CUST-480,11160,5,558,11718
INV8381,2025-04-14,XYZ Corp,CUST-481,11297,12,1355.64,12652.64
INV8382,2025-04-15,Global Mart,CUST-482,11434,18,2058.12,13492.12
INV8383,2025-04-16,Tech Solutions,CUST-483,11571,28,3239.88,14810.88
INV8384,2025-04-17,Office Hub,CUST-484,11708,5,585.4,12293.4
INV8385,2025-04-18,Retail One,CUST-485,11845,12,1421.4,13266.4
INV8386,2025-04-19,Bharat Logistics,CUST-486,11982,18,2156.76,14138.76
INV8387,2025-04-20,Tata Enterprises,CUST-487,12119,28,3393.32,15512.32
INV8388,2025-04-21,Reliance Supply,CUST-488,12256,5,612.8,12868.8
INV8389,2025-04-22,Infosys Services,CUST-489,12393,12,1487.16,13880.16
INV8390,2025-04-23,Wipro Digital,CUST-490,12530,18,2255.4,14785.4
INV8391,2025-04-24,Adani Ports & SEZ,CUST-491,12667,28,3546.76,16213.76
INV8392,2025-04-25,Mahindra Spares,CUST-492,12804,5,640.2,13444.2
INV8393,2025-04-26,Larsen Industrial,CUST-493,12941,12,1552.92,14493.92
INV8394,2025-04-27,Bajaj Electricals,CUST-494,13078,18,2354.04,15432.04
INV8395,2025-04-28,Godrej Agrovet,CUST-495,13215,28,3700.2,16915.2
INV8396,2025-04-01,Hindustan Traders,CUST-496,13352,5,667.6,14019.6
INV8397,2025-04-02,Zomato Logistics,CUST-497,13489,12,1618.68,15107.68
INV8398,2025-04-03,Swiggy Kitchens,CUST-498,13626,18,2452.68,16078.68
INV8399,2025-04-04,Delhivery Express,CUST-499,13763,28,3853.64,17616.64
INV8400,2025-04-05,ABC Ltd,CUST-500,13900,5,695,14595
INV8401,2025-04-06,XYZ Corp,CUST-501,14037,12,1684.44,15721.44
INV8402,2025-04-07,Global Mart,CUST-502,14174,18,2551.32,16725.32
INV8403,2025-04-08,Tech Solutions,CUST-503,14311,28,4007.08,18318.08
INV8404,2025-04-09,Office Hub,CUST-504,14448,5,722.4,15170.4
INV8405,2025-04-10,Retail One,CUST-505,14585,12,1750.2,16335.2
INV8406,2025-04-11,Bharat Logistics,CUST-506,14722,18,2649.96,17371.96
INV8407,2025-04-12,Tata Enterprises,CUST-507,14859,28,4160.52,19019.52
INV8408,2025-04-13,Reliance Supply,CUST-508,14996,5,749.8,15745.8
INV8409,2025-04-14,Infosys Services,CUST-509,15133,12,1815.96,16948.96
INV8410,2025-04-15,Wipro Digital,CUST-510,15270,18,2748.6,18018.6
INV8411,2025-04-16,Adani Ports & SEZ,CUST-511,15407,28,4313.96,19720.96
INV8412,2025-04-17,Mahindra Spares,CUST-512,15544,5,777.2,16321.2
INV8413,2025-04-18,Larsen Industrial,CUST-513,15681,12,1881.72,17562.72
INV8414,2025-04-19,Bajaj Electricals,CUST-514,15818,18,2847.24,18665.24
INV8415,2025-04-20,Godrej Agrovet,CUST-515,15955,28,4467.4,20422.4
INV8416,2025-04-21,Hindustan Traders,CUST-516,16092,5,804.6,16896.6
INV8417,2025-04-22,Zomato Logistics,CUST-517,16229,12,1947.48,18176.48
INV8418,2025-04-23,Swiggy Kitchens,CUST-518,16366,18,2945.88,19311.88
INV8419,2025-04-24,Delhivery Express,CUST-519,16503,28,4620.84,21123.84
INV8420,2025-04-25,ABC Ltd,CUST-520,16640,5,832,17472
INV8421,2025-04-26,XYZ Corp,CUST-521,16777,12,2013.24,18790.24
INV8422,2025-04-27,Global Mart,CUST-522,16914,18,3044.52,19958.52
INV8423,2025-04-28,Tech Solutions,CUST-523,17051,28,4774.28,21825.28
INV8424,2025-04-01,Office Hub,CUST-524,17188,5,859.4,18047.4
INV8425,2025-04-02,Retail One,CUST-525,17325,12,2079,19404
INV8426,2025-04-03,Bharat Logistics,CUST-526,17462,18,3143.16,20605.16
INV8427,2025-04-04,Tata Enterprises,CUST-527,17599,28,4927.72,22526.72
INV8428,2025-04-05,Reliance Supply,CUST-528,17736,5,886.8,18622.8
INV8429,2025-04-06,Infosys Services,CUST-529,17873,12,2144.76,20017.76
INV8430,2025-04-07,Wipro Digital,CUST-530,18010,18,3241.8,21251.8
INV8431,2025-04-08,Adani Ports & SEZ,CUST-531,18147,28,5081.16,23228.16
INV8432,2025-04-09,Mahindra Spares,CUST-532,18284,5,914.2,19198.2
INV8433,2025-04-10,Larsen Industrial,CUST-533,18421,12,2210.52,20631.52
INV8434,2025-04-11,Bajaj Electricals,CUST-534,18558,18,3340.44,21898.44
INV8435,2025-04-12,Godrej Agrovet,CUST-535,18695,28,5234.6,23929.6
INV8436,2025-04-13,Hindustan Traders,CUST-536,18832,5,941.6,19773.6
INV8437,2025-04-14,Zomato Logistics,CUST-537,18969,12,2276.28,21245.28
INV8438,2025-04-15,Swiggy Kitchens,CUST-538,19106,18,3439.08,22545.08
INV8439,2025-04-16,Delhivery Express,CUST-539,19243,28,5388.04,24631.04
INV8440,2025-04-17,ABC Ltd,CUST-540,19380,5,969,20349
INV8441,2025-04-18,XYZ Corp,CUST-541,19517,12,2342.04,21859.04
INV8442,2025-04-19,Global Mart,CUST-542,19654,18,3537.72,23191.72
INV8443,2025-04-20,Tech Solutions,CUST-543,19791,28,5541.48,25332.48
INV8444,2025-04-21,Office Hub,CUST-544,19928,5,996.4,20924.4
INV8445,2025-04-22,Retail One,CUST-545,20065,12,2407.8,22472.8
INV8446,2025-04-23,Bharat Logistics,CUST-546,20202,18,3636.36,23838.36
INV8447,2025-04-24,Tata Enterprises,CUST-547,20339,28,5694.92,26033.92
INV8448,2025-04-25,Reliance Supply,CUST-548,20476,5,1023.8,21499.8
INV8449,2025-04-26,Infosys Services,CUST-549,20613,12,2473.56,23086.56
INV8450,2025-04-27,Wipro Digital,CUST-550,950000,18,171000,1121000
INV8451,2025-04-28,Adani Ports & SEZ,CUST-551,20887,28,5848.36,26735.36
INV8452,2025-04-01,Mahindra Spares,CUST-552,21024,5,1051.2,22075.2
INV8453,2025-04-02,Larsen Industrial,CUST-553,21161,12,2539.32,23700.32
INV8454,2025-04-03,Bajaj Electricals,CUST-554,21298,18,3833.64,25131.64
INV8455,2025-04-04,Godrej Agrovet,CUST-555,21435,28,6001.8,27436.8
INV8456,2025-04-05,Hindustan Traders,CUST-556,21572,5,1078.6,22650.6
INV8457,2025-04-06,Zomato Logistics,CUST-557,21709,12,2605.08,24314.08
INV8458,2025-04-07,Swiggy Kitchens,CUST-558,21846,18,3932.28,25778.28
INV8459,2025-04-08,Delhivery Express,CUST-559,21983,28,6155.24,28138.24
INV8460,2025-04-09,ABC Ltd,CUST-560,22120,5,1106,23226
INV8461,2025-04-10,XYZ Corp,CUST-561,22257,12,2670.84,24927.84
INV8462,2025-04-11,Global Mart,CUST-562,22394,18,4030.92,26424.92
INV8463,2025-04-12,Tech Solutions,CUST-563,22531,28,6308.68,28839.68
INV8464,2025-04-13,Office Hub,CUST-564,22668,5,1133.4,23801.4
INV8465,2025-04-14,Retail One,CUST-565,22805,12,2736.6,25541.6
INV8466,2025-04-15,Bharat Logistics,CUST-566,22942,18,4129.56,27071.56
INV8467,2025-04-16,Tata Enterprises,CUST-567,23079,28,6462.12,29541.12
INV8468,2025-04-17,Reliance Supply,CUST-568,23216,5,1160.8,24376.8
INV8469,2025-04-18,Infosys Services,CUST-569,23353,12,2802.36,26155.36
INV8470,2025-04-19,Wipro Digital,CUST-570,23490,18,4228.2,27718.2
INV8471,2025-04-20,Adani Ports & SEZ,CUST-571,23627,28,6615.56,30242.56
INV8472,2025-04-21,Mahindra Spares,CUST-572,23764,5,1188.2,24952.2
INV8473,2025-04-22,Larsen Industrial,CUST-573,23901,12,2868.12,26769.12
INV8474,2025-04-23,Bajaj Electricals,CUST-574,24038,18,4326.84,28364.84
INV8475,2025-04-24,Godrej Agrovet,CUST-575,24175,28,6769,30944
INV8476,2025-04-25,Hindustan Traders,CUST-576,24312,5,1215.6,25527.6
INV8477,2025-04-26,Zomato Logistics,CUST-577,24449,12,2933.88,27382.88
INV8478,2025-04-27,Swiggy Kitchens,CUST-578,24586,18,4425.48,29011.48
INV8479,2025-04-28,Delhivery Express,CUST-579,24723,28,6922.44,31645.44
INV8480,2025-04-01,ABC Ltd,CUST-580,24860,5,1243,26103
INV8481,2025-04-02,XYZ Corp,CUST-581,24997,12,2999.64,27996.64
INV8482,2025-04-03,Global Mart,CUST-582,25134,18,4524.12,29658.12
INV8483,2025-04-04,Tech Solutions,CUST-583,25271,28,7075.88,32346.88
INV8484,2025-04-05,Office Hub,CUST-584,25408,5,1270.4,26678.4
INV8485,2025-04-06,Retail One,CUST-585,25545,12,3065.4,28610.4
INV8486,2025-04-07,Bharat Logistics,CUST-586,25682,18,4622.76,30304.76
INV8487,2025-04-08,Tata Enterprises,CUST-587,25819,28,7229.32,33048.32
INV8488,2025-04-09,Reliance Supply,CUST-588,25956,5,1297.8,27253.8
INV8489,2025-04-10,Infosys Services,CUST-589,26093,12,3131.16,29224.16
INV8490,2025-04-11,Wipro Digital,CUST-590,26230,18,4721.4,30951.4
INV8491,2025-04-12,Adani Ports & SEZ,CUST-591,26367,28,7382.76,33749.76
INV8492,2025-04-13,Mahindra Spares,CUST-592,26504,5,1325.2,27829.2
INV8493,2025-04-14,Larsen Industrial,CUST-593,26641,12,3196.92,29837.92
INV8494,2025-04-15,Bajaj Electricals,CUST-594,26778,18,4820.04,31598.04
INV8495,2025-04-16,Godrej Agrovet,CUST-595,26915,28,7536.2,34451.2
INV8496,2025-04-17,Hindustan Traders,CUST-596,27052,5,1352.6,28404.6
INV8497,2025-04-18,Zomato Logistics,CUST-597,27189,12,3262.68,30451.68
INV8498,2025-04-19,Swiggy Kitchens,CUST-598,27326,18,4918.68,32244.68
INV8499,2025-04-20,Delhivery Express,CUST-599,27463,28,7689.64,35152.64
INV8500,2025-04-21,ABC Ltd,CUST-600,27600,5,1380,28980
INV8501,2025-04-22,XYZ Corp,CUST-601,27737,12,3328.44,31065.44
INV8502,2025-04-23,Global Mart,CUST-602,27874,18,5017.32,32891.32
INV8503,2025-04-24,Tech Solutions,CUST-603,28011,28,7843.08,35854.08
INV8504,2025-04-25,Office Hub,CUST-604,28148,5,1407.4,29555.4
INV8505,2025-04-26,Retail One,CUST-605,28285,12,3394.2,31679.2
INV8506,2025-04-27,Bharat Logistics,CUST-606,28422,18,5115.96,33537.96
INV8507,2025-04-28,Tata Enterprises,CUST-607,28559,28,7996.52,36555.52
INV8508,2025-04-01,Reliance Supply,CUST-608,28696,5,1434.8,30130.8
INV8509,2025-04-02,Infosys Services,CUST-609,28833,12,3459.96,32292.96
INV8510,2025-04-03,Wipro Digital,CUST-610,28970,18,5214.6,34184.6
INV8511,2025-04-04,Adani Ports & SEZ,CUST-611,29107,28,8149.96,37256.96
INV8512,2025-04-05,Mahindra Spares,CUST-612,29244,5,1462.2,30706.2
INV8513,2025-04-06,Larsen Industrial,CUST-613,29381,12,3525.72,32906.72
INV8514,2025-04-07,Bajaj Electricals,CUST-614,29518,18,5313.24,34831.24
INV8515,2025-04-08,Godrej Agrovet,CUST-615,29655,28,8303.4,37958.4
INV8516,2025-04-09,Hindustan Traders,CUST-616,29792,5,1489.6,31281.6
INV8517,2025-04-10,Zomato Logistics,CUST-617,29929,12,3591.48,33520.48
INV8518,2025-04-11,Swiggy Kitchens,CUST-618,30066,18,5411.88,35477.88
INV8519,2025-04-12,Delhivery Express,CUST-619,30203,28,8456.84,38659.84
INV8520,2025-04-13,ABC Ltd,CUST-620,30340,5,1517,31857
INV8521,2025-04-14,XYZ Corp,CUST-621,30477,12,3657.24,34134.24
INV8522,2025-04-15,Global Mart,CUST-622,30614,18,5510.52,36124.52
INV8523,2025-04-16,Tech Solutions,CUST-623,30751,28,8610.28,39361.28
INV8524,2025-04-17,Office Hub,CUST-624,30888,5,1544.4,32432.4
INV8525,2025-04-18,Retail One,CUST-625,31025,12,3723,34748
INV8526,2025-04-19,Bharat Logistics,CUST-626,31162,18,5609.16,36771.16
INV8527,2025-04-20,Tata Enterprises,CUST-627,31299,28,8763.72,40062.72
INV8528,2025-04-21,Reliance Supply,CUST-628,31436,5,1571.8,33007.8
INV8529,2025-04-22,Infosys Services,CUST-629,31573,12,3788.76,35361.76
INV8530,2025-04-23,Wipro Digital,CUST-630,31710,18,5707.8,37417.8
INV8531,2025-04-24,Adani Ports & SEZ,CUST-631,31847,28,8917.16,40764.16
INV8532,2025-04-25,Mahindra Spares,CUST-632,31984,5,1599.2,33583.2
INV8533,2025-04-26,Larsen Industrial,CUST-633,32121,12,3854.52,35975.52
INV8534,2025-04-27,Bajaj Electricals,CUST-634,32258,18,5806.44,38064.44
INV8535,2025-04-28,Godrej Agrovet,CUST-635,32395,28,9070.6,41465.6
INV8536,2025-04-01,Hindustan Traders,CUST-636,32532,5,1626.6,34158.6
INV8537,2025-04-02,Zomato Logistics,CUST-637,32669,12,3920.28,36589.28
INV8538,2025-04-03,Swiggy Kitchens,CUST-638,32806,18,5905.08,38711.08
INV8539,2025-04-04,Delhivery Express,CUST-639,32943,28,9224.04,42167.04
INV8540,2025-04-05,ABC Ltd,CUST-640,33080,5,1654,34734
INV8541,2025-04-06,XYZ Corp,CUST-641,33217,12,3986.04,37203.04
INV8542,2025-04-07,Global Mart,CUST-642,33354,18,6003.72,39357.72
INV8543,2025-04-08,Tech Solutions,CUST-643,33491,28,9377.48,42868.48
INV8544,2025-04-09,Office Hub,CUST-644,33628,5,1681.4,35309.4
INV8545,2025-04-10,Retail One,CUST-645,33765,12,4051.8,37816.8
INV8546,2025-04-11,Bharat Logistics,CUST-646,33902,18,6102.36,40004.36
INV8547,2025-04-12,Tata Enterprises,CUST-647,34039,28,9530.92,43569.92
INV8548,2025-04-13,Reliance Supply,CUST-648,34176,5,1708.8,35884.8
INV8549,2025-04-14,Infosys Services,CUST-649,34313,12,4117.56,38430.56
INV8550,2025-04-15,Wipro Digital,CUST-650,34450,18,6201,40651
INV8551,2025-04-16,Adani Ports & SEZ,CUST-651,34587,28,9684.36,44271.36
INV8552,2025-04-17,Mahindra Spares,CUST-652,34724,5,1736.2,36460.2
INV8553,2025-04-18,Larsen Industrial,CUST-653,34861,12,4183.32,39044.32
INV8554,2025-04-19,Bajaj Electricals,CUST-654,34998,18,6299.64,41297.64
INV8555,2025-04-20,Godrej Agrovet,CUST-655,35135,28,9837.8,44972.8
INV8556,2025-04-21,Hindustan Traders,CUST-656,35272,5,1763.6,37035.6
INV8557,2025-04-22,Zomato Logistics,CUST-657,35409,12,4249.08,39658.08
INV8558,2025-04-23,Swiggy Kitchens,CUST-658,35546,18,6398.28,41944.28
INV8559,2025-04-24,Delhivery Express,CUST-659,35683,28,9991.24,45674.24
INV8560,2025-04-25,ABC Ltd,CUST-660,35820,5,1791,37611
INV8561,2025-04-26,XYZ Corp,CUST-661,35957,12,4314.84,40271.84
INV8562,2025-04-27,Global Mart,CUST-662,36094,18,6496.92,42590.92
INV8563,2025-04-28,Tech Solutions,CUST-663,36231,28,10144.68,46375.68
INV8564,2025-04-01,Office Hub,CUST-664,36368,5,1818.4,38186.4
INV8565,2025-04-02,Retail One,CUST-665,36505,12,4380.6,40885.6
INV8566,2025-04-03,Bharat Logistics,CUST-666,36642,18,6595.56,43237.56
INV8567,2025-04-04,Tata Enterprises,CUST-667,36779,28,10298.12,47077.12
INV8568,2025-04-05,Reliance Supply,CUST-668,36916,5,1845.8,38761.8
INV8569,2025-04-06,Infosys Services,CUST-669,37053,12,4446.36,41499.36
INV8570,2025-04-07,Wipro Digital,CUST-670,37190,18,6694.2,43884.2
INV8571,2025-04-08,Adani Ports & SEZ,CUST-671,37327,28,10451.56,47778.56
INV8572,2025-04-09,Mahindra Spares,CUST-672,37464,5,1873.2,39337.2
INV8573,2025-04-10,Larsen Industrial,CUST-673,37601,12,4512.12,42113.12
INV8574,2025-04-11,Bajaj Electricals,CUST-674,37738,18,6792.84,44530.84
INV8575,2025-04-12,Godrej Agrovet,CUST-675,37875,28,10605,48480
INV8576,2025-04-13,Hindustan Traders,CUST-676,38012,5,1900.6,39912.6
INV8577,2025-04-14,Zomato Logistics,CUST-677,38149,12,4577.88,42726.88
INV8578,2025-04-15,Swiggy Kitchens,CUST-678,38286,18,6891.48,45177.48
INV8579,2025-04-16,Delhivery Express,CUST-679,38423,28,10758.44,49181.44
INV8580,2025-04-17,ABC Ltd,CUST-680,38560,5,1928,40488
INV8581,2025-04-18,XYZ Corp,CUST-681,38697,12,4643.64,43340.64
INV8582,2025-04-19,Global Mart,CUST-682,38834,18,6990.12,45824.12
INV8583,2025-04-20,Tech Solutions,CUST-683,38971,28,10911.88,49882.88
INV8584,2025-04-21,Office Hub,CUST-684,39108,5,1955.4,41063.4
INV8585,2025-04-22,Retail One,CUST-685,39245,12,4709.4,43954.4
INV8586,2025-04-23,Bharat Logistics,CUST-686,39382,18,7088.76,46470.76
INV8587,2025-04-24,Tata Enterprises,CUST-687,39519,28,11065.32,50584.32
INV8588,2025-04-25,Reliance Supply,CUST-688,39656,5,1982.8,41638.8
INV8589,2025-04-26,Infosys Services,CUST-689,39793,12,4775.16,44568.16
INV8590,2025-04-27,Wipro Digital,CUST-690,39930,18,7187.4,47117.4
INV8591,2025-04-28,Adani Ports & SEZ,CUST-691,40067,28,11218.76,51285.76
INV8592,2025-04-01,Mahindra Spares,CUST-692,40204,5,2010.2,42214.2
INV8593,2025-04-02,Larsen Industrial,CUST-693,40341,12,4840.92,45181.92
INV8594,2025-04-03,Bajaj Electricals,CUST-694,40478,18,7286.04,47764.04
INV8595,2025-04-04,Godrej Agrovet,CUST-695,40615,28,11372.2,51987.2
INV8596,2025-04-05,Hindustan Traders,CUST-696,40752,5,2037.6,42789.6
INV8597,2025-04-06,Zomato Logistics,CUST-697,40889,12,4906.68,45795.68
INV8598,2025-04-07,Swiggy Kitchens,CUST-698,41026,18,7384.68,48410.68
INV8599,2025-04-08,Delhivery Express,CUST-699,41163,28,11525.64,52688.64
INV8600,2025-04-09,ABC Ltd,CUST-700,41300,5,2065,43365
INV8601,2025-04-10,XYZ Corp,CUST-701,41437,12,4972.44,46409.44
INV8602,2025-04-11,Global Mart,CUST-702,41574,18,7483.32,49057.32
INV8603,2025-04-12,Tech Solutions,CUST-703,41711,28,11679.08,53390.08
INV8604,2025-04-13,Office Hub,CUST-704,41848,5,2092.4,43940.4
INV8605,2025-04-14,Retail One,CUST-705,41985,12,5038.2,47023.2
INV8606,2025-04-15,Bharat Logistics,CUST-706,42122,18,7581.96,49703.96
INV8607,2025-04-16,Tata Enterprises,CUST-707,42259,28,11832.52,54091.52
INV8608,2025-04-17,Reliance Supply,CUST-708,42396,5,2119.8,44515.8
INV8609,2025-04-18,Infosys Services,CUST-709,42533,12,5103.96,47636.96
INV8610,2025-04-19,Wipro Digital,CUST-710,42670,18,7680.6,50350.6
INV8611,2025-04-20,Adani Ports & SEZ,CUST-711,42807,28,11985.96,54792.96
INV8612,2025-04-21,Mahindra Spares,CUST-712,42944,5,2147.2,45091.2
INV8613,2025-04-22,Larsen Industrial,CUST-713,43081,12,5169.72,48250.72
INV8614,2025-04-23,Bajaj Electricals,CUST-714,43218,18,7779.24,50997.24
INV8615,2025-04-24,Godrej Agrovet,CUST-715,43355,28,12139.4,55494.4
INV8616,2025-04-25,Hindustan Traders,CUST-716,43492,5,2174.6,45666.6
INV8617,2025-04-26,Zomato Logistics,CUST-717,43629,12,5235.48,48864.48
INV8618,2025-04-27,Swiggy Kitchens,CUST-718,43766,18,7877.88,51643.88
INV8619,2025-04-28,Delhivery Express,CUST-719,43903,28,12292.84,56195.84
INV8620,2025-04-01,ABC Ltd,CUST-720,44040,5,2202,46242
INV8621,2025-04-02,XYZ Corp,CUST-721,44177,12,5301.24,49478.24
INV8622,2025-04-03,Global Mart,CUST-722,44314,18,7976.52,52290.52
INV8623,2025-04-04,Tech Solutions,CUST-723,44451,28,12446.28,56897.28
INV8624,2025-04-05,Office Hub,CUST-724,44588,5,2229.4,46817.4
INV8625,2025-04-06,Retail One,CUST-725,44725,12,5367,50092
INV8626,2025-04-07,Bharat Logistics,CUST-726,44862,18,8075.16,52937.16
INV8627,2025-04-08,Tata Enterprises,CUST-727,44999,28,12599.72,57598.72
INV8628,2025-04-09,Reliance Supply,CUST-728,45136,5,2256.8,47392.8
INV8629,2025-04-10,Infosys Services,CUST-729,45273,12,5432.76,50705.76
INV8630,2025-04-11,Wipro Digital,CUST-730,45410,18,8173.8,53583.8
INV8631,2025-04-12,Adani Ports & SEZ,CUST-731,45547,28,12753.16,58300.16
INV8632,2025-04-13,Mahindra Spares,CUST-732,45684,5,2284.2,47968.2
INV8633,2025-04-14,Larsen Industrial,CUST-733,45821,12,5498.52,51319.52
INV8634,2025-04-15,Bajaj Electricals,CUST-734,45958,18,8272.44,54230.44
INV8635,2025-04-16,Godrej Agrovet,CUST-735,46095,28,12906.6,59001.6
INV8636,2025-04-17,Hindustan Traders,CUST-736,46232,5,2311.6,48543.6
INV8637,2025-04-18,Zomato Logistics,CUST-737,46369,12,5564.28,51933.28
INV8638,2025-04-19,Swiggy Kitchens,CUST-738,46506,18,8371.08,54877.08
INV8639,2025-04-20,Delhivery Express,CUST-739,46643,28,13060.04,59703.04
INV8640,2025-04-21,ABC Ltd,CUST-740,46780,5,2339,49119
INV8641,2025-04-22,XYZ Corp,CUST-741,46917,12,5630.04,52547.04
INV8642,2025-04-23,Global Mart,CUST-742,47054,18,8469.72,55523.72
INV8643,2025-04-24,Tech Solutions,CUST-743,47191,28,13213.48,60404.48
INV8644,2025-04-25,Office Hub,CUST-744,47328,5,2366.4,49694.4
INV8645,2025-04-26,Retail One,CUST-745,47465,12,5695.8,53160.8
INV8646,2025-04-27,Bharat Logistics,CUST-746,47602,18,8568.36,56170.36
INV8647,2025-04-28,Tata Enterprises,CUST-747,47739,28,13366.92,61105.92
INV8648,2025-04-01,Reliance Supply,CUST-748,47876,5,2393.8,50269.8
INV8649,2025-04-02,Infosys Services,CUST-749,48013,12,5761.56,53774.56
INV8650,2025-04-03,Wipro Digital,CUST-750,48150,18,8667,56817
INV8651,2025-04-04,Adani Ports & SEZ,CUST-751,48287,28,13520.36,61807.36
INV8652,2025-04-05,Mahindra Spares,CUST-752,48424,5,2421.2,50845.2
INV8653,2025-04-06,Larsen Industrial,CUST-753,48561,12,5827.32,54388.32
INV8654,2025-04-07,Bajaj Electricals,CUST-754,48698,18,8765.64,57463.64
INV8655,2025-04-08,Godrej Agrovet,CUST-755,48835,28,13673.8,62508.8
INV8656,2025-04-09,Hindustan Traders,CUST-756,48972,5,2448.6,51420.6
INV8657,2025-04-10,Zomato Logistics,CUST-757,49109,12,5893.08,55002.08
INV8658,2025-04-11,Swiggy Kitchens,CUST-758,49246,18,8864.28,58110.28
INV8659,2025-04-12,Delhivery Express,CUST-759,49383,28,13827.24,63210.24
INV8660,2025-04-13,ABC Ltd,CUST-760,49520,5,2476,51996
INV8661,2025-04-14,XYZ Corp,CUST-761,49657,12,5958.84,55615.84
INV8662,2025-04-15,Global Mart,CUST-762,49794,18,8962.92,58756.92
INV8663,2025-04-16,Tech Solutions,CUST-763,49931,28,13980.68,63911.68
INV8664,2025-04-17,Office Hub,CUST-764,50068,5,2503.4,52571.4
INV8665,2025-04-18,Retail One,CUST-765,50205,12,6024.6,56229.6
INV8666,2025-04-19,Bharat Logistics,CUST-766,50342,18,9061.56,59403.56
INV8667,2025-04-20,Tata Enterprises,CUST-767,50479,28,14134.12,64613.12
INV8668,2025-04-21,Reliance Supply,CUST-768,50616,5,2530.8,53146.8
INV8669,2025-04-22,Infosys Services,CUST-769,50753,12,6090.36,56843.36
INV8670,2025-04-23,Wipro Digital,CUST-770,50890,18,9160.2,60050.2
INV8671,2025-04-24,Adani Ports & SEZ,CUST-771,51027,28,14287.56,65314.56
INV8672,2025-04-25,Mahindra Spares,CUST-772,51164,5,2558.2,53722.2
INV8673,2025-04-26,Larsen Industrial,CUST-773,51301,12,6156.12,57457.12
INV8674,2025-04-27,Bajaj Electricals,CUST-774,51438,18,9258.84,60696.84
INV8675,2025-04-28,Godrej Agrovet,CUST-775,51575,28,14441,66016
INV8676,2025-04-01,Hindustan Traders,CUST-776,51712,5,2585.6,54297.6
INV8677,2025-04-02,Zomato Logistics,CUST-777,51849,12,6221.88,58070.88
INV8678,2025-04-03,Swiggy Kitchens,CUST-778,51986,18,9357.48,61343.48
INV8679,2025-04-04,Delhivery Express,CUST-779,52123,28,14594.44,66717.44
INV8680,2025-04-05,ABC Ltd,CUST-780,52260,5,2613,54873
INV8681,2025-04-06,XYZ Corp,CUST-781,52397,12,6287.64,58684.64
INV8682,2025-04-07,Global Mart,CUST-782,52534,18,9456.12,61990.12
INV8683,2025-04-08,Tech Solutions,CUST-783,52671,28,14747.88,67418.88
INV8684,2025-04-09,Office Hub,CUST-784,52808,5,2640.4,55448.4
INV8685,2025-04-10,Retail One,CUST-785,52945,12,6353.4,59298.4
INV8686,2025-04-11,Bharat Logistics,CUST-786,53082,18,9554.76,62636.76
INV8687,2025-04-12,Tata Enterprises,CUST-787,53219,28,14901.32,68120.32
INV8688,2025-04-13,Reliance Supply,CUST-788,53356,5,2667.8,56023.8
INV8689,2025-04-14,Infosys Services,CUST-789,53493,12,6419.16,59912.16
INV8690,2025-04-15,Wipro Digital,CUST-790,53630,18,9653.4,63283.4
INV8691,2025-04-16,Adani Ports & SEZ,CUST-791,53767,28,15054.76,68821.76
INV8692,2025-04-17,Mahindra Spares,CUST-792,53904,5,2695.2,56599.2
INV8693,2025-04-18,Larsen Industrial,CUST-793,54041,12,6484.92,60525.92
INV8694,2025-04-19,Bajaj Electricals,CUST-794,54178,18,9752.04,63930.04
INV8695,2025-04-20,Godrej Agrovet,CUST-795,54315,28,15208.2,69523.2
INV8696,2025-04-21,Hindustan Traders,CUST-796,54452,5,2722.6,57174.6
INV8697,2025-04-22,Zomato Logistics,CUST-797,54589,12,6550.68,61139.68
INV8698,2025-04-23,Swiggy Kitchens,CUST-798,54726,18,9850.68,64576.68
INV8699,2025-04-24,Delhivery Express,CUST-799,54863,28,15361.64,70224.64
INV8700,2025-04-25,ABC Ltd,CUST-800,850000,5,42500,892500
INV8701,2025-04-26,XYZ Corp,CUST-801,55137,12,6616.44,61753.44
INV8702,2025-04-27,Global Mart,CUST-802,55274,18,9949.32,65223.32
INV8703,2025-04-28,Tech Solutions,CUST-803,55411,28,15515.08,70926.08
INV8704,2025-04-01,Office Hub,CUST-804,55548,5,2777.4,58325.4
INV8705,2025-04-02,Retail One,CUST-805,55685,12,6682.2,62367.2
INV8706,2025-04-03,Bharat Logistics,CUST-806,55822,18,10047.96,65869.96
INV8707,2025-04-04,Tata Enterprises,CUST-807,55959,28,15668.52,71627.52
INV8708,2025-04-05,Reliance Supply,CUST-808,56096,5,2804.8,58900.8
INV8709,2025-04-06,Infosys Services,CUST-809,56233,12,6747.96,62980.96
INV8710,2025-04-07,Wipro Digital,CUST-810,56370,18,10146.6,66516.6
INV8711,2025-04-08,Adani Ports & SEZ,CUST-811,56507,28,15821.96,72328.96
INV8712,2025-04-09,Mahindra Spares,CUST-812,56644,5,2832.2,59476.2
INV8713,2025-04-10,Larsen Industrial,CUST-813,56781,12,6813.72,63594.72
INV8714,2025-04-11,Bajaj Electricals,CUST-814,56918,18,10245.24,67163.24
INV8715,2025-04-12,Godrej Agrovet,CUST-815,57055,28,15975.4,73030.4
INV8716,2025-04-13,Hindustan Traders,CUST-816,57192,5,2859.6,60051.6
INV8717,2025-04-14,Zomato Logistics,CUST-817,57329,12,6879.48,64208.48
INV8718,2025-04-15,Swiggy Kitchens,CUST-818,57466,18,10343.88,67809.88
INV8719,2025-04-16,Delhivery Express,CUST-819,57603,28,16128.84,73731.84
INV8720,2025-04-17,ABC Ltd,CUST-820,57740,5,2887,60627
INV8721,2025-04-18,XYZ Corp,CUST-821,57877,12,6945.24,64822.24
INV8722,2025-04-19,Global Mart,CUST-822,58014,18,10442.52,68456.52
INV8723,2025-04-20,Tech Solutions,CUST-823,58151,28,16282.28,74433.28
INV8724,2025-04-21,Office Hub,CUST-824,58288,5,2914.4,61202.4
INV8725,2025-04-22,Retail One,CUST-825,58425,12,7011,65436
INV8726,2025-04-23,Bharat Logistics,CUST-826,58562,18,10541.16,69103.16
INV8727,2025-04-24,Tata Enterprises,CUST-827,58699,28,16435.72,75134.72
INV8728,2025-04-25,Reliance Supply,CUST-828,58836,5,2941.8,61777.8
INV8729,2025-04-26,Infosys Services,CUST-829,58973,12,7076.76,66049.76
INV8730,2025-04-27,Wipro Digital,CUST-830,59110,18,10639.8,69749.8
INV8731,2025-04-28,Adani Ports & SEZ,CUST-831,59247,28,16589.16,75836.16
INV8732,2025-04-01,Mahindra Spares,CUST-832,59384,5,2969.2,62353.2
INV8733,2025-04-02,Larsen Industrial,CUST-833,59521,12,7142.52,66663.52
INV8734,2025-04-03,Bajaj Electricals,CUST-834,59658,18,10738.44,70396.44
INV8735,2025-04-04,Godrej Agrovet,CUST-835,59795,28,16742.6,76537.6
INV8736,2025-04-05,Hindustan Traders,CUST-836,59932,5,2996.6,62928.6
INV8737,2025-04-06,Zomato Logistics,CUST-837,60069,12,7208.28,67277.28
INV8738,2025-04-07,Swiggy Kitchens,CUST-838,60206,18,10837.08,71043.08
INV8739,2025-04-08,Delhivery Express,CUST-839,60343,28,16896.04,77239.04
INV8740,2025-04-09,ABC Ltd,CUST-840,60480,5,3024,63504
INV8741,2025-04-10,XYZ Corp,CUST-841,60617,12,7274.04,67891.04
INV8742,2025-04-11,Global Mart,CUST-842,60754,18,10935.72,71689.72
INV8743,2025-04-12,Tech Solutions,CUST-843,60891,28,17049.48,77940.48
INV8744,2025-04-13,Office Hub,CUST-844,61028,5,3051.4,64079.4
INV8745,2025-04-14,Retail One,CUST-845,61165,12,7339.8,68504.8
INV8746,2025-04-15,Bharat Logistics,CUST-846,61302,18,11034.36,72336.36
INV8747,2025-04-16,Tata Enterprises,CUST-847,61439,28,17202.92,78641.92
INV8748,2025-04-17,Reliance Supply,CUST-848,61576,5,3078.8,64654.8
INV8749,2025-04-18,Infosys Services,CUST-849,61713,12,7405.56,69118.56
INV8750,2025-04-19,Wipro Digital,CUST-850,61850,18,11133,72983
INV8751,2025-04-20,Adani Ports & SEZ,CUST-851,61987,28,17356.36,79343.36
INV8752,2025-04-21,Mahindra Spares,CUST-852,62124,5,3106.2,65230.2
INV8753,2025-04-22,Larsen Industrial,CUST-853,62261,12,7471.32,69732.32
INV8754,2025-04-23,Bajaj Electricals,CUST-854,62398,18,11231.64,73629.64
INV8755,2025-04-24,Godrej Agrovet,CUST-855,62535,28,17509.8,80044.8
INV8756,2025-04-25,Hindustan Traders,CUST-856,62672,5,3133.6,65805.6
INV8757,2025-04-26,Zomato Logistics,CUST-857,62809,12,7537.08,70346.08
INV8758,2025-04-27,Swiggy Kitchens,CUST-858,62946,18,11330.28,74276.28
INV8759,2025-04-28,Delhivery Express,CUST-859,63083,28,17663.24,80746.24
INV8760,2025-04-01,ABC Ltd,CUST-860,63220,5,3161,66381
INV8761,2025-04-02,XYZ Corp,CUST-861,63357,12,7602.84,70959.84
INV8762,2025-04-03,Global Mart,CUST-862,63494,18,11428.92,74922.92
INV8763,2025-04-04,Tech Solutions,CUST-863,63631,28,17816.68,81447.68
INV8764,2025-04-05,Office Hub,CUST-864,63768,5,3188.4,66956.4
INV8765,2025-04-06,Retail One,CUST-865,63905,12,7668.6,71573.6
INV8766,2025-04-07,Bharat Logistics,CUST-866,64042,18,11527.56,75569.56
INV8767,2025-04-08,Tata Enterprises,CUST-867,64179,28,17970.12,82149.12
INV8768,2025-04-09,Reliance Supply,CUST-868,64316,5,3215.8,67531.8
INV8769,2025-04-10,Infosys Services,CUST-869,64453,12,7734.36,72187.36
INV8770,2025-04-11,Wipro Digital,CUST-870,64590,18,11626.2,76216.2
INV8771,2025-04-12,Adani Ports & SEZ,CUST-871,64727,28,18123.56,82850.56
INV8772,2025-04-13,Mahindra Spares,CUST-872,64864,5,3243.2,68107.2
INV8773,2025-04-14,Larsen Industrial,CUST-873,65001,12,7800.12,72801.12
INV8774,2025-04-15,Bajaj Electricals,CUST-874,65138,18,11724.84,76862.84
INV8775,2025-04-16,Godrej Agrovet,CUST-875,65275,28,18277,83552
INV8776,2025-04-17,Hindustan Traders,CUST-876,65412,5,3270.6,68682.6
INV8777,2025-04-18,Zomato Logistics,CUST-877,65549,12,7865.88,73414.88
INV8778,2025-04-19,Swiggy Kitchens,CUST-878,65686,18,11823.48,77509.48
INV8779,2025-04-20,Delhivery Express,CUST-879,65823,28,18430.44,84253.44
INV8780,2025-04-21,ABC Ltd,CUST-880,65960,5,3298,69258
INV8781,2025-04-22,XYZ Corp,CUST-881,66097,12,7931.64,74028.64
INV8782,2025-04-23,Global Mart,CUST-882,66234,18,11922.12,78156.12
INV8783,2025-04-24,Tech Solutions,CUST-883,66371,28,18583.88,84954.88
INV8784,2025-04-25,Office Hub,CUST-884,66508,5,3325.4,69833.4
INV8785,2025-04-26,Retail One,CUST-885,66645,12,7997.4,74642.4
INV8786,2025-04-27,Bharat Logistics,CUST-886,66782,18,12020.76,78802.76
INV8787,2025-04-28,Tata Enterprises,CUST-887,66919,28,18737.32,85656.32
INV8788,2025-04-01,Reliance Supply,CUST-888,67056,5,3352.8,70408.8
INV8789,2025-04-02,Infosys Services,CUST-889,67193,12,8063.16,75256.16
INV8790,2025-04-03,Wipro Digital,CUST-890,67330,18,12119.4,79449.4
INV8791,2025-04-04,Adani Ports & SEZ,CUST-891,67467,28,18890.76,86357.76
INV8792,2025-04-05,Mahindra Spares,CUST-892,67604,5,3380.2,70984.2
INV8793,2025-04-06,Larsen Industrial,CUST-893,67741,12,8128.92,75869.92
INV8794,2025-04-07,Bajaj Electricals,CUST-894,67878,18,12218.04,80096.04
INV8795,2025-04-08,Godrej Agrovet,CUST-895,68015,28,19044.2,87059.2
INV8796,2025-04-09,Hindustan Traders,CUST-896,68152,5,3407.6,71559.6
INV8797,2025-04-10,Zomato Logistics,CUST-897,68289,12,8194.68,76483.68
INV8798,2025-04-11,Swiggy Kitchens,CUST-898,68426,18,12316.68,80742.68
INV8799,2025-04-12,Delhivery Express,CUST-899,68563,28,19197.64,87760.64
INV8800,2025-04-13,ABC Ltd,CUST-900,68700,5,3435,72135
INV8801,2025-04-14,XYZ Corp,CUST-901,68837,12,8260.44,77097.44
INV8802,2025-04-15,Global Mart,CUST-902,68974,18,12415.32,81389.32
INV8803,2025-04-16,Tech Solutions,CUST-903,69111,28,19351.08,88462.08
INV8804,2025-04-17,Office Hub,CUST-904,69248,5,3462.4,72710.4
INV8805,2025-04-18,Retail One,CUST-905,69385,12,8326.2,77711.2
INV8806,2025-04-19,Bharat Logistics,CUST-906,69522,18,12513.96,82035.96
INV8807,2025-04-20,Tata Enterprises,CUST-907,69659,28,19504.52,89163.52
INV8808,2025-04-21,Reliance Supply,CUST-908,69796,5,3489.8,73285.8
INV8809,2025-04-22,Infosys Services,CUST-909,69933,12,8391.96,78324.96
INV8810,2025-04-23,Wipro Digital,CUST-910,70070,18,12612.6,82682.6
INV8811,2025-04-24,Adani Ports & SEZ,CUST-911,70207,28,19657.96,89864.96
INV8812,2025-04-25,Mahindra Spares,CUST-912,70344,5,3517.2,73861.2
INV8813,2025-04-26,Larsen Industrial,CUST-913,70481,12,8457.72,78938.72
INV8814,2025-04-27,Bajaj Electricals,CUST-914,70618,18,12711.24,83329.24
INV8815,2025-04-28,Godrej Agrovet,CUST-915,70755,28,19811.4,90566.4
INV8816,2025-04-01,Hindustan Traders,CUST-916,70892,5,3544.6,74436.6
INV8817,2025-04-02,Zomato Logistics,CUST-917,71029,12,8523.48,79552.48
INV8818,2025-04-03,Swiggy Kitchens,CUST-918,71166,18,12809.88,83975.88
INV8819,2025-04-04,Delhivery Express,CUST-919,71303,28,19964.84,91267.84
INV8820,2025-04-05,ABC Ltd,CUST-920,71440,5,3572,75012
INV8821,2025-04-06,XYZ Corp,CUST-921,71577,12,8589.24,80166.24
INV8822,2025-04-07,Global Mart,CUST-922,71714,18,12908.52,84622.52
INV8823,2025-04-08,Tech Solutions,CUST-923,71851,28,20118.28,91969.28
INV8824,2025-04-09,Office Hub,CUST-924,71988,5,3599.4,75587.4
INV8825,2025-04-10,Retail One,CUST-925,72125,12,8655,80780
INV8826,2025-04-11,Bharat Logistics,CUST-926,72262,18,13007.16,85269.16
INV8827,2025-04-12,Tata Enterprises,CUST-927,72399,28,20271.72,92670.72
INV8828,2025-04-13,Reliance Supply,CUST-928,72536,5,3626.8,76162.8
INV8829,2025-04-14,Infosys Services,CUST-929,72673,12,8720.76,81393.76
INV8830,2025-04-15,Wipro Digital,CUST-930,72810,18,13105.8,85915.8
INV8831,2025-04-16,Adani Ports & SEZ,CUST-931,72947,28,20425.16,93372.16
INV8832,2025-04-17,Mahindra Spares,CUST-932,73084,5,3654.2,76738.2
INV8833,2025-04-18,Larsen Industrial,CUST-933,73221,12,8786.52,82007.52
INV8834,2025-04-19,Bajaj Electricals,CUST-934,73358,18,13204.44,86562.44
INV8835,2025-04-20,Godrej Agrovet,CUST-935,73495,28,20578.6,94073.6
INV8836,2025-04-21,Hindustan Traders,CUST-936,73632,5,3681.6,77313.6
INV8837,2025-04-22,Zomato Logistics,CUST-937,73769,12,8852.28,82621.28
INV8838,2025-04-23,Swiggy Kitchens,CUST-938,73906,18,13303.08,87209.08
INV8839,2025-04-24,Delhivery Express,CUST-939,74043,28,20732.04,94775.04
INV8840,2025-04-25,ABC Ltd,CUST-940,74180,5,3709,77889
INV8841,2025-04-26,XYZ Corp,CUST-941,74317,12,8918.04,83235.04
INV8842,2025-04-27,Global Mart,CUST-942,74454,18,13401.72,87855.72
INV8843,2025-04-28,Tech Solutions,CUST-943,74591,28,20885.48,95476.48
INV8844,2025-04-01,Office Hub,CUST-944,74728,5,3736.4,78464.4
INV8845,2025-04-02,Retail One,CUST-945,74865,12,8983.8,83848.8
INV8846,2025-04-03,Bharat Logistics,CUST-946,75002,18,13500.36,88502.36
INV8847,2025-04-04,Tata Enterprises,CUST-947,75139,28,21038.92,96177.92
INV8848,2025-04-05,Reliance Supply,CUST-948,75276,5,3763.8,79039.8
INV8849,2025-04-06,Infosys Services,CUST-949,75413,12,9049.56,84462.56
INV8850,2025-04-07,Wipro Digital,CUST-100,75550,18,13599,89149
INV8851,2025-04-08,Adani Ports & SEZ,CUST-101,75687,28,21192.36,96879.36
INV8852,2025-04-09,Mahindra Spares,CUST-102,75824,5,3791.2,79615.2
INV8853,2025-04-10,Larsen Industrial,CUST-103,75961,12,9115.32,85076.32
INV8854,2025-04-11,Bajaj Electricals,CUST-104,76098,18,13697.64,89795.64
INV8855,2025-04-12,Godrej Agrovet,CUST-105,76235,28,21345.8,97580.8
INV8856,2025-04-13,Hindustan Traders,CUST-106,76372,5,3818.6,80190.6
INV8857,2025-04-14,Zomato Logistics,CUST-107,76509,12,9181.08,85690.08
INV8858,2025-04-15,Swiggy Kitchens,CUST-108,76646,18,13796.28,90442.28
INV8859,2025-04-16,Delhivery Express,CUST-109,76783,28,21499.24,98282.24
INV8860,2025-04-17,ABC Ltd,CUST-110,76920,5,3846,80766
INV8861,2025-04-18,XYZ Corp,CUST-111,77057,12,9246.84,86303.84
INV8862,2025-04-19,Global Mart,CUST-112,77194,18,13894.92,91088.92
INV8863,2025-04-20,Tech Solutions,CUST-113,77331,28,21652.68,98983.68
INV8864,2025-04-21,Office Hub,CUST-114,77468,5,3873.4,81341.4
INV8865,2025-04-22,Retail One,CUST-115,2605,12,312.6,2917.6
INV8866,2025-04-23,Bharat Logistics,CUST-116,2742,18,493.56,3235.56
INV8867,2025-04-24,Tata Enterprises,CUST-117,2879,28,806.12,3685.12
INV8868,2025-04-25,Reliance Supply,CUST-118,3016,5,150.8,3166.8
INV8869,2025-04-26,Infosys Services,CUST-119,3153,12,378.36,3531.36
INV8870,2025-04-27,Wipro Digital,CUST-120,3290,18,592.2,3882.2
INV8871,2025-04-28,Adani Ports & SEZ,CUST-121,3427,28,959.56,4386.56
INV8872,2025-04-01,Mahindra Spares,CUST-122,3564,5,178.2,3742.2
INV8873,2025-04-02,Larsen Industrial,CUST-123,3701,12,444.12,4145.12
INV8874,2025-04-03,Bajaj Electricals,CUST-124,3838,18,690.84,4528.84
INV8875,2025-04-04,Godrej Agrovet,CUST-125,3975,28,1113,5088
INV8876,2025-04-05,Hindustan Traders,CUST-126,4112,5,205.6,4317.6
INV8877,2025-04-06,Zomato Logistics,CUST-127,4249,12,509.88,4758.88
INV8878,2025-04-07,Swiggy Kitchens,CUST-128,4386,18,789.48,5175.48
INV8879,2025-04-08,Delhivery Express,CUST-129,4523,28,1266.44,5789.44
INV8880,2025-04-09,ABC Ltd,CUST-130,4660,5,233,4893
INV8881,2025-04-10,XYZ Corp,CUST-131,4797,12,575.64,5372.64
INV8882,2025-04-11,Global Mart,CUST-132,4934,18,888.12,5822.12
INV8883,2025-04-12,Tech Solutions,CUST-133,5071,28,1419.88,6490.88
INV8884,2025-04-13,Office Hub,CUST-134,5208,5,260.4,5468.4
INV8885,2025-04-14,Retail One,CUST-135,5345,12,641.4,5986.4
INV8886,2025-04-15,Bharat Logistics,CUST-136,5482,18,986.76,6468.76
INV8887,2025-04-16,Tata Enterprises,CUST-137,5619,28,1573.32,7192.32
INV8888,2025-04-17,Reliance Supply,CUST-138,5756,5,287.8,6043.8
INV8889,2025-04-18,Infosys Services,CUST-139,5893,12,707.16,6600.16
INV8890,2025-04-19,Wipro Digital,CUST-140,6030,18,1085.4,7115.4
INV8891,2025-04-20,Adani Ports & SEZ,CUST-141,6167,28,1726.76,7893.76
INV8892,2025-04-21,Mahindra Spares,CUST-142,6304,5,315.2,6619.2
INV8893,2025-04-22,Larsen Industrial,CUST-143,6441,12,772.92,7213.92
INV8894,2025-04-23,Bajaj Electricals,CUST-144,6578,18,1184.04,7762.04
INV8895,2025-04-24,Godrej Agrovet,CUST-145,6715,28,1880.2,8595.2
INV8896,2025-04-25,Hindustan Traders,CUST-146,6852,5,342.6,7194.6
INV8897,2025-04-26,Zomato Logistics,CUST-147,6989,12,838.68,7827.68
INV8898,2025-04-27,Swiggy Kitchens,CUST-148,7126,18,1282.68,8408.68
INV8899,2025-04-28,Delhivery Express,CUST-149,7263,28,2033.64,9296.64
INV8900,2025-04-01,ABC Ltd,CUST-150,7400,5,370,7770
INV8901,2025-04-02,XYZ Corp,CUST-151,7537,12,904.44,8441.44
INV8902,2025-04-03,Global Mart,CUST-152,7674,18,1381.32,9055.32
INV8903,2025-04-04,Tech Solutions,CUST-153,7811,28,2187.08,9998.08
INV8904,2025-04-05,Office Hub,CUST-154,7948,5,397.4,8345.4
INV8905,2025-04-06,Retail One,CUST-155,8085,12,970.2,9055.2
INV8906,2025-04-07,Bharat Logistics,CUST-156,8222,18,1479.96,9701.96
INV8907,2025-04-08,Tata Enterprises,CUST-157,8359,28,2340.52,10699.52
INV8908,2025-04-09,Reliance Supply,CUST-158,8496,5,424.8,8920.8
INV8909,2025-04-10,Infosys Services,CUST-159,8633,12,1035.96,9668.96
INV8910,2025-04-11,Wipro Digital,CUST-160,8770,18,1578.6,10348.6
INV8911,2025-04-12,Adani Ports & SEZ,CUST-161,8907,28,2493.96,11400.96
INV8912,2025-04-13,Mahindra Spares,CUST-162,9044,5,452.2,9496.2
INV8913,2025-04-14,Larsen Industrial,CUST-163,9181,12,1101.72,10282.72
INV8914,2025-04-15,Bajaj Electricals,CUST-164,9318,18,1677.24,10995.24
INV8915,2025-04-16,Godrej Agrovet,CUST-165,9455,28,2647.4,12102.4
INV8916,2025-04-17,Hindustan Traders,CUST-166,9592,5,479.6,10071.6
INV8917,2025-04-18,Zomato Logistics,CUST-167,9729,12,1167.48,10896.48
INV8918,2025-04-19,Swiggy Kitchens,CUST-168,9866,18,1775.88,11641.88
INV8919,2025-04-20,Delhivery Express,CUST-169,10003,28,2800.84,12803.84
INV8920,2025-04-21,ABC Ltd,CUST-170,10140,5,507,10647
INV8921,2025-04-22,XYZ Corp,CUST-171,10277,12,1233.24,11510.24
INV8922,2025-04-23,Global Mart,CUST-172,10414,18,1874.52,12288.52
INV8923,2025-04-24,Tech Solutions,CUST-173,10551,28,2954.28,13505.28
INV8924,2025-04-25,Office Hub,CUST-174,10688,5,534.4,11222.4
INV8925,2025-04-26,Retail One,CUST-175,10825,12,1299,12124
INV8926,2025-04-27,Bharat Logistics,CUST-176,10962,18,1973.16,12935.16
INV8927,2025-04-28,Tata Enterprises,CUST-177,11099,28,3107.72,14206.72
INV8928,2025-04-01,Reliance Supply,CUST-178,11236,5,561.8,11797.8
INV8929,2025-04-02,Infosys Services,CUST-179,11373,12,1364.76,12737.76
INV8930,2025-04-03,Wipro Digital,CUST-180,11510,18,2071.8,13581.8
INV8931,2025-04-04,Adani Ports & SEZ,CUST-181,11647,28,3261.16,14908.16
INV8932,2025-04-05,Mahindra Spares,CUST-182,11784,5,589.2,12373.2
INV8933,2025-04-06,Larsen Industrial,CUST-183,11921,12,1430.52,13351.52
INV8934,2025-04-07,Bajaj Electricals,CUST-184,12058,18,2170.44,14228.44
INV8935,2025-04-08,Godrej Agrovet,CUST-185,12195,28,3414.6,15609.6
INV8936,2025-04-09,Hindustan Traders,CUST-186,12332,5,616.6,12948.6
INV8937,2025-04-10,Zomato Logistics,CUST-187,12469,12,1496.28,13965.28
INV8938,2025-04-11,Swiggy Kitchens,CUST-188,12606,18,2269.08,14875.08
INV8939,2025-04-12,Delhivery Express,CUST-189,12743,28,3568.04,16311.04
INV8940,2025-04-13,ABC Ltd,CUST-190,12880,5,644,13524
INV8941,2025-04-14,XYZ Corp,CUST-191,13017,12,1562.04,14579.04
INV8942,2025-04-15,Global Mart,CUST-192,13154,18,2367.72,15521.72
INV8943,2025-04-16,Tech Solutions,CUST-193,13291,28,3721.48,17012.48
INV8944,2025-04-17,Office Hub,CUST-194,13428,5,671.4,14099.4
INV8945,2025-04-18,Retail One,CUST-195,13565,12,1627.8,15192.8
INV8946,2025-04-19,Bharat Logistics,CUST-196,13702,18,2466.36,16168.36
INV8947,2025-04-20,Tata Enterprises,CUST-197,13839,28,3874.92,17713.92
INV8948,2025-04-21,Reliance Supply,CUST-198,13976,5,698.8,14674.8
INV8949,2025-04-22,Infosys Services,CUST-199,14113,12,1693.56,15806.56
INV8950,2025-04-23,Wipro Digital,CUST-200,1050000,18,189000,1239000
INV8951,2025-04-24,Adani Ports & SEZ,CUST-201,14387,28,4028.36,18415.36
INV8952,2025-04-25,Mahindra Spares,CUST-202,14524,5,726.2,15250.2
INV8953,2025-04-26,Larsen Industrial,CUST-203,14661,12,1759.32,16420.32
INV8954,2025-04-27,Bajaj Electricals,CUST-204,14798,18,2663.64,17461.64
INV8955,2025-04-28,Godrej Agrovet,CUST-205,14935,28,4181.8,19116.8
INV8956,2025-04-01,Hindustan Traders,CUST-206,15072,5,753.6,15825.6
INV8957,2025-04-02,Zomato Logistics,CUST-207,15209,12,1825.08,17034.08
INV8958,2025-04-03,Swiggy Kitchens,CUST-208,15346,18,2762.28,18108.28
INV8959,2025-04-04,Delhivery Express,CUST-209,15483,28,4335.24,19818.24
INV8960,2025-04-05,ABC Ltd,CUST-210,15620,5,781,16401
INV8961,2025-04-06,XYZ Corp,CUST-211,15757,12,1890.84,17647.84
INV8962,2025-04-07,Global Mart,CUST-212,15894,18,2860.92,18754.92
INV8963,2025-04-08,Tech Solutions,CUST-213,16031,28,4488.68,20519.68
INV8964,2025-04-09,Office Hub,CUST-214,16168,5,808.4,16976.4
INV8965,2025-04-10,Retail One,CUST-215,16305,12,1956.6,18261.6
INV8966,2025-04-11,Bharat Logistics,CUST-216,16442,18,2959.56,19401.56
INV8967,2025-04-12,Tata Enterprises,CUST-217,16579,28,4642.12,21221.12
INV8968,2025-04-13,Reliance Supply,CUST-218,16716,5,835.8,17551.8
INV8969,2025-04-14,Infosys Services,CUST-219,16853,12,2022.36,18875.36
INV8970,2025-04-15,Wipro Digital,CUST-220,16990,18,3058.2,20048.2
INV8971,2025-04-16,Adani Ports & SEZ,CUST-221,17127,28,4795.56,21922.56
INV8972,2025-04-17,Mahindra Spares,CUST-222,17264,5,863.2,18127.2
INV8973,2025-04-18,Larsen Industrial,CUST-223,17401,12,2088.12,19489.12
INV8974,2025-04-19,Bajaj Electricals,CUST-224,17538,18,3156.84,20694.84
INV8975,2025-04-20,Godrej Agrovet,CUST-225,17675,28,4949,22624
INV8976,2025-04-21,Hindustan Traders,CUST-226,17812,5,890.6,18702.6
INV8977,2025-04-22,Zomato Logistics,CUST-227,17949,12,2153.88,20102.88
INV8978,2025-04-23,Swiggy Kitchens,CUST-228,18086,18,3255.48,21341.48
INV8979,2025-04-24,Delhivery Express,CUST-229,18223,28,5102.44,23325.44
INV8980,2025-04-25,ABC Ltd,CUST-230,18360,5,918,19278
INV8981,2025-04-26,XYZ Corp,CUST-231,18497,12,2219.64,20716.64
INV8982,2025-04-27,Global Mart,CUST-232,18634,18,3354.12,21988.12
INV8983,2025-04-28,Tech Solutions,CUST-233,18771,28,5255.88,24026.88
INV8984,2025-04-01,Office Hub,CUST-234,18908,5,945.4,19853.4
INV8985,2025-04-02,Retail One,CUST-235,19045,12,2285.4,21330.4
INV8986,2025-04-03,Bharat Logistics,CUST-236,19182,18,3452.76,22634.76
INV8987,2025-04-04,Tata Enterprises,CUST-237,19319,28,5409.32,24728.32
INV8988,2025-04-05,Reliance Supply,CUST-238,19456,5,972.8,20428.8
INV8989,2025-04-06,Infosys Services,CUST-239,19593,12,2351.16,21944.16
INV8990,2025-04-07,Wipro Digital,CUST-240,19730,18,3551.4,23281.4
INV8991,2025-04-08,Adani Ports & SEZ,CUST-241,19867,28,5562.76,25429.76
INV8992,2025-04-09,Mahindra Spares,CUST-242,20004,5,1000.2,21004.2
INV8993,2025-04-10,Larsen Industrial,CUST-243,20141,12,2416.92,22557.92
INV8994,2025-04-11,Bajaj Electricals,CUST-244,20278,18,3650.04,23928.04
INV8995,2025-04-12,Godrej Agrovet,CUST-245,20415,28,5716.2,26131.2
INV8996,2025-04-13,Hindustan Traders,CUST-246,20552,5,1027.6,21579.6
INV8997,2025-04-14,Zomato Logistics,CUST-247,20689,12,2482.68,23171.68
INV8998,2025-04-15,Swiggy Kitchens,CUST-248,20826,18,3748.68,24574.68
INV8999,2025-04-16,Delhivery Express,CUST-249,20963,28,5869.64,26832.64
INV9000,2025-04-17,ABC Ltd,CUST-250,21100,5,1055,22155
INV9001,2025-04-18,XYZ Corp,CUST-251,21237,12,2548.44,23785.44
INV9002,2025-04-19,Global Mart,CUST-252,21374,18,3847.32,25221.32
INV9003,2025-04-20,Tech Solutions,CUST-253,21511,28,6023.08,27534.08
INV9004,2025-04-21,Office Hub,CUST-254,21648,5,1082.4,22730.4
INV9005,2025-04-22,Retail One,CUST-255,21785,12,2614.2,24399.2
INV9006,2025-04-23,Bharat Logistics,CUST-256,21922,18,3945.96,25867.96
INV9007,2025-04-24,Tata Enterprises,CUST-257,22059,28,6176.52,28235.52
INV9008,2025-04-25,Reliance Supply,CUST-258,22196,5,1109.8,23305.8
INV9009,2025-04-26,Infosys Services,CUST-259,22333,12,2679.96,25012.96
INV9010,2025-04-27,Wipro Digital,CUST-260,22470,18,4044.6,26514.6
INV9011,2025-04-28,Adani Ports & SEZ,CUST-261,22607,28,6329.96,28936.96
INV9012,2025-04-01,Mahindra Spares,CUST-262,22744,5,1137.2,23881.2
INV9013,2025-04-02,Larsen Industrial,CUST-263,22881,12,2745.72,25626.72
INV9014,2025-04-03,Bajaj Electricals,CUST-264,23018,18,4143.24,27161.24
INV9015,2025-04-04,Godrej Agrovet,CUST-265,23155,28,6483.4,29638.4
INV9016,2025-04-05,Hindustan Traders,CUST-266,23292,5,1164.6,24456.6
INV9017,2025-04-06,Zomato Logistics,CUST-267,23429,12,2811.48,26240.48
INV9018,2025-04-07,Swiggy Kitchens,CUST-268,23566,18,4241.88,27807.88
INV9019,2025-04-08,Delhivery Express,CUST-269,23703,28,6636.84,30339.84
INV9020,2025-04-09,ABC Ltd,CUST-270,23840,5,1192,25032
INV9021,2025-04-10,XYZ Corp,CUST-271,23977,12,2877.24,26854.24
INV9022,2025-04-11,Global Mart,CUST-272,24114,18,4340.52,28454.52
INV9023,2025-04-12,Tech Solutions,CUST-273,24251,28,6790.28,31041.28
INV9024,2025-04-13,Office Hub,CUST-274,24388,5,1219.4,25607.4
INV9025,2025-04-14,Retail One,CUST-275,24525,12,2943,27468
INV9026,2025-04-15,Bharat Logistics,CUST-276,24662,18,4439.16,29101.16
INV9027,2025-04-16,Tata Enterprises,CUST-277,24799,28,6943.72,31742.72
INV9028,2025-04-17,Reliance Supply,CUST-278,24936,5,1246.8,26182.8
INV9029,2025-04-18,Infosys Services,CUST-279,25073,12,3008.76,28081.76
INV9030,2025-04-19,Wipro Digital,CUST-280,25210,18,4537.8,29747.8
INV9031,2025-04-20,Adani Ports & SEZ,CUST-281,25347,28,7097.16,32444.16
INV9032,2025-04-21,Mahindra Spares,CUST-282,25484,5,1274.2,26758.2
INV9033,2025-04-22,Larsen Industrial,CUST-283,25621,12,3074.52,28695.52
INV9034,2025-04-23,Bajaj Electricals,CUST-284,25758,18,4636.44,30394.44
INV9035,2025-04-24,Godrej Agrovet,CUST-285,25895,28,7250.6,33145.6
INV9036,2025-04-25,Hindustan Traders,CUST-286,26032,5,1301.6,27333.6
INV9037,2025-04-26,Zomato Logistics,CUST-287,26169,12,3140.28,29309.28
INV9038,2025-04-27,Swiggy Kitchens,CUST-288,26306,18,4735.08,31041.08
INV9039,2025-04-28,Delhivery Express,CUST-289,26443,28,7404.04,33847.04
INV9040,2025-04-01,ABC Ltd,CUST-290,26580,5,1329,27909
INV9041,2025-04-02,XYZ Corp,CUST-291,26717,12,3206.04,29923.04
INV9042,2025-04-03,Global Mart,CUST-292,26854,18,4833.72,31687.72
INV9043,2025-04-04,Tech Solutions,CUST-293,26991,28,7557.48,34548.48
INV9044,2025-04-05,Office Hub,CUST-294,27128,5,1356.4,28484.4
INV9045,2025-04-06,Retail One,CUST-295,27265,12,3271.8,30536.8
INV9046,2025-04-07,Bharat Logistics,CUST-296,27402,18,4932.36,32334.36
INV9047,2025-04-08,Tata Enterprises,CUST-297,27539,28,7710.92,35249.92
INV9048,2025-04-09,Reliance Supply,CUST-298,27676,5,1383.8,29059.8
INV9049,2025-04-10,Infosys Services,CUST-299,27813,12,3337.56,31150.56
INV9050,2025-04-11,Wipro Digital,CUST-300,27950,18,5031,32981
INV9051,2025-04-12,Adani Ports & SEZ,CUST-301,28087,28,7864.36,35951.36
INV9052,2025-04-13,Mahindra Spares,CUST-302,28224,5,1411.2,29635.2
INV9053,2025-04-14,Larsen Industrial,CUST-303,28361,12,3403.32,31764.32
INV9054,2025-04-15,Bajaj Electricals,CUST-304,28498,18,5129.64,33627.64
INV9055,2025-04-16,Godrej Agrovet,CUST-305,28635,28,8017.8,36652.8
INV9056,2025-04-17,Hindustan Traders,CUST-306,28772,5,1438.6,30210.6
INV9057,2025-04-18,Zomato Logistics,CUST-307,28909,12,3469.08,32378.08
INV9058,2025-04-19,Swiggy Kitchens,CUST-308,29046,18,5228.28,34274.28
INV9059,2025-04-20,Delhivery Express,CUST-309,29183,28,8171.24,37354.24
INV9060,2025-04-21,ABC Ltd,CUST-310,29320,5,1466,30786
INV9061,2025-04-22,XYZ Corp,CUST-311,29457,12,3534.84,32991.84
INV9062,2025-04-23,Global Mart,CUST-312,29594,18,5326.92,34920.92
INV9063,2025-04-24,Tech Solutions,CUST-313,29731,28,8324.68,38055.68
INV9064,2025-04-25,Office Hub,CUST-314,29868,5,1493.4,31361.4
INV9065,2025-04-26,Retail One,CUST-315,30005,12,3600.6,33605.6
INV9066,2025-04-27,Bharat Logistics,CUST-316,30142,18,5425.56,35567.56
INV9067,2025-04-28,Tata Enterprises,CUST-317,30279,28,8478.12,38757.12
INV9068,2025-04-01,Reliance Supply,CUST-318,30416,5,1520.8,31936.8
INV9069,2025-04-02,Infosys Services,CUST-319,30553,12,3666.36,34219.36
INV9070,2025-04-03,Wipro Digital,CUST-320,30690,18,5524.2,36214.2
INV9071,2025-04-04,Adani Ports & SEZ,CUST-321,30827,28,8631.56,39458.56
INV9072,2025-04-05,Mahindra Spares,CUST-322,30964,5,1548.2,32512.2
INV9073,2025-04-06,Larsen Industrial,CUST-323,31101,12,3732.12,34833.12
INV9074,2025-04-07,Bajaj Electricals,CUST-324,31238,18,5622.84,36860.84
INV9075,2025-04-08,Godrej Agrovet,CUST-325,31375,28,8785,40160
INV9076,2025-04-09,Hindustan Traders,CUST-326,31512,5,1575.6,33087.6
INV9077,2025-04-10,Zomato Logistics,CUST-327,31649,12,3797.88,35446.88
INV9078,2025-04-11,Swiggy Kitchens,CUST-328,31786,18,5721.48,37507.48
INV9079,2025-04-12,Delhivery Express,CUST-329,31923,28,8938.44,40861.44
INV9080,2025-04-13,ABC Ltd,CUST-330,32060,5,1603,33663
INV9081,2025-04-14,XYZ Corp,CUST-331,32197,12,3863.64,36060.64
INV9082,2025-04-15,Global Mart,CUST-332,32334,18,5820.12,38154.12
INV9083,2025-04-16,Tech Solutions,CUST-333,32471,28,9091.88,41562.88
INV9084,2025-04-17,Office Hub,CUST-334,32608,5,1630.4,34238.4
INV9085,2025-04-18,Retail One,CUST-335,32745,12,3929.4,36674.4
INV9086,2025-04-19,Bharat Logistics,CUST-336,32882,18,5918.76,38800.76
INV9087,2025-04-20,Tata Enterprises,CUST-337,33019,28,9245.32,42264.32
INV9088,2025-04-21,Reliance Supply,CUST-338,33156,5,1657.8,34813.8
INV9089,2025-04-22,Infosys Services,CUST-339,33293,12,3995.16,37288.16
INV9090,2025-04-23,Wipro Digital,CUST-340,33430,18,6017.4,39447.4
INV9091,2025-04-24,Adani Ports & SEZ,CUST-341,33567,28,9398.76,42965.76
INV9092,2025-04-25,Mahindra Spares,CUST-342,33704,5,1685.2,35389.2
INV9093,2025-04-26,Larsen Industrial,CUST-343,33841,12,4060.92,37901.92
INV9094,2025-04-27,Bajaj Electricals,CUST-344,33978,18,6116.04,40094.04
INV9095,2025-04-28,Godrej Agrovet,CUST-345,34115,28,9552.2,43667.2
INV9096,2025-04-01,Hindustan Traders,CUST-346,34252,5,1712.6,35964.6
INV9097,2025-04-02,Zomato Logistics,CUST-347,34389,12,4126.68,38515.68
INV9098,2025-04-03,Swiggy Kitchens,CUST-348,34526,18,6214.68,40740.68
INV9099,2025-04-04,Delhivery Express,CUST-349,34663,28,9705.64,44368.64
INV9100,2025-04-05,ABC Ltd,CUST-350,34800,5,1740,36540
INV9101,2025-04-06,XYZ Corp,CUST-351,34937,12,4192.44,39129.44
INV9102,2025-04-07,Global Mart,CUST-352,35074,18,6313.32,41387.32
INV9103,2025-04-08,Tech Solutions,CUST-353,35211,28,9859.08,45070.08
INV9104,2025-04-09,Office Hub,CUST-354,35348,5,1767.4,37115.4
INV9105,2025-04-10,Retail One,CUST-355,35485,12,4258.2,39743.2
INV9106,2025-04-11,Bharat Logistics,CUST-356,35622,18,6411.96,42033.96
INV9107,2025-04-12,Tata Enterprises,CUST-357,35759,28,10012.52,45771.52
INV9108,2025-04-13,Reliance Supply,CUST-358,35896,5,1794.8,37690.8
INV9109,2025-04-14,Infosys Services,CUST-359,36033,12,4323.96,40356.96
INV9110,2025-04-15,Wipro Digital,CUST-360,36170,18,6510.6,42680.6
INV9111,2025-04-16,Adani Ports & SEZ,CUST-361,36307,28,10165.96,46472.96
INV9112,2025-04-17,Mahindra Spares,CUST-362,36444,5,1822.2,38266.2
INV9113,2025-04-18,Larsen Industrial,CUST-363,36581,12,4389.72,40970.72
INV9114,2025-04-19,Bajaj Electricals,CUST-364,36718,18,6609.24,43327.24
INV9115,2025-04-20,Godrej Agrovet,CUST-365,36855,28,10319.4,47174.4
INV9116,2025-04-21,Hindustan Traders,CUST-366,36992,5,1849.6,38841.6
INV9117,2025-04-22,Zomato Logistics,CUST-367,37129,12,4455.48,41584.48
INV9118,2025-04-23,Swiggy Kitchens,CUST-368,37266,18,6707.88,43973.88
INV9119,2025-04-24,Delhivery Express,CUST-369,37403,28,10472.84,47875.84
INV9120,2025-04-25,ABC Ltd,CUST-370,37540,5,1877,39417
INV9121,2025-04-26,XYZ Corp,CUST-371,37677,12,4521.24,42198.24
INV9122,2025-04-27,Global Mart,CUST-372,37814,18,6806.52,44620.52
INV9123,2025-04-28,Tech Solutions,CUST-373,37951,28,10626.28,48577.28
INV9124,2025-04-01,Office Hub,CUST-374,38088,5,1904.4,39992.4
INV9125,2025-04-02,Retail One,CUST-375,38225,12,4587,42812
INV9126,2025-04-03,Bharat Logistics,CUST-376,38362,18,6905.16,45267.16
INV9127,2025-04-04,Tata Enterprises,CUST-377,38499,28,10779.72,49278.72
INV9128,2025-04-05,Reliance Supply,CUST-378,38636,5,1931.8,40567.8
INV9129,2025-04-06,Infosys Services,CUST-379,38773,12,4652.76,43425.76
INV9130,2025-04-07,Wipro Digital,CUST-380,38910,18,7003.8,45913.8
INV9131,2025-04-08,Adani Ports & SEZ,CUST-381,39047,28,10933.16,49980.16
INV9132,2025-04-09,Mahindra Spares,CUST-382,39184,5,1959.2,41143.2
INV9133,2025-04-10,Larsen Industrial,CUST-383,39321,12,4718.52,44039.52
INV9134,2025-04-11,Bajaj Electricals,CUST-384,39458,18,7102.44,46560.44
INV9135,2025-04-12,Godrej Agrovet,CUST-385,39595,28,11086.6,50681.6
INV9136,2025-04-13,Hindustan Traders,CUST-386,39732,5,1986.6,41718.6
INV9137,2025-04-14,Zomato Logistics,CUST-387,39869,12,4784.28,44653.28
INV9138,2025-04-15,Swiggy Kitchens,CUST-388,40006,18,7201.08,47207.08
INV9139,2025-04-16,Delhivery Express,CUST-389,40143,28,11240.04,51383.04
INV9140,2025-04-17,ABC Ltd,CUST-390,40280,5,2014,42294
INV9141,2025-04-18,XYZ Corp,CUST-391,40417,12,4850.04,45267.04
INV9142,2025-04-19,Global Mart,CUST-392,40554,18,7299.72,47853.72
INV9143,2025-04-20,Tech Solutions,CUST-393,40691,28,11393.48,52084.48
INV9144,2025-04-21,Office Hub,CUST-394,40828,5,2041.4,42869.4
INV9145,2025-04-22,Retail One,CUST-395,40965,12,4915.8,45880.8
INV9146,2025-04-23,Bharat Logistics,CUST-396,41102,18,7398.36,48500.36
INV9147,2025-04-24,Tata Enterprises,CUST-397,41239,28,11546.92,52785.92
INV9148,2025-04-25,Reliance Supply,CUST-398,41376,5,2068.8,43444.8
INV9149,2025-04-26,Infosys Services,CUST-399,41513,12,4981.56,46494.56
INV9150,2025-04-27,Wipro Digital,CUST-400,41650,18,7497,49147
INV9151,2025-04-28,Adani Ports & SEZ,CUST-401,41787,28,11700.36,53487.36
INV9152,2025-04-01,Mahindra Spares,CUST-402,41924,5,2096.2,44020.2
INV9153,2025-04-02,Larsen Industrial,CUST-403,42061,12,5047.32,47108.32
INV9154,2025-04-03,Bajaj Electricals,CUST-404,42198,18,7595.64,49793.64
INV9155,2025-04-04,Godrej Agrovet,CUST-405,42335,28,11853.8,54188.8
INV9156,2025-04-05,Hindustan Traders,CUST-406,42472,5,2123.6,44595.6
INV9157,2025-04-06,Zomato Logistics,CUST-407,42609,12,5113.08,47722.08
INV9158,2025-04-07,Swiggy Kitchens,CUST-408,42746,18,7694.28,50440.28
INV9159,2025-04-08,Delhivery Express,CUST-409,42883,28,12007.24,54890.24
INV9160,2025-04-09,ABC Ltd,CUST-410,43020,5,2151,45171
INV9161,2025-04-10,XYZ Corp,CUST-411,43157,12,5178.84,48335.84
INV9162,2025-04-11,Global Mart,CUST-412,43294,18,7792.92,51086.92
INV9163,2025-04-12,Tech Solutions,CUST-413,43431,28,12160.68,55591.68
INV9164,2025-04-13,Office Hub,CUST-414,43568,5,2178.4,45746.4
INV9165,2025-04-14,Retail One,CUST-415,43705,12,5244.6,48949.6
INV9166,2025-04-15,Bharat Logistics,CUST-416,43842,18,7891.56,51733.56
INV9167,2025-04-16,Tata Enterprises,CUST-417,43979,28,12314.12,56293.12
INV9168,2025-04-17,Reliance Supply,CUST-418,44116,5,2205.8,46321.8
INV9169,2025-04-18,Infosys Services,CUST-419,44253,12,5310.36,49563.36
INV9170,2025-04-19,Wipro Digital,CUST-420,44390,18,7990.2,52380.2
INV9171,2025-04-20,Adani Ports & SEZ,CUST-421,44527,28,12467.56,56994.56
INV9172,2025-04-21,Mahindra Spares,CUST-422,44664,5,2233.2,46897.2
INV9173,2025-04-22,Larsen Industrial,CUST-423,44801,12,5376.12,50177.12
INV9174,2025-04-23,Bajaj Electricals,CUST-424,44938,18,8088.84,53026.84
INV9175,2025-04-24,Godrej Agrovet,CUST-425,45075,28,12621,57696
INV9176,2025-04-25,Hindustan Traders,CUST-426,45212,5,2260.6,47472.6
INV9177,2025-04-26,Zomato Logistics,CUST-427,45349,12,5441.88,50790.88
INV9178,2025-04-27,Swiggy Kitchens,CUST-428,45486,18,8187.48,53673.48
INV9179,2025-04-28,Delhivery Express,CUST-429,45623,28,12774.44,58397.44
INV9180,2025-04-01,ABC Ltd,CUST-430,45760,5,2288,48048
INV9181,2025-04-02,XYZ Corp,CUST-431,45897,12,5507.64,51404.64
INV9182,2025-04-03,Global Mart,CUST-432,46034,18,8286.12,54320.12
INV9183,2025-04-04,Tech Solutions,CUST-433,46171,28,12927.88,59098.88
INV9184,2025-04-05,Office Hub,CUST-434,46308,5,2315.4,48623.4
INV9185,2025-04-06,Retail One,CUST-435,46445,12,5573.4,52018.4
INV9186,2025-04-07,Bharat Logistics,CUST-436,46582,18,8384.76,54966.76
INV9187,2025-04-08,Tata Enterprises,CUST-437,46719,28,13081.32,59800.32
INV9188,2025-04-09,Reliance Supply,CUST-438,46856,5,2342.8,49198.8
INV9189,2025-04-10,Infosys Services,CUST-439,46993,12,5639.16,52632.16
INV9190,2025-04-11,Wipro Digital,CUST-440,47130,18,8483.4,55613.4
INV9191,2025-04-12,Adani Ports & SEZ,CUST-441,47267,28,13234.76,60501.76
INV9192,2025-04-13,Mahindra Spares,CUST-442,47404,5,2370.2,49774.2
INV9193,2025-04-14,Larsen Industrial,CUST-443,47541,12,5704.92,53245.92
INV9194,2025-04-15,Bajaj Electricals,CUST-444,47678,18,8582.04,56260.04
INV9195,2025-04-16,Godrej Agrovet,CUST-445,47815,28,13388.2,61203.2
INV9196,2025-04-17,Hindustan Traders,CUST-446,47952,5,2397.6,50349.6
INV9197,2025-04-18,Zomato Logistics,CUST-447,48089,12,5770.68,53859.68
INV9198,2025-04-19,Swiggy Kitchens,CUST-448,48226,18,8680.68,56906.68
INV9199,2025-04-20,Delhivery Express,CUST-449,48363,28,13541.64,61904.64
INV9200,2025-04-21,ABC Ltd,CUST-450,950000,5,47500,997500
INV9201,2025-04-22,XYZ Corp,CUST-451,48637,12,5836.44,54473.44
INV9202,2025-04-23,Global Mart,CUST-452,48774,18,8779.32,57553.32
INV9203,2025-04-24,Tech Solutions,CUST-453,48911,28,13695.08,62606.08
INV9204,2025-04-25,Office Hub,CUST-454,49048,5,2452.4,51500.4
INV9205,2025-04-26,Retail One,CUST-455,49185,12,5902.2,55087.2
INV9206,2025-04-27,Bharat Logistics,CUST-456,49322,18,8877.96,58199.96
INV9207,2025-04-28,Tata Enterprises,CUST-457,49459,28,13848.52,63307.52
INV9208,2025-04-01,Reliance Supply,CUST-458,49596,5,2479.8,52075.8
INV9209,2025-04-02,Infosys Services,CUST-459,49733,12,5967.96,55700.96
INV9210,2025-04-03,Wipro Digital,CUST-460,49870,18,8976.6,58846.6
INV9211,2025-04-04,Adani Ports & SEZ,CUST-461,50007,28,14001.96,64008.96
INV9212,2025-04-05,Mahindra Spares,CUST-462,50144,5,2507.2,52651.2
INV9213,2025-04-06,Larsen Industrial,CUST-463,50281,12,6033.72,56314.72
INV9214,2025-04-07,Bajaj Electricals,CUST-464,50418,18,9075.24,59493.24
INV9215,2025-04-08,Godrej Agrovet,CUST-465,50555,28,14155.4,64710.4
INV9216,2025-04-09,Hindustan Traders,CUST-466,50692,5,2534.6,53226.6
INV9217,2025-04-10,Zomato Logistics,CUST-467,50829,12,6099.48,56928.48
INV9218,2025-04-11,Swiggy Kitchens,CUST-468,50966,18,9173.88,60139.88
INV9219,2025-04-12,Delhivery Express,CUST-469,51103,28,14308.84,65411.84
INV9220,2025-04-13,ABC Ltd,CUST-470,51240,5,2562,53802
INV9221,2025-04-14,XYZ Corp,CUST-471,51377,12,6165.24,57542.24
INV9222,2025-04-15,Global Mart,CUST-472,51514,18,9272.52,60786.52
INV9223,2025-04-16,Tech Solutions,CUST-473,51651,28,14462.28,66113.28
INV9224,2025-04-17,Office Hub,CUST-474,51788,5,2589.4,54377.4
INV9225,2025-04-18,Retail One,CUST-475,51925,12,6231,58156
INV9226,2025-04-19,Bharat Logistics,CUST-476,52062,18,9371.16,61433.16
INV9227,2025-04-20,Tata Enterprises,CUST-477,52199,28,14615.72,66814.72
INV9228,2025-04-21,Reliance Supply,CUST-478,52336,5,2616.8,54952.8
INV9229,2025-04-22,Infosys Services,CUST-479,52473,12,6296.76,58769.76
INV9230,2025-04-23,Wipro Digital,CUST-480,52610,18,9469.8,62079.8
INV9231,2025-04-24,Adani Ports & SEZ,CUST-481,52747,28,14769.16,67516.16
INV9232,2025-04-25,Mahindra Spares,CUST-482,52884,5,2644.2,55528.2
INV9233,2025-04-26,Larsen Industrial,CUST-483,53021,12,6362.52,59383.52
INV9234,2025-04-27,Bajaj Electricals,CUST-484,53158,18,9568.44,62726.44
INV9235,2025-04-28,Godrej Agrovet,CUST-485,53295,28,14922.6,68217.6
INV9236,2025-04-01,Hindustan Traders,CUST-486,53432,5,2671.6,56103.6
INV9237,2025-04-02,Zomato Logistics,CUST-487,53569,12,6428.28,59997.28
INV9238,2025-04-03,Swiggy Kitchens,CUST-488,53706,18,9667.08,63373.08
INV9239,2025-04-04,Delhivery Express,CUST-489,53843,28,15076.04,68919.04
INV9240,2025-04-05,ABC Ltd,CUST-490,53980,5,2699,56679
INV9241,2025-04-06,XYZ Corp,CUST-491,54117,12,6494.04,60611.04
INV9242,2025-04-07,Global Mart,CUST-492,54254,18,9765.72,64019.72
INV9243,2025-04-08,Tech Solutions,CUST-493,54391,28,15229.48,69620.48
INV9244,2025-04-09,Office Hub,CUST-494,54528,5,2726.4,57254.4
INV9245,2025-04-10,Retail One,CUST-495,54665,12,6559.8,61224.8
INV9246,2025-04-11,Bharat Logistics,CUST-496,54802,18,9864.36,64666.36
INV9247,2025-04-12,Tata Enterprises,CUST-497,54939,28,15382.92,70321.92
INV9248,2025-04-13,Reliance Supply,CUST-498,55076,5,2753.8,57829.8
INV9249,2025-04-14,Infosys Services,CUST-499,55213,12,6625.56,61838.56
INV9250,2025-04-15,Wipro Digital,CUST-500,55350,18,9963,65313
INV9251,2025-04-16,Adani Ports & SEZ,CUST-501,55487,28,15536.36,71023.36
INV9252,2025-04-17,Mahindra Spares,CUST-502,55624,5,2781.2,58405.2
INV9253,2025-04-18,Larsen Industrial,CUST-503,55761,12,6691.32,62452.32
INV9254,2025-04-19,Bajaj Electricals,CUST-504,55898,18,10061.64,65959.64
INV9255,2025-04-20,Godrej Agrovet,CUST-505,56035,28,15689.8,71724.8
INV9256,2025-04-21,Hindustan Traders,CUST-506,56172,5,2808.6,58980.6
INV9257,2025-04-22,Zomato Logistics,CUST-507,56309,12,6757.08,63066.08
INV9258,2025-04-23,Swiggy Kitchens,CUST-508,56446,18,10160.28,66606.28
INV9259,2025-04-24,Delhivery Express,CUST-509,56583,28,15843.24,72426.24
INV9260,2025-04-25,ABC Ltd,CUST-510,56720,5,2836,59556
INV9261,2025-04-26,XYZ Corp,CUST-511,56857,12,6822.84,63679.84
INV9262,2025-04-27,Global Mart,CUST-512,56994,18,10258.92,67252.92
INV9263,2025-04-28,Tech Solutions,CUST-513,57131,28,15996.68,73127.68
INV9264,2025-04-01,Office Hub,CUST-514,57268,5,2863.4,60131.4
INV9265,2025-04-02,Retail One,CUST-515,57405,12,6888.6,64293.6
INV9266,2025-04-03,Bharat Logistics,CUST-516,57542,18,10357.56,67899.56
INV9267,2025-04-04,Tata Enterprises,CUST-517,57679,28,16150.12,73829.12
INV9268,2025-04-05,Reliance Supply,CUST-518,57816,5,2890.8,60706.8
INV9269,2025-04-06,Infosys Services,CUST-519,57953,12,6954.36,64907.36
INV9270,2025-04-07,Wipro Digital,CUST-520,58090,18,10456.2,68546.2
INV9271,2025-04-08,Adani Ports & SEZ,CUST-521,58227,28,16303.56,74530.56
INV9272,2025-04-09,Mahindra Spares,CUST-522,58364,5,2918.2,61282.2
INV9273,2025-04-10,Larsen Industrial,CUST-523,58501,12,7020.12,65521.12
INV9274,2025-04-11,Bajaj Electricals,CUST-524,58638,18,10554.84,69192.84
INV9275,2025-04-12,Godrej Agrovet,CUST-525,58775,28,16457,75232
INV9276,2025-04-13,Hindustan Traders,CUST-526,58912,5,2945.6,61857.6
INV9277,2025-04-14,Zomato Logistics,CUST-527,59049,12,7085.88,66134.88
INV9278,2025-04-15,Swiggy Kitchens,CUST-528,59186,18,10653.48,69839.48
INV9279,2025-04-16,Delhivery Express,CUST-529,59323,28,16610.44,75933.44
INV9280,2025-04-17,ABC Ltd,CUST-530,59460,5,2973,62433
INV9281,2025-04-18,XYZ Corp,CUST-531,59597,12,7151.64,66748.64
INV9282,2025-04-19,Global Mart,CUST-532,59734,18,10752.12,70486.12
INV9283,2025-04-20,Tech Solutions,CUST-533,59871,28,16763.88,76634.88
INV9284,2025-04-21,Office Hub,CUST-534,60008,5,3000.4,63008.4
INV9285,2025-04-22,Retail One,CUST-535,60145,12,7217.4,67362.4
INV9286,2025-04-23,Bharat Logistics,CUST-536,60282,18,10850.76,71132.76
INV9287,2025-04-24,Tata Enterprises,CUST-537,60419,28,16917.32,77336.32
INV9288,2025-04-25,Reliance Supply,CUST-538,60556,5,3027.8,63583.8
INV9289,2025-04-26,Infosys Services,CUST-539,60693,12,7283.16,67976.16
INV9290,2025-04-27,Wipro Digital,CUST-540,60830,18,10949.4,71779.4
INV9291,2025-04-28,Adani Ports & SEZ,CUST-541,60967,28,17070.76,78037.76
INV9292,2025-04-01,Mahindra Spares,CUST-542,61104,5,3055.2,64159.2
INV9293,2025-04-02,Larsen Industrial,CUST-543,61241,12,7348.92,68589.92
INV9294,2025-04-03,Bajaj Electricals,CUST-544,61378,18,11048.04,72426.04
INV9295,2025-04-04,Godrej Agrovet,CUST-545,61515,28,17224.2,78739.2
INV9296,2025-04-05,Hindustan Traders,CUST-546,61652,5,3082.6,64734.6
INV9297,2025-04-06,Zomato Logistics,CUST-547,61789,12,7414.68,69203.68
INV9298,2025-04-07,Swiggy Kitchens,CUST-548,61926,18,11146.68,73072.68
INV9299,2025-04-08,Delhivery Express,CUST-549,62063,28,17377.64,79440.64
INV9300,2025-04-09,ABC Ltd,CUST-550,62200,5,3110,65310
INV9301,2025-04-10,XYZ Corp,CUST-551,62337,12,7480.44,69817.44
INV9302,2025-04-11,Global Mart,CUST-552,62474,18,11245.32,73719.32
INV9303,2025-04-12,Tech Solutions,CUST-553,62611,28,17531.08,80142.08
INV9304,2025-04-13,Office Hub,CUST-554,62748,5,3137.4,65885.4
INV9305,2025-04-14,Retail One,CUST-555,62885,12,7546.2,70431.2
INV9306,2025-04-15,Bharat Logistics,CUST-556,63022,18,11343.96,74365.96
INV9307,2025-04-16,Tata Enterprises,CUST-557,63159,28,17684.52,80843.52
INV9308,2025-04-17,Reliance Supply,CUST-558,63296,5,3164.8,66460.8
INV9309,2025-04-18,Infosys Services,CUST-559,63433,12,7611.96,71044.96
INV9310,2025-04-19,Wipro Digital,CUST-560,63570,18,11442.6,75012.6
INV9311,2025-04-20,Adani Ports & SEZ,CUST-561,63707,28,17837.96,81544.96
INV9312,2025-04-21,Mahindra Spares,CUST-562,63844,5,3192.2,67036.2
INV9313,2025-04-22,Larsen Industrial,CUST-563,63981,12,7677.72,71658.72
INV9314,2025-04-23,Bajaj Electricals,CUST-564,64118,18,11541.24,75659.24
INV9315,2025-04-24,Godrej Agrovet,CUST-565,64255,28,17991.4,82246.4
INV9316,2025-04-25,Hindustan Traders,CUST-566,64392,5,3219.6,67611.6
INV9317,2025-04-26,Zomato Logistics,CUST-567,64529,12,7743.48,72272.48
INV9318,2025-04-27,Swiggy Kitchens,CUST-568,64666,18,11639.88,76305.88
INV9319,2025-04-28,Delhivery Express,CUST-569,64803,28,18144.84,82947.84
INV9320,2025-04-01,ABC Ltd,CUST-570,64940,5,3247,68187
INV9321,2025-04-02,XYZ Corp,CUST-571,65077,12,7809.24,72886.24
INV9322,2025-04-03,Global Mart,CUST-572,65214,18,11738.52,76952.52
INV9323,2025-04-04,Tech Solutions,CUST-573,65351,28,18298.28,83649.28
INV9324,2025-04-05,Office Hub,CUST-574,65488,5,3274.4,68762.4
INV9325,2025-04-06,Retail One,CUST-575,65625,12,7875,73500
INV9326,2025-04-07,Bharat Logistics,CUST-576,65762,18,11837.16,77599.16
INV9327,2025-04-08,Tata Enterprises,CUST-577,65899,28,18451.72,84350.72
INV9328,2025-04-09,Reliance Supply,CUST-578,66036,5,3301.8,69337.8
INV9329,2025-04-10,Infosys Services,CUST-579,66173,12,7940.76,74113.76
INV9330,2025-04-11,Wipro Digital,CUST-580,66310,18,11935.8,78245.8
INV9331,2025-04-12,Adani Ports & SEZ,CUST-581,66447,28,18605.16,85052.16
INV9332,2025-04-13,Mahindra Spares,CUST-582,66584,5,3329.2,69913.2
INV9333,2025-04-14,Larsen Industrial,CUST-583,66721,12,8006.52,74727.52
INV9334,2025-04-15,Bajaj Electricals,CUST-584,66858,18,12034.44,78892.44
INV9335,2025-04-16,Godrej Agrovet,CUST-585,66995,28,18758.6,85753.6
INV9336,2025-04-17,Hindustan Traders,CUST-586,67132,5,3356.6,70488.6
INV9337,2025-04-18,Zomato Logistics,CUST-587,67269,12,8072.28,75341.28
INV9338,2025-04-19,Swiggy Kitchens,CUST-588,67406,18,12133.08,79539.08
INV9339,2025-04-20,Delhivery Express,CUST-589,67543,28,18912.04,86455.04
INV9340,2025-04-21,ABC Ltd,CUST-590,67680,5,3384,71064
INV9341,2025-04-22,XYZ Corp,CUST-591,67817,12,8138.04,75955.04
INV9342,2025-04-23,Global Mart,CUST-592,67954,18,12231.72,80185.72
INV9343,2025-04-24,Tech Solutions,CUST-593,68091,28,19065.48,87156.48
INV9344,2025-04-25,Office Hub,CUST-594,68228,5,3411.4,71639.4
INV9345,2025-04-26,Retail One,CUST-595,68365,12,8203.8,76568.8
INV9346,2025-04-27,Bharat Logistics,CUST-596,68502,18,12330.36,80832.36
INV9347,2025-04-28,Tata Enterprises,CUST-597,68639,28,19218.92,87857.92
INV9348,2025-04-01,Reliance Supply,CUST-598,68776,5,3438.8,72214.8
INV9349,2025-04-02,Infosys Services,CUST-599,68913,12,8269.56,77182.56
INV9350,2025-04-03,Wipro Digital,CUST-600,69050,18,12429,81479
INV9351,2025-04-04,Adani Ports & SEZ,CUST-601,69187,28,19372.36,88559.36
INV9352,2025-04-05,Mahindra Spares,CUST-602,69324,5,3466.2,72790.2
INV9353,2025-04-06,Larsen Industrial,CUST-603,69461,12,8335.32,77796.32
INV9354,2025-04-07,Bajaj Electricals,CUST-604,69598,18,12527.64,82125.64
INV9355,2025-04-08,Godrej Agrovet,CUST-605,69735,28,19525.8,89260.8
INV9356,2025-04-09,Hindustan Traders,CUST-606,69872,5,3493.6,73365.6
INV9357,2025-04-10,Zomato Logistics,CUST-607,70009,12,8401.08,78410.08
INV9358,2025-04-11,Swiggy Kitchens,CUST-608,70146,18,12626.28,82772.28
INV9359,2025-04-12,Delhivery Express,CUST-609,70283,28,19679.24,89962.24
INV9360,2025-04-13,ABC Ltd,CUST-610,70420,5,3521,73941
INV9361,2025-04-14,XYZ Corp,CUST-611,70557,12,8466.84,79023.84
INV9362,2025-04-15,Global Mart,CUST-612,70694,18,12724.92,83418.92
INV9363,2025-04-16,Tech Solutions,CUST-613,70831,28,19832.68,90663.68
INV9364,2025-04-17,Office Hub,CUST-614,70968,5,3548.4,74516.4
INV9365,2025-04-18,Retail One,CUST-615,71105,12,8532.6,79637.6
INV9366,2025-04-19,Bharat Logistics,CUST-616,71242,18,12823.56,84065.56
INV9367,2025-04-20,Tata Enterprises,CUST-617,71379,28,19986.12,91365.12
INV9368,2025-04-21,Reliance Supply,CUST-618,71516,5,3575.8,75091.8
INV9369,2025-04-22,Infosys Services,CUST-619,71653,12,8598.36,80251.36
INV9370,2025-04-23,Wipro Digital,CUST-620,71790,18,12922.2,84712.2
INV9371,2025-04-24,Adani Ports & SEZ,CUST-621,71927,28,20139.56,92066.56
INV9372,2025-04-25,Mahindra Spares,CUST-622,72064,5,3603.2,75667.2
INV9373,2025-04-26,Larsen Industrial,CUST-623,72201,12,8664.12,80865.12
INV9374,2025-04-27,Bajaj Electricals,CUST-624,72338,18,13020.84,85358.84
INV9375,2025-04-28,Godrej Agrovet,CUST-625,72475,28,20293,92768
INV9376,2025-04-01,Hindustan Traders,CUST-626,72612,5,3630.6,76242.6
INV9377,2025-04-02,Zomato Logistics,CUST-627,72749,12,8729.88,81478.88
INV9378,2025-04-03,Swiggy Kitchens,CUST-628,72886,18,13119.48,86005.48
INV9379,2025-04-04,Delhivery Express,CUST-629,73023,28,20446.44,93469.44
INV9380,2025-04-05,ABC Ltd,CUST-630,73160,5,3658,76818
INV9381,2025-04-06,XYZ Corp,CUST-631,73297,12,8795.64,82092.64
INV9382,2025-04-07,Global Mart,CUST-632,73434,18,13218.12,86652.12
INV9383,2025-04-08,Tech Solutions,CUST-633,73571,28,20599.88,94170.88
INV9384,2025-04-09,Office Hub,CUST-634,73708,5,3685.4,77393.4
INV9385,2025-04-10,Retail One,CUST-635,73845,12,8861.4,82706.4
INV9386,2025-04-11,Bharat Logistics,CUST-636,73982,18,13316.76,87298.76
INV9387,2025-04-12,Tata Enterprises,CUST-637,74119,28,20753.32,94872.32
INV9388,2025-04-13,Reliance Supply,CUST-638,74256,5,3712.8,77968.8
INV9389,2025-04-14,Infosys Services,CUST-639,74393,12,8927.16,83320.16
INV9390,2025-04-15,Wipro Digital,CUST-640,74530,18,13415.4,87945.4
INV9391,2025-04-16,Adani Ports & SEZ,CUST-641,74667,28,20906.76,95573.76
INV9392,2025-04-17,Mahindra Spares,CUST-642,74804,5,3740.2,78544.2
INV9393,2025-04-18,Larsen Industrial,CUST-643,74941,12,8992.92,83933.92
INV9394,2025-04-19,Bajaj Electricals,CUST-644,75078,18,13514.04,88592.04
INV9395,2025-04-20,Godrej Agrovet,CUST-645,75215,28,21060.2,96275.2
INV9396,2025-04-21,Hindustan Traders,CUST-646,75352,5,3767.6,79119.6
INV9397,2025-04-22,Zomato Logistics,CUST-647,75489,12,9058.68,84547.68
INV9398,2025-04-23,Swiggy Kitchens,CUST-648,75626,18,13612.68,89238.68
INV9399,2025-04-24,Delhivery Express,CUST-649,75763,28,21213.64,96976.64
INV9400,2025-04-25,ABC Ltd,CUST-650,75900,5,3795,79695
INV9401,2025-04-26,XYZ Corp,CUST-651,76037,12,9124.44,85161.44
INV9402,2025-04-27,Global Mart,CUST-652,76174,18,13711.32,89885.32
INV9403,2025-04-28,Tech Solutions,CUST-653,76311,28,21367.08,97678.08
INV9404,2025-04-01,Office Hub,CUST-654,76448,5,3822.4,80270.4
INV9405,2025-04-02,Retail One,CUST-655,76585,12,9190.2,85775.2
INV9406,2025-04-03,Bharat Logistics,CUST-656,76722,18,13809.96,90531.96
INV9407,2025-04-04,Tata Enterprises,CUST-657,76859,28,21520.52,98379.52
INV9408,2025-04-05,Reliance Supply,CUST-658,76996,5,3849.8,80845.8
INV9409,2025-04-06,Infosys Services,CUST-659,77133,12,9255.96,86388.96
INV9410,2025-04-07,Wipro Digital,CUST-660,77270,18,13908.6,91178.6
INV9411,2025-04-08,Adani Ports & SEZ,CUST-661,77407,28,21673.96,99080.96
INV9412,2025-04-09,Mahindra Spares,CUST-662,2544,5,127.2,2671.2
INV9413,2025-04-10,Larsen Industrial,CUST-663,2681,12,321.72,3002.72
INV9414,2025-04-11,Bajaj Electricals,CUST-664,2818,18,507.24,3325.24
INV9415,2025-04-12,Godrej Agrovet,CUST-665,2955,28,827.4,3782.4
INV9416,2025-04-13,Hindustan Traders,CUST-666,3092,5,154.6,3246.6
INV9417,2025-04-14,Zomato Logistics,CUST-667,3229,12,387.48,3616.48
INV9418,2025-04-15,Swiggy Kitchens,CUST-668,3366,18,605.88,3971.88
INV9419,2025-04-16,Delhivery Express,CUST-669,3503,28,980.84,4483.84
INV9420,2025-04-17,ABC Ltd,CUST-670,3640,5,182,3822
INV9421,2025-04-18,XYZ Corp,CUST-671,3777,12,453.24,4230.24
INV9422,2025-04-19,Global Mart,CUST-672,3914,18,704.52,4618.52
INV9423,2025-04-20,Tech Solutions,CUST-673,4051,28,1134.28,5185.28
INV9424,2025-04-21,Office Hub,CUST-674,4188,5,209.4,4397.4
INV9425,2025-04-22,Retail One,CUST-675,4325,12,519,4844
INV9426,2025-04-23,Bharat Logistics,CUST-676,4462,18,803.16,5265.16
INV9427,2025-04-24,Tata Enterprises,CUST-677,4599,28,1287.72,5886.72
INV9428,2025-04-25,Reliance Supply,CUST-678,4736,5,236.8,4972.8
INV9429,2025-04-26,Infosys Services,CUST-679,4873,12,584.76,5457.76
INV9430,2025-04-27,Wipro Digital,CUST-680,5010,18,901.8,5911.8
INV9431,2025-04-28,Adani Ports & SEZ,CUST-681,5147,28,1441.16,6588.16
INV9432,2025-04-01,Mahindra Spares,CUST-682,5284,5,264.2,5548.2
INV9433,2025-04-02,Larsen Industrial,CUST-683,5421,12,650.52,6071.52
INV9434,2025-04-03,Bajaj Electricals,CUST-684,5558,18,1000.44,6558.44
INV9435,2025-04-04,Godrej Agrovet,CUST-685,5695,28,1594.6,7289.6
INV9436,2025-04-05,Hindustan Traders,CUST-686,5832,5,291.6,6123.6
INV9437,2025-04-06,Zomato Logistics,CUST-687,5969,12,716.28,6685.28
INV9438,2025-04-07,Swiggy Kitchens,CUST-688,6106,18,1099.08,7205.08
INV9439,2025-04-08,Delhivery Express,CUST-689,6243,28,1748.04,7991.04
INV9440,2025-04-09,ABC Ltd,CUST-690,6380,5,319,6699
INV9441,2025-04-10,XYZ Corp,CUST-691,6517,12,782.04,7299.04
INV9442,2025-04-11,Global Mart,CUST-692,6654,18,1197.72,7851.72
INV9443,2025-04-12,Tech Solutions,CUST-693,6791,28,1901.48,8692.48
INV9444,2025-04-13,Office Hub,CUST-694,6928,5,346.4,7274.4
INV9445,2025-04-14,Retail One,CUST-695,7065,12,847.8,7912.8
INV9446,2025-04-15,Bharat Logistics,CUST-696,7202,18,1296.36,8498.36
INV9447,2025-04-16,Tata Enterprises,CUST-697,7339,28,2054.92,9393.92
INV9448,2025-04-17,Reliance Supply,CUST-698,7476,5,373.8,7849.8
INV9449,2025-04-18,Infosys Services,CUST-699,7613,12,913.56,8526.56
INV9450,2025-04-19,Wipro Digital,CUST-700,850000,18,153000,1003000
INV9451,2025-04-20,Adani Ports & SEZ,CUST-701,7887,28,2208.36,10095.36
INV9452,2025-04-21,Mahindra Spares,CUST-702,8024,5,401.2,8425.2
INV9453,2025-04-22,Larsen Industrial,CUST-703,8161,12,979.32,9140.32
INV9454,2025-04-23,Bajaj Electricals,CUST-704,8298,18,1493.64,9791.64
INV9455,2025-04-24,Godrej Agrovet,CUST-705,8435,28,2361.8,10796.8
INV9456,2025-04-25,Hindustan Traders,CUST-706,8572,5,428.6,9000.6
INV9457,2025-04-26,Zomato Logistics,CUST-707,8709,12,1045.08,9754.08
INV9458,2025-04-27,Swiggy Kitchens,CUST-708,8846,18,1592.28,10438.28
INV9459,2025-04-28,Delhivery Express,CUST-709,8983,28,2515.24,11498.24
INV9460,2025-04-01,ABC Ltd,CUST-710,9120,5,456,9576
INV9461,2025-04-02,XYZ Corp,CUST-711,9257,12,1110.84,10367.84
INV9462,2025-04-03,Global Mart,CUST-712,9394,18,1690.92,11084.92
INV9463,2025-04-04,Tech Solutions,CUST-713,9531,28,2668.68,12199.68
INV9464,2025-04-05,Office Hub,CUST-714,9668,5,483.4,10151.4
INV9465,2025-04-06,Retail One,CUST-715,9805,12,1176.6,10981.6
INV9466,2025-04-07,Bharat Logistics,CUST-716,9942,18,1789.56,11731.56
INV9467,2025-04-08,Tata Enterprises,CUST-717,10079,28,2822.12,12901.12
INV9468,2025-04-09,Reliance Supply,CUST-718,10216,5,510.8,10726.8
INV9469,2025-04-10,Infosys Services,CUST-719,10353,12,1242.36,11595.36
INV9470,2025-04-11,Wipro Digital,CUST-720,10490,18,1888.2,12378.2
INV9471,2025-04-12,Adani Ports & SEZ,CUST-721,10627,28,2975.56,13602.56
INV9472,2025-04-13,Mahindra Spares,CUST-722,10764,5,538.2,11302.2
INV9473,2025-04-14,Larsen Industrial,CUST-723,10901,12,1308.12,12209.12
INV9474,2025-04-15,Bajaj Electricals,CUST-724,11038,18,1986.84,13024.84
INV9475,2025-04-16,Godrej Agrovet,CUST-725,11175,28,3129,14304
INV9476,2025-04-17,Hindustan Traders,CUST-726,11312,5,565.6,11877.6
INV9477,2025-04-18,Zomato Logistics,CUST-727,11449,12,1373.88,12822.88
INV9478,2025-04-19,Swiggy Kitchens,CUST-728,11586,18,2085.48,13671.48
INV9479,2025-04-20,Delhivery Express,CUST-729,11723,28,3282.44,15005.44
INV9480,2025-04-21,ABC Ltd,CUST-730,11860,5,593,12453
INV9481,2025-04-22,XYZ Corp,CUST-731,11997,12,1439.64,13436.64
INV9482,2025-04-23,Global Mart,CUST-732,12134,18,2184.12,14318.12
INV9483,2025-04-24,Tech Solutions,CUST-733,12271,28,3435.88,15706.88
INV9484,2025-04-25,Office Hub,CUST-734,12408,5,620.4,13028.4
INV9485,2025-04-26,Retail One,CUST-735,12545,12,1505.4,14050.4
INV9486,2025-04-27,Bharat Logistics,CUST-736,12682,18,2282.76,14964.76
INV9487,2025-04-28,Tata Enterprises,CUST-737,12819,28,3589.32,16408.32
INV9488,2025-04-01,Reliance Supply,CUST-738,12956,5,647.8,13603.8
INV9489,2025-04-02,Infosys Services,CUST-739,13093,12,1571.16,14664.16
INV9490,2025-04-03,Wipro Digital,CUST-740,13230,18,2381.4,15611.4
INV9491,2025-04-04,Adani Ports & SEZ,CUST-741,13367,28,3742.76,17109.76
INV9492,2025-04-05,Mahindra Spares,CUST-742,13504,5,675.2,14179.2
INV9493,2025-04-06,Larsen Industrial,CUST-743,13641,12,1636.92,15277.92
INV9494,2025-04-07,Bajaj Electricals,CUST-744,13778,18,2480.04,16258.04
INV9495,2025-04-08,Godrej Agrovet,CUST-745,13915,28,3896.2,17811.2
INV9496,2025-04-09,Hindustan Traders,CUST-746,14052,5,702.6,14754.6
INV9497,2025-04-10,Zomato Logistics,CUST-747,14189,12,1702.68,15891.68
INV9498,2025-04-11,Swiggy Kitchens,CUST-748,14326,18,2578.68,16904.68
INV9499,2025-04-12,Delhivery Express,CUST-749,14463,28,4049.64,18512.64
INV9500,2025-04-13,ABC Ltd,CUST-750,14600,5,730,15330
INV9501,2025-04-14,XYZ Corp,CUST-751,14737,12,1768.44,16505.44
INV9502,2025-04-15,Global Mart,CUST-752,14874,18,2677.32,17551.32
INV9503,2025-04-16,Tech Solutions,CUST-753,15011,28,4203.08,19214.08
INV9504,2025-04-17,Office Hub,CUST-754,15148,5,757.4,15905.4
INV9505,2025-04-18,Retail One,CUST-755,15285,12,1834.2,17119.2
INV9506,2025-04-19,Bharat Logistics,CUST-756,15422,18,2775.96,18197.96
INV9507,2025-04-20,Tata Enterprises,CUST-757,15559,28,4356.52,19915.52
INV9508,2025-04-21,Reliance Supply,CUST-758,15696,5,784.8,16480.8
INV9509,2025-04-22,Infosys Services,CUST-759,15833,12,1899.96,17732.96
INV9510,2025-04-23,Wipro Digital,CUST-760,15970,18,2874.6,18844.6
INV9511,2025-04-24,Adani Ports & SEZ,CUST-761,16107,28,4509.96,20616.96
INV9512,2025-04-25,Mahindra Spares,CUST-762,16244,5,812.2,17056.2
INV9513,2025-04-26,Larsen Industrial,CUST-763,16381,12,1965.72,18346.72
INV9514,2025-04-27,Bajaj Electricals,CUST-764,16518,18,2973.24,19491.24
INV9515,2025-04-28,Godrej Agrovet,CUST-765,16655,28,4663.4,21318.4
INV9516,2025-04-01,Hindustan Traders,CUST-766,16792,5,839.6,17631.6
INV9517,2025-04-02,Zomato Logistics,CUST-767,16929,12,2031.48,18960.48
INV9518,2025-04-03,Swiggy Kitchens,CUST-768,17066,18,3071.88,20137.88
INV9519,2025-04-04,Delhivery Express,CUST-769,17203,28,4816.84,22019.84
INV9520,2025-04-05,ABC Ltd,CUST-770,17340,5,867,18207
INV9521,2025-04-06,XYZ Corp,CUST-771,17477,12,2097.24,19574.24
INV9522,2025-04-07,Global Mart,CUST-772,17614,18,3170.52,20784.52
INV9523,2025-04-08,Tech Solutions,CUST-773,17751,28,4970.28,22721.28
INV9524,2025-04-09,Office Hub,CUST-774,17888,5,894.4,18782.4
INV9525,2025-04-10,Retail One,CUST-775,18025,12,2163,20188
INV9526,2025-04-11,Bharat Logistics,CUST-776,18162,18,3269.16,21431.16
INV9527,2025-04-12,Tata Enterprises,CUST-777,18299,28,5123.72,23422.72
INV9528,2025-04-13,Reliance Supply,CUST-778,18436,5,921.8,19357.8
INV9529,2025-04-14,Infosys Services,CUST-779,18573,12,2228.76,20801.76
INV9530,2025-04-15,Wipro Digital,CUST-780,18710,18,3367.8,22077.8
INV9531,2025-04-16,Adani Ports & SEZ,CUST-781,18847,28,5277.16,24124.16
INV9532,2025-04-17,Mahindra Spares,CUST-782,18984,5,949.2,19933.2
INV9533,2025-04-18,Larsen Industrial,CUST-783,19121,12,2294.52,21415.52
INV9534,2025-04-19,Bajaj Electricals,CUST-784,19258,18,3466.44,22724.44
INV9535,2025-04-20,Godrej Agrovet,CUST-785,19395,28,5430.6,24825.6
INV9536,2025-04-21,Hindustan Traders,CUST-786,19532,5,976.6,20508.6
INV9537,2025-04-22,Zomato Logistics,CUST-787,19669,12,2360.28,22029.28
INV9538,2025-04-23,Swiggy Kitchens,CUST-788,19806,18,3565.08,23371.08
INV9539,2025-04-24,Delhivery Express,CUST-789,19943,28,5584.04,25527.04
INV9540,2025-04-25,ABC Ltd,CUST-790,20080,5,1004,21084
INV9541,2025-04-26,XYZ Corp,CUST-791,20217,12,2426.04,22643.04
INV9542,2025-04-27,Global Mart,CUST-792,20354,18,3663.72,24017.72
INV9543,2025-04-28,Tech Solutions,CUST-793,20491,28,5737.48,26228.48
INV9544,2025-04-01,Office Hub,CUST-794,20628,5,1031.4,21659.4
INV9545,2025-04-02,Retail One,CUST-795,20765,12,2491.8,23256.8
INV9546,2025-04-03,Bharat Logistics,CUST-796,20902,18,3762.36,24664.36
INV9547,2025-04-04,Tata Enterprises,CUST-797,21039,28,5890.92,26929.92
INV9548,2025-04-05,Reliance Supply,CUST-798,21176,5,1058.8,22234.8
INV9549,2025-04-06,Infosys Services,CUST-799,21313,12,2557.56,23870.56
INV9550,2025-04-07,Wipro Digital,CUST-800,21450,18,3861,25311
INV9551,2025-04-08,Adani Ports & SEZ,CUST-801,21587,28,6044.36,27631.36
INV9552,2025-04-09,Mahindra Spares,CUST-802,21724,5,1086.2,22810.2
INV9553,2025-04-10,Larsen Industrial,CUST-803,21861,12,2623.32,24484.32
INV9554,2025-04-11,Bajaj Electricals,CUST-804,21998,18,3959.64,25957.64
INV9555,2025-04-12,Godrej Agrovet,CUST-805,22135,28,6197.8,28332.8
INV9556,2025-04-13,Hindustan Traders,CUST-806,22272,5,1113.6,23385.6
INV9557,2025-04-14,Zomato Logistics,CUST-807,22409,12,2689.08,25098.08
INV9558,2025-04-15,Swiggy Kitchens,CUST-808,22546,18,4058.28,26604.28
INV9559,2025-04-16,Delhivery Express,CUST-809,22683,28,6351.24,29034.24
INV9560,2025-04-17,ABC Ltd,CUST-810,22820,5,1141,23961
INV9561,2025-04-18,XYZ Corp,CUST-811,22957,12,2754.84,25711.84
INV9562,2025-04-19,Global Mart,CUST-812,23094,18,4156.92,27250.92
INV9563,2025-04-20,Tech Solutions,CUST-813,23231,28,6504.68,29735.68
INV9564,2025-04-21,Office Hub,CUST-814,23368,5,1168.4,24536.4
INV9565,2025-04-22,Retail One,CUST-815,23505,12,2820.6,26325.6
INV9566,2025-04-23,Bharat Logistics,CUST-816,23642,18,4255.56,27897.56
INV9567,2025-04-24,Tata Enterprises,CUST-817,23779,28,6658.12,30437.12
INV9568,2025-04-25,Reliance Supply,CUST-818,23916,5,1195.8,25111.8
INV9569,2025-04-26,Infosys Services,CUST-819,24053,12,2886.36,26939.36
INV9570,2025-04-27,Wipro Digital,CUST-820,24190,18,4354.2,28544.2
INV9571,2025-04-28,Adani Ports & SEZ,CUST-821,24327,28,6811.56,31138.56
INV9572,2025-04-01,Mahindra Spares,CUST-822,24464,5,1223.2,25687.2
INV9573,2025-04-02,Larsen Industrial,CUST-823,24601,12,2952.12,27553.12
INV9574,2025-04-03,Bajaj Electricals,CUST-824,24738,18,4452.84,29190.84
INV9575,2025-04-04,Godrej Agrovet,CUST-825,24875,28,6965,31840
INV9576,2025-04-05,Hindustan Traders,CUST-826,25012,5,1250.6,26262.6
INV9577,2025-04-06,Zomato Logistics,CUST-827,25149,12,3017.88,28166.88
INV9578,2025-04-07,Swiggy Kitchens,CUST-828,25286,18,4551.48,29837.48
INV9579,2025-04-08,Delhivery Express,CUST-829,25423,28,7118.44,32541.44
INV9580,2025-04-09,ABC Ltd,CUST-830,25560,5,1278,26838
INV9581,2025-04-10,XYZ Corp,CUST-831,25697,12,3083.64,28780.64
INV9582,2025-04-11,Global Mart,CUST-832,25834,18,4650.12,30484.12
INV9583,2025-04-12,Tech Solutions,CUST-833,25971,28,7271.88,33242.88
INV9584,2025-04-13,Office Hub,CUST-834,26108,5,1305.4,27413.4
INV9585,2025-04-14,Retail One,CUST-835,26245,12,3149.4,29394.4
INV9586,2025-04-15,Bharat Logistics,CUST-836,26382,18,4748.76,31130.76
INV9587,2025-04-16,Tata Enterprises,CUST-837,26519,28,7425.32,33944.32
INV9588,2025-04-17,Reliance Supply,CUST-838,26656,5,1332.8,27988.8
INV9589,2025-04-18,Infosys Services,CUST-839,26793,12,3215.16,30008.16
INV9590,2025-04-19,Wipro Digital,CUST-840,26930,18,4847.4,31777.4
INV9591,2025-04-20,Adani Ports & SEZ,CUST-841,27067,28,7578.76,34645.76
INV9592,2025-04-21,Mahindra Spares,CUST-842,27204,5,1360.2,28564.2
INV9593,2025-04-22,Larsen Industrial,CUST-843,27341,12,3280.92,30621.92
INV9594,2025-04-23,Bajaj Electricals,CUST-844,27478,18,4946.04,32424.04
INV9595,2025-04-24,Godrej Agrovet,CUST-845,27615,28,7732.2,35347.2
INV9596,2025-04-25,Hindustan Traders,CUST-846,27752,5,1387.6,29139.6
INV9597,2025-04-26,Zomato Logistics,CUST-847,27889,12,3346.68,31235.68
INV9598,2025-04-27,Swiggy Kitchens,CUST-848,28026,18,5044.68,33070.68
INV9599,2025-04-28,Delhivery Express,CUST-849,28163,28,7885.64,36048.64
INV9600,2025-04-01,ABC Ltd,CUST-850,28300,5,1415,29715
INV9601,2025-04-02,XYZ Corp,CUST-851,28437,12,3412.44,31849.44
INV9602,2025-04-03,Global Mart,CUST-852,28574,18,5143.32,33717.32
INV9603,2025-04-04,Tech Solutions,CUST-853,28711,28,8039.08,36750.08
INV9604,2025-04-05,Office Hub,CUST-854,28848,5,1442.4,30290.4
INV9605,2025-04-06,Retail One,CUST-855,28985,12,3478.2,32463.2
INV9606,2025-04-07,Bharat Logistics,CUST-856,29122,18,5241.96,34363.96
INV9607,2025-04-08,Tata Enterprises,CUST-857,29259,28,8192.52,37451.52
INV9608,2025-04-09,Reliance Supply,CUST-858,29396,5,1469.8,30865.8
INV9609,2025-04-10,Infosys Services,CUST-859,29533,12,3543.96,33076.96
INV9610,2025-04-11,Wipro Digital,CUST-860,29670,18,5340.6,35010.6
INV9611,2025-04-12,Adani Ports & SEZ,CUST-861,29807,28,8345.96,38152.96
INV9612,2025-04-13,Mahindra Spares,CUST-862,29944,5,1497.2,31441.2
INV9613,2025-04-14,Larsen Industrial,CUST-863,30081,12,3609.72,33690.72
INV9614,2025-04-15,Bajaj Electricals,CUST-864,30218,18,5439.24,35657.24
INV9615,2025-04-16,Godrej Agrovet,CUST-865,30355,28,8499.4,38854.4
INV9616,2025-04-17,Hindustan Traders,CUST-866,30492,5,1524.6,32016.6
INV9617,2025-04-18,Zomato Logistics,CUST-867,30629,12,3675.48,34304.48
INV9618,2025-04-19,Swiggy Kitchens,CUST-868,30766,18,5537.88,36303.88
INV9619,2025-04-20,Delhivery Express,CUST-869,30903,28,8652.84,39555.84
INV9620,2025-04-21,ABC Ltd,CUST-870,31040,5,1552,32592
INV9621,2025-04-22,XYZ Corp,CUST-871,31177,12,3741.24,34918.24
INV9622,2025-04-23,Global Mart,CUST-872,31314,18,5636.52,36950.52
INV9623,2025-04-24,Tech Solutions,CUST-873,31451,28,8806.28,40257.28
INV9624,2025-04-25,Office Hub,CUST-874,31588,5,1579.4,33167.4
INV9625,2025-04-26,Retail One,CUST-875,31725,12,3807,35532
INV9626,2025-04-27,Bharat Logistics,CUST-876,31862,18,5735.16,37597.16
INV9627,2025-04-28,Tata Enterprises,CUST-877,31999,28,8959.72,40958.72
INV9628,2025-04-01,Reliance Supply,CUST-878,32136,5,1606.8,33742.8
INV9629,2025-04-02,Infosys Services,CUST-879,32273,12,3872.76,36145.76
INV9630,2025-04-03,Wipro Digital,CUST-880,32410,18,5833.8,38243.8
INV9631,2025-04-04,Adani Ports & SEZ,CUST-881,32547,28,9113.16,41660.16
INV9632,2025-04-05,Mahindra Spares,CUST-882,32684,5,1634.2,34318.2
INV9633,2025-04-06,Larsen Industrial,CUST-883,32821,12,3938.52,36759.52
INV9634,2025-04-07,Bajaj Electricals,CUST-884,32958,18,5932.44,38890.44
INV9635,2025-04-08,Godrej Agrovet,CUST-885,33095,28,9266.6,42361.6
INV9636,2025-04-09,Hindustan Traders,CUST-886,33232,5,1661.6,34893.6
INV9637,2025-04-10,Zomato Logistics,CUST-887,33369,12,4004.28,37373.28
INV9638,2025-04-11,Swiggy Kitchens,CUST-888,33506,18,6031.08,39537.08
INV9639,2025-04-12,Delhivery Express,CUST-889,33643,28,9420.04,43063.04
INV9640,2025-04-13,ABC Ltd,CUST-890,33780,5,1689,35469
INV9641,2025-04-14,XYZ Corp,CUST-891,33917,12,4070.04,37987.04
INV9642,2025-04-15,Global Mart,CUST-892,34054,18,6129.72,40183.72
INV9643,2025-04-16,Tech Solutions,CUST-893,34191,28,9573.48,43764.48
INV9644,2025-04-17,Office Hub,CUST-894,34328,5,1716.4,36044.4
INV9645,2025-04-18,Retail One,CUST-895,34465,12,4135.8,38600.8
INV9646,2025-04-19,Bharat Logistics,CUST-896,34602,18,6228.36,40830.36
INV9647,2025-04-20,Tata Enterprises,CUST-897,34739,28,9726.92,44465.92
INV9648,2025-04-21,Reliance Supply,CUST-898,34876,5,1743.8,36619.8
INV9649,2025-04-22,Infosys Services,CUST-899,35013,12,4201.56,39214.56
INV9650,2025-04-23,Wipro Digital,CUST-900,35150,18,6327,41477
INV9651,2025-04-24,Adani Ports & SEZ,CUST-901,35287,28,9880.36,45167.36
INV9652,2025-04-25,Mahindra Spares,CUST-902,35424,5,1771.2,37195.2
INV9653,2025-04-26,Larsen Industrial,CUST-903,35561,12,4267.32,39828.32
INV9654,2025-04-27,Bajaj Electricals,CUST-904,35698,18,6425.64,42123.64
INV9655,2025-04-28,Godrej Agrovet,CUST-905,35835,28,10033.8,45868.8
INV9656,2025-04-01,Hindustan Traders,CUST-906,35972,5,1798.6,37770.6
INV9657,2025-04-02,Zomato Logistics,CUST-907,36109,12,4333.08,40442.08
INV9658,2025-04-03,Swiggy Kitchens,CUST-908,36246,18,6524.28,42770.28
INV9659,2025-04-04,Delhivery Express,CUST-909,36383,28,10187.24,46570.24
INV9660,2025-04-05,ABC Ltd,CUST-910,36520,5,1826,38346
INV9661,2025-04-06,XYZ Corp,CUST-911,36657,12,4398.84,41055.84
INV9662,2025-04-07,Global Mart,CUST-912,36794,18,6622.92,43416.92
INV9663,2025-04-08,Tech Solutions,CUST-913,36931,28,10340.68,47271.68
INV9664,2025-04-09,Office Hub,CUST-914,37068,5,1853.4,38921.4
INV9665,2025-04-10,Retail One,CUST-915,37205,12,4464.6,41669.6
INV9666,2025-04-11,Bharat Logistics,CUST-916,37342,18,6721.56,44063.56
INV9667,2025-04-12,Tata Enterprises,CUST-917,37479,28,10494.12,47973.12
INV9668,2025-04-13,Reliance Supply,CUST-918,37616,5,1880.8,39496.8
INV9669,2025-04-14,Infosys Services,CUST-919,37753,12,4530.36,42283.36
INV9670,2025-04-15,Wipro Digital,CUST-920,37890,18,6820.2,44710.2
INV9671,2025-04-16,Adani Ports & SEZ,CUST-921,38027,28,10647.56,48674.56
INV9672,2025-04-17,Mahindra Spares,CUST-922,38164,5,1908.2,40072.2
INV9673,2025-04-18,Larsen Industrial,CUST-923,38301,12,4596.12,42897.12
INV9674,2025-04-19,Bajaj Electricals,CUST-924,38438,18,6918.84,45356.84
INV9675,2025-04-20,Godrej Agrovet,CUST-925,38575,28,10801,49376
INV9676,2025-04-21,Hindustan Traders,CUST-926,38712,5,1935.6,40647.6
INV9677,2025-04-22,Zomato Logistics,CUST-927,38849,12,4661.88,43510.88
INV9678,2025-04-23,Swiggy Kitchens,CUST-928,38986,18,7017.48,46003.48
INV9679,2025-04-24,Delhivery Express,CUST-929,39123,28,10954.44,50077.44
INV9680,2025-04-25,ABC Ltd,CUST-930,39260,5,1963,41223
INV9681,2025-04-26,XYZ Corp,CUST-931,39397,12,4727.64,44124.64
INV9682,2025-04-27,Global Mart,CUST-932,39534,18,7116.12,46650.12
INV9683,2025-04-28,Tech Solutions,CUST-933,39671,28,11107.88,50778.88
INV9684,2025-04-01,Office Hub,CUST-934,39808,5,1990.4,41798.4
INV9685,2025-04-02,Retail One,CUST-935,39945,12,4793.4,44738.4
INV9686,2025-04-03,Bharat Logistics,CUST-936,40082,18,7214.76,47296.76
INV9687,2025-04-04,Tata Enterprises,CUST-937,40219,28,11261.32,51480.32
INV9688,2025-04-05,Reliance Supply,CUST-938,40356,5,2017.8,42373.8
INV9689,2025-04-06,Infosys Services,CUST-939,40493,12,4859.16,45352.16
INV9690,2025-04-07,Wipro Digital,CUST-940,40630,18,7313.4,47943.4
INV9691,2025-04-08,Adani Ports & SEZ,CUST-941,40767,28,11414.76,52181.76
INV9692,2025-04-09,Mahindra Spares,CUST-942,40904,5,2045.2,42949.2
INV9693,2025-04-10,Larsen Industrial,CUST-943,41041,12,4924.92,45965.92
INV9694,2025-04-11,Bajaj Electricals,CUST-944,41178,18,7412.04,48590.04
INV9695,2025-04-12,Godrej Agrovet,CUST-945,41315,28,11568.2,52883.2
INV9696,2025-04-13,Hindustan Traders,CUST-946,41452,5,2072.6,43524.6
INV9697,2025-04-14,Zomato Logistics,CUST-947,41589,12,4990.68,46579.68
INV9698,2025-04-15,Swiggy Kitchens,CUST-948,41726,18,7510.68,49236.68
INV9699,2025-04-16,Delhivery Express,CUST-949,41863,28,11721.64,53584.64
INV9700,2025-04-17,ABC Ltd,CUST-100,1050000,5,52500,1102500
INV9701,2025-04-18,XYZ Corp,CUST-101,42137,12,5056.44,47193.44
INV9702,2025-04-19,Global Mart,CUST-102,42274,18,7609.32,49883.32
INV9703,2025-04-20,Tech Solutions,CUST-103,42411,28,11875.08,54286.08
INV9704,2025-04-21,Office Hub,CUST-104,42548,5,2127.4,44675.4
INV9705,2025-04-22,Retail One,CUST-105,42685,12,5122.2,47807.2
INV9706,2025-04-23,Bharat Logistics,CUST-106,42822,18,7707.96,50529.96
INV9707,2025-04-24,Tata Enterprises,CUST-107,42959,28,12028.52,54987.52
INV9708,2025-04-25,Reliance Supply,CUST-108,43096,5,2154.8,45250.8
INV9709,2025-04-26,Infosys Services,CUST-109,43233,12,5187.96,48420.96
INV9710,2025-04-27,Wipro Digital,CUST-110,43370,18,7806.6,51176.6
INV9711,2025-04-28,Adani Ports & SEZ,CUST-111,43507,28,12181.96,55688.96
INV9712,2025-04-01,Mahindra Spares,CUST-112,43644,5,2182.2,45826.2
INV9713,2025-04-02,Larsen Industrial,CUST-113,43781,12,5253.72,49034.72
INV9714,2025-04-03,Bajaj Electricals,CUST-114,43918,18,7905.24,51823.24
INV9715,2025-04-04,Godrej Agrovet,CUST-115,44055,28,12335.4,56390.4
INV9716,2025-04-05,Hindustan Traders,CUST-116,44192,5,2209.6,46401.6
INV9717,2025-04-06,Zomato Logistics,CUST-117,44329,12,5319.48,49648.48
INV9718,2025-04-07,Swiggy Kitchens,CUST-118,44466,18,8003.88,52469.88
INV9719,2025-04-08,Delhivery Express,CUST-119,44603,28,12488.84,57091.84
INV9720,2025-04-09,ABC Ltd,CUST-120,44740,5,2237,46977
INV9721,2025-04-10,XYZ Corp,CUST-121,44877,12,5385.24,50262.24
INV9722,2025-04-11,Global Mart,CUST-122,45014,18,8102.52,53116.52
INV9723,2025-04-12,Tech Solutions,CUST-123,45151,28,12642.28,57793.28
INV9724,2025-04-13,Office Hub,CUST-124,45288,5,2264.4,47552.4
INV9725,2025-04-14,Retail One,CUST-125,45425,12,5451,50876
INV9726,2025-04-15,Bharat Logistics,CUST-126,45562,18,8201.16,53763.16
INV9727,2025-04-16,Tata Enterprises,CUST-127,45699,28,12795.72,58494.72
INV9728,2025-04-17,Reliance Supply,CUST-128,45836,5,2291.8,48127.8
INV9729,2025-04-18,Infosys Services,CUST-129,45973,12,5516.76,51489.76
INV9730,2025-04-19,Wipro Digital,CUST-130,46110,18,8299.8,54409.8
INV9731,2025-04-20,Adani Ports & SEZ,CUST-131,46247,28,12949.16,59196.16
INV9732,2025-04-21,Mahindra Spares,CUST-132,46384,5,2319.2,48703.2
INV9733,2025-04-22,Larsen Industrial,CUST-133,46521,12,5582.52,52103.52
INV9734,2025-04-23,Bajaj Electricals,CUST-134,46658,18,8398.44,55056.44
INV9735,2025-04-24,Godrej Agrovet,CUST-135,46795,28,13102.6,59897.6
INV9736,2025-04-25,Hindustan Traders,CUST-136,46932,5,2346.6,49278.6
INV9737,2025-04-26,Zomato Logistics,CUST-137,47069,12,5648.28,52717.28
INV9738,2025-04-27,Swiggy Kitchens,CUST-138,47206,18,8497.08,55703.08
INV9739,2025-04-28,Delhivery Express,CUST-139,47343,28,13256.04,60599.04
INV9740,2025-04-01,ABC Ltd,CUST-140,47480,5,2374,49854
INV9741,2025-04-02,XYZ Corp,CUST-141,47617,12,5714.04,53331.04
INV9742,2025-04-03,Global Mart,CUST-142,47754,18,8595.72,56349.72
INV9743,2025-04-04,Tech Solutions,CUST-143,47891,28,13409.48,61300.48
INV9744,2025-04-05,Office Hub,CUST-144,48028,5,2401.4,50429.4
INV9745,2025-04-06,Retail One,CUST-145,48165,12,5779.8,53944.8
INV9746,2025-04-07,Bharat Logistics,CUST-146,48302,18,8694.36,56996.36
INV9747,2025-04-08,Tata Enterprises,CUST-147,48439,28,13562.92,62001.92
INV9748,2025-04-09,Reliance Supply,CUST-148,48576,5,2428.8,51004.8
INV9749,2025-04-10,Infosys Services,CUST-149,48713,12,5845.56,54558.56
INV9750,2025-04-11,Wipro Digital,CUST-150,48850,18,8793,57643
INV9751,2025-04-12,Adani Ports & SEZ,CUST-151,48987,28,13716.36,62703.36
INV9752,2025-04-13,Mahindra Spares,CUST-152,49124,5,2456.2,51580.2
INV9753,2025-04-14,Larsen Industrial,CUST-153,49261,12,5911.32,55172.32
INV9754,2025-04-15,Bajaj Electricals,CUST-154,49398,18,8891.64,58289.64
INV9755,2025-04-16,Godrej Agrovet,CUST-155,49535,28,13869.8,63404.8
INV9756,2025-04-17,Hindustan Traders,CUST-156,49672,5,2483.6,52155.6
INV9757,2025-04-18,Zomato Logistics,CUST-157,49809,12,5977.08,55786.08
INV9758,2025-04-19,Swiggy Kitchens,CUST-158,49946,18,8990.28,58936.28
INV9759,2025-04-20,Delhivery Express,CUST-159,50083,28,14023.24,64106.24
INV9760,2025-04-21,ABC Ltd,CUST-160,50220,5,2511,52731
INV9761,2025-04-22,XYZ Corp,CUST-161,50357,12,6042.84,56399.84
INV9762,2025-04-23,Global Mart,CUST-162,50494,18,9088.92,59582.92
INV9763,2025-04-24,Tech Solutions,CUST-163,50631,28,14176.68,64807.68
INV9764,2025-04-25,Office Hub,CUST-164,50768,5,2538.4,53306.4
INV9765,2025-04-26,Retail One,CUST-165,50905,12,6108.6,57013.6
INV9766,2025-04-27,Bharat Logistics,CUST-166,51042,18,9187.56,60229.56
INV9767,2025-04-28,Tata Enterprises,CUST-167,51179,28,14330.12,65509.12
INV9768,2025-04-01,Reliance Supply,CUST-168,51316,5,2565.8,53881.8
INV9769,2025-04-02,Infosys Services,CUST-169,51453,12,6174.36,57627.36
INV9770,2025-04-03,Wipro Digital,CUST-170,51590,18,9286.2,60876.2
INV9771,2025-04-04,Adani Ports & SEZ,CUST-171,51727,28,14483.56,66210.56
INV9772,2025-04-05,Mahindra Spares,CUST-172,51864,5,2593.2,54457.2
INV9773,2025-04-06,Larsen Industrial,CUST-173,52001,12,6240.12,58241.12
INV9774,2025-04-07,Bajaj Electricals,CUST-174,52138,18,9384.84,61522.84
INV9775,2025-04-08,Godrej Agrovet,CUST-175,52275,28,14637,66912
INV9776,2025-04-09,Hindustan Traders,CUST-176,52412,5,2620.6,55032.6
INV9777,2025-04-10,Zomato Logistics,CUST-177,52549,12,6305.88,58854.88
INV9778,2025-04-11,Swiggy Kitchens,CUST-178,52686,18,9483.48,62169.48
INV9779,2025-04-12,Delhivery Express,CUST-179,52823,28,14790.44,67613.44
INV9780,2025-04-13,ABC Ltd,CUST-180,52960,5,2648,55608
INV9781,2025-04-14,XYZ Corp,CUST-181,53097,12,6371.64,59468.64
INV9782,2025-04-15,Global Mart,CUST-182,53234,18,9582.12,62816.12
INV9783,2025-04-16,Tech Solutions,CUST-183,53371,28,14943.88,68314.88
INV9784,2025-04-17,Office Hub,CUST-184,53508,5,2675.4,56183.4
INV9785,2025-04-18,Retail One,CUST-185,53645,12,6437.4,60082.4
INV9786,2025-04-19,Bharat Logistics,CUST-186,53782,18,9680.76,63462.76
INV9787,2025-04-20,Tata Enterprises,CUST-187,53919,28,15097.32,69016.32
INV9788,2025-04-21,Reliance Supply,CUST-188,54056,5,2702.8,56758.8
INV9789,2025-04-22,Infosys Services,CUST-189,54193,12,6503.16,60696.16
INV9790,2025-04-23,Wipro Digital,CUST-190,54330,18,9779.4,64109.4
INV9791,2025-04-24,Adani Ports & SEZ,CUST-191,54467,28,15250.76,69717.76
INV9792,2025-04-25,Mahindra Spares,CUST-192,54604,5,2730.2,57334.2
INV9793,2025-04-26,Larsen Industrial,CUST-193,54741,12,6568.92,61309.92
INV9794,2025-04-27,Bajaj Electricals,CUST-194,54878,18,9878.04,64756.04
INV9795,2025-04-28,Godrej Agrovet,CUST-195,55015,28,15404.2,70419.2
INV9796,2025-04-01,Hindustan Traders,CUST-196,55152,5,2757.6,57909.6
INV9797,2025-04-02,Zomato Logistics,CUST-197,55289,12,6634.68,61923.68
INV9798,2025-04-03,Swiggy Kitchens,CUST-198,55426,18,9976.68,65402.68
INV9799,2025-04-04,Delhivery Express,CUST-199,55563,28,15557.64,71120.64
INV9800,2025-04-05,ABC Ltd,CUST-200,55700,5,2785,58485
INV9801,2025-04-06,XYZ Corp,CUST-201,55837,12,6700.44,62537.44
INV9802,2025-04-07,Global Mart,CUST-202,55974,18,10075.32,66049.32
INV9803,2025-04-08,Tech Solutions,CUST-203,56111,28,15711.08,71822.08
INV9804,2025-04-09,Office Hub,CUST-204,56248,5,2812.4,59060.4
INV9805,2025-04-10,Retail One,CUST-205,56385,12,6766.2,63151.2
INV9806,2025-04-11,Bharat Logistics,CUST-206,56522,18,10173.96,66695.96
INV9807,2025-04-12,Tata Enterprises,CUST-207,56659,28,15864.52,72523.52
INV9808,2025-04-13,Reliance Supply,CUST-208,56796,5,2839.8,59635.8
INV9809,2025-04-14,Infosys Services,CUST-209,56933,12,6831.96,63764.96
INV9810,2025-04-15,Wipro Digital,CUST-210,57070,18,10272.6,67342.6
INV9811,2025-04-16,Adani Ports & SEZ,CUST-211,57207,28,16017.96,73224.96
INV9812,2025-04-17,Mahindra Spares,CUST-212,57344,5,2867.2,60211.2
INV9813,2025-04-18,Larsen Industrial,CUST-213,57481,12,6897.72,64378.72
INV9814,2025-04-19,Bajaj Electricals,CUST-214,57618,18,10371.24,67989.24
INV9815,2025-04-20,Godrej Agrovet,CUST-215,57755,28,16171.4,73926.4
INV9816,2025-04-21,Hindustan Traders,CUST-216,57892,5,2894.6,60786.6
INV9817,2025-04-22,Zomato Logistics,CUST-217,58029,12,6963.48,64992.48
INV9818,2025-04-23,Swiggy Kitchens,CUST-218,58166,18,10469.88,68635.88
INV9819,2025-04-24,Delhivery Express,CUST-219,58303,28,16324.84,74627.84
INV9820,2025-04-25,ABC Ltd,CUST-220,58440,5,2922,61362
INV9821,2025-04-26,XYZ Corp,CUST-221,58577,12,7029.24,65606.24
INV9822,2025-04-27,Global Mart,CUST-222,58714,18,10568.52,69282.52
INV9823,2025-04-28,Tech Solutions,CUST-223,58851,28,16478.28,75329.28
INV9824,2025-04-01,Office Hub,CUST-224,58988,5,2949.4,61937.4
INV9825,2025-04-02,Retail One,CUST-225,59125,12,7095,66220
INV9826,2025-04-03,Bharat Logistics,CUST-226,59262,18,10667.16,69929.16
INV9827,2025-04-04,Tata Enterprises,CUST-227,59399,28,16631.72,76030.72
INV9828,2025-04-05,Reliance Supply,CUST-228,59536,5,2976.8,62512.8
INV9829,2025-04-06,Infosys Services,CUST-229,59673,12,7160.76,66833.76
INV9830,2025-04-07,Wipro Digital,CUST-230,59810,18,10765.8,70575.8
INV9831,2025-04-08,Adani Ports & SEZ,CUST-231,59947,28,16785.16,76732.16
INV9832,2025-04-09,Mahindra Spares,CUST-232,60084,5,3004.2,63088.2
INV9833,2025-04-10,Larsen Industrial,CUST-233,60221,12,7226.52,67447.52
INV9834,2025-04-11,Bajaj Electricals,CUST-234,60358,18,10864.44,71222.44
INV9835,2025-04-12,Godrej Agrovet,CUST-235,60495,28,16938.6,77433.6
INV9836,2025-04-13,Hindustan Traders,CUST-236,60632,5,3031.6,63663.6
INV9837,2025-04-14,Zomato Logistics,CUST-237,60769,12,7292.28,68061.28
INV9838,2025-04-15,Swiggy Kitchens,CUST-238,60906,18,10963.08,71869.08
INV9839,2025-04-16,Delhivery Express,CUST-239,61043,28,17092.04,78135.04
INV9840,2025-04-17,ABC Ltd,CUST-240,61180,5,3059,64239
INV9841,2025-04-18,XYZ Corp,CUST-241,61317,12,7358.04,68675.04
INV9842,2025-04-19,Global Mart,CUST-242,61454,18,11061.72,72515.72
INV9843,2025-04-20,Tech Solutions,CUST-243,61591,28,17245.48,78836.48
INV9844,2025-04-21,Office Hub,CUST-244,61728,5,3086.4,64814.4
INV9845,2025-04-22,Retail One,CUST-245,61865,12,7423.8,69288.8
INV9846,2025-04-23,Bharat Logistics,CUST-246,62002,18,11160.36,73162.36
INV9847,2025-04-24,Tata Enterprises,CUST-247,62139,28,17398.92,79537.92
INV9848,2025-04-25,Reliance Supply,CUST-248,62276,5,3113.8,65389.8
INV9849,2025-04-26,Infosys Services,CUST-249,62413,12,7489.56,69902.56
INV9850,2025-04-27,Wipro Digital,CUST-250,62550,18,11259,73809
INV9851,2025-04-28,Adani Ports & SEZ,CUST-251,62687,28,17552.36,80239.36
INV9852,2025-04-01,Mahindra Spares,CUST-252,62824,5,3141.2,65965.2
INV9853,2025-04-02,Larsen Industrial,CUST-253,62961,12,7555.32,70516.32
INV9854,2025-04-03,Bajaj Electricals,CUST-254,63098,18,11357.64,74455.64
INV9855,2025-04-04,Godrej Agrovet,CUST-255,63235,28,17705.8,80940.8
INV9856,2025-04-05,Hindustan Traders,CUST-256,63372,5,3168.6,66540.6
INV9857,2025-04-06,Zomato Logistics,CUST-257,63509,12,7621.08,71130.08
INV9858,2025-04-07,Swiggy Kitchens,CUST-258,63646,18,11456.28,75102.28
INV9859,2025-04-08,Delhivery Express,CUST-259,63783,28,17859.24,81642.24
INV9860,2025-04-09,ABC Ltd,CUST-260,63920,5,3196,67116
INV9861,2025-04-10,XYZ Corp,CUST-261,64057,12,7686.84,71743.84
INV9862,2025-04-11,Global Mart,CUST-262,64194,18,11554.92,75748.92
INV9863,2025-04-12,Tech Solutions,CUST-263,64331,28,18012.68,82343.68
INV9864,2025-04-13,Office Hub,CUST-264,64468,5,3223.4,67691.4
INV9865,2025-04-14,Retail One,CUST-265,64605,12,7752.6,72357.6
INV9866,2025-04-15,Bharat Logistics,CUST-266,64742,18,11653.56,76395.56
INV9867,2025-04-16,Tata Enterprises,CUST-267,64879,28,18166.12,83045.12
INV9868,2025-04-17,Reliance Supply,CUST-268,65016,5,3250.8,68266.8
INV9869,2025-04-18,Infosys Services,CUST-269,65153,12,7818.36,72971.36
INV9870,2025-04-19,Wipro Digital,CUST-270,65290,18,11752.2,77042.2
INV9871,2025-04-20,Adani Ports & SEZ,CUST-271,65427,28,18319.56,83746.56
INV9872,2025-04-21,Mahindra Spares,CUST-272,65564,5,3278.2,68842.2
INV9873,2025-04-22,Larsen Industrial,CUST-273,65701,12,7884.12,73585.12
INV9874,2025-04-23,Bajaj Electricals,CUST-274,65838,18,11850.84,77688.84
INV9875,2025-04-24,Godrej Agrovet,CUST-275,65975,28,18473,84448
INV9876,2025-04-25,Hindustan Traders,CUST-276,66112,5,3305.6,69417.6
INV9877,2025-04-26,Zomato Logistics,CUST-277,66249,12,7949.88,74198.88
INV9878,2025-04-27,Swiggy Kitchens,CUST-278,66386,18,11949.48,78335.48
INV9879,2025-04-28,Delhivery Express,CUST-279,66523,28,18626.44,85149.44
INV9880,2025-04-01,ABC Ltd,CUST-280,66660,5,3333,69993
INV9881,2025-04-02,XYZ Corp,CUST-281,66797,12,8015.64,74812.64
INV9882,2025-04-03,Global Mart,CUST-282,66934,18,12048.12,78982.12
INV9883,2025-04-04,Tech Solutions,CUST-283,67071,28,18779.88,85850.88
INV9884,2025-04-05,Office Hub,CUST-284,67208,5,3360.4,70568.4
INV9885,2025-04-06,Retail One,CUST-285,67345,12,8081.4,75426.4
INV9886,2025-04-07,Bharat Logistics,CUST-286,67482,18,12146.76,79628.76
INV9887,2025-04-08,Tata Enterprises,CUST-287,67619,28,18933.32,86552.32
INV9888,2025-04-09,Reliance Supply,CUST-288,67756,5,3387.8,71143.8
INV9889,2025-04-10,Infosys Services,CUST-289,67893,12,8147.16,76040.16
INV9890,2025-04-11,Wipro Digital,CUST-290,68030,18,12245.4,80275.4
INV9891,2025-04-12,Adani Ports & SEZ,CUST-291,68167,28,19086.76,87253.76
INV9892,2025-04-13,Mahindra Spares,CUST-292,68304,5,3415.2,71719.2
INV9893,2025-04-14,Larsen Industrial,CUST-293,68441,12,8212.92,76653.92
INV9894,2025-04-15,Bajaj Electricals,CUST-294,68578,18,12344.04,80922.04
INV9895,2025-04-16,Godrej Agrovet,CUST-295,68715,28,19240.2,87955.2
INV9896,2025-04-17,Hindustan Traders,CUST-296,68852,5,3442.6,72294.6
INV9897,2025-04-18,Zomato Logistics,CUST-297,68989,12,8278.68,77267.68
INV9898,2025-04-19,Swiggy Kitchens,CUST-298,69126,18,12442.68,81568.68
INV9899,2025-04-20,Delhivery Express,CUST-299,69263,28,19393.64,88656.64
INV9900,2025-04-21,ABC Ltd,CUST-300,69400,5,3470,72870
INV9901,2025-04-22,XYZ Corp,CUST-301,69537,12,8344.44,77881.44
INV9902,2025-04-23,Global Mart,CUST-302,69674,18,12541.32,82215.32
INV9903,2025-04-24,Tech Solutions,CUST-303,69811,28,19547.08,89358.08
INV9904,2025-04-25,Office Hub,CUST-304,69948,5,3497.4,73445.4
INV9905,2025-04-26,Retail One,CUST-305,70085,12,8410.2,78495.2
INV9906,2025-04-27,Bharat Logistics,CUST-306,70222,18,12639.96,82861.96
INV9907,2025-04-28,Tata Enterprises,CUST-307,70359,28,19700.52,90059.52
INV9908,2025-04-01,Reliance Supply,CUST-308,70496,5,3524.8,74020.8
INV9909,2025-04-02,Infosys Services,CUST-309,70633,12,8475.96,79108.96
INV9910,2025-04-03,Wipro Digital,CUST-310,70770,18,12738.6,83508.6
INV9911,2025-04-04,Adani Ports & SEZ,CUST-311,70907,28,19853.96,90760.96
INV9912,2025-04-05,Mahindra Spares,CUST-312,71044,5,3552.2,74596.2
INV9913,2025-04-06,Larsen Industrial,CUST-313,71181,12,8541.72,79722.72
INV9914,2025-04-07,Bajaj Electricals,CUST-314,71318,18,12837.24,84155.24
INV9915,2025-04-08,Godrej Agrovet,CUST-315,71455,28,20007.4,91462.4
INV9916,2025-04-09,Hindustan Traders,CUST-316,71592,5,3579.6,75171.6
INV9917,2025-04-10,Zomato Logistics,CUST-317,71729,12,8607.48,80336.48
INV9918,2025-04-11,Swiggy Kitchens,CUST-318,71866,18,12935.88,84801.88
INV9919,2025-04-12,Delhivery Express,CUST-319,72003,28,20160.84,92163.84
INV9920,2025-04-13,ABC Ltd,CUST-320,72140,5,3607,75747
INV9921,2025-04-14,XYZ Corp,CUST-321,72277,12,8673.24,80950.24
INV9922,2025-04-15,Global Mart,CUST-322,72414,18,13034.52,85448.52
INV9923,2025-04-16,Tech Solutions,CUST-323,72551,28,20314.28,92865.28
INV9924,2025-04-17,Office Hub,CUST-324,72688,5,3634.4,76322.4
INV9925,2025-04-18,Retail One,CUST-325,72825,12,8739,81564
INV9926,2025-04-19,Bharat Logistics,CUST-326,72962,18,13133.16,86095.16
INV9927,2025-04-20,Tata Enterprises,CUST-327,73099,28,20467.72,93566.72
INV9928,2025-04-21,Reliance Supply,CUST-328,73236,5,3661.8,76897.8
INV9929,2025-04-22,Infosys Services,CUST-329,73373,12,8804.76,82177.76
INV9930,2025-04-23,Wipro Digital,CUST-330,73510,18,13231.8,86741.8
INV9931,2025-04-24,Adani Ports & SEZ,CUST-331,73647,28,20621.16,94268.16
INV9932,2025-04-25,Mahindra Spares,CUST-332,73784,5,3689.2,77473.2
INV9933,2025-04-26,Larsen Industrial,CUST-333,73921,12,8870.52,82791.52
INV9934,2025-04-27,Bajaj Electricals,CUST-334,74058,18,13330.44,87388.44
INV9935,2025-04-28,Godrej Agrovet,CUST-335,74195,28,20774.6,94969.6
INV9936,2025-04-01,Hindustan Traders,CUST-336,74332,5,3716.6,78048.6
INV9937,2025-04-02,Zomato Logistics,CUST-337,74469,12,8936.28,83405.28
INV9938,2025-04-03,Swiggy Kitchens,CUST-338,74606,18,13429.08,88035.08
INV9939,2025-04-04,Delhivery Express,CUST-339,74743,28,20928.04,95671.04
INV9940,2025-04-05,ABC Ltd,CUST-340,74880,5,3744,78624
INV9941,2025-04-06,XYZ Corp,CUST-341,75017,12,9002.04,84019.04
INV9942,2025-04-07,Global Mart,CUST-342,75154,18,13527.72,88681.72
INV9943,2025-04-08,Tech Solutions,CUST-343,75291,28,21081.48,96372.48
INV9944,2025-04-09,Office Hub,CUST-344,75428,5,3771.4,79199.4
INV9945,2025-04-10,Retail One,CUST-345,75565,12,9067.8,84632.8
INV9946,2025-04-11,Bharat Logistics,CUST-346,75702,18,13626.36,89328.36
INV9947,2025-04-12,Tata Enterprises,CUST-347,75839,28,21234.92,97073.92
INV9948,2025-04-13,Reliance Supply,CUST-348,75976,5,3798.8,79774.8
INV9949,2025-04-14,Infosys Services,CUST-349,76113,12,9133.56,85246.56
INV9950,2025-04-15,Wipro Digital,CUST-350,950000,18,171000,1121000
INV9951,2025-04-16,Adani Ports & SEZ,CUST-351,76387,28,21388.36,97775.36
INV9952,2025-04-17,Mahindra Spares,CUST-352,76524,5,3826.2,80350.2
INV9953,2025-04-18,Larsen Industrial,CUST-353,76661,12,9199.32,85860.32
INV9954,2025-04-19,Bajaj Electricals,CUST-354,76798,18,13823.64,90621.64
INV9955,2025-04-20,Godrej Agrovet,CUST-355,76935,28,21541.8,98476.8
INV9956,2025-04-21,Hindustan Traders,CUST-356,77072,5,3853.6,80925.6
INV9957,2025-04-22,Zomato Logistics,CUST-357,77209,12,9265.08,86474.08
INV9958,2025-04-23,Swiggy Kitchens,CUST-358,77346,18,13922.28,91268.28
INV9959,2025-04-24,Delhivery Express,CUST-359,77483,28,21695.24,99178.24
INV9960,2025-04-25,ABC Ltd,CUST-360,2620,5,131,2751
INV9961,2025-04-26,XYZ Corp,CUST-361,2757,12,330.84,3087.84
INV9962,2025-04-27,Global Mart,CUST-362,2894,18,520.92,3414.92
INV9963,2025-04-28,Tech Solutions,CUST-363,3031,28,848.68,3879.68
INV9964,2025-04-01,Office Hub,CUST-364,3168,5,158.4,3326.4
INV9965,2025-04-02,Retail One,CUST-365,3305,12,396.6,3701.6
INV9966,2025-04-03,Bharat Logistics,CUST-366,3442,18,619.56,4061.56
INV9967,2025-04-04,Tata Enterprises,CUST-367,3579,28,1002.12,4581.12
INV9968,2025-04-05,Reliance Supply,CUST-368,3716,5,185.8,3901.8
INV9969,2025-04-06,Infosys Services,CUST-369,3853,12,462.36,4315.36
INV9970,2025-04-07,Wipro Digital,CUST-370,3990,18,718.2,4708.2
INV9971,2025-04-08,Adani Ports & SEZ,CUST-371,4127,28,1155.56,5282.56
INV9972,2025-04-09,Mahindra Spares,CUST-372,4264,5,213.2,4477.2
INV9973,2025-04-10,Larsen Industrial,CUST-373,4401,12,528.12,4929.12
INV9974,2025-04-11,Bajaj Electricals,CUST-374,4538,18,816.84,5354.84
INV9975,2025-04-12,Godrej Agrovet,CUST-375,4675,28,1309,5984
INV9976,2025-04-13,Hindustan Traders,CUST-376,4812,5,240.6,5052.6
INV9977,2025-04-14,Zomato Logistics,CUST-377,4949,12,593.88,5542.88
INV9978,2025-04-15,Swiggy Kitchens,CUST-378,5086,18,915.48,6001.48
INV9979,2025-04-16,Delhivery Express,CUST-379,5223,28,1462.44,6685.44
INV9980,2025-04-17,ABC Ltd,CUST-380,5360,5,268,5628
INV9981,2025-04-18,XYZ Corp,CUST-381,5497,12,659.64,6156.64
INV9982,2025-04-19,Global Mart,CUST-382,5634,18,1014.12,6648.12
INV9983,2025-04-20,Tech Solutions,CUST-383,5771,28,1615.88,7386.88
INV9984,2025-04-21,Office Hub,CUST-384,5908,5,295.4,6203.4
INV9985,2025-04-22,Retail One,CUST-385,6045,12,725.4,6770.4
INV9986,2025-04-23,Bharat Logistics,CUST-386,6182,18,1112.76,7294.76
INV9987,2025-04-24,Tata Enterprises,CUST-387,6319,28,1769.32,8088.32
INV9988,2025-04-25,Reliance Supply,CUST-388,6456,5,322.8,6778.8
INV9989,2025-04-26,Infosys Services,CUST-389,6593,12,791.16,7384.16
INV9990,2025-04-27,Wipro Digital,CUST-390,6730,18,1211.4,7941.4
INV9991,2025-04-28,Adani Ports & SEZ,CUST-391,6867,28,1922.76,8789.76
INV9992,2025-04-01,Mahindra Spares,CUST-392,7004,5,350.2,7354.2
INV9993,2025-04-02,Larsen Industrial,CUST-393,7141,12,856.92,7997.92
INV9994,2025-04-03,Bajaj Electricals,CUST-394,7278,18,1310.04,8588.04
INV9995,2025-04-04,Godrej Agrovet,CUST-395,7415,28,2076.2,9491.2
INV9996,2025-04-05,Hindustan Traders,CUST-396,7552,5,377.6,7929.6
INV9997,2025-04-06,Zomato Logistics,CUST-397,7689,12,922.68,8611.68
INV9998,2025-04-07,Swiggy Kitchens,CUST-398,7826,18,1408.68,9234.68
INV9999,2025-04-08,Delhivery Express,CUST-399,7963,28,2229.64,10192.64
INV10000,2025-04-09,ABC Ltd,CUST-400,8100,5,405,8505
INV10001,2025-04-10,XYZ Corp,CUST-401,8237,12,988.44,9225.44
INV10002,2025-04-11,Global Mart,CUST-402,8374,18,1507.32,9881.32
INV10003,2025-04-12,Tech Solutions,CUST-403,8511,28,2383.08,10894.08
INV10004,2025-04-13,Office Hub,CUST-404,8648,5,432.4,9080.4
INV10005,2025-04-14,Retail One,CUST-405,8785,12,1054.2,9839.2
INV10006,2025-04-15,Bharat Logistics,CUST-406,8922,18,1605.96,10527.96
INV10007,2025-04-16,Tata Enterprises,CUST-407,9059,28,2536.52,11595.52
INV10008,2025-04-17,Reliance Supply,CUST-408,9196,5,459.8,9655.8
INV10009,2025-04-18,Infosys Services,CUST-409,9333,12,1119.96,10452.96
INV10010,2025-04-19,Wipro Digital,CUST-410,9470,18,1704.6,11174.6
INV10011,2025-04-20,Adani Ports & SEZ,CUST-411,9607,28,2689.96,12296.96
INV10012,2025-04-21,Mahindra Spares,CUST-412,9744,5,487.2,10231.2
INV10013,2025-04-22,Larsen Industrial,CUST-413,9881,12,1185.72,11066.72
INV10014,2025-04-23,Bajaj Electricals,CUST-414,10018,18,1803.24,11821.24
INV10015,2025-04-24,Godrej Agrovet,CUST-415,10155,28,2843.4,12998.4
INV10016,2025-04-25,Hindustan Traders,CUST-416,10292,5,514.6,10806.6
INV10017,2025-04-26,Zomato Logistics,CUST-417,10429,12,1251.48,11680.48
INV10018,2025-04-27,Swiggy Kitchens,CUST-418,10566,18,1901.88,12467.88
INV10019,2025-04-28,Delhivery Express,CUST-419,10703,28,2996.84,13699.84
INV10020,2025-04-01,ABC Ltd,CUST-420,10840,5,542,11382
INV10021,2025-04-02,XYZ Corp,CUST-421,10977,12,1317.24,12294.24
INV10022,2025-04-03,Global Mart,CUST-422,11114,18,2000.52,13114.52
INV10023,2025-04-04,Tech Solutions,CUST-423,11251,28,3150.28,14401.28
INV10024,2025-04-05,Office Hub,CUST-424,11388,5,569.4,11957.4
INV10025,2025-04-06,Retail One,CUST-425,11525,12,1383,12908
INV10026,2025-04-07,Bharat Logistics,CUST-426,11662,18,2099.16,13761.16
INV10027,2025-04-08,Tata Enterprises,CUST-427,11799,28,3303.72,15102.72
INV10028,2025-04-09,Reliance Supply,CUST-428,11936,5,596.8,12532.8
INV10029,2025-04-10,Infosys Services,CUST-429,12073,12,1448.76,13521.76
INV10030,2025-04-11,Wipro Digital,CUST-430,12210,18,2197.8,14407.8
INV10031,2025-04-12,Adani Ports & SEZ,CUST-431,12347,28,3457.16,15804.16
INV10032,2025-04-13,Mahindra Spares,CUST-432,12484,5,624.2,13108.2
INV10033,2025-04-14,Larsen Industrial,CUST-433,12621,12,1514.52,14135.52
INV10034,2025-04-15,Bajaj Electricals,CUST-434,12758,18,2296.44,15054.44
INV10035,2025-04-16,Godrej Agrovet,CUST-435,12895,28,3610.6,16505.6
INV10036,2025-04-17,Hindustan Traders,CUST-436,13032,5,651.6,13683.6
INV10037,2025-04-18,Zomato Logistics,CUST-437,13169,12,1580.28,14749.28
INV10038,2025-04-19,Swiggy Kitchens,CUST-438,13306,18,2395.08,15701.08
INV10039,2025-04-20,Delhivery Express,CUST-439,13443,28,3764.04,17207.04
INV10040,2025-04-21,ABC Ltd,CUST-440,13580,5,679,14259
INV10041,2025-04-22,XYZ Corp,CUST-441,13717,12,1646.04,15363.04
INV10042,2025-04-23,Global Mart,CUST-442,13854,18,2493.72,16347.72
INV10043,2025-04-24,Tech Solutions,CUST-443,13991,28,3917.48,17908.48
INV10044,2025-04-25,Office Hub,CUST-444,14128,5,706.4,14834.4
INV10045,2025-04-26,Retail One,CUST-445,14265,12,1711.8,15976.8
INV10046,2025-04-27,Bharat Logistics,CUST-446,14402,18,2592.36,16994.36
INV10047,2025-04-28,Tata Enterprises,CUST-447,14539,28,4070.92,18609.92
INV10048,2025-04-01,Reliance Supply,CUST-448,14676,5,733.8,15409.8
INV10049,2025-04-02,Infosys Services,CUST-449,14813,12,1777.56,16590.56
INV10050,2025-04-03,Wipro Digital,CUST-450,14950,18,2691,17641
INV10051,2025-04-04,Adani Ports & SEZ,CUST-451,15087,28,4224.36,19311.36
INV10052,2025-04-05,Mahindra Spares,CUST-452,15224,5,761.2,15985.2
INV10053,2025-04-06,Larsen Industrial,CUST-453,15361,12,1843.32,17204.32
INV10054,2025-04-07,Bajaj Electricals,CUST-454,15498,18,2789.64,18287.64
INV10055,2025-04-08,Godrej Agrovet,CUST-455,15635,28,4377.8,20012.8
INV10056,2025-04-09,Hindustan Traders,CUST-456,15772,5,788.6,16560.6
INV10057,2025-04-10,Zomato Logistics,CUST-457,15909,12,1909.08,17818.08
INV10058,2025-04-11,Swiggy Kitchens,CUST-458,16046,18,2888.28,18934.28
INV10059,2025-04-12,Delhivery Express,CUST-459,16183,28,4531.24,20714.24
INV10060,2025-04-13,ABC Ltd,CUST-460,16320,5,816,17136
INV10061,2025-04-14,XYZ Corp,CUST-461,16457,12,1974.84,18431.84
INV10062,2025-04-15,Global Mart,CUST-462,16594,18,2986.92,19580.92
INV10063,2025-04-16,Tech Solutions,CUST-463,16731,28,4684.68,21415.68
INV10064,2025-04-17,Office Hub,CUST-464,16868,5,843.4,17711.4
INV10065,2025-04-18,Retail One,CUST-465,17005,12,2040.6,19045.6
INV10066,2025-04-19,Bharat Logistics,CUST-466,17142,18,3085.56,20227.56
INV10067,2025-04-20,Tata Enterprises,CUST-467,17279,28,4838.12,22117.12
INV10068,2025-04-21,Reliance Supply,CUST-468,17416,5,870.8,18286.8
INV10069,2025-04-22,Infosys Services,CUST-469,17553,12,2106.36,19659.36
INV10070,2025-04-23,Wipro Digital,CUST-470,17690,18,3184.2,20874.2
INV10071,2025-04-24,Adani Ports & SEZ,CUST-471,17827,28,4991.56,22818.56
INV10072,2025-04-25,Mahindra Spares,CUST-472,17964,5,898.2,18862.2
INV10073,2025-04-26,Larsen Industrial,CUST-473,18101,12,2172.12,20273.12
INV10074,2025-04-27,Bajaj Electricals,CUST-474,18238,18,3282.84,21520.84
INV10075,2025-04-28,Godrej Agrovet,CUST-475,18375,28,5145,23520
INV10076,2025-04-01,Hindustan Traders,CUST-476,18512,5,925.6,19437.6
INV10077,2025-04-02,Zomato Logistics,CUST-477,18649,12,2237.88,20886.88
INV10078,2025-04-03,Swiggy Kitchens,CUST-478,18786,18,3381.48,22167.48
INV10079,2025-04-04,Delhivery Express,CUST-479,18923,28,5298.44,24221.44
INV10080,2025-04-05,ABC Ltd,CUST-480,19060,5,953,20013
INV10081,2025-04-06,XYZ Corp,CUST-481,19197,12,2303.64,21500.64
INV10082,2025-04-07,Global Mart,CUST-482,19334,18,3480.12,22814.12
INV10083,2025-04-08,Tech Solutions,CUST-483,19471,28,5451.88,24922.88
INV10084,2025-04-09,Office Hub,CUST-484,19608,5,980.4,20588.4
INV10085,2025-04-10,Retail One,CUST-485,19745,12,2369.4,22114.4
INV10086,2025-04-11,Bharat Logistics,CUST-486,19882,18,3578.76,23460.76
INV10087,2025-04-12,Tata Enterprises,CUST-487,20019,28,5605.32,25624.32
INV10088,2025-04-13,Reliance Supply,CUST-488,20156,5,1007.8,21163.8
INV10089,2025-04-14,Infosys Services,CUST-489,20293,12,2435.16,22728.16
INV10090,2025-04-15,Wipro Digital,CUST-490,20430,18,3677.4,24107.4
INV10091,2025-04-16,Adani Ports & SEZ,CUST-491,20567,28,5758.76,26325.76
INV10092,2025-04-17,Mahindra Spares,CUST-492,20704,5,1035.2,21739.2
INV10093,2025-04-18,Larsen Industrial,CUST-493,20841,12,2500.92,23341.92
INV10094,2025-04-19,Bajaj Electricals,CUST-494,20978,18,3776.04,24754.04
INV10095,2025-04-20,Godrej Agrovet,CUST-495,21115,28,5912.2,27027.2
INV10096,2025-04-21,Hindustan Traders,CUST-496,21252,5,1062.6,22314.6
INV10097,2025-04-22,Zomato Logistics,CUST-497,21389,12,2566.68,23955.68
INV10098,2025-04-23,Swiggy Kitchens,CUST-498,21526,18,3874.68,25400.68
INV10099,2025-04-24,Delhivery Express,CUST-499,21663,28,6065.64,27728.64
INV10100,2025-04-25,ABC Ltd,CUST-500,21800,5,1090,22890
INV10101,2025-04-26,XYZ Corp,CUST-501,21937,12,2632.44,24569.44
INV10102,2025-04-27,Global Mart,CUST-502,22074,18,3973.32,26047.32
INV10103,2025-04-28,Tech Solutions,CUST-503,22211,28,6219.08,28430.08
INV10104,2025-04-01,Office Hub,CUST-504,22348,5,1117.4,23465.4
INV10105,2025-04-02,Retail One,CUST-505,22485,12,2698.2,25183.2
INV10106,2025-04-03,Bharat Logistics,CUST-506,22622,18,4071.96,26693.96
INV10107,2025-04-04,Tata Enterprises,CUST-507,22759,28,6372.52,29131.52
INV10108,2025-04-05,Reliance Supply,CUST-508,22896,5,1144.8,24040.8
INV10109,2025-04-06,Infosys Services,CUST-509,23033,12,2763.96,25796.96
INV10110,2025-04-07,Wipro Digital,CUST-510,23170,18,4170.6,27340.6
INV10111,2025-04-08,Adani Ports & SEZ,CUST-511,23307,28,6525.96,29832.96
INV10112,2025-04-09,Mahindra Spares,CUST-512,23444,5,1172.2,24616.2
INV10113,2025-04-10,Larsen Industrial,CUST-513,23581,12,2829.72,26410.72
INV10114,2025-04-11,Bajaj Electricals,CUST-514,23718,18,4269.24,27987.24
INV10115,2025-04-12,Godrej Agrovet,CUST-515,23855,28,6679.4,30534.4
INV10116,2025-04-13,Hindustan Traders,CUST-516,23992,5,1199.6,25191.6
INV10117,2025-04-14,Zomato Logistics,CUST-517,24129,12,2895.48,27024.48
INV10118,2025-04-15,Swiggy Kitchens,CUST-518,24266,18,4367.88,28633.88
INV10119,2025-04-16,Delhivery Express,CUST-519,24403,28,6832.84,31235.84
INV10120,2025-04-17,ABC Ltd,CUST-520,24540,5,1227,25767
INV10121,2025-04-18,XYZ Corp,CUST-521,24677,12,2961.24,27638.24
INV10122,2025-04-19,Global Mart,CUST-522,24814,18,4466.52,29280.52
INV10123,2025-04-20,Tech Solutions,CUST-523,24951,28,6986.28,31937.28
INV10124,2025-04-21,Office Hub,CUST-524,25088,5,1254.4,26342.4
INV10125,2025-04-22,Retail One,CUST-525,25225,12,3027,28252
INV10126,2025-04-23,Bharat Logistics,CUST-526,25362,18,4565.16,29927.16
INV10127,2025-04-24,Tata Enterprises,CUST-527,25499,28,7139.72,32638.72
INV10128,2025-04-25,Reliance Supply,CUST-528,25636,5,1281.8,26917.8
INV10129,2025-04-26,Infosys Services,CUST-529,25773,12,3092.76,28865.76
INV10130,2025-04-27,Wipro Digital,CUST-530,25910,18,4663.8,30573.8
INV10131,2025-04-28,Adani Ports & SEZ,CUST-531,26047,28,7293.16,33340.16
INV10132,2025-04-01,Mahindra Spares,CUST-532,26184,5,1309.2,27493.2
INV10133,2025-04-02,Larsen Industrial,CUST-533,26321,12,3158.52,29479.52
INV10134,2025-04-03,Bajaj Electricals,CUST-534,26458,18,4762.44,31220.44
INV10135,2025-04-04,Godrej Agrovet,CUST-535,26595,28,7446.6,34041.6
INV10136,2025-04-05,Hindustan Traders,CUST-536,26732,5,1336.6,28068.6
INV10137,2025-04-06,Zomato Logistics,CUST-537,26869,12,3224.28,30093.28
INV10138,2025-04-07,Swiggy Kitchens,CUST-538,27006,18,4861.08,31867.08
INV10139,2025-04-08,Delhivery Express,CUST-539,27143,28,7600.04,34743.04
INV10140,2025-04-09,ABC Ltd,CUST-540,27280,5,1364,28644
INV10141,2025-04-10,XYZ Corp,CUST-541,27417,12,3290.04,30707.04
INV10142,2025-04-11,Global Mart,CUST-542,27554,18,4959.72,32513.72
INV10143,2025-04-12,Tech Solutions,CUST-543,27691,28,7753.48,35444.48
INV10144,2025-04-13,Office Hub,CUST-544,27828,5,1391.4,29219.4
INV10145,2025-04-14,Retail One,CUST-545,27965,12,3355.8,31320.8
INV10146,2025-04-15,Bharat Logistics,CUST-546,28102,18,5058.36,33160.36
INV10147,2025-04-16,Tata Enterprises,CUST-547,28239,28,7906.92,36145.92
INV10148,2025-04-17,Reliance Supply,CUST-548,28376,5,1418.8,29794.8
INV10149,2025-04-18,Infosys Services,CUST-549,28513,12,3421.56,31934.56
INV10150,2025-04-19,Wipro Digital,CUST-550,28650,18,5157,33807
INV10151,2025-04-20,Adani Ports & SEZ,CUST-551,28787,28,8060.36,36847.36
INV10152,2025-04-21,Mahindra Spares,CUST-552,28924,5,1446.2,30370.2
INV10153,2025-04-22,Larsen Industrial,CUST-553,29061,12,3487.32,32548.32
INV10154,2025-04-23,Bajaj Electricals,CUST-554,29198,18,5255.64,34453.64
INV10155,2025-04-24,Godrej Agrovet,CUST-555,29335,28,8213.8,37548.8
INV10156,2025-04-25,Hindustan Traders,CUST-556,29472,5,1473.6,30945.6
INV10157,2025-04-26,Zomato Logistics,CUST-557,29609,12,3553.08,33162.08
INV10158,2025-04-27,Swiggy Kitchens,CUST-558,29746,18,5354.28,35100.28
INV10159,2025-04-28,Delhivery Express,CUST-559,29883,28,8367.24,38250.24
INV10160,2025-04-01,ABC Ltd,CUST-560,30020,5,1501,31521
INV10161,2025-04-02,XYZ Corp,CUST-561,30157,12,3618.84,33775.84
INV10162,2025-04-03,Global Mart,CUST-562,30294,18,5452.92,35746.92
INV10163,2025-04-04,Tech Solutions,CUST-563,30431,28,8520.68,38951.68
INV10164,2025-04-05,Office Hub,CUST-564,30568,5,1528.4,32096.4
INV10165,2025-04-06,Retail One,CUST-565,30705,12,3684.6,34389.6
INV10166,2025-04-07,Bharat Logistics,CUST-566,30842,18,5551.56,36393.56
INV10167,2025-04-08,Tata Enterprises,CUST-567,30979,28,8674.12,39653.12
INV10168,2025-04-09,Reliance Supply,CUST-568,31116,5,1555.8,32671.8
INV10169,2025-04-10,Infosys Services,CUST-569,31253,12,3750.36,35003.36
INV10170,2025-04-11,Wipro Digital,CUST-570,31390,18,5650.2,37040.2
INV10171,2025-04-12,Adani Ports & SEZ,CUST-571,31527,28,8827.56,40354.56
INV10172,2025-04-13,Mahindra Spares,CUST-572,31664,5,1583.2,33247.2
INV10173,2025-04-14,Larsen Industrial,CUST-573,31801,12,3816.12,35617.12
INV10174,2025-04-15,Bajaj Electricals,CUST-574,31938,18,5748.84,37686.84
INV10175,2025-04-16,Godrej Agrovet,CUST-575,32075,28,8981,41056
INV10176,2025-04-17,Hindustan Traders,CUST-576,32212,5,1610.6,33822.6
INV10177,2025-04-18,Zomato Logistics,CUST-577,32349,12,3881.88,36230.88
INV10178,2025-04-19,Swiggy Kitchens,CUST-578,32486,18,5847.48,38333.48
INV10179,2025-04-20,Delhivery Express,CUST-579,32623,28,9134.44,41757.44
INV10180,2025-04-21,ABC Ltd,CUST-580,32760,5,1638,34398
INV10181,2025-04-22,XYZ Corp,CUST-581,32897,12,3947.64,36844.64
INV10182,2025-04-23,Global Mart,CUST-582,33034,18,5946.12,38980.12
INV10183,2025-04-24,Tech Solutions,CUST-583,33171,28,9287.88,42458.88
INV10184,2025-04-25,Office Hub,CUST-584,33308,5,1665.4,34973.4
INV10185,2025-04-26,Retail One,CUST-585,33445,12,4013.4,37458.4
INV10186,2025-04-27,Bharat Logistics,CUST-586,33582,18,6044.76,39626.76
INV10187,2025-04-28,Tata Enterprises,CUST-587,33719,28,9441.32,43160.32
INV10188,2025-04-01,Reliance Supply,CUST-588,33856,5,1692.8,35548.8
INV10189,2025-04-02,Infosys Services,CUST-589,33993,12,4079.16,38072.16
INV10190,2025-04-03,Wipro Digital,CUST-590,34130,18,6143.4,40273.4
INV10191,2025-04-04,Adani Ports & SEZ,CUST-591,34267,28,9594.76,43861.76
INV10192,2025-04-05,Mahindra Spares,CUST-592,34404,5,1720.2,36124.2
INV10193,2025-04-06,Larsen Industrial,CUST-593,34541,12,4144.92,38685.92
INV10194,2025-04-07,Bajaj Electricals,CUST-594,34678,18,6242.04,40920.04
INV10195,2025-04-08,Godrej Agrovet,CUST-595,34815,28,9748.2,44563.2
INV10196,2025-04-09,Hindustan Traders,CUST-596,34952,5,1747.6,36699.6
INV10197,2025-04-10,Zomato Logistics,CUST-597,35089,12,4210.68,39299.68
INV10198,2025-04-11,Swiggy Kitchens,CUST-598,35226,18,6340.68,41566.68
INV10199,2025-04-12,Delhivery Express,CUST-599,35363,28,9901.64,45264.64
INV10200,2025-04-13,ABC Ltd,CUST-600,850000,5,42500,892500
INV10201,2025-04-14,XYZ Corp,CUST-601,35637,12,4276.44,39913.44
INV10202,2025-04-15,Global Mart,CUST-602,35774,18,6439.32,42213.32
INV10203,2025-04-16,Tech Solutions,CUST-603,35911,28,10055.08,45966.08
INV10204,2025-04-17,Office Hub,CUST-604,36048,5,1802.4,37850.4
INV10205,2025-04-18,Retail One,CUST-605,36185,12,4342.2,40527.2
INV10206,2025-04-19,Bharat Logistics,CUST-606,36322,18,6537.96,42859.96
INV10207,2025-04-20,Tata Enterprises,CUST-607,36459,28,10208.52,46667.52
INV10208,2025-04-21,Reliance Supply,CUST-608,36596,5,1829.8,38425.8
INV10209,2025-04-22,Infosys Services,CUST-609,36733,12,4407.96,41140.96
INV10210,2025-04-23,Wipro Digital,CUST-610,36870,18,6636.6,43506.6
INV10211,2025-04-24,Adani Ports & SEZ,CUST-611,37007,28,10361.96,47368.96
INV10212,2025-04-25,Mahindra Spares,CUST-612,37144,5,1857.2,39001.2
INV10213,2025-04-26,Larsen Industrial,CUST-613,37281,12,4473.72,41754.72
INV10214,2025-04-27,Bajaj Electricals,CUST-614,37418,18,6735.24,44153.24
INV10215,2025-04-28,Godrej Agrovet,CUST-615,37555,28,10515.4,48070.4
INV10216,2025-04-01,Hindustan Traders,CUST-616,37692,5,1884.6,39576.6
INV10217,2025-04-02,Zomato Logistics,CUST-617,37829,12,4539.48,42368.48
INV10218,2025-04-03,Swiggy Kitchens,CUST-618,37966,18,6833.88,44799.88
INV10219,2025-04-04,Delhivery Express,CUST-619,38103,28,10668.84,48771.84
INV10220,2025-04-05,ABC Ltd,CUST-620,38240,5,1912,40152
INV10221,2025-04-06,XYZ Corp,CUST-621,38377,12,4605.24,42982.24
INV10222,2025-04-07,Global Mart,CUST-622,38514,18,6932.52,45446.52
INV10223,2025-04-08,Tech Solutions,CUST-623,38651,28,10822.28,49473.28
INV10224,2025-04-09,Office Hub,CUST-624,38788,5,1939.4,40727.4
INV10225,2025-04-10,Retail One,CUST-625,38925,12,4671,43596
INV10226,2025-04-11,Bharat Logistics,CUST-626,39062,18,7031.16,46093.16
INV10227,2025-04-12,Tata Enterprises,CUST-627,39199,28,10975.72,50174.72
INV10228,2025-04-13,Reliance Supply,CUST-628,39336,5,1966.8,41302.8
INV10229,2025-04-14,Infosys Services,CUST-629,39473,12,4736.76,44209.76
INV10230,2025-04-15,Wipro Digital,CUST-630,39610,18,7129.8,46739.8
INV10231,2025-04-16,Adani Ports & SEZ,CUST-631,39747,28,11129.16,50876.16
INV10232,2025-04-17,Mahindra Spares,CUST-632,39884,5,1994.2,41878.2
INV10233,2025-04-18,Larsen Industrial,CUST-633,40021,12,4802.52,44823.52
INV10234,2025-04-19,Bajaj Electricals,CUST-634,40158,18,7228.44,47386.44
INV10235,2025-04-20,Godrej Agrovet,CUST-635,40295,28,11282.6,51577.6
INV10236,2025-04-21,Hindustan Traders,CUST-636,40432,5,2021.6,42453.6
INV10237,2025-04-22,Zomato Logistics,CUST-637,40569,12,4868.28,45437.28
INV10238,2025-04-23,Swiggy Kitchens,CUST-638,40706,18,7327.08,48033.08
INV10239,2025-04-24,Delhivery Express,CUST-639,40843,28,11436.04,52279.04
INV10240,2025-04-25,ABC Ltd,CUST-640,40980,5,2049,43029
INV10241,2025-04-26,XYZ Corp,CUST-641,41117,12,4934.04,46051.04
INV10242,2025-04-27,Global Mart,CUST-642,41254,18,7425.72,48679.72
INV10243,2025-04-28,Tech Solutions,CUST-643,41391,28,11589.48,52980.48
INV10244,2025-04-01,Office Hub,CUST-644,41528,5,2076.4,43604.4
INV10245,2025-04-02,Retail One,CUST-645,41665,12,4999.8,46664.8
INV10246,2025-04-03,Bharat Logistics,CUST-646,41802,18,7524.36,49326.36
INV10247,2025-04-04,Tata Enterprises,CUST-647,41939,28,11742.92,53681.92
INV10248,2025-04-05,Reliance Supply,CUST-648,42076,5,2103.8,44179.8
INV10249,2025-04-06,Infosys Services,CUST-649,42213,12,5065.56,47278.56
INV10250,2025-04-07,Wipro Digital,CUST-650,42350,18,7623,49973
INV10251,2025-04-08,Adani Ports & SEZ,CUST-651,42487,28,11896.36,54383.36
INV10252,2025-04-09,Mahindra Spares,CUST-652,42624,5,2131.2,44755.2
INV10253,2025-04-10,Larsen Industrial,CUST-653,42761,12,5131.32,47892.32
INV10254,2025-04-11,Bajaj Electricals,CUST-654,42898,18,7721.64,50619.64
INV10255,2025-04-12,Godrej Agrovet,CUST-655,43035,28,12049.8,55084.8
INV10256,2025-04-13,Hindustan Traders,CUST-656,43172,5,2158.6,45330.6
INV10257,2025-04-14,Zomato Logistics,CUST-657,43309,12,5197.08,48506.08
INV10258,2025-04-15,Swiggy Kitchens,CUST-658,43446,18,7820.28,51266.28
INV10259,2025-04-16,Delhivery Express,CUST-659,43583,28,12203.24,55786.24
INV10260,2025-04-17,ABC Ltd,CUST-660,43720,5,2186,45906
INV10261,2025-04-18,XYZ Corp,CUST-661,43857,12,5262.84,49119.84
INV10262,2025-04-19,Global Mart,CUST-662,43994,18,7918.92,51912.92
INV10263,2025-04-20,Tech Solutions,CUST-663,44131,28,12356.68,56487.68
INV10264,2025-04-21,Office Hub,CUST-664,44268,5,2213.4,46481.4
INV10265,2025-04-22,Retail One,CUST-665,44405,12,5328.6,49733.6
INV10266,2025-04-23,Bharat Logistics,CUST-666,44542,18,8017.56,52559.56
INV10267,2025-04-24,Tata Enterprises,CUST-667,44679,28,12510.12,57189.12
INV10268,2025-04-25,Reliance Supply,CUST-668,44816,5,2240.8,47056.8
INV10269,2025-04-26,Infosys Services,CUST-669,44953,12,5394.36,50347.36
INV10270,2025-04-27,Wipro Digital,CUST-670,45090,18,8116.2,53206.2
INV10271,2025-04-28,Adani Ports & SEZ,CUST-671,45227,28,12663.56,57890.56
INV10272,2025-04-01,Mahindra Spares,CUST-672,45364,5,2268.2,47632.2
INV10273,2025-04-02,Larsen Industrial,CUST-673,45501,12,5460.12,50961.12
INV10274,2025-04-03,Bajaj Electricals,CUST-674,45638,18,8214.84,53852.84
INV10275,2025-04-04,Godrej Agrovet,CUST-675,45775,28,12817,58592
INV10276,2025-04-05,Hindustan Traders,CUST-676,45912,5,2295.6,48207.6
INV10277,2025-04-06,Zomato Logistics,CUST-677,46049,12,5525.88,51574.88
INV10278,2025-04-07,Swiggy Kitchens,CUST-678,46186,18,8313.48,54499.48
INV10279,2025-04-08,Delhivery Express,CUST-679,46323,28,12970.44,59293.44
INV10280,2025-04-09,ABC Ltd,CUST-680,46460,5,2323,48783
INV10281,2025-04-10,XYZ Corp,CUST-681,46597,12,5591.64,52188.64
INV10282,2025-04-11,Global Mart,CUST-682,46734,18,8412.12,55146.12
INV10283,2025-04-12,Tech Solutions,CUST-683,46871,28,13123.88,59994.88
INV10284,2025-04-13,Office Hub,CUST-684,47008,5,2350.4,49358.4
INV10285,2025-04-14,Retail One,CUST-685,47145,12,5657.4,52802.4
INV10286,2025-04-15,Bharat Logistics,CUST-686,47282,18,8510.76,55792.76
INV10287,2025-04-16,Tata Enterprises,CUST-687,47419,28,13277.32,60696.32
INV10288,2025-04-17,Reliance Supply,CUST-688,47556,5,2377.8,49933.8
INV10289,2025-04-18,Infosys Services,CUST-689,47693,12,5723.16,53416.16
INV10290,2025-04-19,Wipro Digital,CUST-690,47830,18,8609.4,56439.4
INV10291,2025-04-20,Adani Ports & SEZ,CUST-691,47967,28,13430.76,61397.76
INV10292,2025-04-21,Mahindra Spares,CUST-692,48104,5,2405.2,50509.2
INV10293,2025-04-22,Larsen Industrial,CUST-693,48241,12,5788.92,54029.92
INV10294,2025-04-23,Bajaj Electricals,CUST-694,48378,18,8708.04,57086.04
INV10295,2025-04-24,Godrej Agrovet,CUST-695,48515,28,13584.2,62099.2
INV10296,2025-04-25,Hindustan Traders,CUST-696,48652,5,2432.6,51084.6
INV10297,2025-04-26,Zomato Logistics,CUST-697,48789,12,5854.68,54643.68
INV10298,2025-04-27,Swiggy Kitchens,CUST-698,48926,18,8806.68,57732.68
INV10299,2025-04-28,Delhivery Express,CUST-699,49063,28,13737.64,62800.64
INV10300,2025-04-01,ABC Ltd,CUST-700,49200,5,2460,51660
INV10301,2025-04-02,XYZ Corp,CUST-701,49337,12,5920.44,55257.44
INV10302,2025-04-03,Global Mart,CUST-702,49474,18,8905.32,58379.32
INV10303,2025-04-04,Tech Solutions,CUST-703,49611,28,13891.08,63502.08
INV10304,2025-04-05,Office Hub,CUST-704,49748,5,2487.4,52235.4
INV10305,2025-04-06,Retail One,CUST-705,49885,12,5986.2,55871.2
INV10306,2025-04-07,Bharat Logistics,CUST-706,50022,18,9003.96,59025.96
INV10307,2025-04-08,Tata Enterprises,CUST-707,50159,28,14044.52,64203.52
INV10308,2025-04-09,Reliance Supply,CUST-708,50296,5,2514.8,52810.8
INV10309,2025-04-10,Infosys Services,CUST-709,50433,12,6051.96,56484.96
INV10310,2025-04-11,Wipro Digital,CUST-710,50570,18,9102.6,59672.6
INV10311,2025-04-12,Adani Ports & SEZ,CUST-711,50707,28,14197.96,64904.96
INV10312,2025-04-13,Mahindra Spares,CUST-712,50844,5,2542.2,53386.2
INV10313,2025-04-14,Larsen Industrial,CUST-713,50981,12,6117.72,57098.72
INV10314,2025-04-15,Bajaj Electricals,CUST-714,51118,18,9201.24,60319.24
INV10315,2025-04-16,Godrej Agrovet,CUST-715,51255,28,14351.4,65606.4
INV10316,2025-04-17,Hindustan Traders,CUST-716,51392,5,2569.6,53961.6
INV10317,2025-04-18,Zomato Logistics,CUST-717,51529,12,6183.48,57712.48
INV10318,2025-04-19,Swiggy Kitchens,CUST-718,51666,18,9299.88,60965.88
INV10319,2025-04-20,Delhivery Express,CUST-719,51803,28,14504.84,66307.84
INV10320,2025-04-21,ABC Ltd,CUST-720,51940,5,2597,54537
INV10321,2025-04-22,XYZ Corp,CUST-721,52077,12,6249.24,58326.24
INV10322,2025-04-23,Global Mart,CUST-722,52214,18,9398.52,61612.52
INV10323,2025-04-24,Tech Solutions,CUST-723,52351,28,14658.28,67009.28
INV10324,2025-04-25,Office Hub,CUST-724,52488,5,2624.4,55112.4
INV10325,2025-04-26,Retail One,CUST-725,52625,12,6315,58940
INV10326,2025-04-27,Bharat Logistics,CUST-726,52762,18,9497.16,62259.16
INV10327,2025-04-28,Tata Enterprises,CUST-727,52899,28,14811.72,67710.72
INV10328,2025-04-01,Reliance Supply,CUST-728,53036,5,2651.8,55687.8
INV10329,2025-04-02,Infosys Services,CUST-729,53173,12,6380.76,59553.76
INV10330,2025-04-03,Wipro Digital,CUST-730,53310,18,9595.8,62905.8
INV10331,2025-04-04,Adani Ports & SEZ,CUST-731,53447,28,14965.16,68412.16
INV10332,2025-04-05,Mahindra Spares,CUST-732,53584,5,2679.2,56263.2
INV10333,2025-04-06,Larsen Industrial,CUST-733,53721,12,6446.52,60167.52
INV10334,2025-04-07,Bajaj Electricals,CUST-734,53858,18,9694.44,63552.44
INV10335,2025-04-08,Godrej Agrovet,CUST-735,53995,28,15118.6,69113.6
INV10336,2025-04-09,Hindustan Traders,CUST-736,54132,5,2706.6,56838.6
INV10337,2025-04-10,Zomato Logistics,CUST-737,54269,12,6512.28,60781.28
INV10338,2025-04-11,Swiggy Kitchens,CUST-738,54406,18,9793.08,64199.08
INV10339,2025-04-12,Delhivery Express,CUST-739,54543,28,15272.04,69815.04
INV10340,2025-04-13,ABC Ltd,CUST-740,54680,5,2734,57414
INV10341,2025-04-14,XYZ Corp,CUST-741,54817,12,6578.04,61395.04
INV10342,2025-04-15,Global Mart,CUST-742,54954,18,9891.72,64845.72
INV10343,2025-04-16,Tech Solutions,CUST-743,55091,28,15425.48,70516.48
INV10344,2025-04-17,Office Hub,CUST-744,55228,5,2761.4,57989.4
INV10345,2025-04-18,Retail One,CUST-745,55365,12,6643.8,62008.8
INV10346,2025-04-19,Bharat Logistics,CUST-746,55502,18,9990.36,65492.36
INV10347,2025-04-20,Tata Enterprises,CUST-747,55639,28,15578.92,71217.92
INV10348,2025-04-21,Reliance Supply,CUST-748,55776,5,2788.8,58564.8
INV10349,2025-04-22,Infosys Services,CUST-749,55913,12,6709.56,62622.56
INV10350,2025-04-23,Wipro Digital,CUST-750,56050,18,10089,66139
INV10351,2025-04-24,Adani Ports & SEZ,CUST-751,56187,28,15732.36,71919.36
INV10352,2025-04-25,Mahindra Spares,CUST-752,56324,5,2816.2,59140.2
INV10353,2025-04-26,Larsen Industrial,CUST-753,56461,12,6775.32,63236.32
INV10354,2025-04-27,Bajaj Electricals,CUST-754,56598,18,10187.64,66785.64
INV10355,2025-04-28,Godrej Agrovet,CUST-755,56735,28,15885.8,72620.8
INV10356,2025-04-01,Hindustan Traders,CUST-756,56872,5,2843.6,59715.6
INV10357,2025-04-02,Zomato Logistics,CUST-757,57009,12,6841.08,63850.08
INV10358,2025-04-03,Swiggy Kitchens,CUST-758,57146,18,10286.28,67432.28
INV10359,2025-04-04,Delhivery Express,CUST-759,57283,28,16039.24,73322.24
INV10360,2025-04-05,ABC Ltd,CUST-760,57420,5,2871,60291
INV10361,2025-04-06,XYZ Corp,CUST-761,57557,12,6906.84,64463.84
INV10362,2025-04-07,Global Mart,CUST-762,57694,18,10384.92,68078.92
INV10363,2025-04-08,Tech Solutions,CUST-763,57831,28,16192.68,74023.68
INV10364,2025-04-09,Office Hub,CUST-764,57968,5,2898.4,60866.4
INV10365,2025-04-10,Retail One,CUST-765,58105,12,6972.6,65077.6
INV10366,2025-04-11,Bharat Logistics,CUST-766,58242,18,10483.56,68725.56
INV10367,2025-04-12,Tata Enterprises,CUST-767,58379,28,16346.12,74725.12
INV10368,2025-04-13,Reliance Supply,CUST-768,58516,5,2925.8,61441.8
INV10369,2025-04-14,Infosys Services,CUST-769,58653,12,7038.36,65691.36
INV10370,2025-04-15,Wipro Digital,CUST-770,58790,18,10582.2,69372.2
INV10371,2025-04-16,Adani Ports & SEZ,CUST-771,58927,28,16499.56,75426.56
INV10372,2025-04-17,Mahindra Spares,CUST-772,59064,5,2953.2,62017.2
INV10373,2025-04-18,Larsen Industrial,CUST-773,59201,12,7104.12,66305.12
INV10374,2025-04-19,Bajaj Electricals,CUST-774,59338,18,10680.84,70018.84
INV10375,2025-04-20,Godrej Agrovet,CUST-775,59475,28,16653,76128
INV10376,2025-04-21,Hindustan Traders,CUST-776,59612,5,2980.6,62592.6
INV10377,2025-04-22,Zomato Logistics,CUST-777,59749,12,7169.88,66918.88
INV10378,2025-04-23,Swiggy Kitchens,CUST-778,59886,18,10779.48,70665.48
INV10379,2025-04-24,Delhivery Express,CUST-779,60023,28,16806.44,76829.44
INV10380,2025-04-25,ABC Ltd,CUST-780,60160,5,3008,63168
INV10381,2025-04-26,XYZ Corp,CUST-781,60297,12,7235.64,67532.64
INV10382,2025-04-27,Global Mart,CUST-782,60434,18,10878.12,71312.12
INV10383,2025-04-28,Tech Solutions,CUST-783,60571,28,16959.88,77530.88
INV10384,2025-04-01,Office Hub,CUST-784,60708,5,3035.4,63743.4
INV10385,2025-04-02,Retail One,CUST-785,60845,12,7301.4,68146.4
INV10386,2025-04-03,Bharat Logistics,CUST-786,60982,18,10976.76,71958.76
INV10387,2025-04-04,Tata Enterprises,CUST-787,61119,28,17113.32,78232.32
INV10388,2025-04-05,Reliance Supply,CUST-788,61256,5,3062.8,64318.8
INV10389,2025-04-06,Infosys Services,CUST-789,61393,12,7367.16,68760.16
INV10390,2025-04-07,Wipro Digital,CUST-790,61530,18,11075.4,72605.4
INV10391,2025-04-08,Adani Ports & SEZ,CUST-791,61667,28,17266.76,78933.76
INV10392,2025-04-09,Mahindra Spares,CUST-792,61804,5,3090.2,64894.2
INV10393,2025-04-10,Larsen Industrial,CUST-793,61941,12,7432.92,69373.92
INV10394,2025-04-11,Bajaj Electricals,CUST-794,62078,18,11174.04,73252.04
INV10395,2025-04-12,Godrej Agrovet,CUST-795,62215,28,17420.2,79635.2
INV10396,2025-04-13,Hindustan Traders,CUST-796,62352,5,3117.6,65469.6
INV10397,2025-04-14,Zomato Logistics,CUST-797,62489,12,7498.68,69987.68
INV10398,2025-04-15,Swiggy Kitchens,CUST-798,62626,18,11272.68,73898.68
INV10399,2025-04-16,Delhivery Express,CUST-799,62763,28,17573.64,80336.64
INV10400,2025-04-17,ABC Ltd,CUST-800,62900,5,3145,66045
INV10401,2025-04-18,XYZ Corp,CUST-801,63037,12,7564.44,70601.44
INV10402,2025-04-19,Global Mart,CUST-802,63174,18,11371.32,74545.32
INV10403,2025-04-20,Tech Solutions,CUST-803,63311,28,17727.08,81038.08
INV10404,2025-04-21,Office Hub,CUST-804,63448,5,3172.4,66620.4
INV10405,2025-04-22,Retail One,CUST-805,63585,12,7630.2,71215.2
INV10406,2025-04-23,Bharat Logistics,CUST-806,63722,18,11469.96,75191.96
INV10407,2025-04-24,Tata Enterprises,CUST-807,63859,28,17880.52,81739.52
INV10408,2025-04-25,Reliance Supply,CUST-808,63996,5,3199.8,67195.8
INV10409,2025-04-26,Infosys Services,CUST-809,64133,12,7695.96,71828.96
INV10410,2025-04-27,Wipro Digital,CUST-810,64270,18,11568.6,75838.6
INV10411,2025-04-28,Adani Ports & SEZ,CUST-811,64407,28,18033.96,82440.96
INV10412,2025-04-01,Mahindra Spares,CUST-812,64544,5,3227.2,67771.2
INV10413,2025-04-02,Larsen Industrial,CUST-813,64681,12,7761.72,72442.72
INV10414,2025-04-03,Bajaj Electricals,CUST-814,64818,18,11667.24,76485.24
INV10415,2025-04-04,Godrej Agrovet,CUST-815,64955,28,18187.4,83142.4
INV10416,2025-04-05,Hindustan Traders,CUST-816,65092,5,3254.6,68346.6
INV10417,2025-04-06,Zomato Logistics,CUST-817,65229,12,7827.48,73056.48
INV10418,2025-04-07,Swiggy Kitchens,CUST-818,65366,18,11765.88,77131.88
INV10419,2025-04-08,Delhivery Express,CUST-819,65503,28,18340.84,83843.84
INV10420,2025-04-09,ABC Ltd,CUST-820,65640,5,3282,68922
INV10421,2025-04-10,XYZ Corp,CUST-821,65777,12,7893.24,73670.24
INV10422,2025-04-11,Global Mart,CUST-822,65914,18,11864.52,77778.52
INV10423,2025-04-12,Tech Solutions,CUST-823,66051,28,18494.28,84545.28
INV10424,2025-04-13,Office Hub,CUST-824,66188,5,3309.4,69497.4
INV10425,2025-04-14,Retail One,CUST-825,66325,12,7959,74284
INV10426,2025-04-15,Bharat Logistics,CUST-826,66462,18,11963.16,78425.16
INV10427,2025-04-16,Tata Enterprises,CUST-827,66599,28,18647.72,85246.72
INV10428,2025-04-17,Reliance Supply,CUST-828,66736,5,3336.8,70072.8
INV10429,2025-04-18,Infosys Services,CUST-829,66873,12,8024.76,74897.76
INV10430,2025-04-19,Wipro Digital,CUST-830,67010,18,12061.8,79071.8
INV10431,2025-04-20,Adani Ports & SEZ,CUST-831,67147,28,18801.16,85948.16
INV10432,2025-04-21,Mahindra Spares,CUST-832,67284,5,3364.2,70648.2
INV10433,2025-04-22,Larsen Industrial,CUST-833,67421,12,8090.52,75511.52
INV10434,2025-04-23,Bajaj Electricals,CUST-834,67558,18,12160.44,79718.44
INV10435,2025-04-24,Godrej Agrovet,CUST-835,67695,28,18954.6,86649.6
INV10436,2025-04-25,Hindustan Traders,CUST-836,67832,5,3391.6,71223.6
INV10437,2025-04-26,Zomato Logistics,CUST-837,67969,12,8156.28,76125.28
INV10438,2025-04-27,Swiggy Kitchens,CUST-838,68106,18,12259.08,80365.08
INV10439,2025-04-28,Delhivery Express,CUST-839,68243,28,19108.04,87351.04
INV10440,2025-04-01,ABC Ltd,CUST-840,68380,5,3419,71799
INV10441,2025-04-02,XYZ Corp,CUST-841,68517,12,8222.04,76739.04
INV10442,2025-04-03,Global Mart,CUST-842,68654,18,12357.72,81011.72
INV10443,2025-04-04,Tech Solutions,CUST-843,68791,28,19261.48,88052.48
INV10444,2025-04-05,Office Hub,CUST-844,68928,5,3446.4,72374.4
INV10445,2025-04-06,Retail One,CUST-845,69065,12,8287.8,77352.8
INV10446,2025-04-07,Bharat Logistics,CUST-846,69202,18,12456.36,81658.36
INV10447,2025-04-08,Tata Enterprises,CUST-847,69339,28,19414.92,88753.92
INV10448,2025-04-09,Reliance Supply,CUST-848,69476,5,3473.8,72949.8
INV10449,2025-04-10,Infosys Services,CUST-849,69613,12,8353.56,77966.56
INV10450,2025-04-11,Wipro Digital,CUST-850,1050000,18,189000,1239000
INV10451,2025-04-12,Adani Ports & SEZ,CUST-851,69887,28,19568.36,89455.36
INV10452,2025-04-13,Mahindra Spares,CUST-852,70024,5,3501.2,73525.2
INV10453,2025-04-14,Larsen Industrial,CUST-853,70161,12,8419.32,78580.32
INV10454,2025-04-15,Bajaj Electricals,CUST-854,70298,18,12653.64,82951.64
INV10455,2025-04-16,Godrej Agrovet,CUST-855,70435,28,19721.8,90156.8
INV10456,2025-04-17,Hindustan Traders,CUST-856,70572,5,3528.6,74100.6
INV10457,2025-04-18,Zomato Logistics,CUST-857,70709,12,8485.08,79194.08
INV10458,2025-04-19,Swiggy Kitchens,CUST-858,70846,18,12752.28,83598.28
INV10459,2025-04-20,Delhivery Express,CUST-859,70983,28,19875.24,90858.24
INV10460,2025-04-21,ABC Ltd,CUST-860,71120,5,3556,74676
INV10461,2025-04-22,XYZ Corp,CUST-861,71257,12,8550.84,79807.84
INV10462,2025-04-23,Global Mart,CUST-862,71394,18,12850.92,84244.92
INV10463,2025-04-24,Tech Solutions,CUST-863,71531,28,20028.68,91559.68
INV10464,2025-04-25,Office Hub,CUST-864,71668,5,3583.4,75251.4
INV10465,2025-04-26,Retail One,CUST-865,71805,12,8616.6,80421.6
INV10466,2025-04-27,Bharat Logistics,CUST-866,71942,18,12949.56,84891.56
INV10467,2025-04-28,Tata Enterprises,CUST-867,72079,28,20182.12,92261.12
INV10468,2025-04-01,Reliance Supply,CUST-868,72216,5,3610.8,75826.8
INV10469,2025-04-02,Infosys Services,CUST-869,72353,12,8682.36,81035.36
INV10470,2025-04-03,Wipro Digital,CUST-870,72490,18,13048.2,85538.2
INV10471,2025-04-04,Adani Ports & SEZ,CUST-871,72627,28,20335.56,92962.56
INV10472,2025-04-05,Mahindra Spares,CUST-872,72764,5,3638.2,76402.2
INV10473,2025-04-06,Larsen Industrial,CUST-873,72901,12,8748.12,81649.12
INV10474,2025-04-07,Bajaj Electricals,CUST-874,73038,18,13146.84,86184.84
INV10475,2025-04-08,Godrej Agrovet,CUST-875,73175,28,20489,93664
INV10476,2025-04-09,Hindustan Traders,CUST-876,73312,5,3665.6,76977.6
INV10477,2025-04-10,Zomato Logistics,CUST-877,73449,12,8813.88,82262.88
INV10478,2025-04-11,Swiggy Kitchens,CUST-878,73586,18,13245.48,86831.48
INV10479,2025-04-12,Delhivery Express,CUST-879,73723,28,20642.44,94365.44
INV10480,2025-04-13,ABC Ltd,CUST-880,73860,5,3693,77553
INV10481,2025-04-14,XYZ Corp,CUST-881,73997,12,8879.64,82876.64
INV10482,2025-04-15,Global Mart,CUST-882,74134,18,13344.12,87478.12
INV10483,2025-04-16,Tech Solutions,CUST-883,74271,28,20795.88,95066.88
INV10484,2025-04-17,Office Hub,CUST-884,74408,5,3720.4,78128.4
INV10485,2025-04-18,Retail One,CUST-885,74545,12,8945.4,83490.4
INV10486,2025-04-19,Bharat Logistics,CUST-886,74682,18,13442.76,88124.76
INV10487,2025-04-20,Tata Enterprises,CUST-887,74819,28,20949.32,95768.32
INV10488,2025-04-21,Reliance Supply,CUST-888,74956,5,3747.8,78703.8
INV10489,2025-04-22,Infosys Services,CUST-889,75093,12,9011.16,84104.16
INV10490,2025-04-23,Wipro Digital,CUST-890,75230,18,13541.4,88771.4
INV10491,2025-04-24,Adani Ports & SEZ,CUST-891,75367,28,21102.76,96469.76
INV10492,2025-04-25,Mahindra Spares,CUST-892,75504,5,3775.2,79279.2
INV10493,2025-04-26,Larsen Industrial,CUST-893,75641,12,9076.92,84717.92
INV10494,2025-04-27,Bajaj Electricals,CUST-894,75778,18,13640.04,89418.04
INV10495,2025-04-28,Godrej Agrovet,CUST-895,75915,28,21256.2,97171.2
INV10496,2025-04-01,Hindustan Traders,CUST-896,76052,5,3802.6,79854.6
INV10497,2025-04-02,Zomato Logistics,CUST-897,76189,12,9142.68,85331.68
INV10498,2025-04-03,Swiggy Kitchens,CUST-898,76326,18,13738.68,90064.68
INV10499,2025-04-04,Delhivery Express,CUST-899,76463,28,21409.64,97872.64
INV10500,2025-04-05,ABC Ltd,CUST-900,76600,5,3830,80430
INV10501,2025-04-06,XYZ Corp,CUST-901,76737,12,9208.44,85945.44
INV10502,2025-04-07,Global Mart,CUST-902,76874,18,13837.32,90711.32
INV10503,2025-04-08,Tech Solutions,CUST-903,77011,28,21563.08,98574.08
INV10504,2025-04-09,Office Hub,CUST-904,77148,5,3857.4,81005.4
INV10505,2025-04-10,Retail One,CUST-905,77285,12,9274.2,86559.2
INV10506,2025-04-11,Bharat Logistics,CUST-906,77422,18,13935.96,91357.96
INV10507,2025-04-12,Tata Enterprises,CUST-907,2559,28,716.52,3275.52
INV10508,2025-04-13,Reliance Supply,CUST-908,2696,5,134.8,2830.8
INV10509,2025-04-14,Infosys Services,CUST-909,2833,12,339.96,3172.96
INV10510,2025-04-15,Wipro Digital,CUST-910,2970,18,534.6,3504.6
INV10511,2025-04-16,Adani Ports & SEZ,CUST-911,3107,28,869.96,3976.96
INV10512,2025-04-17,Mahindra Spares,CUST-912,3244,5,162.2,3406.2
INV10513,2025-04-18,Larsen Industrial,CUST-913,3381,12,405.72,3786.72
INV10514,2025-04-19,Bajaj Electricals,CUST-914,3518,18,633.24,4151.24
INV10515,2025-04-20,Godrej Agrovet,CUST-915,3655,28,1023.4,4678.4
INV10516,2025-04-21,Hindustan Traders,CUST-916,3792,5,189.6,3981.6
INV10517,2025-04-22,Zomato Logistics,CUST-917,3929,12,471.48,4400.48
INV10518,2025-04-23,Swiggy Kitchens,CUST-918,4066,18,731.88,4797.88
INV10519,2025-04-24,Delhivery Express,CUST-919,4203,28,1176.84,5379.84
INV10520,2025-04-25,ABC Ltd,CUST-920,4340,5,217,4557
INV10521,2025-04-26,XYZ Corp,CUST-921,4477,12,537.24,5014.24
INV10522,2025-04-27,Global Mart,CUST-922,4614,18,830.52,5444.52
INV10523,2025-04-28,Tech Solutions,CUST-923,4751,28,1330.28,6081.28
INV10524,2025-04-01,Office Hub,CUST-924,4888,5,244.4,5132.4
INV10525,2025-04-02,Retail One,CUST-925,5025,12,603,5628
INV10526,2025-04-03,Bharat Logistics,CUST-926,5162,18,929.16,6091.16
INV10527,2025-04-04,Tata Enterprises,CUST-927,5299,28,1483.72,6782.72
INV10528,2025-04-05,Reliance Supply,CUST-928,5436,5,271.8,5707.8
INV10529,2025-04-06,Infosys Services,CUST-929,5573,12,668.76,6241.76
INV10530,2025-04-07,Wipro Digital,CUST-930,5710,18,1027.8,6737.8
INV10531,2025-04-08,Adani Ports & SEZ,CUST-931,5847,28,1637.16,7484.16
INV10532,2025-04-09,Mahindra Spares,CUST-932,5984,5,299.2,6283.2
INV10533,2025-04-10,Larsen Industrial,CUST-933,6121,12,734.52,6855.52
INV10534,2025-04-11,Bajaj Electricals,CUST-934,6258,18,1126.44,7384.44
INV10535,2025-04-12,Godrej Agrovet,CUST-935,6395,28,1790.6,8185.6
INV10536,2025-04-13,Hindustan Traders,CUST-936,6532,5,326.6,6858.6
INV10537,2025-04-14,Zomato Logistics,CUST-937,6669,12,800.28,7469.28
INV10538,2025-04-15,Swiggy Kitchens,CUST-938,6806,18,1225.08,8031.08
INV10539,2025-04-16,Delhivery Express,CUST-939,6943,28,1944.04,8887.04
INV10540,2025-04-17,ABC Ltd,CUST-940,7080,5,354,7434
INV10541,2025-04-18,XYZ Corp,CUST-941,7217,12,866.04,8083.04
INV10542,2025-04-19,Global Mart,CUST-942,7354,18,1323.72,8677.72
INV10543,2025-04-20,Tech Solutions,CUST-943,7491,28,2097.48,9588.48
INV10544,2025-04-21,Office Hub,CUST-944,7628,5,381.4,8009.4
INV10545,2025-04-22,Retail One,CUST-945,7765,12,931.8,8696.8
INV10546,2025-04-23,Bharat Logistics,CUST-946,7902,18,1422.36,9324.36
INV10547,2025-04-24,Tata Enterprises,CUST-947,8039,28,2250.92,10289.92
INV10548,2025-04-25,Reliance Supply,CUST-948,8176,5,408.8,8584.8
INV10549,2025-04-26,Infosys Services,CUST-949,8313,12,997.56,9310.56
INV10550,2025-04-27,Wipro Digital,CUST-100,8450,18,1521,9971
INV10551,2025-04-28,Adani Ports & SEZ,CUST-101,8587,28,2404.36,10991.36
INV10552,2025-04-01,Mahindra Spares,CUST-102,8724,5,436.2,9160.2
INV10553,2025-04-02,Larsen Industrial,CUST-103,8861,12,1063.32,9924.32
INV10554,2025-04-03,Bajaj Electricals,CUST-104,8998,18,1619.64,10617.64
INV10555,2025-04-04,Godrej Agrovet,CUST-105,9135,28,2557.8,11692.8
INV10556,2025-04-05,Hindustan Traders,CUST-106,9272,5,463.6,9735.6
INV10557,2025-04-06,Zomato Logistics,CUST-107,9409,12,1129.08,10538.08
INV10558,2025-04-07,Swiggy Kitchens,CUST-108,9546,18,1718.28,11264.28
INV10559,2025-04-08,Delhivery Express,CUST-109,9683,28,2711.24,12394.24
INV10560,2025-04-09,ABC Ltd,CUST-110,9820,5,491,10311
INV10561,2025-04-10,XYZ Corp,CUST-111,9957,12,1194.84,11151.84
INV10562,2025-04-11,Global Mart,CUST-112,10094,18,1816.92,11910.92
INV10563,2025-04-12,Tech Solutions,CUST-113,10231,28,2864.68,13095.68
INV10564,2025-04-13,Office Hub,CUST-114,10368,5,518.4,10886.4
INV10565,2025-04-14,Retail One,CUST-115,10505,12,1260.6,11765.6
INV10566,2025-04-15,Bharat Logistics,CUST-116,10642,18,1915.56,12557.56
INV10567,2025-04-16,Tata Enterprises,CUST-117,10779,28,3018.12,13797.12
INV10568,2025-04-17,Reliance Supply,CUST-118,10916,5,545.8,11461.8
INV10569,2025-04-18,Infosys Services,CUST-119,11053,12,1326.36,12379.36
INV10570,2025-04-19,Wipro Digital,CUST-120,11190,18,2014.2,13204.2
INV10571,2025-04-20,Adani Ports & SEZ,CUST-121,11327,28,3171.56,14498.56
INV10572,2025-04-21,Mahindra Spares,CUST-122,11464,5,573.2,12037.2
INV10573,2025-04-22,Larsen Industrial,CUST-123,11601,12,1392.12,12993.12
INV10574,2025-04-23,Bajaj Electricals,CUST-124,11738,18,2112.84,13850.84
INV10575,2025-04-24,Godrej Agrovet,CUST-125,11875,28,3325,15200
INV10576,2025-04-25,Hindustan Traders,CUST-126,12012,5,600.6,12612.6
INV10577,2025-04-26,Zomato Logistics,CUST-127,12149,12,1457.88,13606.88
INV10578,2025-04-27,Swiggy Kitchens,CUST-128,12286,18,2211.48,14497.48
INV10579,2025-04-28,Delhivery Express,CUST-129,12423,28,3478.44,15901.44
INV10580,2025-04-01,ABC Ltd,CUST-130,12560,5,628,13188
INV10581,2025-04-02,XYZ Corp,CUST-131,12697,12,1523.64,14220.64
INV10582,2025-04-03,Global Mart,CUST-132,12834,18,2310.12,15144.12
INV10583,2025-04-04,Tech Solutions,CUST-133,12971,28,3631.88,16602.88
INV10584,2025-04-05,Office Hub,CUST-134,13108,5,655.4,13763.4
INV10585,2025-04-06,Retail One,CUST-135,13245,12,1589.4,14834.4
INV10586,2025-04-07,Bharat Logistics,CUST-136,13382,18,2408.76,15790.76
INV10587,2025-04-08,Tata Enterprises,CUST-137,13519,28,3785.32,17304.32
INV10588,2025-04-09,Reliance Supply,CUST-138,13656,5,682.8,14338.8
INV10589,2025-04-10,Infosys Services,CUST-139,13793,12,1655.16,15448.16
INV10590,2025-04-11,Wipro Digital,CUST-140,13930,18,2507.4,16437.4
INV10591,2025-04-12,Adani Ports & SEZ,CUST-141,14067,28,3938.76,18005.76
INV10592,2025-04-13,Mahindra Spares,CUST-142,14204,5,710.2,14914.2
INV10593,2025-04-14,Larsen Industrial,CUST-143,14341,12,1720.92,16061.92
INV10594,2025-04-15,Bajaj Electricals,CUST-144,14478,18,2606.04,17084.04
INV10595,2025-04-16,Godrej Agrovet,CUST-145,14615,28,4092.2,18707.2
INV10596,2025-04-17,Hindustan Traders,CUST-146,14752,5,737.6,15489.6
INV10597,2025-04-18,Zomato Logistics,CUST-147,14889,12,1786.68,16675.68
INV10598,2025-04-19,Swiggy Kitchens,CUST-148,15026,18,2704.68,17730.68
INV10599,2025-04-20,Delhivery Express,CUST-149,15163,28,4245.64,19408.64
INV10600,2025-04-21,ABC Ltd,CUST-150,15300,5,765,16065
INV10601,2025-04-22,XYZ Corp,CUST-151,15437,12,1852.44,17289.44
INV10602,2025-04-23,Global Mart,CUST-152,15574,18,2803.32,18377.32
INV10603,2025-04-24,Tech Solutions,CUST-153,15711,28,4399.08,20110.08
INV10604,2025-04-25,Office Hub,CUST-154,15848,5,792.4,16640.4
INV10605,2025-04-26,Retail One,CUST-155,15985,12,1918.2,17903.2
INV10606,2025-04-27,Bharat Logistics,CUST-156,16122,18,2901.96,19023.96
INV10607,2025-04-28,Tata Enterprises,CUST-157,16259,28,4552.52,20811.52
INV10608,2025-04-01,Reliance Supply,CUST-158,16396,5,819.8,17215.8
INV10609,2025-04-02,Infosys Services,CUST-159,16533,12,1983.96,18516.96
INV10610,2025-04-03,Wipro Digital,CUST-160,16670,18,3000.6,19670.6
INV10611,2025-04-04,Adani Ports & SEZ,CUST-161,16807,28,4705.96,21512.96
INV10612,2025-04-05,Mahindra Spares,CUST-162,16944,5,847.2,17791.2
INV10613,2025-04-06,Larsen Industrial,CUST-163,17081,12,2049.72,19130.72
INV10614,2025-04-07,Bajaj Electricals,CUST-164,17218,18,3099.24,20317.24
INV10615,2025-04-08,Godrej Agrovet,CUST-165,17355,28,4859.4,22214.4
INV10616,2025-04-09,Hindustan Traders,CUST-166,17492,5,874.6,18366.6
INV10617,2025-04-10,Zomato Logistics,CUST-167,17629,12,2115.48,19744.48
INV10618,2025-04-11,Swiggy Kitchens,CUST-168,17766,18,3197.88,20963.88
INV10619,2025-04-12,Delhivery Express,CUST-169,17903,28,5012.84,22915.84
INV10620,2025-04-13,ABC Ltd,CUST-170,18040,5,902,18942
INV10621,2025-04-14,XYZ Corp,CUST-171,18177,12,2181.24,20358.24
INV10622,2025-04-15,Global Mart,CUST-172,18314,18,3296.52,21610.52
INV10623,2025-04-16,Tech Solutions,CUST-173,18451,28,5166.28,23617.28
INV10624,2025-04-17,Office Hub,CUST-174,18588,5,929.4,19517.4
INV10625,2025-04-18,Retail One,CUST-175,18725,12,2247,20972
INV10626,2025-04-19,Bharat Logistics,CUST-176,18862,18,3395.16,22257.16
INV10627,2025-04-20,Tata Enterprises,CUST-177,18999,28,5319.72,24318.72
INV10628,2025-04-21,Reliance Supply,CUST-178,19136,5,956.8,20092.8
INV10629,2025-04-22,Infosys Services,CUST-179,19273,12,2312.76,21585.76
INV10630,2025-04-23,Wipro Digital,CUST-180,19410,18,3493.8,22903.8
INV10631,2025-04-24,Adani Ports & SEZ,CUST-181,19547,28,5473.16,25020.16
INV10632,2025-04-25,Mahindra Spares,CUST-182,19684,5,984.2,20668.2
INV10633,2025-04-26,Larsen Industrial,CUST-183,19821,12,2378.52,22199.52
INV10634,2025-04-27,Bajaj Electricals,CUST-184,19958,18,3592.44,23550.44
INV10635,2025-04-28,Godrej Agrovet,CUST-185,20095,28,5626.6,25721.6
INV10636,2025-04-01,Hindustan Traders,CUST-186,20232,5,1011.6,21243.6
INV10637,2025-04-02,Zomato Logistics,CUST-187,20369,12,2444.28,22813.28
INV10638,2025-04-03,Swiggy Kitchens,CUST-188,20506,18,3691.08,24197.08
INV10639,2025-04-04,Delhivery Express,CUST-189,20643,28,5780.04,26423.04
INV10640,2025-04-05,ABC Ltd,CUST-190,20780,5,1039,21819
INV10641,2025-04-06,XYZ Corp,CUST-191,20917,12,2510.04,23427.04
INV10642,2025-04-07,Global Mart,CUST-192,21054,18,3789.72,24843.72
INV10643,2025-04-08,Tech Solutions,CUST-193,21191,28,5933.48,27124.48
INV10644,2025-04-09,Office Hub,CUST-194,21328,5,1066.4,22394.4
INV10645,2025-04-10,Retail One,CUST-195,21465,12,2575.8,24040.8
INV10646,2025-04-11,Bharat Logistics,CUST-196,21602,18,3888.36,25490.36
INV10647,2025-04-12,Tata Enterprises,CUST-197,21739,28,6086.92,27825.92
INV10648,2025-04-13,Reliance Supply,CUST-198,21876,5,1093.8,22969.8
INV10649,2025-04-14,Infosys Services,CUST-199,22013,12,2641.56,24654.56
INV10650,2025-04-15,Wipro Digital,CUST-200,22150,18,3987,26137
INV10651,2025-04-16,Adani Ports & SEZ,CUST-201,22287,28,6240.36,28527.36
INV10652,2025-04-17,Mahindra Spares,CUST-202,22424,5,1121.2,23545.2
INV10653,2025-04-18,Larsen Industrial,CUST-203,22561,12,2707.32,25268.32
INV10654,2025-04-19,Bajaj Electricals,CUST-204,22698,18,4085.64,26783.64
INV10655,2025-04-20,Godrej Agrovet,CUST-205,22835,28,6393.8,29228.8
INV10656,2025-04-21,Hindustan Traders,CUST-206,22972,5,1148.6,24120.6
INV10657,2025-04-22,Zomato Logistics,CUST-207,23109,12,2773.08,25882.08
INV10658,2025-04-23,Swiggy Kitchens,CUST-208,23246,18,4184.28,27430.28
INV10659,2025-04-24,Delhivery Express,CUST-209,23383,28,6547.24,29930.24
INV10660,2025-04-25,ABC Ltd,CUST-210,23520,5,1176,24696
INV10661,2025-04-26,XYZ Corp,CUST-211,23657,12,2838.84,26495.84
INV10662,2025-04-27,Global Mart,CUST-212,23794,18,4282.92,28076.92
INV10663,2025-04-28,Tech Solutions,CUST-213,23931,28,6700.68,30631.68
INV10664,2025-04-01,Office Hub,CUST-214,24068,5,1203.4,25271.4
INV10665,2025-04-02,Retail One,CUST-215,24205,12,2904.6,27109.6
INV10666,2025-04-03,Bharat Logistics,CUST-216,24342,18,4381.56,28723.56
INV10667,2025-04-04,Tata Enterprises,CUST-217,24479,28,6854.12,31333.12
INV10668,2025-04-05,Reliance Supply,CUST-218,24616,5,1230.8,25846.8
INV10669,2025-04-06,Infosys Services,CUST-219,24753,12,2970.36,27723.36
INV10670,2025-04-07,Wipro Digital,CUST-220,24890,18,4480.2,29370.2
INV10671,2025-04-08,Adani Ports & SEZ,CUST-221,25027,28,7007.56,32034.56
INV10672,2025-04-09,Mahindra Spares,CUST-222,25164,5,1258.2,26422.2
INV10673,2025-04-10,Larsen Industrial,CUST-223,25301,12,3036.12,28337.12
INV10674,2025-04-11,Bajaj Electricals,CUST-224,25438,18,4578.84,30016.84
INV10675,2025-04-12,Godrej Agrovet,CUST-225,25575,28,7161,32736
INV10676,2025-04-13,Hindustan Traders,CUST-226,25712,5,1285.6,26997.6
INV10677,2025-04-14,Zomato Logistics,CUST-227,25849,12,3101.88,28950.88
INV10678,2025-04-15,Swiggy Kitchens,CUST-228,25986,18,4677.48,30663.48
INV10679,2025-04-16,Delhivery Express,CUST-229,26123,28,7314.44,33437.44
INV10680,2025-04-17,ABC Ltd,CUST-230,26260,5,1313,27573
INV10681,2025-04-18,XYZ Corp,CUST-231,26397,12,3167.64,29564.64
INV10682,2025-04-19,Global Mart,CUST-232,26534,18,4776.12,31310.12
INV10683,2025-04-20,Tech Solutions,CUST-233,26671,28,7467.88,34138.88
INV10684,2025-04-21,Office Hub,CUST-234,26808,5,1340.4,28148.4
INV10685,2025-04-22,Retail One,CUST-235,26945,12,3233.4,30178.4
INV10686,2025-04-23,Bharat Logistics,CUST-236,27082,18,4874.76,31956.76
INV10687,2025-04-24,Tata Enterprises,CUST-237,27219,28,7621.32,34840.32
INV10688,2025-04-25,Reliance Supply,CUST-238,27356,5,1367.8,28723.8
INV10689,2025-04-26,Infosys Services,CUST-239,27493,12,3299.16,30792.16
INV10690,2025-04-27,Wipro Digital,CUST-240,27630,18,4973.4,32603.4
INV10691,2025-04-28,Adani Ports & SEZ,CUST-241,27767,28,7774.76,35541.76
INV10692,2025-04-01,Mahindra Spares,CUST-242,27904,5,1395.2,29299.2
INV10693,2025-04-02,Larsen Industrial,CUST-243,28041,12,3364.92,31405.92
INV10694,2025-04-03,Bajaj Electricals,CUST-244,28178,18,5072.04,33250.04
INV10695,2025-04-04,Godrej Agrovet,CUST-245,28315,28,7928.2,36243.2
INV10696,2025-04-05,Hindustan Traders,CUST-246,28452,5,1422.6,29874.6
INV10697,2025-04-06,Zomato Logistics,CUST-247,28589,12,3430.68,32019.68
INV10698,2025-04-07,Swiggy Kitchens,CUST-248,28726,18,5170.68,33896.68
INV10699,2025-04-08,Delhivery Express,CUST-249,28863,28,8081.64,36944.64
INV10700,2025-04-09,ABC Ltd,CUST-250,950000,5,47500,997500
INV10701,2025-04-10,XYZ Corp,CUST-251,29137,12,3496.44,32633.44
INV10702,2025-04-11,Global Mart,CUST-252,29274,18,5269.32,34543.32
INV10703,2025-04-12,Tech Solutions,CUST-253,29411,28,8235.08,37646.08
INV10704,2025-04-13,Office Hub,CUST-254,29548,5,1477.4,31025.4
INV10705,2025-04-14,Retail One,CUST-255,29685,12,3562.2,33247.2
INV10706,2025-04-15,Bharat Logistics,CUST-256,29822,18,5367.96,35189.96
INV10707,2025-04-16,Tata Enterprises,CUST-257,29959,28,8388.52,38347.52
INV10708,2025-04-17,Reliance Supply,CUST-258,30096,5,1504.8,31600.8
INV10709,2025-04-18,Infosys Services,CUST-259,30233,12,3627.96,33860.96
INV10710,2025-04-19,Wipro Digital,CUST-260,30370,18,5466.6,35836.6
INV10711,2025-04-20,Adani Ports & SEZ,CUST-261,30507,28,8541.96,39048.96
INV10712,2025-04-21,Mahindra Spares,CUST-262,30644,5,1532.2,32176.2
INV10713,2025-04-22,Larsen Industrial,CUST-263,30781,12,3693.72,34474.72
INV10714,2025-04-23,Bajaj Electricals,CUST-264,30918,18,5565.24,36483.24
INV10715,2025-04-24,Godrej Agrovet,CUST-265,31055,28,8695.4,39750.4
INV10716,2025-04-25,Hindustan Traders,CUST-266,31192,5,1559.6,32751.6
INV10717,2025-04-26,Zomato Logistics,CUST-267,31329,12,3759.48,35088.48
INV10718,2025-04-27,Swiggy Kitchens,CUST-268,31466,18,5663.88,37129.88
INV10719,2025-04-28,Delhivery Express,CUST-269,31603,28,8848.84,40451.84
INV10720,2025-04-01,ABC Ltd,CUST-270,31740,5,1587,33327
INV10721,2025-04-02,XYZ Corp,CUST-271,31877,12,3825.24,35702.24
INV10722,2025-04-03,Global Mart,CUST-272,32014,18,5762.52,37776.52
INV10723,2025-04-04,Tech Solutions,CUST-273,32151,28,9002.28,41153.28
INV10724,2025-04-05,Office Hub,CUST-274,32288,5,1614.4,33902.4
INV10725,2025-04-06,Retail One,CUST-275,32425,12,3891,36316
INV10726,2025-04-07,Bharat Logistics,CUST-276,32562,18,5861.16,38423.16
INV10727,2025-04-08,Tata Enterprises,CUST-277,32699,28,9155.72,41854.72
INV10728,2025-04-09,Reliance Supply,CUST-278,32836,5,1641.8,34477.8
INV10729,2025-04-10,Infosys Services,CUST-279,32973,12,3956.76,36929.76
INV10730,2025-04-11,Wipro Digital,CUST-280,33110,18,5959.8,39069.8
INV10731,2025-04-12,Adani Ports & SEZ,CUST-281,33247,28,9309.16,42556.16
INV10732,2025-04-13,Mahindra Spares,CUST-282,33384,5,1669.2,35053.2
INV10733,2025-04-14,Larsen Industrial,CUST-283,33521,12,4022.52,37543.52
INV10734,2025-04-15,Bajaj Electricals,CUST-284,33658,18,6058.44,39716.44
INV10735,2025-04-16,Godrej Agrovet,CUST-285,33795,28,9462.6,43257.6
INV10736,2025-04-17,Hindustan Traders,CUST-286,33932,5,1696.6,35628.6
INV10737,2025-04-18,Zomato Logistics,CUST-287,34069,12,4088.28,38157.28
INV10738,2025-04-19,Swiggy Kitchens,CUST-288,34206,18,6157.08,40363.08
INV10739,2025-04-20,Delhivery Express,CUST-289,34343,28,9616.04,43959.04
INV10740,2025-04-21,ABC Ltd,CUST-290,34480,5,1724,36204
INV10741,2025-04-22,XYZ Corp,CUST-291,34617,12,4154.04,38771.04
INV10742,2025-04-23,Global Mart,CUST-292,34754,18,6255.72,41009.72
INV10743,2025-04-24,Tech Solutions,CUST-293,34891,28,9769.48,44660.48
INV10744,2025-04-25,Office Hub,CUST-294,35028,5,1751.4,36779.4
INV10745,2025-04-26,Retail One,CUST-295,35165,12,4219.8,39384.8
INV10746,2025-04-27,Bharat Logistics,CUST-296,35302,18,6354.36,41656.36
INV10747,2025-04-28,Tata Enterprises,CUST-297,35439,28,9922.92,45361.92
INV10748,2025-04-01,Reliance Supply,CUST-298,35576,5,1778.8,37354.8
INV10749,2025-04-02,Infosys Services,CUST-299,35713,12,4285.56,39998.56
INV10750,2025-04-03,Wipro Digital,CUST-300,35850,18,6453,42303
INV10751,2025-04-04,Adani Ports & SEZ,CUST-301,35987,28,10076.36,46063.36
INV10752,2025-04-05,Mahindra Spares,CUST-302,36124,5,1806.2,37930.2
INV10753,2025-04-06,Larsen Industrial,CUST-303,36261,12,4351.32,40612.32
INV10754,2025-04-07,Bajaj Electricals,CUST-304,36398,18,6551.64,42949.64
INV10755,2025-04-08,Godrej Agrovet,CUST-305,36535,28,10229.8,46764.8
INV10756,2025-04-09,Hindustan Traders,CUST-306,36672,5,1833.6,38505.6
INV10757,2025-04-10,Zomato Logistics,CUST-307,36809,12,4417.08,41226.08
INV10758,2025-04-11,Swiggy Kitchens,CUST-308,36946,18,6650.28,43596.28
INV10759,2025-04-12,Delhivery Express,CUST-309,37083,28,10383.24,47466.24
INV10760,2025-04-13,ABC Ltd,CUST-310,37220,5,1861,39081
INV10761,2025-04-14,XYZ Corp,CUST-311,37357,12,4482.84,41839.84
INV10762,2025-04-15,Global Mart,CUST-312,37494,18,6748.92,44242.92
INV10763,2025-04-16,Tech Solutions,CUST-313,37631,28,10536.68,48167.68
INV10764,2025-04-17,Office Hub,CUST-314,37768,5,1888.4,39656.4
INV10765,2025-04-18,Retail One,CUST-315,37905,12,4548.6,42453.6
INV10766,2025-04-19,Bharat Logistics,CUST-316,38042,18,6847.56,44889.56
INV10767,2025-04-20,Tata Enterprises,CUST-317,38179,28,10690.12,48869.12
INV10768,2025-04-21,Reliance Supply,CUST-318,38316,5,1915.8,40231.8
INV10769,2025-04-22,Infosys Services,CUST-319,38453,12,4614.36,43067.36
INV10770,2025-04-23,Wipro Digital,CUST-320,38590,18,6946.2,45536.2
INV10771,2025-04-24,Adani Ports & SEZ,CUST-321,38727,28,10843.56,49570.56
INV10772,2025-04-25,Mahindra Spares,CUST-322,38864,5,1943.2,40807.2
INV10773,2025-04-26,Larsen Industrial,CUST-323,39001,12,4680.12,43681.12
INV10774,2025-04-27,Bajaj Electricals,CUST-324,39138,18,7044.84,46182.84
INV10775,2025-04-28,Godrej Agrovet,CUST-325,39275,28,10997,50272
INV10776,2025-04-01,Hindustan Traders,CUST-326,39412,5,1970.6,41382.6
INV10777,2025-04-02,Zomato Logistics,CUST-327,39549,12,4745.88,44294.88
INV10778,2025-04-03,Swiggy Kitchens,CUST-328,39686,18,7143.48,46829.48
INV10779,2025-04-04,Delhivery Express,CUST-329,39823,28,11150.44,50973.44
INV10780,2025-04-05,ABC Ltd,CUST-330,39960,5,1998,41958
INV10781,2025-04-06,XYZ Corp,CUST-331,40097,12,4811.64,44908.64
INV10782,2025-04-07,Global Mart,CUST-332,40234,18,7242.12,47476.12
INV10783,2025-04-08,Tech Solutions,CUST-333,40371,28,11303.88,51674.88
INV10784,2025-04-09,Office Hub,CUST-334,40508,5,2025.4,42533.4
INV10785,2025-04-10,Retail One,CUST-335,40645,12,4877.4,45522.4
INV10786,2025-04-11,Bharat Logistics,CUST-336,40782,18,7340.76,48122.76
INV10787,2025-04-12,Tata Enterprises,CUST-337,40919,28,11457.32,52376.32
INV10788,2025-04-13,Reliance Supply,CUST-338,41056,5,2052.8,43108.8
INV10789,2025-04-14,Infosys Services,CUST-339,41193,12,4943.16,46136.16
INV10790,2025-04-15,Wipro Digital,CUST-340,41330,18,7439.4,48769.4
INV10791,2025-04-16,Adani Ports & SEZ,CUST-341,41467,28,11610.76,53077.76
INV10792,2025-04-17,Mahindra Spares,CUST-342,41604,5,2080.2,43684.2
INV10793,2025-04-18,Larsen Industrial,CUST-343,41741,12,5008.92,46749.92
INV10794,2025-04-19,Bajaj Electricals,CUST-344,41878,18,7538.04,49416.04
INV10795,2025-04-20,Godrej Agrovet,CUST-345,42015,28,11764.2,53779.2
INV10796,2025-04-21,Hindustan Traders,CUST-346,42152,5,2107.6,44259.6
INV10797,2025-04-22,Zomato Logistics,CUST-347,42289,12,5074.68,47363.68
INV10798,2025-04-23,Swiggy Kitchens,CUST-348,42426,18,7636.68,50062.68
INV10799,2025-04-24,Delhivery Express,CUST-349,42563,28,11917.64,54480.64
INV10800,2025-04-25,ABC Ltd,CUST-350,42700,5,2135,44835
INV10801,2025-04-26,XYZ Corp,CUST-351,42837,12,5140.44,47977.44
INV10802,2025-04-27,Global Mart,CUST-352,42974,18,7735.32,50709.32
INV10803,2025-04-28,Tech Solutions,CUST-353,43111,28,12071.08,55182.08
INV10804,2025-04-01,Office Hub,CUST-354,43248,5,2162.4,45410.4
INV10805,2025-04-02,Retail One,CUST-355,43385,12,5206.2,48591.2
INV10806,2025-04-03,Bharat Logistics,CUST-356,43522,18,7833.96,51355.96
INV10807,2025-04-04,Tata Enterprises,CUST-357,43659,28,12224.52,55883.52
INV10808,2025-04-05,Reliance Supply,CUST-358,43796,5,2189.8,45985.8
INV10809,2025-04-06,Infosys Services,CUST-359,43933,12,5271.96,49204.96
INV10810,2025-04-07,Wipro Digital,CUST-360,44070,18,7932.6,52002.6
INV10811,2025-04-08,Adani Ports & SEZ,CUST-361,44207,28,12377.96,56584.96
INV10812,2025-04-09,Mahindra Spares,CUST-362,44344,5,2217.2,46561.2
INV10813,2025-04-10,Larsen Industrial,CUST-363,44481,12,5337.72,49818.72
INV10814,2025-04-11,Bajaj Electricals,CUST-364,44618,18,8031.24,52649.24
INV10815,2025-04-12,Godrej Agrovet,CUST-365,44755,28,12531.4,57286.4
INV10816,2025-04-13,Hindustan Traders,CUST-366,44892,5,2244.6,47136.6
INV10817,2025-04-14,Zomato Logistics,CUST-367,45029,12,5403.48,50432.48
INV10818,2025-04-15,Swiggy Kitchens,CUST-368,45166,18,8129.88,53295.88
INV10819,2025-04-16,Delhivery Express,CUST-369,45303,28,12684.84,57987.84
INV10820,2025-04-17,ABC Ltd,CUST-370,45440,5,2272,47712
INV10821,2025-04-18,XYZ Corp,CUST-371,45577,12,5469.24,51046.24
INV10822,2025-04-19,Global Mart,CUST-372,45714,18,8228.52,53942.52
INV10823,2025-04-20,Tech Solutions,CUST-373,45851,28,12838.28,58689.28
INV10824,2025-04-21,Office Hub,CUST-374,45988,5,2299.4,48287.4
INV10825,2025-04-22,Retail One,CUST-375,46125,12,5535,51660
INV10826,2025-04-23,Bharat Logistics,CUST-376,46262,18,8327.16,54589.16
INV10827,2025-04-24,Tata Enterprises,CUST-377,46399,28,12991.72,59390.72
INV10828,2025-04-25,Reliance Supply,CUST-378,46536,5,2326.8,48862.8
INV10829,2025-04-26,Infosys Services,CUST-379,46673,12,5600.76,52273.76
INV10830,2025-04-27,Wipro Digital,CUST-380,46810,18,8425.8,55235.8
INV10831,2025-04-28,Adani Ports & SEZ,CUST-381,46947,28,13145.16,60092.16
INV10832,2025-04-01,Mahindra Spares,CUST-382,47084,5,2354.2,49438.2
INV10833,2025-04-02,Larsen Industrial,CUST-383,47221,12,5666.52,52887.52
INV10834,2025-04-03,Bajaj Electricals,CUST-384,47358,18,8524.44,55882.44
INV10835,2025-04-04,Godrej Agrovet,CUST-385,47495,28,13298.6,60793.6
INV10836,2025-04-05,Hindustan Traders,CUST-386,47632,5,2381.6,50013.6
INV10837,2025-04-06,Zomato Logistics,CUST-387,47769,12,5732.28,53501.28
INV10838,2025-04-07,Swiggy Kitchens,CUST-388,47906,18,8623.08,56529.08
INV10839,2025-04-08,Delhivery Express,CUST-389,48043,28,13452.04,61495.04
INV10840,2025-04-09,ABC Ltd,CUST-390,48180,5,2409,50589
INV10841,2025-04-10,XYZ Corp,CUST-391,48317,12,5798.04,54115.04
INV10842,2025-04-11,Global Mart,CUST-392,48454,18,8721.72,57175.72
INV10843,2025-04-12,Tech Solutions,CUST-393,48591,28,13605.48,62196.48
INV10844,2025-04-13,Office Hub,CUST-394,48728,5,2436.4,51164.4
INV10845,2025-04-14,Retail One,CUST-395,48865,12,5863.8,54728.8
INV10846,2025-04-15,Bharat Logistics,CUST-396,49002,18,8820.36,57822.36
INV10847,2025-04-16,Tata Enterprises,CUST-397,49139,28,13758.92,62897.92
INV10848,2025-04-17,Reliance Supply,CUST-398,49276,5,2463.8,51739.8
INV10849,2025-04-18,Infosys Services,CUST-399,49413,12,5929.56,55342.56
INV10850,2025-04-19,Wipro Digital,CUST-400,49550,18,8919,58469
INV10851,2025-04-20,Adani Ports & SEZ,CUST-401,49687,28,13912.36,63599.36
INV10852,2025-04-21,Mahindra Spares,CUST-402,49824,5,2491.2,52315.2
INV10853,2025-04-22,Larsen Industrial,CUST-403,49961,12,5995.32,55956.32
INV10854,2025-04-23,Bajaj Electricals,CUST-404,50098,18,9017.64,59115.64
INV10855,2025-04-24,Godrej Agrovet,CUST-405,50235,28,14065.8,64300.8
INV10856,2025-04-25,Hindustan Traders,CUST-406,50372,5,2518.6,52890.6
INV10857,2025-04-26,Zomato Logistics,CUST-407,50509,12,6061.08,56570.08
INV10858,2025-04-27,Swiggy Kitchens,CUST-408,50646,18,9116.28,59762.28
INV10859,2025-04-28,Delhivery Express,CUST-409,50783,28,14219.24,65002.24
INV10860,2025-04-01,ABC Ltd,CUST-410,50920,5,2546,53466
INV10861,2025-04-02,XYZ Corp,CUST-411,51057,12,6126.84,57183.84
INV10862,2025-04-03,Global Mart,CUST-412,51194,18,9214.92,60408.92
INV10863,2025-04-04,Tech Solutions,CUST-413,51331,28,14372.68,65703.68
INV10864,2025-04-05,Office Hub,CUST-414,51468,5,2573.4,54041.4
INV10865,2025-04-06,Retail One,CUST-415,51605,12,6192.6,57797.6
INV10866,2025-04-07,Bharat Logistics,CUST-416,51742,18,9313.56,61055.56
INV10867,2025-04-08,Tata Enterprises,CUST-417,51879,28,14526.12,66405.12
INV10868,2025-04-09,Reliance Supply,CUST-418,52016,5,2600.8,54616.8
INV10869,2025-04-10,Infosys Services,CUST-419,52153,12,6258.36,58411.36
INV10870,2025-04-11,Wipro Digital,CUST-420,52290,18,9412.2,61702.2
INV10871,2025-04-12,Adani Ports & SEZ,CUST-421,52427,28,14679.56,67106.56
INV10872,2025-04-13,Mahindra Spares,CUST-422,52564,5,2628.2,55192.2
INV10873,2025-04-14,Larsen Industrial,CUST-423,52701,12,6324.12,59025.12
INV10874,2025-04-15,Bajaj Electricals,CUST-424,52838,18,9510.84,62348.84
INV10875,2025-04-16,Godrej Agrovet,CUST-425,52975,28,14833,67808
INV10876,2025-04-17,Hindustan Traders,CUST-426,53112,5,2655.6,55767.6
INV10877,2025-04-18,Zomato Logistics,CUST-427,53249,12,6389.88,59638.88
INV10878,2025-04-19,Swiggy Kitchens,CUST-428,53386,18,9609.48,62995.48
INV10879,2025-04-20,Delhivery Express,CUST-429,53523,28,14986.44,68509.44
INV10880,2025-04-21,ABC Ltd,CUST-430,53660,5,2683,56343
INV10881,2025-04-22,XYZ Corp,CUST-431,53797,12,6455.64,60252.64
INV10882,2025-04-23,Global Mart,CUST-432,53934,18,9708.12,63642.12
INV10883,2025-04-24,Tech Solutions,CUST-433,54071,28,15139.88,69210.88
INV10884,2025-04-25,Office Hub,CUST-434,54208,5,2710.4,56918.4
INV10885,2025-04-26,Retail One,CUST-435,54345,12,6521.4,60866.4
INV10886,2025-04-27,Bharat Logistics,CUST-436,54482,18,9806.76,64288.76
INV10887,2025-04-28,Tata Enterprises,CUST-437,54619,28,15293.32,69912.32
INV10888,2025-04-01,Reliance Supply,CUST-438,54756,5,2737.8,57493.8
INV10889,2025-04-02,Infosys Services,CUST-439,54893,12,6587.16,61480.16
INV10890,2025-04-03,Wipro Digital,CUST-440,55030,18,9905.4,64935.4
INV10891,2025-04-04,Adani Ports & SEZ,CUST-441,55167,28,15446.76,70613.76
INV10892,2025-04-05,Mahindra Spares,CUST-442,55304,5,2765.2,58069.2
INV10893,2025-04-06,Larsen Industrial,CUST-443,55441,12,6652.92,62093.92
INV10894,2025-04-07,Bajaj Electricals,CUST-444,55578,18,10004.04,65582.04
INV10895,2025-04-08,Godrej Agrovet,CUST-445,55715,28,15600.2,71315.2
INV10896,2025-04-09,Hindustan Traders,CUST-446,55852,5,2792.6,58644.6
INV10897,2025-04-10,Zomato Logistics,CUST-447,55989,12,6718.68,62707.68
INV10898,2025-04-11,Swiggy Kitchens,CUST-448,56126,18,10102.68,66228.68
INV10899,2025-04-12,Delhivery Express,CUST-449,56263,28,15753.64,72016.64
INV10900,2025-04-13,ABC Ltd,CUST-450,56400,5,2820,59220
INV10901,2025-04-14,XYZ Corp,CUST-451,56537,12,6784.44,63321.44
INV10902,2025-04-15,Global Mart,CUST-452,56674,18,10201.32,66875.32
INV10903,2025-04-16,Tech Solutions,CUST-453,56811,28,15907.08,72718.08
INV10904,2025-04-17,Office Hub,CUST-454,56948,5,2847.4,59795.4
INV10905,2025-04-18,Retail One,CUST-455,57085,12,6850.2,63935.2
INV10906,2025-04-19,Bharat Logistics,CUST-456,57222,18,10299.96,67521.96
INV10907,2025-04-20,Tata Enterprises,CUST-457,57359,28,16060.52,73419.52
INV10908,2025-04-21,Reliance Supply,CUST-458,57496,5,2874.8,60370.8
INV10909,2025-04-22,Infosys Services,CUST-459,57633,12,6915.96,64548.96
INV10910,2025-04-23,Wipro Digital,CUST-460,57770,18,10398.6,68168.6
INV10911,2025-04-24,Adani Ports & SEZ,CUST-461,57907,28,16213.96,74120.96
INV10912,2025-04-25,Mahindra Spares,CUST-462,58044,5,2902.2,60946.2
INV10913,2025-04-26,Larsen Industrial,CUST-463,58181,12,6981.72,65162.72
INV10914,2025-04-27,Bajaj Electricals,CUST-464,58318,18,10497.24,68815.24
INV10915,2025-04-28,Godrej Agrovet,CUST-465,58455,28,16367.4,74822.4
INV10916,2025-04-01,Hindustan Traders,CUST-466,58592,5,2929.6,61521.6
INV10917,2025-04-02,Zomato Logistics,CUST-467,58729,12,7047.48,65776.48
INV10918,2025-04-03,Swiggy Kitchens,CUST-468,58866,18,10595.88,69461.88
INV10919,2025-04-04,Delhivery Express,CUST-469,59003,28,16520.84,75523.84
INV10920,2025-04-05,ABC Ltd,CUST-470,59140,5,2957,62097
INV10921,2025-04-06,XYZ Corp,CUST-471,59277,12,7113.24,66390.24
INV10922,2025-04-07,Global Mart,CUST-472,59414,18,10694.52,70108.52
INV10923,2025-04-08,Tech Solutions,CUST-473,59551,28,16674.28,76225.28
INV10924,2025-04-09,Office Hub,CUST-474,59688,5,2984.4,62672.4
INV10925,2025-04-10,Retail One,CUST-475,59825,12,7179,67004
INV10926,2025-04-11,Bharat Logistics,CUST-476,59962,18,10793.16,70755.16
INV10927,2025-04-12,Tata Enterprises,CUST-477,60099,28,16827.72,76926.72
INV10928,2025-04-13,Reliance Supply,CUST-478,60236,5,3011.8,63247.8
INV10929,2025-04-14,Infosys Services,CUST-479,60373,12,7244.76,67617.76
INV10930,2025-04-15,Wipro Digital,CUST-480,60510,18,10891.8,71401.8
INV10931,2025-04-16,Adani Ports & SEZ,CUST-481,60647,28,16981.16,77628.16
INV10932,2025-04-17,Mahindra Spares,CUST-482,60784,5,3039.2,63823.2
INV10933,2025-04-18,Larsen Industrial,CUST-483,60921,12,7310.52,68231.52
INV10934,2025-04-19,Bajaj Electricals,CUST-484,61058,18,10990.44,72048.44
INV10935,2025-04-20,Godrej Agrovet,CUST-485,61195,28,17134.6,78329.6
INV10936,2025-04-21,Hindustan Traders,CUST-486,61332,5,3066.6,64398.6
INV10937,2025-04-22,Zomato Logistics,CUST-487,61469,12,7376.28,68845.28
INV10938,2025-04-23,Swiggy Kitchens,CUST-488,61606,18,11089.08,72695.08
INV10939,2025-04-24,Delhivery Express,CUST-489,61743,28,17288.04,79031.04
INV10940,2025-04-25,ABC Ltd,CUST-490,61880,5,3094,64974
INV10941,2025-04-26,XYZ Corp,CUST-491,62017,12,7442.04,69459.04
INV10942,2025-04-27,Global Mart,CUST-492,62154,18,11187.72,73341.72
INV10943,2025-04-28,Tech Solutions,CUST-493,62291,28,17441.48,79732.48
INV10944,2025-04-01,Office Hub,CUST-494,62428,5,3121.4,65549.4
INV10945,2025-04-02,Retail One,CUST-495,62565,12,7507.8,70072.8
INV10946,2025-04-03,Bharat Logistics,CUST-496,62702,18,11286.36,73988.36
INV10947,2025-04-04,Tata Enterprises,CUST-497,62839,28,17594.92,80433.92
INV10948,2025-04-05,Reliance Supply,CUST-498,62976,5,3148.8,66124.8
INV10949,2025-04-06,Infosys Services,CUST-499,63113,12,7573.56,70686.56
INV10950,2025-04-07,Wipro Digital,CUST-500,850000,18,153000,1003000
INV10951,2025-04-08,Adani Ports & SEZ,CUST-501,63387,28,17748.36,81135.36
INV10952,2025-04-09,Mahindra Spares,CUST-502,63524,5,3176.2,66700.2
INV10953,2025-04-10,Larsen Industrial,CUST-503,63661,12,7639.32,71300.32
INV10954,2025-04-11,Bajaj Electricals,CUST-504,63798,18,11483.64,75281.64
INV10955,2025-04-12,Godrej Agrovet,CUST-505,63935,28,17901.8,81836.8
INV10956,2025-04-13,Hindustan Traders,CUST-506,64072,5,3203.6,67275.6
INV10957,2025-04-14,Zomato Logistics,CUST-507,64209,12,7705.08,71914.08
INV10958,2025-04-15,Swiggy Kitchens,CUST-508,64346,18,11582.28,75928.28
INV10959,2025-04-16,Delhivery Express,CUST-509,64483,28,18055.24,82538.24
INV10960,2025-04-17,ABC Ltd,CUST-510,64620,5,3231,67851
INV10961,2025-04-18,XYZ Corp,CUST-511,64757,12,7770.84,72527.84
INV10962,2025-04-19,Global Mart,CUST-512,64894,18,11680.92,76574.92
INV10963,2025-04-20,Tech Solutions,CUST-513,65031,28,18208.68,83239.68
INV10964,2025-04-21,Office Hub,CUST-514,65168,5,3258.4,68426.4
INV10965,2025-04-22,Retail One,CUST-515,65305,12,7836.6,73141.6
INV10966,2025-04-23,Bharat Logistics,CUST-516,65442,18,11779.56,77221.56
INV10967,2025-04-24,Tata Enterprises,CUST-517,65579,28,18362.12,83941.12
INV10968,2025-04-25,Reliance Supply,CUST-518,65716,5,3285.8,69001.8
INV10969,2025-04-26,Infosys Services,CUST-519,65853,12,7902.36,73755.36
INV10970,2025-04-27,Wipro Digital,CUST-520,65990,18,11878.2,77868.2
INV10971,2025-04-28,Adani Ports & SEZ,CUST-521,66127,28,18515.56,84642.56
INV10972,2025-04-01,Mahindra Spares,CUST-522,66264,5,3313.2,69577.2
INV10973,2025-04-02,Larsen Industrial,CUST-523,66401,12,7968.12,74369.12
INV10974,2025-04-03,Bajaj Electricals,CUST-524,66538,18,11976.84,78514.84
INV10975,2025-04-04,Godrej Agrovet,CUST-525,66675,28,18669,85344
INV10976,2025-04-05,Hindustan Traders,CUST-526,66812,5,3340.6,70152.6
INV10977,2025-04-06,Zomato Logistics,CUST-527,66949,12,8033.88,74982.88
INV10978,2025-04-07,Swiggy Kitchens,CUST-528,67086,18,12075.48,79161.48
INV10979,2025-04-08,Delhivery Express,CUST-529,67223,28,18822.44,86045.44
INV10980,2025-04-09,ABC Ltd,CUST-530,67360,5,3368,70728
INV10981,2025-04-10,XYZ Corp,CUST-531,67497,12,8099.64,75596.64
INV10982,2025-04-11,Global Mart,CUST-532,67634,18,12174.12,79808.12
INV10983,2025-04-12,Tech Solutions,CUST-533,67771,28,18975.88,86746.88
INV10984,2025-04-13,Office Hub,CUST-534,67908,5,3395.4,71303.4
INV10985,2025-04-14,Retail One,CUST-535,68045,12,8165.4,76210.4
INV10986,2025-04-15,Bharat Logistics,CUST-536,68182,18,12272.76,80454.76
INV10987,2025-04-16,Tata Enterprises,CUST-537,68319,28,19129.32,87448.32
INV10988,2025-04-17,Reliance Supply,CUST-538,68456,5,3422.8,71878.8
INV10989,2025-04-18,Infosys Services,CUST-539,68593,12,8231.16,76824.16
INV10990,2025-04-19,Wipro Digital,CUST-540,68730,18,12371.4,81101.4
INV10991,2025-04-20,Adani Ports & SEZ,CUST-541,68867,28,19282.76,88149.76
INV10992,2025-04-21,Mahindra Spares,CUST-542,69004,5,3450.2,72454.2
INV10993,2025-04-22,Larsen Industrial,CUST-543,69141,12,8296.92,77437.92
INV10994,2025-04-23,Bajaj Electricals,CUST-544,69278,18,12470.04,81748.04
INV10995,2025-04-24,Godrej Agrovet,CUST-545,69415,28,19436.2,88851.2
INV10996,2025-04-25,Hindustan Traders,CUST-546,69552,5,3477.6,73029.6
INV10997,2025-04-26,Zomato Logistics,CUST-547,69689,12,8362.68,78051.68
INV10998,2025-04-27,Swiggy Kitchens,CUST-548,69826,18,12568.68,82394.68
INV10999,2025-04-28,Delhivery Express,CUST-549,69963,28,19589.64,89552.64
INV11000,2025-04-01,ABC Ltd,CUST-550,70100,5,3505,73605
INV11001,2025-04-02,XYZ Corp,CUST-551,70237,12,8428.44,78665.44
INV11002,2025-04-03,Global Mart,CUST-552,70374,18,12667.32,83041.32
INV11003,2025-04-04,Tech Solutions,CUST-553,70511,28,19743.08,90254.08
INV11004,2025-04-05,Office Hub,CUST-554,70648,5,3532.4,74180.4
INV11005,2025-04-06,Retail One,CUST-555,70785,12,8494.2,79279.2
INV11006,2025-04-07,Bharat Logistics,CUST-556,70922,18,12765.96,83687.96
INV11007,2025-04-08,Tata Enterprises,CUST-557,71059,28,19896.52,90955.52
INV11008,2025-04-09,Reliance Supply,CUST-558,71196,5,3559.8,74755.8
INV11009,2025-04-10,Infosys Services,CUST-559,71333,12,8559.96,79892.96
INV11010,2025-04-11,Wipro Digital,CUST-560,71470,18,12864.6,84334.6
INV11011,2025-04-12,Adani Ports & SEZ,CUST-561,71607,28,20049.96,91656.96
INV11012,2025-04-13,Mahindra Spares,CUST-562,71744,5,3587.2,75331.2
INV11013,2025-04-14,Larsen Industrial,CUST-563,71881,12,8625.72,80506.72
INV11014,2025-04-15,Bajaj Electricals,CUST-564,72018,18,12963.24,84981.24
INV11015,2025-04-16,Godrej Agrovet,CUST-565,72155,28,20203.4,92358.4
INV11016,2025-04-17,Hindustan Traders,CUST-566,72292,5,3614.6,75906.6
INV11017,2025-04-18,Zomato Logistics,CUST-567,72429,12,8691.48,81120.48
INV11018,2025-04-19,Swiggy Kitchens,CUST-568,72566,18,13061.88,85627.88
INV11019,2025-04-20,Delhivery Express,CUST-569,72703,28,20356.84,93059.84
INV11020,2025-04-21,ABC Ltd,CUST-570,72840,5,3642,76482
INV11021,2025-04-22,XYZ Corp,CUST-571,72977,12,8757.24,81734.24
INV11022,2025-04-23,Global Mart,CUST-572,73114,18,13160.52,86274.52
INV11023,2025-04-24,Tech Solutions,CUST-573,73251,28,20510.28,93761.28
INV11024,2025-04-25,Office Hub,CUST-574,73388,5,3669.4,77057.4
INV11025,2025-04-26,Retail One,CUST-575,73525,12,8823,82348
INV11026,2025-04-27,Bharat Logistics,CUST-576,73662,18,13259.16,86921.16
INV11027,2025-04-28,Tata Enterprises,CUST-577,73799,28,20663.72,94462.72
INV11028,2025-04-01,Reliance Supply,CUST-578,73936,5,3696.8,77632.8
INV11029,2025-04-02,Infosys Services,CUST-579,74073,12,8888.76,82961.76
INV11030,2025-04-03,Wipro Digital,CUST-580,74210,18,13357.8,87567.8
INV11031,2025-04-04,Adani Ports & SEZ,CUST-581,74347,28,20817.16,95164.16
INV11032,2025-04-05,Mahindra Spares,CUST-582,74484,5,3724.2,78208.2
INV11033,2025-04-06,Larsen Industrial,CUST-583,74621,12,8954.52,83575.52
INV11034,2025-04-07,Bajaj Electricals,CUST-584,74758,18,13456.44,88214.44
INV11035,2025-04-08,Godrej Agrovet,CUST-585,74895,28,20970.6,95865.6
INV11036,2025-04-09,Hindustan Traders,CUST-586,75032,5,3751.6,78783.6
INV11037,2025-04-10,Zomato Logistics,CUST-587,75169,12,9020.28,84189.28
INV11038,2025-04-11,Swiggy Kitchens,CUST-588,75306,18,13555.08,88861.08
INV11039,2025-04-12,Delhivery Express,CUST-589,75443,28,21124.04,96567.04
INV11040,2025-04-13,ABC Ltd,CUST-590,75580,5,3779,79359
INV11041,2025-04-14,XYZ Corp,CUST-591,75717,12,9086.04,84803.04
INV11042,2025-04-15,Global Mart,CUST-592,75854,18,13653.72,89507.72
INV11043,2025-04-16,Tech Solutions,CUST-593,75991,28,21277.48,97268.48
INV11044,2025-04-17,Office Hub,CUST-594,76128,5,3806.4,79934.4
INV11045,2025-04-18,Retail One,CUST-595,76265,12,9151.8,85416.8
INV11046,2025-04-19,Bharat Logistics,CUST-596,76402,18,13752.36,90154.36
INV11047,2025-04-20,Tata Enterprises,CUST-597,76539,28,21430.92,97969.92
INV11048,2025-04-21,Reliance Supply,CUST-598,76676,5,3833.8,80509.8
INV11049,2025-04-22,Infosys Services,CUST-599,76813,12,9217.56,86030.56
INV11050,2025-04-23,Wipro Digital,CUST-600,76950,18,13851,90801
INV11051,2025-04-24,Adani Ports & SEZ,CUST-601,77087,28,21584.36,98671.36
INV11052,2025-04-25,Mahindra Spares,CUST-602,77224,5,3861.2,81085.2
INV11053,2025-04-26,Larsen Industrial,CUST-603,77361,12,9283.32,86644.32
INV11054,2025-04-27,Bajaj Electricals,CUST-604,77498,18,13949.64,91447.64
INV11055,2025-04-28,Godrej Agrovet,CUST-605,2635,28,737.8,3372.8
INV11056,2025-04-01,Hindustan Traders,CUST-606,2772,5,138.6,2910.6
INV11057,2025-04-02,Zomato Logistics,CUST-607,2909,12,349.08,3258.08
INV11058,2025-04-03,Swiggy Kitchens,CUST-608,3046,18,548.28,3594.28
INV11059,2025-04-04,Delhivery Express,CUST-609,3183,28,891.24,4074.24
INV11060,2025-04-05,ABC Ltd,CUST-610,3320,5,166,3486
INV11061,2025-04-06,XYZ Corp,CUST-611,3457,12,414.84,3871.84
INV11062,2025-04-07,Global Mart,CUST-612,3594,18,646.92,4240.92
INV11063,2025-04-08,Tech Solutions,CUST-613,3731,28,1044.68,4775.68
INV11064,2025-04-09,Office Hub,CUST-614,3868,5,193.4,4061.4
INV11065,2025-04-10,Retail One,CUST-615,4005,12,480.6,4485.6
INV11066,2025-04-11,Bharat Logistics,CUST-616,4142,18,745.56,4887.56
INV11067,2025-04-12,Tata Enterprises,CUST-617,4279,28,1198.12,5477.12
INV11068,2025-04-13,Reliance Supply,CUST-618,4416,5,220.8,4636.8
INV11069,2025-04-14,Infosys Services,CUST-619,4553,12,546.36,5099.36
INV11070,2025-04-15,Wipro Digital,CUST-620,4690,18,844.2,5534.2
INV11071,2025-04-16,Adani Ports & SEZ,CUST-621,4827,28,1351.56,6178.56
INV11072,2025-04-17,Mahindra Spares,CUST-622,4964,5,248.2,5212.2
INV11073,2025-04-18,Larsen Industrial,CUST-623,5101,12,612.12,5713.12
INV11074,2025-04-19,Bajaj Electricals,CUST-624,5238,18,942.84,6180.84
INV11075,2025-04-20,Godrej Agrovet,CUST-625,5375,28,1505,6880
INV11076,2025-04-21,Hindustan Traders,CUST-626,5512,5,275.6,5787.6
INV11077,2025-04-22,Zomato Logistics,CUST-627,5649,12,677.88,6326.88
INV11078,2025-04-23,Swiggy Kitchens,CUST-628,5786,18,1041.48,6827.48
INV11079,2025-04-24,Delhivery Express,CUST-629,5923,28,1658.44,7581.44
INV11080,2025-04-25,ABC Ltd,CUST-630,6060,5,303,6363
INV11081,2025-04-26,XYZ Corp,CUST-631,6197,12,743.64,6940.64
INV11082,2025-04-27,Global Mart,CUST-632,6334,18,1140.12,7474.12
INV11083,2025-04-28,Tech Solutions,CUST-633,6471,28,1811.88,8282.88
INV11084,2025-04-01,Office Hub,CUST-634,6608,5,330.4,6938.4
INV11085,2025-04-02,Retail One,CUST-635,6745,12,809.4,7554.4
INV11086,2025-04-03,Bharat Logistics,CUST-636,6882,18,1238.76,8120.76
INV11087,2025-04-04,Tata Enterprises,CUST-637,7019,28,1965.32,8984.32
INV11088,2025-04-05,Reliance Supply,CUST-638,7156,5,357.8,7513.8
INV11089,2025-04-06,Infosys Services,CUST-639,7293,12,875.16,8168.16
INV11090,2025-04-07,Wipro Digital,CUST-640,7430,18,1337.4,8767.4
INV11091,2025-04-08,Adani Ports & SEZ,CUST-641,7567,28,2118.76,9685.76
INV11092,2025-04-09,Mahindra Spares,CUST-642,7704,5,385.2,8089.2
INV11093,2025-04-10,Larsen Industrial,CUST-643,7841,12,940.92,8781.92
INV11094,2025-04-11,Bajaj Electricals,CUST-644,7978,18,1436.04,9414.04
INV11095,2025-04-12,Godrej Agrovet,CUST-645,8115,28,2272.2,10387.2
INV11096,2025-04-13,Hindustan Traders,CUST-646,8252,5,412.6,8664.6
INV11097,2025-04-14,Zomato Logistics,CUST-647,8389,12,1006.68,9395.68
INV11098,2025-04-15,Swiggy Kitchens,CUST-648,8526,18,1534.68,10060.68
INV11099,2025-04-16,Delhivery Express,CUST-649,8663,28,2425.64,11088.64
INV11100,2025-04-17,ABC Ltd,CUST-650,8800,5,440,9240
INV11101,2025-04-18,XYZ Corp,CUST-651,8937,12,1072.44,10009.44
INV11102,2025-04-19,Global Mart,CUST-652,9074,18,1633.32,10707.32
INV11103,2025-04-20,Tech Solutions,CUST-653,9211,28,2579.08,11790.08
INV11104,2025-04-21,Office Hub,CUST-654,9348,5,467.4,9815.4
INV11105,2025-04-22,Retail One,CUST-655,9485,12,1138.2,10623.2
INV11106,2025-04-23,Bharat Logistics,CUST-656,9622,18,1731.96,11353.96
INV11107,2025-04-24,Tata Enterprises,CUST-657,9759,28,2732.52,12491.52
INV11108,2025-04-25,Reliance Supply,CUST-658,9896,5,494.8,10390.8
INV11109,2025-04-26,Infosys Services,CUST-659,10033,12,1203.96,11236.96
INV11110,2025-04-27,Wipro Digital,CUST-660,10170,18,1830.6,12000.6
INV11111,2025-04-28,Adani Ports & SEZ,CUST-661,10307,28,2885.96,13192.96
INV11112,2025-04-01,Mahindra Spares,CUST-662,10444,5,522.2,10966.2
INV11113,2025-04-02,Larsen Industrial,CUST-663,10581,12,1269.72,11850.72
INV11114,2025-04-03,Bajaj Electricals,CUST-664,10718,18,1929.24,12647.24
INV11115,2025-04-04,Godrej Agrovet,CUST-665,10855,28,3039.4,13894.4
INV11116,2025-04-05,Hindustan Traders,CUST-666,10992,5,549.6,11541.6
INV11117,2025-04-06,Zomato Logistics,CUST-667,11129,12,1335.48,12464.48
INV11118,2025-04-07,Swiggy Kitchens,CUST-668,11266,18,2027.88,13293.88
INV11119,2025-04-08,Delhivery Express,CUST-669,11403,28,3192.84,14595.84
INV11120,2025-04-09,ABC Ltd,CUST-670,11540,5,577,12117
INV11121,2025-04-10,XYZ Corp,CUST-671,11677,12,1401.24,13078.24
INV11122,2025-04-11,Global Mart,CUST-672,11814,18,2126.52,13940.52
INV11123,2025-04-12,Tech Solutions,CUST-673,11951,28,3346.28,15297.28
INV11124,2025-04-13,Office Hub,CUST-674,12088,5,604.4,12692.4
INV11125,2025-04-14,Retail One,CUST-675,12225,12,1467,13692
INV11126,2025-04-15,Bharat Logistics,CUST-676,12362,18,2225.16,14587.16
INV11127,2025-04-16,Tata Enterprises,CUST-677,12499,28,3499.72,15998.72
INV11128,2025-04-17,Reliance Supply,CUST-678,12636,5,631.8,13267.8
INV11129,2025-04-18,Infosys Services,CUST-679,12773,12,1532.76,14305.76
INV11130,2025-04-19,Wipro Digital,CUST-680,12910,18,2323.8,15233.8
INV11131,2025-04-20,Adani Ports & SEZ,CUST-681,13047,28,3653.16,16700.16
INV11132,2025-04-21,Mahindra Spares,CUST-682,13184,5,659.2,13843.2
INV11133,2025-04-22,Larsen Industrial,CUST-683,13321,12,1598.52,14919.52
INV11134,2025-04-23,Bajaj Electricals,CUST-684,13458,18,2422.44,15880.44
INV11135,2025-04-24,Godrej Agrovet,CUST-685,13595,28,3806.6,17401.6
INV11136,2025-04-25,Hindustan Traders,CUST-686,13732,5,686.6,14418.6
INV11137,2025-04-26,Zomato Logistics,CUST-687,13869,12,1664.28,15533.28
INV11138,2025-04-27,Swiggy Kitchens,CUST-688,14006,18,2521.08,16527.08
INV11139,2025-04-28,Delhivery Express,CUST-689,14143,28,3960.04,18103.04
INV11140,2025-04-01,ABC Ltd,CUST-690,14280,5,714,14994
INV11141,2025-04-02,XYZ Corp,CUST-691,14417,12,1730.04,16147.04
INV11142,2025-04-03,Global Mart,CUST-692,14554,18,2619.72,17173.72
INV11143,2025-04-04,Tech Solutions,CUST-693,14691,28,4113.48,18804.48
INV11144,2025-04-05,Office Hub,CUST-694,14828,5,741.4,15569.4
INV11145,2025-04-06,Retail One,CUST-695,14965,12,1795.8,16760.8
INV11146,2025-04-07,Bharat Logistics,CUST-696,15102,18,2718.36,17820.36
INV11147,2025-04-08,Tata Enterprises,CUST-697,15239,28,4266.92,19505.92
INV11148,2025-04-09,Reliance Supply,CUST-698,15376,5,768.8,16144.8
INV11149,2025-04-10,Infosys Services,CUST-699,15513,12,1861.56,17374.56
INV11150,2025-04-11,Wipro Digital,CUST-700,15650,18,2817,18467
INV11151,2025-04-12,Adani Ports & SEZ,CUST-701,15787,28,4420.36,20207.36
INV11152,2025-04-13,Mahindra Spares,CUST-702,15924,5,796.2,16720.2
INV11153,2025-04-14,Larsen Industrial,CUST-703,16061,12,1927.32,17988.32
INV11154,2025-04-15,Bajaj Electricals,CUST-704,16198,18,2915.64,19113.64
INV11155,2025-04-16,Godrej Agrovet,CUST-705,16335,28,4573.8,20908.8
INV11156,2025-04-17,Hindustan Traders,CUST-706,16472,5,823.6,17295.6
INV11157,2025-04-18,Zomato Logistics,CUST-707,16609,12,1993.08,18602.08
INV11158,2025-04-19,Swiggy Kitchens,CUST-708,16746,18,3014.28,19760.28
INV11159,2025-04-20,Delhivery Express,CUST-709,16883,28,4727.24,21610.24
INV11160,2025-04-21,ABC Ltd,CUST-710,17020,5,851,17871
INV11161,2025-04-22,XYZ Corp,CUST-711,17157,12,2058.84,19215.84
INV11162,2025-04-23,Global Mart,CUST-712,17294,18,3112.92,20406.92
INV11163,2025-04-24,Tech Solutions,CUST-713,17431,28,4880.68,22311.68
INV11164,2025-04-25,Office Hub,CUST-714,17568,5,878.4,18446.4
INV11165,2025-04-26,Retail One,CUST-715,17705,12,2124.6,19829.6
INV11166,2025-04-27,Bharat Logistics,CUST-716,17842,18,3211.56,21053.56
INV11167,2025-04-28,Tata Enterprises,CUST-717,17979,28,5034.12,23013.12
INV11168,2025-04-01,Reliance Supply,CUST-718,18116,5,905.8,19021.8
INV11169,2025-04-02,Infosys Services,CUST-719,18253,12,2190.36,20443.36
INV11170,2025-04-03,Wipro Digital,CUST-720,18390,18,3310.2,21700.2
INV11171,2025-04-04,Adani Ports & SEZ,CUST-721,18527,28,5187.56,23714.56
INV11172,2025-04-05,Mahindra Spares,CUST-722,18664,5,933.2,19597.2
INV11173,2025-04-06,Larsen Industrial,CUST-723,18801,12,2256.12,21057.12
INV11174,2025-04-07,Bajaj Electricals,CUST-724,18938,18,3408.84,22346.84
INV11175,2025-04-08,Godrej Agrovet,CUST-725,19075,28,5341,24416
INV11176,2025-04-09,Hindustan Traders,CUST-726,19212,5,960.6,20172.6
INV11177,2025-04-10,Zomato Logistics,CUST-727,19349,12,2321.88,21670.88
INV11178,2025-04-11,Swiggy Kitchens,CUST-728,19486,18,3507.48,22993.48
INV11179,2025-04-12,Delhivery Express,CUST-729,19623,28,5494.44,25117.44
INV11180,2025-04-13,ABC Ltd,CUST-730,19760,5,988,20748
INV11181,2025-04-14,XYZ Corp,CUST-731,19897,12,2387.64,22284.64
INV11182,2025-04-15,Global Mart,CUST-732,20034,18,3606.12,23640.12
INV11183,2025-04-16,Tech Solutions,CUST-733,20171,28,5647.88,25818.88
INV11184,2025-04-17,Office Hub,CUST-734,20308,5,1015.4,21323.4
INV11185,2025-04-18,Retail One,CUST-735,20445,12,2453.4,22898.4
INV11186,2025-04-19,Bharat Logistics,CUST-736,20582,18,3704.76,24286.76
INV11187,2025-04-20,Tata Enterprises,CUST-737,20719,28,5801.32,26520.32
INV11188,2025-04-21,Reliance Supply,CUST-738,20856,5,1042.8,21898.8
INV11189,2025-04-22,Infosys Services,CUST-739,20993,12,2519.16,23512.16
INV11190,2025-04-23,Wipro Digital,CUST-740,21130,18,3803.4,24933.4
INV11191,2025-04-24,Adani Ports & SEZ,CUST-741,21267,28,5954.76,27221.76
INV11192,2025-04-25,Mahindra Spares,CUST-742,21404,5,1070.2,22474.2