id,invoice_id,transaction_date,payment_method,amount,status
TXN-INV1023,INV1023,2025-04-12,Bank Transfer,59000,COMPLETED
TXN-INV1042,INV1042,2025-04-13,NEFT/RTGS,47000,COMPLETED
TXN-INV1098-1,INV1098,2025-04-11,Corporate Card,25000,COMPLETED
TXN-INV1098-2,INV1098,2025-04-11,Corporate Card,25000,COMPLETED
TXN-INV1102,INV1102,2025-04-10,UPI Business,32000,COMPLETED
TXN-INV1134,INV1134,2025-04-25,Bank Transfer,18000,COMPLETED
TXN-INV1187,INV1187,2025-04-08,NEFT/RTGS,41500,COMPLETED
TXN-INV1108,INV1108,2025-04-07,Bank Transfer,31200,COMPLETED
TXN-INV1200,INV1200,2025-04-01,NEFT/RTGS,892000,COMPLETED
TXN-INV1201,INV1201,2025-04-02,Bank Transfer,2737,COMPLETED
TXN-INV1202,INV1202,2025-04-03,UPI Business,2874,COMPLETED
TXN-INV1203,INV1203,2025-04-04,Corporate Card,3011,COMPLETED
TXN-INV1204,INV1204,2025-04-05,NEFT/RTGS,3148,COMPLETED
TXN-INV1205,INV1205,2025-04-06,Bank Transfer,3285,COMPLETED
TXN-INV1206,INV1206,2025-04-07,UPI Business,1819.96,COMPLETED
TXN-INV1207,INV1207,2025-04-08,Corporate Card,2177.52,COMPLETED
TXN-INV1208,INV1208,2025-04-09,NEFT/RTGS,1375.8,COMPLETED
TXN-INV1211-A,INV1211,2025-04-12,Corporate Card,5128.96,COMPLETED
TXN-INV1211-B,INV1211,2025-04-12,Corporate Card,5128.96,COMPLETED
TXN-UNMATCHED-12,,2025-04-13,NEFT/RTGS,4351.2,COMPLETED
TXN-INV1213,INV1213,2025-04-14,Bank Transfer,4794.72,COMPLETED
TXN-INV1214,INV1214,2025-04-15,UPI Business,4518,COMPLETED
TXN-INV1215,INV1215,2025-04-16,Corporate Card,5330.4,COMPLETED
TXN-INV1216,INV1216,2025-04-17,NEFT/RTGS,4792,COMPLETED
TXN-INV1217,INV1217,2025-04-18,Bank Transfer,4929,COMPLETED
TXN-INV1218,INV1218,2025-04-19,UPI Business,5066,COMPLETED
TXN-INV1219,INV1219,2025-04-20,Corporate Card,5203,COMPLETED
TXN-INV1220,INV1220,2025-04-21,NEFT/RTGS,4302,COMPLETED
TXN-INV1221,INV1221,2025-04-22,Bank Transfer,4672.24,COMPLETED
TXN-INV1222,INV1222,2025-04-23,UPI Business,5006.52,COMPLETED
TXN-INV1224-A,INV1224,2025-04-25,NEFT/RTGS,6077.4,COMPLETED
TXN-INV1224-B,INV1224,2025-04-25,NEFT/RTGS,6077.4,COMPLETED
TXN-INV1225-A,INV1225,2025-04-26,Bank Transfer,6636,COMPLETED
TXN-INV1225-B,INV1225,2025-04-26,Bank Transfer,6636,COMPLETED
TXN-UNMATCHED-26,,2025-04-27,UPI Business,7153.16,COMPLETED
TXN-INV1227,INV1227,2025-04-28,Corporate Card,7934.72,COMPLETED
TXN-INV1228,INV1228,2025-04-01,NEFT/RTGS,6436,COMPLETED
TXN-INV1229,INV1229,2025-04-02,Bank Transfer,6573,COMPLETED
TXN-INV1230,INV1230,2025-04-03,UPI Business,7299.8,COMPLETED
TXN-INV1231,INV1231,2025-04-04,Corporate Card,7886.16,COMPLETED
TXN-INV1232,INV1232,2025-04-05,NEFT/RTGS,6984,COMPLETED
TXN-INV1233,INV1233,2025-04-06,Bank Transfer,4713.52,COMPLETED
TXN-INV1234,INV1234,2025-04-07,UPI Business,5146.44,COMPLETED
TXN-INV1235,INV1235,2025-04-08,Corporate Card,5887.6,COMPLETED
TXN-INV1238-A,INV1238,2025-04-11,UPI Business,9093.08,COMPLETED
TXN-INV1238-B,INV1238,2025-04-11,UPI Business,9093.08,COMPLETED
TXN-INV1239-A,INV1239,2025-04-12,Corporate Card,10039.04,COMPLETED
TXN-INV1239-B,INV1239,2025-04-12,Corporate Card,10039.04,COMPLETED
TXN-INV1240,INV1240,2025-04-13,NEFT/RTGS,8379,COMPLETED
TXN-INV1241,INV1241,2025-04-14,Bank Transfer,9091.04,COMPLETED
TXN-INV1242,INV1242,2025-04-15,UPI Business,8354,COMPLETED
TXN-INV1243,INV1243,2025-04-16,Corporate Card,8491,COMPLETED
TXN-INV1244,INV1244,2025-04-17,NEFT/RTGS,8628,COMPLETED
TXN-INV1245,INV1245,2025-04-18,Bank Transfer,9204.8,COMPLETED
TXN-INV1246,INV1246,2025-04-19,UPI Business,9636.36,COMPLETED
TXN-INV1247,INV1247,2025-04-20,Corporate Card,9191.92,COMPLETED
TXN-INV1248,INV1248,2025-04-21,NEFT/RTGS,7129.8,COMPLETED
TXN-INV1249,INV1249,2025-04-22,Bank Transfer,7768.56,COMPLETED
TXN-INV1252-A,INV1252,2025-04-25,NEFT/RTGS,10105.2,COMPLETED
TXN-INV1252-B,INV1252,2025-04-25,NEFT/RTGS,10105.2,COMPLETED
TXN-UNMATCHED-53,,2025-04-26,Bank Transfer,10932.32,COMPLETED
TXN-INV1254,INV1254,2025-04-27,UPI Business,11679.64,COMPLETED
TXN-INV1255,INV1255,2025-04-28,Corporate Card,10135,COMPLETED
TXN-INV1256,INV1256,2025-04-01,NEFT/RTGS,10272,COMPLETED
TXN-INV1257,INV1257,2025-04-02,Bank Transfer,10409,COMPLETED
TXN-INV1258,INV1258,2025-04-03,UPI Business,10546,COMPLETED
TXN-INV1259,INV1259,2025-04-04,Corporate Card,10683,COMPLETED
TXN-INV1260,INV1260,2025-04-05,NEFT/RTGS,10820,COMPLETED
TXN-INV1261,INV1261,2025-04-06,Bank Transfer,10809.84,COMPLETED
TXN-INV1262,INV1262,2025-04-07,UPI Business,11472.92,COMPLETED
TXN-INV1263,INV1263,2025-04-08,Corporate Card,12597.68,COMPLETED
TXN-INV1265-A,INV1265,2025-04-10,Bank Transfer,12773.6,COMPLETED
TXN-INV1265-B,INV1265,2025-04-10,Bank Transfer,12773.6,COMPLETED
TXN-INV1266-A,INV1266,2025-04-11,UPI Business,13619.56,COMPLETED
TXN-INV1266-B,INV1266,2025-04-11,UPI Business,13619.56,COMPLETED
TXN-UNMATCHED-67,,2025-04-12,Corporate Card,14949.12,COMPLETED
TXN-INV1268,INV1268,2025-04-13,NEFT/RTGS,12406.8,COMPLETED
TXN-INV1269,INV1269,2025-04-14,Bank Transfer,12053,COMPLETED
TXN-INV1270,INV1270,2025-04-15,UPI Business,12190,COMPLETED
TXN-INV1271,INV1271,2025-04-16,Corporate Card,12400.56,COMPLETED
TXN-INV1272,INV1272,2025-04-17,NEFT/RTGS,12464,COMPLETED
TXN-INV1273,INV1273,2025-04-18,Bank Transfer,12601,COMPLETED
TXN-INV1274,INV1274,2025-04-19,UPI Business,11612.84,COMPLETED
TXN-INV1275,INV1275,2025-04-20,Corporate Card,12902,COMPLETED
TXN-INV1276,INV1276,2025-04-21,NEFT/RTGS,9957.6,COMPLETED
TXN-INV1279-A,INV1279,2025-04-24,Corporate Card,17053.44,COMPLETED
TXN-INV1279-B,INV1279,2025-04-24,Corporate Card,17053.44,COMPLETED
TXN-INV1280-A,INV1280,2025-04-25,NEFT/RTGS,14133,COMPLETED
TXN-INV1280-B,INV1280,2025-04-25,NEFT/RTGS,14133,COMPLETED
TXN-UNMATCHED-81,,2025-04-26,Bank Transfer,15228.64,COMPLETED
TXN-INV1282,INV1282,2025-04-27,UPI Business,16206.12,COMPLETED
TXN-INV1283,INV1283,2025-04-28,Corporate Card,15254.88,COMPLETED
TXN-INV1284,INV1284,2025-04-01,NEFT/RTGS,14108,COMPLETED
TXN-INV1285,INV1285,2025-04-02,Bank Transfer,14245,COMPLETED
TXN-INV1286,INV1286,2025-04-03,UPI Business,14382,COMPLETED
TXN-INV1287,INV1287,2025-04-04,Corporate Card,14956.32,COMPLETED
TXN-INV1288,INV1288,2025-04-05,NEFT/RTGS,12883.8,COMPLETED
TXN-INV1289,INV1289,2025-04-06,Bank Transfer,13906.16,COMPLETED
TXN-INV1290,INV1290,2025-04-07,UPI Business,14799.4,COMPLETED
TXN-INV1293-A,INV1293,2025-04-10,Bank Transfer,17069.92,COMPLETED
TXN-INV1293-B,INV1293,2025-04-10,Bank Transfer,17069.92,COMPLETED
TXN-UNMATCHED-94,,2025-04-11,UPI Business,18146.04,COMPLETED
TXN-INV1295,INV1295,2025-04-12,Corporate Card,19859.2,COMPLETED
TXN-INV1296,INV1296,2025-04-13,NEFT/RTGS,15752,COMPLETED
TXN-INV1297,INV1297,2025-04-14,Bank Transfer,15889,COMPLETED
TXN-INV1298,INV1298,2025-04-15,UPI Business,16292.68,COMPLETED
TXN-INV1299,INV1299,2025-04-16,Corporate Card,17810.64,COMPLETED
TXN-INV1300,INV1300,2025-04-17,NEFT/RTGS,16300,COMPLETED
TXN-INV1301,INV1301,2025-04-18,Bank Transfer,16437,COMPLETED
TXN-INV1302,INV1302,2025-04-19,UPI Business,17939.32,COMPLETED
TXN-INV1303,INV1303,2025-04-20,Corporate Card,19612.08,COMPLETED
TXN-INV1304,INV1304,2025-04-21,NEFT/RTGS,15785.4,COMPLETED
TXN-INV1307-A,INV1307,2025-04-24,Corporate Card,21963.52,COMPLETED
TXN-INV1307-B,INV1307,2025-04-24,Corporate Card,21963.52,COMPLETED
TXN-UNMATCHED-108,,2025-04-25,NEFT/RTGS,18160.8,COMPLETED
TXN-INV1309,INV1309,2025-04-26,Bank Transfer,19524.96,COMPLETED
TXN-INV1310,INV1310,2025-04-27,UPI Business,18982.6,COMPLETED
TXN-INV1311,INV1311,2025-04-28,Corporate Card,20664.96,COMPLETED
TXN-INV1312,INV1312,2025-04-01,NEFT/RTGS,17944,COMPLETED
TXN-INV1313,INV1313,2025-04-02,Bank Transfer,18081,COMPLETED
TXN-INV1314,INV1314,2025-04-03,UPI Business,18629.24,COMPLETED
TXN-INV1315,INV1315,2025-04-04,Corporate Card,20366.4,COMPLETED
TXN-INV1316,INV1316,2025-04-05,NEFT/RTGS,15711.6,COMPLETED
TXN-INV1317,INV1317,2025-04-06,Bank Transfer,17002.48,COMPLETED
TXN-INV1318,INV1318,2025-04-07,UPI Business,18125.88,COMPLETED
TXN-INV1320-A,INV1320,2025-04-09,NEFT/RTGS,19887,COMPLETED
TXN-INV1320-B,INV1320,2025-04-09,NEFT/RTGS,19887,COMPLETED
TXN-INV1321-A,INV1321,2025-04-10,Bank Transfer,21366.24,COMPLETED
TXN-INV1321-B,INV1321,2025-04-10,Bank Transfer,21366.24,COMPLETED
TXN-UNMATCHED-122,,2025-04-11,UPI Business,22672.52,COMPLETED
TXN-INV1323,INV1323,2025-04-12,Corporate Card,24769.28,COMPLETED
TXN-INV1324,INV1324,2025-04-13,NEFT/RTGS,19588,COMPLETED
TXN-INV1325,INV1325,2025-04-14,Bank Transfer,20230,COMPLETED
TXN-INV1326,INV1326,2025-04-15,UPI Business,21319.16,COMPLETED
TXN-INV1327,INV1327,2025-04-16,Corporate Card,23220.72,COMPLETED
TXN-INV1328,INV1328,2025-04-17,NEFT/RTGS,20136,COMPLETED
TXN-INV1329,INV1329,2025-04-18,Bank Transfer,20043.76,COMPLETED
TXN-INV1330,INV1330,2025-04-19,UPI Business,21265.8,COMPLETED
TXN-INV1331,INV1331,2025-04-20,Corporate Card,23322.16,COMPLETED
TXN-INV1334-A,INV1334,2025-04-23,UPI Business,24612.44,COMPLETED
TXN-INV1334-B,INV1334,2025-04-23,UPI Business,24612.44,COMPLETED
TXN-UNMATCHED-135,,2025-04-24,Corporate Card,26873.6,COMPLETED
TXN-INV1336,INV1336,2025-04-25,NEFT/RTGS,22188.6,COMPLETED
TXN-INV1337,INV1337,2025-04-26,Bank Transfer,22821.28,COMPLETED
TXN-INV1338,INV1338,2025-04-27,UPI Business,24009.08,COMPLETED
TXN-INV1339,INV1339,2025-04-28,Corporate Card,26075.04,COMPLETED
TXN-INV1340,INV1340,2025-04-01,NEFT/RTGS,21780,COMPLETED
TXN-INV1341,INV1341,2025-04-02,Bank Transfer,22435.04,COMPLETED
TXN-INV1342,INV1342,2025-04-03,UPI Business,23655.72,COMPLETED
TXN-INV1343,INV1343,2025-04-04,Corporate Card,26626.48,COMPLETED
TXN-INV1344,INV1344,2025-04-05,NEFT/RTGS,21539.4,COMPLETED
TXN-INV1345,INV1345,2025-04-06,Bank Transfer,23098.8,COMPLETED
TXN-INV1348-A,INV1348,2025-04-09,NEFT/RTGS,23914.8,COMPLETED
TXN-INV1348-B,INV1348,2025-04-09,NEFT/RTGS,23914.8,COMPLETED
TXN-UNMATCHED-149,,2025-04-10,Bank Transfer,25662.56,COMPLETED
TXN-INV1350,INV1350,2025-04-11,UPI Business,27199,COMPLETED
TXN-INV1351,INV1351,2025-04-12,Corporate Card,28929.36,COMPLETED
TXN-INV1352,INV1352,2025-04-13,NEFT/RTGS,23490.2,COMPLETED
TXN-INV1353,INV1353,2025-04-14,Bank Transfer,25026.32,COMPLETED
TXN-INV1354,INV1354,2025-04-15,UPI Business,26345.64,COMPLETED
TXN-INV1355,INV1355,2025-04-16,Corporate Card,28630.8,COMPLETED
TXN-INV1356,INV1356,2025-04-17,NEFT/RTGS,23972,COMPLETED
TXN-INV1357,INV1357,2025-04-18,Bank Transfer,23140.08,COMPLETED
TXN-INV1358,INV1358,2025-04-19,UPI Business,24592.28,COMPLETED
TXN-INV1359,INV1359,2025-04-20,Corporate Card,27032.24,COMPLETED
TXN-INV1361-A,INV1361,2025-04-22,Bank Transfer,27503.84,COMPLETED
TXN-INV1361-B,INV1361,2025-04-22,Bank Transfer,27503.84,COMPLETED
TXN-INV1362-A,INV1362,2025-04-23,UPI Business,29138.92,COMPLETED
TXN-INV1362-B,INV1362,2025-04-23,UPI Business,29138.92,COMPLETED
TXN-UNMATCHED-163,,2025-04-24,Corporate Card,31783.68,COMPLETED
TXN-INV1364,INV1364,2025-04-25,NEFT/RTGS,26216.4,COMPLETED
TXN-INV1365,INV1365,2025-04-26,Bank Transfer,27617.6,COMPLETED
TXN-INV1366,INV1366,2025-04-27,UPI Business,29035.56,COMPLETED
TXN-INV1367,INV1367,2025-04-28,Corporate Card,31485.12,COMPLETED
TXN-INV1368,INV1368,2025-04-01,NEFT/RTGS,25616,COMPLETED
TXN-INV1369,INV1369,2025-04-02,Bank Transfer,27231.36,COMPLETED
TXN-INV1370,INV1370,2025-04-03,UPI Business,27732.2,COMPLETED
TXN-INV1371,INV1371,2025-04-04,Corporate Card,30336.56,COMPLETED
TXN-INV1372,INV1372,2025-04-05,NEFT/RTGS,24367.2,COMPLETED
TXN-INV1375-A,INV1375,2025-04-08,Corporate Card,33888,COMPLETED
TXN-INV1375-B,INV1375,2025-04-08,Corporate Card,33888,COMPLETED
TXN-INV1376-A,INV1376,2025-04-09,NEFT/RTGS,27942.6,COMPLETED
TXN-INV1376-B,INV1376,2025-04-09,NEFT/RTGS,27942.6,COMPLETED
TXN-INV1377,INV1377,2025-04-10,Bank Transfer,29958.88,COMPLETED
TXN-INV1378,INV1378,2025-04-11,UPI Business,31725.48,COMPLETED
TXN-INV1379,INV1379,2025-04-12,Corporate Card,30589.44,COMPLETED
TXN-INV1380,INV1380,2025-04-13,NEFT/RTGS,28018,COMPLETED
TXN-INV1381,INV1381,2025-04-14,Bank Transfer,29822.64,COMPLETED
TXN-INV1382,INV1382,2025-04-15,UPI Business,31372.12,COMPLETED
TXN-INV1383,INV1383,2025-04-16,Corporate Card,34040.88,COMPLETED
TXN-INV1384,INV1384,2025-04-17,NEFT/RTGS,27293.4,COMPLETED
TXN-INV1385,INV1385,2025-04-18,Bank Transfer,29236.4,COMPLETED
TXN-INV1386,INV1386,2025-04-19,UPI Business,30918.76,COMPLETED
TXN-INV1389-A,INV1389,2025-04-22,Bank Transfer,31800.16,COMPLETED
TXN-INV1389-B,INV1389,2025-04-22,Bank Transfer,31800.16,COMPLETED
TXN-UNMATCHED-190,,2025-04-23,UPI Business,33665.4,COMPLETED
TXN-INV1391,INV1391,2025-04-24,Corporate Card,36693.76,COMPLETED
TXN-INV1392,INV1392,2025-04-25,NEFT/RTGS,28904,COMPLETED
TXN-INV1393,INV1393,2025-04-26,Bank Transfer,29041,COMPLETED
TXN-INV1394,INV1394,2025-04-27,UPI Business,30312.04,COMPLETED
TXN-INV1395,INV1395,2025-04-28,Corporate Card,36895.2,COMPLETED
TXN-INV1396,INV1396,2025-04-01,NEFT/RTGS,30069.6,COMPLETED
TXN-INV1397,INV1397,2025-04-02,Bank Transfer,32027.68,COMPLETED
TXN-INV1398,INV1398,2025-04-03,UPI Business,31058.68,COMPLETED
TXN-INV1399,INV1399,2025-04-04,Corporate Card,34046.64,COMPLETED
TXN-INV1400,INV1400,2025-04-05,NEFT/RTGS,30195,COMPLETED
TXN-INV1402-A,INV1402,2025-04-07,UPI Business,35605.32,COMPLETED
TXN-INV1402-B,INV1402,2025-04-07,UPI Business,35605.32,COMPLETED
TXN-INV1403-A,INV1403,2025-04-08,Corporate Card,38798.08,COMPLETED
TXN-INV1403-B,INV1403,2025-04-08,Corporate Card,38798.08,COMPLETED
TXN-UNMATCHED-204,,2025-04-09,NEFT/RTGS,31970.4,COMPLETED
TXN-INV1405,INV1405,2025-04-10,Bank Transfer,34255.2,COMPLETED
TXN-INV1406,INV1406,2025-04-11,UPI Business,33001.96,COMPLETED
TXN-INV1407,INV1407,2025-04-12,Corporate Card,35999.52,COMPLETED
TXN-INV1408,INV1408,2025-04-13,NEFT/RTGS,31096,COMPLETED
TXN-INV1409,INV1409,2025-04-14,Bank Transfer,31233,COMPLETED
TXN-INV1410,INV1410,2025-04-15,UPI Business,36398.6,COMPLETED
TXN-INV1411,INV1411,2025-04-16,Corporate Card,37350.96,COMPLETED
TXN-INV1412,INV1412,2025-04-17,NEFT/RTGS,30121.2,COMPLETED
TXN-INV1413,INV1413,2025-04-18,Bank Transfer,32332.72,COMPLETED
TXN-INV1416-A,INV1416,2025-04-21,NEFT/RTGS,33696.6,COMPLETED
TXN-INV1416-B,INV1416,2025-04-21,NEFT/RTGS,33696.6,COMPLETED
TXN-INV1417-A,INV1417,2025-04-22,Bank Transfer,36096.48,COMPLETED
TXN-INV1417-B,INV1417,2025-04-22,Bank Transfer,36096.48,COMPLETED
TXN-UNMATCHED-218,,2025-04-23,UPI Business,38191.88,COMPLETED
TXN-INV1419,INV1419,2025-04-24,Corporate Card,41603.84,COMPLETED
TXN-INV1420,INV1420,2025-04-25,NEFT/RTGS,32740,COMPLETED
TXN-INV1421,INV1421,2025-04-26,Bank Transfer,33460.24,COMPLETED
TXN-INV1422,INV1422,2025-04-27,UPI Business,35338.52,COMPLETED
TXN-INV1423,INV1423,2025-04-28,Corporate Card,38555.28,COMPLETED
TXN-INV1424,INV1424,2025-04-01,NEFT/RTGS,33288,COMPLETED
TXN-INV1425,INV1425,2025-04-02,Bank Transfer,35374,COMPLETED
TXN-INV1426,INV1426,2025-04-03,UPI Business,37385.16,COMPLETED
TXN-INV1427,INV1427,2025-04-04,Corporate Card,40756.72,COMPLETED
TXN-INV1430-A,INV1430,2025-04-07,UPI Business,40131.8,COMPLETED
TXN-INV1430-B,INV1430,2025-04-07,UPI Business,40131.8,COMPLETED
TXN-UNMATCHED-231,,2025-04-08,Corporate Card,43708.16,COMPLETED
TXN-INV1432,INV1432,2025-04-09,NEFT/RTGS,35998.2,COMPLETED
TXN-INV1433,INV1433,2025-04-10,Bank Transfer,36051.52,COMPLETED
TXN-INV1434,INV1434,2025-04-11,UPI Business,38028.44,COMPLETED
TXN-INV1435,INV1435,2025-04-12,Corporate Card,41409.6,COMPLETED
TXN-INV1436,INV1436,2025-04-13,NEFT/RTGS,34932,COMPLETED
TXN-INV1437,INV1437,2025-04-14,Bank Transfer,35665.28,COMPLETED
TXN-INV1438,INV1438,2025-04-15,UPI Business,37675.08,COMPLETED
TXN-INV1439,INV1439,2025-04-16,Corporate Card,41061.04,COMPLETED
TXN-INV1440,INV1440,2025-04-17,NEFT/RTGS,35949,COMPLETED
TXN-INV1441,INV1441,2025-04-18,Bank Transfer,38429.04,COMPLETED
TXN-INV1444-A,INV1444,2025-04-21,NEFT/RTGS,37724.4,COMPLETED
TXN-INV1444-B,INV1444,2025-04-21,NEFT/RTGS,37724.4,COMPLETED
TXN-UNMATCHED-245,,2025-04-22,Bank Transfer,40392.8,COMPLETED
TXN-INV1446,INV1446,2025-04-23,UPI Business,42718.36,COMPLETED
TXN-INV1447,INV1447,2025-04-24,Corporate Card,44263.92,COMPLETED
TXN-INV1448,INV1448,2025-04-25,NEFT/RTGS,36576,COMPLETED
TXN-INV1449,INV1449,2025-04-26,Bank Transfer,38256.56,COMPLETED
TXN-INV1450,INV1450,2025-04-27,UPI Business,1236000,COMPLETED
TXN-INV1451,INV1451,2025-04-28,Corporate Card,43965.36,COMPLETED
TXN-INV1452,INV1452,2025-04-01,NEFT/RTGS,37124,COMPLETED
TXN-INV1453,INV1453,2025-04-02,Bank Transfer,38470.32,COMPLETED
TXN-INV1454,INV1454,2025-04-03,UPI Business,40711.64,COMPLETED
TXN-INV1455,INV1455,2025-04-04,Corporate Card,44466.8,COMPLETED
TXN-INV1457-A,INV1457,2025-04-06,Bank Transfer,42234.08,COMPLETED
TXN-INV1457-B,INV1457,2025-04-06,Bank Transfer,42234.08,COMPLETED
TXN-INV1458-A,INV1458,2025-04-07,UPI Business,44658.28,COMPLETED
TXN-INV1458-B,INV1458,2025-04-07,UPI Business,44658.28,COMPLETED
TXN-UNMATCHED-259,,2025-04-08,Corporate Card,48618.24,COMPLETED
TXN-INV1460,INV1460,2025-04-09,NEFT/RTGS,40026,COMPLETED
TXN-INV1461,INV1461,2025-04-10,Bank Transfer,40847.84,COMPLETED
TXN-INV1462,INV1462,2025-04-11,UPI Business,43054.92,COMPLETED
TXN-INV1463,INV1463,2025-04-12,Corporate Card,46819.68,COMPLETED
TXN-INV1464,INV1464,2025-04-13,NEFT/RTGS,38768,COMPLETED
TXN-INV1465,INV1465,2025-04-14,Bank Transfer,40461.6,COMPLETED
TXN-INV1466,INV1466,2025-04-15,UPI Business,43851.56,COMPLETED
TXN-INV1467,INV1467,2025-04-16,Corporate Card,47771.12,COMPLETED
TXN-INV1468,INV1468,2025-04-17,NEFT/RTGS,38776.8,COMPLETED
TXN-INV1471-A,INV1471,2025-04-20,Corporate Card,50722.56,COMPLETED
TXN-INV1471-B,INV1471,2025-04-20,Corporate Card,50722.56,COMPLETED
TXN-UNMATCHED-272,,2025-04-21,NEFT/RTGS,41752.2,COMPLETED
TXN-INV1473,INV1473,2025-04-22,Bank Transfer,44689.12,COMPLETED
TXN-INV1474,INV1474,2025-04-23,UPI Business,45744.84,COMPLETED
TXN-INV1475,INV1475,2025-04-24,Corporate Card,49674,COMPLETED
TXN-INV1476,INV1476,2025-04-25,NEFT/RTGS,40412,COMPLETED
TXN-INV1477,INV1477,2025-04-26,Bank Transfer,43052.88,COMPLETED
TXN-INV1478,INV1478,2025-04-27,UPI Business,45391.48,COMPLETED
TXN-INV1479,INV1479,2025-04-28,Corporate Card,49375.44,COMPLETED
TXN-INV1480,INV1480,2025-04-01,NEFT/RTGS,41703,COMPLETED
TXN-INV1481,INV1481,2025-04-02,Bank Transfer,44566.64,COMPLETED
TXN-INV1482,INV1482,2025-04-03,UPI Business,47038.12,COMPLETED
TXN-INV1485-A,INV1485,2025-04-06,Bank Transfer,46530.4,COMPLETED
TXN-INV1485-B,INV1485,2025-04-06,Bank Transfer,46530.4,COMPLETED
TXN-UNMATCHED-286,,2025-04-07,UPI Business,49184.76,COMPLETED
TXN-INV1487,INV1487,2025-04-08,Corporate Card,53528.32,COMPLETED
TXN-INV1488,INV1488,2025-04-09,NEFT/RTGS,42803.8,COMPLETED
TXN-INV1489,INV1489,2025-04-10,Bank Transfer,45644.16,COMPLETED
TXN-INV1490,INV1490,2025-04-11,UPI Business,48081.4,COMPLETED
TXN-INV1491,INV1491,2025-04-12,Corporate Card,52229.76,COMPLETED
TXN-INV1492,INV1492,2025-04-13,NEFT/RTGS,42604,COMPLETED
TXN-INV1493,INV1493,2025-04-14,Bank Transfer,45257.92,COMPLETED
TXN-INV1494,INV1494,2025-04-15,UPI Business,47178.04,COMPLETED
TXN-INV1495,INV1495,2025-04-16,Corporate Card,51481.2,COMPLETED
TXN-INV1496,INV1496,2025-04-17,NEFT/RTGS,41604.6,COMPLETED
TXN-INV1498-A,INV1498,2025-04-19,UPI Business,51124.68,COMPLETED
TXN-INV1498-B,INV1498,2025-04-19,UPI Business,51124.68,COMPLETED
TXN-INV1499-A,INV1499,2025-04-20,Corporate Card,55632.64,COMPLETED
TXN-INV1499-B,INV1499,2025-04-20,Corporate Card,55632.64,COMPLETED
TXN-UNMATCHED-300,,2025-04-21,NEFT/RTGS,45780,COMPLETED
TXN-INV1501,INV1501,2025-04-22,Bank Transfer,48985.44,COMPLETED
TXN-INV1502,INV1502,2025-04-23,UPI Business,50771.32,COMPLETED
TXN-INV1503,INV1503,2025-04-24,Corporate Card,55084.08,COMPLETED
TXN-INV1504,INV1504,2025-04-25,NEFT/RTGS,44855.4,COMPLETED
TXN-INV1505,INV1505,2025-04-26,Bank Transfer,47849.2,COMPLETED
TXN-INV1506,INV1506,2025-04-27,UPI Business,50417.96,COMPLETED
TXN-INV1507,INV1507,2025-04-28,Corporate Card,54785.52,COMPLETED
TXN-INV1508,INV1508,2025-04-01,NEFT/RTGS,44530.8,COMPLETED
TXN-INV1509,INV1509,2025-04-02,Bank Transfer,47662.96,COMPLETED
TXN-INV1512-A,INV1512,2025-04-05,NEFT/RTGS,47506.2,COMPLETED
TXN-INV1512-B,INV1512,2025-04-05,NEFT/RTGS,47506.2,COMPLETED
TXN-INV1513-A,INV1513,2025-04-06,Bank Transfer,50826.72,COMPLETED
TXN-INV1513-B,INV1513,2025-04-06,Bank Transfer,50826.72,COMPLETED
TXN-INV1514,INV1514,2025-04-07,UPI Business,53711.24,COMPLETED
TXN-INV1515,INV1515,2025-04-08,Corporate Card,58438.4,COMPLETED
TXN-INV1516,INV1516,2025-04-09,NEFT/RTGS,47331.6,COMPLETED
TXN-INV1517,INV1517,2025-04-10,Bank Transfer,50440.48,COMPLETED
TXN-INV1518,INV1518,2025-04-11,UPI Business,53107.88,COMPLETED
TXN-INV1519,INV1519,2025-04-12,Corporate Card,57639.84,COMPLETED
TXN-INV1520,INV1520,2025-04-13,NEFT/RTGS,46907,COMPLETED
TXN-INV1521,INV1521,2025-04-14,Bank Transfer,50704.24,COMPLETED
TXN-INV1522,INV1522,2025-04-15,UPI Business,53504.52,COMPLETED
TXN-INV1523,INV1523,2025-04-16,Corporate Card,58191.28,COMPLETED
TXN-INV1526-A,INV1526,2025-04-19,UPI Business,55651.16,COMPLETED
TXN-INV1526-B,INV1526,2025-04-19,UPI Business,55651.16,COMPLETED
TXN-UNMATCHED-327,,2025-04-20,Corporate Card,60542.72,COMPLETED
TXN-INV1528,INV1528,2025-04-21,NEFT/RTGS,49807.8,COMPLETED
TXN-INV1529,INV1529,2025-04-22,Bank Transfer,49281.76,COMPLETED
TXN-INV1530,INV1530,2025-04-23,UPI Business,55797.8,COMPLETED
TXN-INV1531,INV1531,2025-04-24,Corporate Card,60494.16,COMPLETED
TXN-INV1532,INV1532,2025-04-25,NEFT/RTGS,49383.2,COMPLETED
TXN-INV1533,INV1533,2025-04-26,Bank Transfer,52645.52,COMPLETED
TXN-INV1534,INV1534,2025-04-27,UPI Business,55444.44,COMPLETED
TXN-INV1535,INV1535,2025-04-28,Corporate Card,58495.6,COMPLETED
TXN-INV1536,INV1536,2025-04-01,NEFT/RTGS,47358.6,COMPLETED
TXN-INV1537,INV1537,2025-04-02,Bank Transfer,50759.28,COMPLETED
TXN-INV1539-A,INV1539,2025-04-04,Corporate Card,62647.04,COMPLETED
TXN-INV1539-B,INV1539,2025-04-04,Corporate Card,62647.04,COMPLETED
TXN-INV1540-A,INV1540,2025-04-05,NEFT/RTGS,51534,COMPLETED
TXN-INV1540-B,INV1540,2025-04-05,NEFT/RTGS,51534,COMPLETED
TXN-UNMATCHED-341,,2025-04-06,Bank Transfer,55123.04,COMPLETED
TXN-INV1542,INV1542,2025-04-07,UPI Business,58237.72,COMPLETED
TXN-INV1543,INV1543,2025-04-08,Corporate Card,59598.48,COMPLETED
TXN-INV1544,INV1544,2025-04-09,NEFT/RTGS,49728,COMPLETED
TXN-INV1545,INV1545,2025-04-10,Bank Transfer,55236.8,COMPLETED
TXN-INV1546,INV1546,2025-04-11,UPI Business,58134.36,COMPLETED
TXN-INV1547,INV1547,2025-04-12,Corporate Card,63049.92,COMPLETED
TXN-INV1548,INV1548,2025-04-13,NEFT/RTGS,50284.8,COMPLETED
TXN-INV1549,INV1549,2025-04-14,Bank Transfer,53800.56,COMPLETED
TXN-INV1550,INV1550,2025-04-15,UPI Business,56831,COMPLETED
TXN-INV1553-A,INV1553,2025-04-18,Bank Transfer,56964.32,COMPLETED
TXN-INV1553-B,INV1553,2025-04-18,Bank Transfer,56964.32,COMPLETED
TXN-INV1554-A,INV1554,2025-04-19,UPI Business,60177.64,COMPLETED
TXN-INV1554-B,INV1554,2025-04-19,UPI Business,60177.64,COMPLETED
TXN-UNMATCHED-355,,2025-04-20,Corporate Card,65452.8,COMPLETED
TXN-INV1556,INV1556,2025-04-21,NEFT/RTGS,53835.6,COMPLETED
TXN-INV1557,INV1557,2025-04-22,Bank Transfer,54078.08,COMPLETED
TXN-INV1558,INV1558,2025-04-23,UPI Business,57074.28,COMPLETED
TXN-INV1559,INV1559,2025-04-24,Corporate Card,62154.24,COMPLETED
TXN-INV1560,INV1560,2025-04-25,NEFT/RTGS,53911,COMPLETED
TXN-INV1561,INV1561,2025-04-26,Bank Transfer,57441.84,COMPLETED
TXN-INV1562,INV1562,2025-04-27,UPI Business,59970.92,COMPLETED
TXN-INV1563,INV1563,2025-04-28,Corporate Card,65205.68,COMPLETED
TXN-INV1564,INV1564,2025-04-01,NEFT/RTGS,53186.4,COMPLETED
TXN-INV1567-A,INV1567,2025-04-04,Corporate Card,67557.12,COMPLETED
TXN-INV1567-B,INV1567,2025-04-04,Corporate Card,67557.12,COMPLETED
TXN-UNMATCHED-368,,2025-04-05,NEFT/RTGS,55561.8,COMPLETED
TXN-INV1569,INV1569,2025-04-06,Bank Transfer,59419.36,COMPLETED
TXN-INV1570,INV1570,2025-04-07,UPI Business,59764.2,COMPLETED
TXN-INV1571,INV1571,2025-04-08,Corporate Card,65008.56,COMPLETED
TXN-INV1572,INV1572,2025-04-09,NEFT/RTGS,53564,COMPLETED
TXN-INV1573,INV1573,2025-04-10,Bank Transfer,56283.12,COMPLETED
TXN-INV1574,INV1574,2025-04-11,UPI Business,59410.84,COMPLETED
TXN-INV1575,INV1575,2025-04-12,Corporate Card,68460,COMPLETED
TXN-INV1576,INV1576,2025-04-13,NEFT/RTGS,53112.6,COMPLETED
TXN-INV1577,INV1577,2025-04-14,Bank Transfer,56896.88,COMPLETED
TXN-INV1578,INV1578,2025-04-15,UPI Business,60157.48,COMPLETED
TXN-INV1580-A,INV1580,2025-04-17,NEFT/RTGS,57288,COMPLETED
TXN-INV1580-B,INV1580,2025-04-17,NEFT/RTGS,57288,COMPLETED
TXN-INV1581-A,INV1581,2025-04-18,Bank Transfer,61260.64,COMPLETED
TXN-INV1581-B,INV1581,2025-04-18,Bank Transfer,61260.64,COMPLETED
TXN-UNMATCHED-382,,2025-04-19,UPI Business,64704.12,COMPLETED
TXN-INV1583,INV1583,2025-04-20,Corporate Card,70362.88,COMPLETED
TXN-INV1584,INV1584,2025-04-21,NEFT/RTGS,55208,COMPLETED
TXN-INV1585,INV1585,2025-04-22,Bank Transfer,58874.4,COMPLETED
TXN-INV1586,INV1586,2025-04-23,UPI Business,62100.76,COMPLETED
TXN-INV1587,INV1587,2025-04-24,Corporate Card,67564.32,COMPLETED
TXN-INV1588,INV1588,2025-04-25,NEFT/RTGS,55756,COMPLETED
TXN-INV1589,INV1589,2025-04-26,Bank Transfer,58488.16,COMPLETED
TXN-INV1590,INV1590,2025-04-27,UPI Business,63297.4,COMPLETED
TXN-INV1591,INV1591,2025-04-28,Corporate Card,68915.76,COMPLETED
TXN-INV1592,INV1592,2025-04-01,NEFT/RTGS,56014.2,COMPLETED
TXN-INV1594-A,INV1594,2025-04-03,UPI Business,66644.04,COMPLETED
TXN-INV1594-B,INV1594,2025-04-03,UPI Business,66644.04,COMPLETED
TXN-INV1595-A,INV1595,2025-04-04,Corporate Card,72467.2,COMPLETED
TXN-INV1595-B,INV1595,2025-04-04,Corporate Card,72467.2,COMPLETED
TXN-UNMATCHED-396,,2025-04-05,NEFT/RTGS,59589.6,COMPLETED
TXN-INV1597,INV1597,2025-04-06,Bank Transfer,63715.68,COMPLETED
TXN-INV1598,INV1598,2025-04-07,UPI Business,64790.68,COMPLETED
TXN-INV1599,INV1599,2025-04-08,Corporate Card,70418.64,COMPLETED
TXN-INV1600,INV1600,2025-04-09,NEFT/RTGS,57400,COMPLETED
TXN-INV1601,INV1601,2025-04-10,Bank Transfer,61079.44,COMPLETED
TXN-INV1602,INV1602,2025-04-11,UPI Business,64437.32,COMPLETED
TXN-INV1603,INV1603,2025-04-12,Corporate Card,72220.08,COMPLETED
TXN-INV1604,INV1604,2025-04-13,NEFT/RTGS,58940.4,COMPLETED
TXN-INV1605,INV1605,2025-04-14,Bank Transfer,62993.2,COMPLETED
TXN-INV1608-A,INV1608,2025-04-17,NEFT/RTGS,61315.8,COMPLETED
TXN-INV1608-B,INV1608,2025-04-17,NEFT/RTGS,61315.8,COMPLETED
TXN-UNMATCHED-409,,2025-04-18,Bank Transfer,65556.96,COMPLETED
TXN-INV1610,INV1610,2025-04-19,UPI Business,69230.6,COMPLETED
TXN-INV1611,INV1611,2025-04-20,Corporate Card,73272.96,COMPLETED
TXN-INV1612,INV1612,2025-04-21,NEFT/RTGS,59641.2,COMPLETED
TXN-INV1613,INV1613,2025-04-22,Bank Transfer,63670.72,COMPLETED
TXN-INV1614,INV1614,2025-04-23,UPI Business,67127.24,COMPLETED
TXN-INV1615,INV1615,2025-04-24,Corporate Card,72974.4,COMPLETED
TXN-INV1616,INV1616,2025-04-25,NEFT/RTGS,59592,COMPLETED
TXN-INV1617,INV1617,2025-04-26,Bank Transfer,63034.48,COMPLETED
TXN-INV1618,INV1618,2025-04-27,UPI Business,66623.88,COMPLETED
TXN-INV1619,INV1619,2025-04-28,Corporate Card,72625.84,COMPLETED
TXN-INV1622-A,INV1622,2025-04-03,UPI Business,71170.52,COMPLETED
TXN-INV1622-B,INV1622,2025-04-03,UPI Business,71170.52,COMPLETED
TXN-UNMATCHED-423,,2025-04-04,Corporate Card,77377.28,COMPLETED
TXN-INV1624,INV1624,2025-04-05,NEFT/RTGS,63617.4,COMPLETED
TXN-INV1625,INV1625,2025-04-06,Bank Transfer,66262,COMPLETED
TXN-INV1626,INV1626,2025-04-07,UPI Business,69817.16,COMPLETED
TXN-INV1627,INV1627,2025-04-08,Corporate Card,75828.72,COMPLETED
TXN-INV1628,INV1628,2025-04-09,NEFT/RTGS,61692.8,COMPLETED
TXN-INV1629,INV1629,2025-04-10,Bank Transfer,65875.76,COMPLETED
TXN-INV1630,INV1630,2025-04-11,UPI Business,69463.8,COMPLETED
TXN-INV1631,INV1631,2025-04-12,Corporate Card,75930.16,COMPLETED
TXN-INV1632,INV1632,2025-04-13,NEFT/RTGS,61768.2,COMPLETED
TXN-INV1633,INV1633,2025-04-14,Bank Transfer,66089.52,COMPLETED
TXN-INV1635-A,INV1635,2025-04-16,Corporate Card,79481.6,COMPLETED
TXN-INV1635-B,INV1635,2025-04-16,Corporate Card,79481.6,COMPLETED
TXN-INV1636-A,INV1636,2025-04-17,NEFT/RTGS,65343.6,COMPLETED
TXN-INV1636-B,INV1636,2025-04-17,NEFT/RTGS,65343.6,COMPLETED
TXN-UNMATCHED-437,,2025-04-18,Bank Transfer,69853.28,COMPLETED
TXN-INV1638,INV1638,2025-04-19,UPI Business,73757.08,COMPLETED
TXN-INV1639,INV1639,2025-04-20,Corporate Card,78683.04,COMPLETED
TXN-INV1640,INV1640,2025-04-21,NEFT/RTGS,64169,COMPLETED
TXN-INV1641,INV1641,2025-04-22,Bank Transfer,68467.04,COMPLETED
TXN-INV1642,INV1642,2025-04-23,UPI Business,72153.72,COMPLETED
TXN-INV1643,INV1643,2025-04-24,Corporate Card,78384.48,COMPLETED
TXN-INV1644,INV1644,2025-04-25,NEFT/RTGS,64694.4,COMPLETED
TXN-INV1645,INV1645,2025-04-26,Bank Transfer,69130.8,COMPLETED
TXN-INV1646,INV1646,2025-04-27,UPI Business,72950.36,COMPLETED
TXN-INV1649-A,INV1649,2025-04-02,Bank Transfer,71694.56,COMPLETED
TXN-INV1649-B,INV1649,2025-04-02,Bank Transfer,71694.56,COMPLETED
TXN-UNMATCHED-450,,2025-04-03,UPI Business,75697,COMPLETED
TXN-INV1651,INV1651,2025-04-04,Corporate Card,82287.36,COMPLETED
TXN-INV1652,INV1652,2025-04-05,NEFT/RTGS,67645.2,COMPLETED
TXN-INV1653,INV1653,2025-04-06,Bank Transfer,71058.32,COMPLETED
TXN-INV1654,INV1654,2025-04-07,UPI Business,74843.64,COMPLETED
TXN-INV1655,INV1655,2025-04-08,Corporate Card,81238.8,COMPLETED
TXN-INV1656,INV1656,2025-04-09,NEFT/RTGS,66220.6,COMPLETED
TXN-INV1657,INV1657,2025-04-10,Bank Transfer,70672.08,COMPLETED
TXN-INV1658,INV1658,2025-04-11,UPI Business,73090.28,COMPLETED
TXN-INV1659,INV1659,2025-04-12,Corporate Card,79640.24,COMPLETED
TXN-INV1660,INV1660,2025-04-13,NEFT/RTGS,67596,COMPLETED
TXN-INV1663-A,INV1663,2025-04-16,Corporate Card,84391.68,COMPLETED
TXN-INV1663-B,INV1663,2025-04-16,Corporate Card,84391.68,COMPLETED
TXN-UNMATCHED-464,,2025-04-17,NEFT/RTGS,69371.4,COMPLETED
TXN-INV1665,INV1665,2025-04-18,Bank Transfer,74149.6,COMPLETED
TXN-INV1666,INV1666,2025-04-19,UPI Business,77533.56,COMPLETED
TXN-INV1667,INV1667,2025-04-20,Corporate Card,84093.12,COMPLETED
TXN-INV1668,INV1668,2025-04-21,NEFT/RTGS,68696.8,COMPLETED
TXN-INV1669,INV1669,2025-04-22,Bank Transfer,73263.36,COMPLETED
TXN-INV1670,INV1670,2025-04-23,UPI Business,77180.2,COMPLETED
TXN-INV1671,INV1671,2025-04-24,Corporate Card,83794.56,COMPLETED
TXN-INV1672,INV1672,2025-04-25,NEFT/RTGS,67522.2,COMPLETED
TXN-INV1673,INV1673,2025-04-26,Bank Transfer,72227.12,COMPLETED
TXN-INV1674,INV1674,2025-04-27,UPI Business,76276.84,COMPLETED
TXN-INV1676-A,INV1676,2025-04-01,NEFT/RTGS,71097.6,COMPLETED
TXN-INV1676-B,INV1676,2025-04-01,NEFT/RTGS,71097.6,COMPLETED
TXN-INV1677-A,INV1677,2025-04-02,Bank Transfer,75990.88,COMPLETED
TXN-INV1677-B,INV1677,2025-04-02,Bank Transfer,75990.88,COMPLETED
TXN-UNMATCHED-478,,2025-04-03,UPI Business,80223.48,COMPLETED
TXN-INV1679,INV1679,2025-04-04,Corporate Card,87197.44,COMPLETED
TXN-INV1680,INV1680,2025-04-05,NEFT/RTGS,71173,COMPLETED
TXN-INV1681,INV1681,2025-04-06,Bank Transfer,75854.64,COMPLETED
TXN-INV1682,INV1682,2025-04-07,UPI Business,79870.12,COMPLETED
TXN-INV1683,INV1683,2025-04-08,Corporate Card,86648.88,COMPLETED
TXN-INV1684,INV1684,2025-04-09,NEFT/RTGS,70748.4,COMPLETED
TXN-INV1685,INV1685,2025-04-10,Bank Transfer,75268.4,COMPLETED
TXN-INV1686,INV1686,2025-04-11,UPI Business,79416.76,COMPLETED
TXN-INV1687,INV1687,2025-04-12,Corporate Card,86350.32,COMPLETED
TXN-INV1690-A,INV1690,2025-04-15,UPI Business,82163.4,COMPLETED
TXN-INV1690-B,INV1690,2025-04-15,UPI Business,82163.4,COMPLETED
TXN-INV1691-A,INV1691,2025-04-16,Corporate Card,89301.76,COMPLETED
TXN-INV1691-B,INV1691,2025-04-16,Corporate Card,89301.76,COMPLETED
TXN-UNMATCHED-492,,2025-04-17,NEFT/RTGS,73399.2,COMPLETED
TXN-INV1693,INV1693,2025-04-18,Bank Transfer,78445.92,COMPLETED
TXN-INV1694,INV1694,2025-04-19,UPI Business,78810.04,COMPLETED
TXN-INV1695,INV1695,2025-04-20,Corporate Card,89503.2,COMPLETED
TXN-INV1696,INV1696,2025-04-21,NEFT/RTGS,73224.6,COMPLETED
TXN-INV1697,INV1697,2025-04-22,Bank Transfer,78059.68,COMPLETED
TXN-INV1698,INV1698,2025-04-23,UPI Business,82206.68,COMPLETED
TXN-INV1699,INV1699,2025-04-24,Corporate Card,86654.64,COMPLETED
TXN-INV1700,INV1700,2025-04-25,NEFT/RTGS,996300,COMPLETED
TXN-INV1701,INV1701,2025-04-26,Bank Transfer,78323.44,COMPLETED
TXN-INV1704-A,INV1704,2025-04-01,NEFT/RTGS,75125.4,COMPLETED
TXN-INV1704-B,INV1704,2025-04-01,NEFT/RTGS,75125.4,COMPLETED
TXN-UNMATCHED-505,,2025-04-02,Bank Transfer,80287.2,COMPLETED
TXN-INV1706,INV1706,2025-04-03,UPI Business,84749.96,COMPLETED
TXN-INV1707,INV1707,2025-04-04,Corporate Card,88607.52,COMPLETED
TXN-INV1708,INV1708,2025-04-05,NEFT/RTGS,72196,COMPLETED
TXN-INV1709,INV1709,2025-04-06,Bank Transfer,76900.96,COMPLETED
TXN-INV1710,INV1710,2025-04-07,UPI Business,84896.6,COMPLETED
TXN-INV1711,INV1711,2025-04-08,Corporate Card,92058.96,COMPLETED
TXN-INV1712,INV1712,2025-04-09,NEFT/RTGS,75276.2,COMPLETED
TXN-INV1713,INV1713,2025-04-10,Bank Transfer,78364.72,COMPLETED
TXN-INV1714,INV1714,2025-04-11,UPI Business,82743.24,COMPLETED
TXN-INV1715,INV1715,2025-04-12,Corporate Card,90060.4,COMPLETED
TXN-INV1717-A,INV1717,2025-04-14,Bank Transfer,82128.48,COMPLETED
TXN-INV1717-B,INV1717,2025-04-14,Bank Transfer,82128.48,COMPLETED
TXN-INV1718-A,INV1718,2025-04-15,UPI Business,86689.88,COMPLETED
TXN-INV1718-B,INV1718,2025-04-15,UPI Business,86689.88,COMPLETED
TXN-UNMATCHED-519,,2025-04-16,Corporate Card,94211.84,COMPLETED
TXN-INV1720,INV1720,2025-04-17,NEFT/RTGS,77427,COMPLETED
TXN-INV1721,INV1721,2025-04-18,Bank Transfer,79492.24,COMPLETED
TXN-INV1722,INV1722,2025-04-19,UPI Business,83836.52,COMPLETED
TXN-INV1723,INV1723,2025-04-20,Corporate Card,91163.28,COMPLETED
TXN-INV1724,INV1724,2025-04-21,NEFT/RTGS,74388,COMPLETED
TXN-INV1725,INV1725,2025-04-22,Bank Transfer,82856,COMPLETED
TXN-INV1726,INV1726,2025-04-23,UPI Business,87233.16,COMPLETED
TXN-INV1727,INV1727,2025-04-24,Corporate Card,93364.72,COMPLETED
TXN-INV1728,INV1728,2025-04-25,NEFT/RTGS,76177.8,COMPLETED
TXN-INV1729,INV1729,2025-04-26,Bank Transfer,81419.76,COMPLETED
TXN-INV1731-A,INV1731,2025-04-28,Corporate Card,96316.16,COMPLETED
TXN-INV1731-B,INV1731,2025-04-28,Corporate Card,96316.16,COMPLETED
TXN-INV1732-A,INV1732,2025-04-01,NEFT/RTGS,79153.2,COMPLETED
TXN-INV1732-B,INV1732,2025-04-01,NEFT/RTGS,79153.2,COMPLETED
TXN-UNMATCHED-533,,2025-04-02,Bank Transfer,84583.52,COMPLETED
TXN-INV1734,INV1734,2025-04-03,UPI Business,89276.44,COMPLETED
TXN-INV1735,INV1735,2025-04-04,Corporate Card,94017.6,COMPLETED
TXN-INV1736,INV1736,2025-04-05,NEFT/RTGS,76478.6,COMPLETED
TXN-INV1737,INV1737,2025-04-06,Bank Transfer,81697.28,COMPLETED
TXN-INV1738,INV1738,2025-04-07,UPI Business,86173.08,COMPLETED
TXN-INV1739,INV1739,2025-04-08,Corporate Card,93719.04,COMPLETED
TXN-INV1740,INV1740,2025-04-09,NEFT/RTGS,79104,COMPLETED
TXN-INV1741,INV1741,2025-04-10,Bank Transfer,84461.04,COMPLETED
TXN-INV1742,INV1742,2025-04-11,UPI Business,89069.72,COMPLETED
TXN-INV1745-A,INV1745,2025-04-14,Bank Transfer,86424.8,COMPLETED
TXN-INV1745-B,INV1745,2025-04-14,Bank Transfer,86424.8,COMPLETED
TXN-UNMATCHED-546,,2025-04-15,UPI Business,91216.36,COMPLETED
TXN-INV1747,INV1747,2025-04-16,Corporate Card,99121.92,COMPLETED
TXN-INV1748,INV1748,2025-04-17,NEFT/RTGS,2676,COMPLETED
TXN-INV1749,INV1749,2025-04-18,Bank Transfer,2813,COMPLETED
TXN-INV1750,INV1750,2025-04-19,UPI Business,2950,COMPLETED
TXN-INV1751,INV1751,2025-04-20,Corporate Card,3087,COMPLETED
TXN-INV1752,INV1752,2025-04-21,NEFT/RTGS,3224,COMPLETED
TXN-INV1753,INV1753,2025-04-22,Bank Transfer,3361,COMPLETED
TXN-INV1754,INV1754,2025-04-23,UPI Business,709.64,COMPLETED
TXN-INV1755,INV1755,2025-04-24,Corporate Card,1074.8,COMPLETED
TXN-INV1756,INV1756,2025-04-25,NEFT/RTGS,255.6,COMPLETED
TXN-INV1759-A,INV1759,2025-04-28,Corporate Card,5226.24,COMPLETED
TXN-INV1759-B,INV1759,2025-04-28,Corporate Card,5226.24,COMPLETED
TXN-UNMATCHED-560,,2025-04-01,NEFT/RTGS,4431,COMPLETED
TXN-INV1761,INV1761,2025-04-02,Bank Transfer,4879.84,COMPLETED
TXN-INV1762,INV1762,2025-04-03,UPI Business,4594,COMPLETED
TXN-INV1763,INV1763,2025-04-04,Corporate Card,4731,COMPLETED
TXN-INV1764,INV1764,2025-04-05,NEFT/RTGS,4868,COMPLETED
TXN-INV1765,INV1765,2025-04-06,Bank Transfer,5005,COMPLETED
TXN-INV1766,INV1766,2025-04-07,UPI Business,5142,COMPLETED
TXN-INV1767,INV1767,2025-04-08,Corporate Card,5279,COMPLETED
TXN-INV1768,INV1768,2025-04-09,NEFT/RTGS,3181.8,COMPLETED
TXN-INV1769,INV1769,2025-04-10,Bank Transfer,3557.36,COMPLETED
TXN-INV1770,INV1770,2025-04-11,UPI Business,3896.2,COMPLETED
TXN-INV1772-A,INV1772,2025-04-13,NEFT/RTGS,6157.2,COMPLETED
TXN-INV1772-B,INV1772,2025-04-13,NEFT/RTGS,6157.2,COMPLETED
TXN-INV1773-A,INV1773,2025-04-14,Bank Transfer,6721.12,COMPLETED
TXN-INV1773-B,INV1773,2025-04-14,Bank Transfer,6721.12,COMPLETED
TXN-UNMATCHED-574,,2025-04-15,UPI Business,7242.84,COMPLETED
TXN-INV1775,INV1775,2025-04-16,Corporate Card,8032,COMPLETED
TXN-INV1776,INV1776,2025-04-17,NEFT/RTGS,6512,COMPLETED
TXN-INV1777,INV1777,2025-04-18,Bank Transfer,6649,COMPLETED
TXN-INV1778,INV1778,2025-04-19,UPI Business,6786,COMPLETED
TXN-INV1779,INV1779,2025-04-20,Corporate Card,6923,COMPLETED
TXN-INV1780,INV1780,2025-04-21,NEFT/RTGS,7060,COMPLETED
TXN-INV1781,INV1781,2025-04-22,Bank Transfer,6598.64,COMPLETED
TXN-INV1782,INV1782,2025-04-23,UPI Business,7036.12,COMPLETED
TXN-INV1783,INV1783,2025-04-24,Corporate Card,7784.88,COMPLETED
TXN-INV1786-A,INV1786,2025-04-27,UPI Business,9182.76,COMPLETED
TXN-INV1786-B,INV1786,2025-04-27,UPI Business,9182.76,COMPLETED
TXN-UNMATCHED-587,,2025-04-28,Corporate Card,10136.32,COMPLETED
TXN-INV1788,INV1788,2025-04-01,NEFT/RTGS,8458.8,COMPLETED
TXN-INV1789,INV1789,2025-04-02,Bank Transfer,9176.16,COMPLETED
TXN-INV1790,INV1790,2025-04-03,UPI Business,8430,COMPLETED
TXN-INV1791,INV1791,2025-04-04,Corporate Card,8837.76,COMPLETED
TXN-INV1792,INV1792,2025-04-05,NEFT/RTGS,8704,COMPLETED
TXN-INV1793,INV1793,2025-04-06,Bank Transfer,8841,COMPLETED
TXN-INV1794,INV1794,2025-04-07,UPI Business,8978,COMPLETED
TXN-INV1795,INV1795,2025-04-08,Corporate Card,8089.2,COMPLETED
TXN-INV1796,INV1796,2025-04-09,NEFT/RTGS,6009.6,COMPLETED
TXN-INV1797,INV1797,2025-04-10,Bank Transfer,6653.68,COMPLETED
TXN-INV1800-A,INV1800,2025-04-13,NEFT/RTGS,10185,COMPLETED
TXN-INV1800-B,INV1800,2025-04-13,NEFT/RTGS,10185,COMPLETED
TXN-UNMATCHED-601,,2025-04-14,Bank Transfer,11017.44,COMPLETED
TXN-INV1802,INV1802,2025-04-15,UPI Business,11769.32,COMPLETED
TXN-INV1803,INV1803,2025-04-16,Corporate Card,11692.08,COMPLETED
TXN-INV1804,INV1804,2025-04-17,NEFT/RTGS,10348,COMPLETED
TXN-INV1805,INV1805,2025-04-18,Bank Transfer,10485,COMPLETED
TXN-INV1806,INV1806,2025-04-19,UPI Business,10622,COMPLETED
TXN-INV1807,INV1807,2025-04-20,Corporate Card,11393.52,COMPLETED
TXN-INV1808,INV1808,2025-04-21,NEFT/RTGS,10896,COMPLETED
TXN-INV1809,INV1809,2025-04-22,Bank Transfer,9694.96,COMPLETED
TXN-INV1810,INV1810,2025-04-23,UPI Business,10362.6,COMPLETED
TXN-INV1811,INV1811,2025-04-24,Corporate Card,11494.96,COMPLETED
TXN-INV1813-A,INV1813,2025-04-26,Bank Transfer,12858.72,COMPLETED
TXN-INV1813-B,INV1813,2025-04-26,Bank Transfer,12858.72,COMPLETED
TXN-INV1814-A,INV1814,2025-04-27,UPI Business,13709.24,COMPLETED
TXN-INV1814-B,INV1814,2025-04-27,UPI Business,13709.24,COMPLETED
TXN-UNMATCHED-615,,2025-04-28,Corporate Card,15046.4,COMPLETED
TXN-INV1816,INV1816,2025-04-01,NEFT/RTGS,12486.6,COMPLETED
TXN-INV1817,INV1817,2025-04-02,Bank Transfer,12472.48,COMPLETED
TXN-INV1818,INV1818,2025-04-03,UPI Business,13105.88,COMPLETED
TXN-INV1819,INV1819,2025-04-04,Corporate Card,14247.84,COMPLETED
TXN-INV1820,INV1820,2025-04-05,NEFT/RTGS,12540,COMPLETED
TXN-INV1821,INV1821,2025-04-06,Bank Transfer,12677,COMPLETED
TXN-INV1822,INV1822,2025-04-07,UPI Business,13502.52,COMPLETED
TXN-INV1823,INV1823,2025-04-08,Corporate Card,14799.28,COMPLETED
TXN-INV1824,INV1824,2025-04-09,NEFT/RTGS,11837.4,COMPLETED
TXN-INV1827-A,INV1827,2025-04-12,Corporate Card,17150.72,COMPLETED
TXN-INV1827-B,INV1827,2025-04-12,Corporate Card,17150.72,COMPLETED
TXN-INV1828-A,INV1828,2025-04-13,NEFT/RTGS,14212.8,COMPLETED
TXN-INV1828-B,INV1828,2025-04-13,NEFT/RTGS,14212.8,COMPLETED
TXN-UNMATCHED-629,,2025-04-14,Bank Transfer,15313.76,COMPLETED
TXN-INV1830,INV1830,2025-04-15,UPI Business,16295.8,COMPLETED
TXN-INV1831,INV1831,2025-04-16,Corporate Card,17102.16,COMPLETED
TXN-INV1832,INV1832,2025-04-17,NEFT/RTGS,14184,COMPLETED
TXN-INV1833,INV1833,2025-04-18,Bank Transfer,14677.52,COMPLETED
TXN-INV1834,INV1834,2025-04-19,UPI Business,15442.44,COMPLETED
TXN-INV1835,INV1835,2025-04-20,Corporate Card,16803.6,COMPLETED
TXN-INV1836,INV1836,2025-04-21,NEFT/RTGS,11763.6,COMPLETED
TXN-INV1837,INV1837,2025-04-22,Bank Transfer,12791.28,COMPLETED
TXN-INV1838,INV1838,2025-04-23,UPI Business,13689.08,COMPLETED
TXN-INV1841-A,INV1841,2025-04-26,Bank Transfer,17155.04,COMPLETED
TXN-INV1841-B,INV1841,2025-04-26,Bank Transfer,17155.04,COMPLETED
TXN-UNMATCHED-642,,2025-04-27,UPI Business,18235.72,COMPLETED
TXN-INV1843,INV1843,2025-04-28,Corporate Card,19956.48,COMPLETED
TXN-INV1844,INV1844,2025-04-01,NEFT/RTGS,15828,COMPLETED
TXN-INV1845,INV1845,2025-04-02,Bank Transfer,17268.8,COMPLETED
TXN-INV1846,INV1846,2025-04-03,UPI Business,18132.36,COMPLETED
TXN-INV1847,INV1847,2025-04-04,Corporate Card,19657.92,COMPLETED
TXN-INV1848,INV1848,2025-04-05,NEFT/RTGS,16376,COMPLETED
TXN-INV1849,INV1849,2025-04-06,Bank Transfer,16882.56,COMPLETED
TXN-INV1850,INV1850,2025-04-07,UPI Business,16829,COMPLETED
TXN-INV1851,INV1851,2025-04-08,Corporate Card,18509.36,COMPLETED
TXN-INV1852,INV1852,2025-04-09,NEFT/RTGS,14665.2,COMPLETED
TXN-INV1854-A,INV1854,2025-04-11,UPI Business,20175.64,COMPLETED
TXN-INV1854-B,INV1854,2025-04-11,UPI Business,20175.64,COMPLETED
TXN-INV1855-A,INV1855,2025-04-12,Corporate Card,22060.8,COMPLETED
TXN-INV1855-B,INV1855,2025-04-12,Corporate Card,22060.8,COMPLETED
TXN-UNMATCHED-656,,2025-04-13,NEFT/RTGS,18240.6,COMPLETED
TXN-INV1857,INV1857,2025-04-14,Bank Transfer,19610.08,COMPLETED
TXN-INV1858,INV1858,2025-04-15,UPI Business,17746,COMPLETED
TXN-INV1859,INV1859,2025-04-16,Corporate Card,18762.24,COMPLETED
TXN-INV1860,INV1860,2025-04-17,NEFT/RTGS,18316,COMPLETED
TXN-INV1861,INV1861,2025-04-18,Bank Transfer,19473.84,COMPLETED
TXN-INV1862,INV1862,2025-04-19,UPI Business,20468.92,COMPLETED
TXN-INV1863,INV1863,2025-04-20,Corporate Card,22213.68,COMPLETED
TXN-INV1864,INV1864,2025-04-21,NEFT/RTGS,17591.4,COMPLETED
TXN-INV1865,INV1865,2025-04-22,Bank Transfer,18887.6,COMPLETED
TXN-INV1866,INV1866,2025-04-23,UPI Business,20015.56,COMPLETED
TXN-INV1868-A,INV1868,2025-04-25,NEFT/RTGS,19966.8,COMPLETED
TXN-INV1868-B,INV1868,2025-04-25,NEFT/RTGS,19966.8,COMPLETED
TXN-INV1869-A,INV1869,2025-04-26,Bank Transfer,21451.36,COMPLETED
TXN-INV1869-B,INV1869,2025-04-26,Bank Transfer,21451.36,COMPLETED
TXN-UNMATCHED-670,,2025-04-27,UPI Business,22762.2,COMPLETED
TXN-INV1871,INV1871,2025-04-28,Corporate Card,24866.56,COMPLETED
TXN-INV1872,INV1872,2025-04-01,NEFT/RTGS,19664,COMPLETED
TXN-INV1873,INV1873,2025-04-02,Bank Transfer,19801,COMPLETED
TXN-INV1874,INV1874,2025-04-03,UPI Business,19938,COMPLETED
TXN-INV1875,INV1875,2025-04-04,Corporate Card,25068,COMPLETED
TXN-INV1876,INV1876,2025-04-05,NEFT/RTGS,20367.6,COMPLETED
TXN-INV1877,INV1877,2025-04-06,Bank Transfer,18928.88,COMPLETED
TXN-INV1878,INV1878,2025-04-07,UPI Business,20155.48,COMPLETED
TXN-INV1879,INV1879,2025-04-08,Corporate Card,22219.44,COMPLETED
TXN-INV1882-A,INV1882,2025-04-11,UPI Business,24702.12,COMPLETED
TXN-INV1882-B,INV1882,2025-04-11,UPI Business,24702.12,COMPLETED
TXN-UNMATCHED-683,,2025-04-12,Corporate Card,26970.88,COMPLETED
TXN-INV1884,INV1884,2025-04-13,NEFT/RTGS,22268.4,COMPLETED
TXN-INV1885,INV1885,2025-04-14,Bank Transfer,21445,COMPLETED
TXN-INV1886,INV1886,2025-04-15,UPI Business,22098.76,COMPLETED
TXN-INV1887,INV1887,2025-04-16,Corporate Card,24172.32,COMPLETED
TXN-INV1888,INV1888,2025-04-17,NEFT/RTGS,21856,COMPLETED
TXN-INV1889,INV1889,2025-04-18,Bank Transfer,21993,COMPLETED
TXN-INV1890,INV1890,2025-04-19,UPI Business,25495.4,COMPLETED
TXN-INV1891,INV1891,2025-04-20,Corporate Card,25523.76,COMPLETED
TXN-INV1892,INV1892,2025-04-21,NEFT/RTGS,20419.2,COMPLETED
TXN-INV1893,INV1893,2025-04-22,Bank Transfer,21983.92,COMPLETED
TXN-INV1896-A,INV1896,2025-04-25,NEFT/RTGS,23994.6,COMPLETED
TXN-INV1896-B,INV1896,2025-04-25,NEFT/RTGS,23994.6,COMPLETED
TXN-UNMATCHED-697,,2025-04-26,Bank Transfer,25747.68,COMPLETED
TXN-INV1898,INV1898,2025-04-27,UPI Business,27288.68,COMPLETED
TXN-INV1899,INV1899,2025-04-28,Corporate Card,27026.64,COMPLETED
TXN-INV1900,INV1900,2025-04-01,NEFT/RTGS,23500,COMPLETED
TXN-INV1901,INV1901,2025-04-02,Bank Transfer,23637,COMPLETED
TXN-INV1902,INV1902,2025-04-03,UPI Business,24435.32,COMPLETED
TXN-INV1903,INV1903,2025-04-04,Corporate Card,26728.08,COMPLETED
TXN-INV1904,INV1904,2025-04-05,NEFT/RTGS,24048,COMPLETED
TXN-INV1905,INV1905,2025-04-06,Bank Transfer,25025.2,COMPLETED
TXN-INV1906,INV1906,2025-04-07,UPI Business,26481.96,COMPLETED
TXN-INV1907,INV1907,2025-04-08,Corporate Card,28929.52,COMPLETED
TXN-INV1909-A,INV1909,2025-04-10,Bank Transfer,27588.96,COMPLETED
TXN-INV1909-B,INV1909,2025-04-10,Bank Transfer,27588.96,COMPLETED
TXN-INV1910-A,INV1910,2025-04-11,UPI Business,29228.6,COMPLETED
TXN-INV1910-B,INV1910,2025-04-11,UPI Business,29228.6,COMPLETED
TXN-UNMATCHED-711,,2025-04-12,Corporate Card,31880.96,COMPLETED
TXN-INV1912,INV1912,2025-04-13,NEFT/RTGS,26296.2,COMPLETED
TXN-INV1913,INV1913,2025-04-14,Bank Transfer,25702.72,COMPLETED
TXN-INV1914,INV1914,2025-04-15,UPI Business,27125.24,COMPLETED
TXN-INV1915,INV1915,2025-04-16,Corporate Card,29582.4,COMPLETED
TXN-INV1916,INV1916,2025-04-17,NEFT/RTGS,25692,COMPLETED
TXN-INV1917,INV1917,2025-04-18,Bank Transfer,25829,COMPLETED
TXN-INV1918,INV1918,2025-04-19,UPI Business,26621.88,COMPLETED
TXN-INV1919,INV1919,2025-04-20,Corporate Card,29233.84,COMPLETED
TXN-INV1920,INV1920,2025-04-21,NEFT/RTGS,26247,COMPLETED
TXN-INV1923-A,INV1923,2025-04-24,Corporate Card,33985.28,COMPLETED
TXN-INV1923-B,INV1923,2025-04-24,Corporate Card,33985.28,COMPLETED
TXN-UNMATCHED-724,,2025-04-25,NEFT/RTGS,28022.4,COMPLETED
TXN-INV1925,INV1925,2025-04-26,Bank Transfer,30044,COMPLETED
TXN-INV1926,INV1926,2025-04-27,UPI Business,31815.16,COMPLETED
TXN-INV1927,INV1927,2025-04-28,Corporate Card,32436.72,COMPLETED
TXN-INV1928,INV1928,2025-04-01,NEFT/RTGS,27336,COMPLETED
TXN-INV1929,INV1929,2025-04-02,Bank Transfer,27907.76,COMPLETED
TXN-INV1930,INV1930,2025-04-03,UPI Business,29461.8,COMPLETED
TXN-INV1931,INV1931,2025-04-04,Corporate Card,32138.16,COMPLETED
TXN-INV1932,INV1932,2025-04-05,NEFT/RTGS,26173.2,COMPLETED
TXN-INV1933,INV1933,2025-04-06,Bank Transfer,28121.52,COMPLETED
TXN-INV1934,INV1934,2025-04-07,UPI Business,29808.44,COMPLETED
TXN-INV1937-A,INV1937,2025-04-10,Bank Transfer,31885.28,COMPLETED
TXN-INV1937-B,INV1937,2025-04-10,Bank Transfer,31885.28,COMPLETED
TXN-UNMATCHED-738,,2025-04-11,UPI Business,33755.08,COMPLETED
TXN-INV1939,INV1939,2025-04-12,Corporate Card,36791.04,COMPLETED
TXN-INV1940,INV1940,2025-04-13,NEFT/RTGS,28980,COMPLETED
TXN-INV1941,INV1941,2025-04-14,Bank Transfer,30499.04,COMPLETED
TXN-INV1942,INV1942,2025-04-15,UPI Business,32151.72,COMPLETED
TXN-INV1943,INV1943,2025-04-16,Corporate Card,34992.48,COMPLETED
TXN-INV1944,INV1944,2025-04-17,NEFT/RTGS,29528,COMPLETED
TXN-INV1945,INV1945,2025-04-18,Bank Transfer,30112.8,COMPLETED
TXN-INV1946,INV1946,2025-04-19,UPI Business,32948.36,COMPLETED
TXN-INV1947,INV1947,2025-04-20,Corporate Card,35943.92,COMPLETED
TXN-INV1948,INV1948,2025-04-21,NEFT/RTGS,29074.8,COMPLETED
TXN-INV1950-A,INV1950,2025-04-23,UPI Business,1003000,COMPLETED
TXN-INV1950-B,INV1950,2025-04-23,UPI Business,1003000,COMPLETED
TXN-INV1951-A,INV1951,2025-04-24,Corporate Card,38895.36,COMPLETED
TXN-INV1951-B,INV1951,2025-04-24,Corporate Card,38895.36,COMPLETED
TXN-UNMATCHED-752,,2025-04-25,NEFT/RTGS,32050.2,COMPLETED
TXN-INV1953,INV1953,2025-04-26,Bank Transfer,34340.32,COMPLETED
TXN-INV1954,INV1954,2025-04-27,UPI Business,34841.64,COMPLETED
TXN-INV1955,INV1955,2025-04-28,Corporate Card,37846.8,COMPLETED
TXN-INV1956,INV1956,2025-04-01,NEFT/RTGS,31172,COMPLETED
TXN-INV1957,INV1957,2025-04-02,Bank Transfer,32704.08,COMPLETED
TXN-INV1958,INV1958,2025-04-03,UPI Business,34488.28,COMPLETED
TXN-INV1959,INV1959,2025-04-04,Corporate Card,36248.24,COMPLETED
TXN-INV1960,INV1960,2025-04-05,NEFT/RTGS,32001,COMPLETED
TXN-INV1961,INV1961,2025-04-06,Bank Transfer,34217.84,COMPLETED
TXN-INV1964-A,INV1964,2025-04-09,NEFT/RTGS,33776.4,COMPLETED
TXN-INV1964-B,INV1964,2025-04-09,NEFT/RTGS,33776.4,COMPLETED
TXN-INV1965-A,INV1965,2025-04-10,Bank Transfer,36181.6,COMPLETED
TXN-INV1965-B,INV1965,2025-04-10,Bank Transfer,36181.6,COMPLETED
TXN-UNMATCHED-766,,2025-04-11,UPI Business,38281.56,COMPLETED
TXN-INV1967,INV1967,2025-04-12,Corporate Card,41701.12,COMPLETED
TXN-INV1968,INV1968,2025-04-13,NEFT/RTGS,33101.8,COMPLETED
TXN-INV1969,INV1969,2025-04-14,Bank Transfer,35295.36,COMPLETED
TXN-INV1970,INV1970,2025-04-15,UPI Business,37178.2,COMPLETED
TXN-INV1971,INV1971,2025-04-16,Corporate Card,40402.56,COMPLETED
TXN-INV1972,INV1972,2025-04-17,NEFT/RTGS,33364,COMPLETED
TXN-INV1973,INV1973,2025-04-18,Bank Transfer,34259.12,COMPLETED
TXN-INV1974,INV1974,2025-04-19,UPI Business,36274.84,COMPLETED
TXN-INV1975,INV1975,2025-04-20,Corporate Card,39654,COMPLETED
TXN-INV1978-A,INV1978,2025-04-23,UPI Business,40221.48,COMPLETED
TXN-INV1978-B,INV1978,2025-04-23,UPI Business,40221.48,COMPLETED
TXN-UNMATCHED-779,,2025-04-24,Corporate Card,43805.44,COMPLETED
TXN-INV1980,INV1980,2025-04-25,NEFT/RTGS,36078,COMPLETED
TXN-INV1981,INV1981,2025-04-26,Bank Transfer,37886.64,COMPLETED
TXN-INV1982,INV1982,2025-04-27,UPI Business,39868.12,COMPLETED
TXN-INV1983,INV1983,2025-04-28,Corporate Card,43256.88,COMPLETED
TXN-INV1984,INV1984,2025-04-01,NEFT/RTGS,35153.4,COMPLETED
TXN-INV1985,INV1985,2025-04-02,Bank Transfer,37500.4,COMPLETED
TXN-INV1986,INV1986,2025-04-03,UPI Business,39514.76,COMPLETED
TXN-INV1987,INV1987,2025-04-04,Corporate Card,42958.32,COMPLETED
TXN-INV1988,INV1988,2025-04-05,NEFT/RTGS,34828.8,COMPLETED
TXN-INV1989,INV1989,2025-04-06,Bank Transfer,37314.16,COMPLETED
TXN-INV1991-A,INV1991,2025-04-08,Corporate Card,45909.76,COMPLETED
TXN-INV1991-B,INV1991,2025-04-08,Corporate Card,45909.76,COMPLETED
TXN-INV1992-A,INV1992,2025-04-09,NEFT/RTGS,37804.2,COMPLETED
TXN-INV1992-B,INV1992,2025-04-09,NEFT/RTGS,37804.2,COMPLETED
TXN-UNMATCHED-793,,2025-04-10,Bank Transfer,40477.92,COMPLETED
TXN-INV1994,INV1994,2025-04-11,UPI Business,42808.04,COMPLETED
TXN-INV1995,INV1995,2025-04-12,Corporate Card,46111.2,COMPLETED
TXN-INV1996,INV1996,2025-04-13,NEFT/RTGS,37629.6,COMPLETED
TXN-INV1997,INV1997,2025-04-14,Bank Transfer,40091.68,COMPLETED
TXN-INV1998,INV1998,2025-04-15,UPI Business,42204.68,COMPLETED
TXN-INV1999,INV1999,2025-04-16,Corporate Card,45812.64,COMPLETED
TXN-INV2000,INV2000,2025-04-17,NEFT/RTGS,37755,COMPLETED
TXN-INV2001,INV2001,2025-04-18,Bank Transfer,40355.44,COMPLETED
TXN-INV2002,INV2002,2025-04-19,UPI Business,42601.32,COMPLETED
TXN-INV2003,INV2003,2025-04-20,Corporate Card,46364.08,COMPLETED
TXN-INV2005-A,INV2005,2025-04-22,Bank Transfer,42319.2,COMPLETED
TXN-INV2005-B,INV2005,2025-04-22,Bank Transfer,42319.2,COMPLETED
TXN-INV2006-A,INV2006,2025-04-23,UPI Business,44747.96,COMPLETED
TXN-INV2006-B,INV2006,2025-04-23,UPI Business,44747.96,COMPLETED
TXN-UNMATCHED-807,,2025-04-24,Corporate Card,48715.52,COMPLETED
TXN-INV2008,INV2008,2025-04-25,NEFT/RTGS,40105.8,COMPLETED
TXN-INV2009,INV2009,2025-04-26,Bank Transfer,38932.96,COMPLETED
TXN-INV2010,INV2010,2025-04-27,UPI Business,44894.6,COMPLETED
TXN-INV2011,INV2011,2025-04-28,Corporate Card,48666.96,COMPLETED
TXN-INV2012,INV2012,2025-04-01,NEFT/RTGS,39681.2,COMPLETED
TXN-INV2013,INV2013,2025-04-02,Bank Transfer,42296.72,COMPLETED
TXN-INV2014,INV2014,2025-04-03,UPI Business,42741.24,COMPLETED
TXN-INV2015,INV2015,2025-04-04,Corporate Card,46668.4,COMPLETED
TXN-INV2016,INV2016,2025-04-05,NEFT/RTGS,37656.6,COMPLETED
TXN-INV2019-A,INV2019,2025-04-08,Corporate Card,50819.84,COMPLETED
TXN-INV2019-B,INV2019,2025-04-08,Corporate Card,50819.84,COMPLETED
TXN-UNMATCHED-820,,2025-04-09,NEFT/RTGS,41832,COMPLETED
TXN-INV2021,INV2021,2025-04-10,Bank Transfer,44774.24,COMPLETED
TXN-INV2022,INV2022,2025-04-11,UPI Business,43834.52,COMPLETED
TXN-INV2023,INV2023,2025-04-12,Corporate Card,47771.28,COMPLETED
TXN-INV2024,INV2024,2025-04-13,NEFT/RTGS,40488,COMPLETED
TXN-INV2025,INV2025,2025-04-14,Bank Transfer,44888,COMPLETED
TXN-INV2026,INV2026,2025-04-15,UPI Business,47231.16,COMPLETED
TXN-INV2027,INV2027,2025-04-16,Corporate Card,51222.72,COMPLETED
TXN-INV2028,INV2028,2025-04-17,NEFT/RTGS,40582.8,COMPLETED
TXN-INV2029,INV2029,2025-04-18,Bank Transfer,43451.76,COMPLETED
TXN-INV2030,INV2030,2025-04-19,UPI Business,45927.8,COMPLETED
TXN-INV2033-A,INV2033,2025-04-22,Bank Transfer,46615.52,COMPLETED
TXN-INV2033-B,INV2033,2025-04-22,Bank Transfer,46615.52,COMPLETED
TXN-UNMATCHED-834,,2025-04-23,UPI Business,49274.44,COMPLETED
TXN-INV2035,INV2035,2025-04-24,Corporate Card,53625.6,COMPLETED
TXN-INV2036,INV2036,2025-04-25,NEFT/RTGS,42132,COMPLETED
TXN-INV2037,INV2037,2025-04-26,Bank Transfer,43729.28,COMPLETED
TXN-INV2038,INV2038,2025-04-27,UPI Business,46171.08,COMPLETED
TXN-INV2039,INV2039,2025-04-28,Corporate Card,50327.04,COMPLETED
TXN-INV2040,INV2040,2025-04-01,NEFT/RTGS,44209,COMPLETED
TXN-INV2041,INV2041,2025-04-02,Bank Transfer,47093.04,COMPLETED
TXN-INV2042,INV2042,2025-04-03,UPI Business,49067.72,COMPLETED
TXN-INV2043,INV2043,2025-04-04,Corporate Card,53378.48,COMPLETED
TXN-INV2044,INV2044,2025-04-05,NEFT/RTGS,43484.4,COMPLETED
TXN-INV2046-A,INV2046,2025-04-07,UPI Business,51214.36,COMPLETED
TXN-INV2046-B,INV2046,2025-04-07,UPI Business,51214.36,COMPLETED
TXN-INV2047-A,INV2047,2025-04-08,Corporate Card,55729.92,COMPLETED
TXN-INV2047-B,INV2047,2025-04-08,Corporate Card,55729.92,COMPLETED
TXN-UNMATCHED-848,,2025-04-09,NEFT/RTGS,45859.8,COMPLETED
TXN-INV2049,INV2049,2025-04-10,Bank Transfer,49070.56,COMPLETED
TXN-INV2050,INV2050,2025-04-11,UPI Business,48861,COMPLETED
TXN-INV2051,INV2051,2025-04-12,Corporate Card,53181.36,COMPLETED
TXN-INV2052,INV2052,2025-04-13,NEFT/RTGS,44324,COMPLETED
TXN-INV2053,INV2053,2025-04-14,Bank Transfer,45934.32,COMPLETED
TXN-INV2054,INV2054,2025-04-15,UPI Business,48507.64,COMPLETED
TXN-INV2055,INV2055,2025-04-16,Corporate Card,53682.8,COMPLETED
TXN-INV2056,INV2056,2025-04-17,NEFT/RTGS,43410.6,COMPLETED
TXN-INV2057,INV2057,2025-04-18,Bank Transfer,46548.08,COMPLETED
TXN-INV2060-A,INV2060,2025-04-21,NEFT/RTGS,47586,COMPLETED
TXN-INV2060-B,INV2060,2025-04-21,NEFT/RTGS,47586,COMPLETED
TXN-UNMATCHED-861,,2025-04-22,Bank Transfer,50911.84,COMPLETED
TXN-INV2062,INV2062,2025-04-23,UPI Business,53800.92,COMPLETED
TXN-INV2063,INV2063,2025-04-24,Corporate Card,58535.68,COMPLETED
TXN-INV2064,INV2064,2025-04-25,NEFT/RTGS,45968,COMPLETED
TXN-INV2065,INV2065,2025-04-26,Bank Transfer,48525.6,COMPLETED
TXN-INV2066,INV2066,2025-04-27,UPI Business,51197.56,COMPLETED
TXN-INV2067,INV2067,2025-04-28,Corporate Card,55737.12,COMPLETED
TXN-INV2068,INV2068,2025-04-01,NEFT/RTGS,46516,COMPLETED
TXN-INV2069,INV2069,2025-04-02,Bank Transfer,49589.36,COMPLETED
TXN-INV2070,INV2070,2025-04-03,UPI Business,52394.2,COMPLETED
TXN-INV2071,INV2071,2025-04-04,Corporate Card,57088.56,COMPLETED
TXN-INV2074-A,INV2074,2025-04-07,UPI Business,55740.84,COMPLETED
TXN-INV2074-B,INV2074,2025-04-07,UPI Business,55740.84,COMPLETED
TXN-UNMATCHED-875,,2025-04-08,Corporate Card,60640,COMPLETED
TXN-INV2076,INV2076,2025-04-09,NEFT/RTGS,49887.6,COMPLETED
TXN-INV2077,INV2077,2025-04-10,Bank Transfer,51116.88,COMPLETED
TXN-INV2078,INV2078,2025-04-11,UPI Business,53887.48,COMPLETED
TXN-INV2079,INV2079,2025-04-12,Corporate Card,58591.44,COMPLETED
TXN-INV2080,INV2080,2025-04-13,NEFT/RTGS,48160,COMPLETED
TXN-INV2081,INV2081,2025-04-14,Bank Transfer,50730.64,COMPLETED
TXN-INV2082,INV2082,2025-04-15,UPI Business,53534.12,COMPLETED
TXN-INV2083,INV2083,2025-04-16,Corporate Card,60392.88,COMPLETED
TXN-INV2084,INV2084,2025-04-17,NEFT/RTGS,49238.4,COMPLETED
TXN-INV2085,INV2085,2025-04-18,Bank Transfer,52644.4,COMPLETED
TXN-INV2087-A,INV2087,2025-04-20,Corporate Card,62744.32,COMPLETED
TXN-INV2087-B,INV2087,2025-04-20,Corporate Card,62744.32,COMPLETED
TXN-INV2088-A,INV2088,2025-04-21,NEFT/RTGS,51613.8,COMPLETED
TXN-INV2088-B,INV2088,2025-04-21,NEFT/RTGS,51613.8,COMPLETED
TXN-UNMATCHED-889,,2025-04-22,Bank Transfer,55208.16,COMPLETED
TXN-INV2090,INV2090,2025-04-23,UPI Business,58327.4,COMPLETED
TXN-INV2091,INV2091,2025-04-24,Corporate Card,61445.76,COMPLETED
TXN-INV2092,INV2092,2025-04-25,NEFT/RTGS,49939.2,COMPLETED
TXN-INV2093,INV2093,2025-04-26,Bank Transfer,53321.92,COMPLETED
TXN-INV2094,INV2094,2025-04-27,UPI Business,56224.04,COMPLETED
TXN-INV2095,INV2095,2025-04-28,Corporate Card,61147.2,COMPLETED
TXN-INV2096,INV2096,2025-04-01,NEFT/RTGS,49164.6,COMPLETED
TXN-INV2097,INV2097,2025-04-02,Bank Transfer,52685.68,COMPLETED
TXN-INV2098,INV2098,2025-04-03,UPI Business,55720.68,COMPLETED
TXN-INV2101-A,INV2101,2025-04-06,Bank Transfer,57049.44,COMPLETED
TXN-INV2101-B,INV2101,2025-04-06,Bank Transfer,57049.44,COMPLETED
TXN-INV2102-A,INV2102,2025-04-07,UPI Business,60267.32,COMPLETED
TXN-INV2102-B,INV2102,2025-04-07,UPI Business,60267.32,COMPLETED
TXN-UNMATCHED-903,,2025-04-08,Corporate Card,65550.08,COMPLETED
TXN-INV2104,INV2104,2025-04-09,NEFT/RTGS,53915.4,COMPLETED
TXN-INV2105,INV2105,2025-04-10,Bank Transfer,55913.2,COMPLETED
TXN-INV2106,INV2106,2025-04-11,UPI Business,58913.96,COMPLETED
TXN-INV2107,INV2107,2025-04-12,Corporate Card,64001.52,COMPLETED
TXN-INV2108,INV2108,2025-04-13,NEFT/RTGS,51996,COMPLETED
TXN-INV2109,INV2109,2025-04-14,Bank Transfer,55526.96,COMPLETED
TXN-INV2110,INV2110,2025-04-15,UPI Business,58860.6,COMPLETED
TXN-INV2111,INV2111,2025-04-16,Corporate Card,64102.96,COMPLETED
TXN-INV2112,INV2112,2025-04-17,NEFT/RTGS,52066.2,COMPLETED
TXN-INV2115-A,INV2115,2025-04-20,Corporate Card,67654.4,COMPLETED
TXN-INV2115-B,INV2115,2025-04-20,Corporate Card,67654.4,COMPLETED
TXN-UNMATCHED-916,,2025-04-21,NEFT/RTGS,55641.6,COMPLETED
TXN-INV2117,INV2117,2025-04-22,Bank Transfer,59504.48,COMPLETED
TXN-INV2118,INV2118,2025-04-23,UPI Business,61603.88,COMPLETED
TXN-INV2119,INV2119,2025-04-24,Corporate Card,66855.84,COMPLETED
TXN-INV2120,INV2120,2025-04-25,NEFT/RTGS,54467,COMPLETED
TXN-INV2121,INV2121,2025-04-26,Bank Transfer,58118.24,COMPLETED
TXN-INV2122,INV2122,2025-04-27,UPI Business,61250.52,COMPLETED
TXN-INV2123,INV2123,2025-04-28,Corporate Card,66557.28,COMPLETED
TXN-INV2124,INV2124,2025-04-01,NEFT/RTGS,54992.4,COMPLETED
TXN-INV2125,INV2125,2025-04-02,Bank Transfer,58782,COMPLETED
TXN-INV2126,INV2126,2025-04-03,UPI Business,62047.16,COMPLETED
TXN-INV2128-A,INV2128,2025-04-05,NEFT/RTGS,57367.8,COMPLETED
TXN-INV2128-B,INV2128,2025-04-05,NEFT/RTGS,57367.8,COMPLETED
TXN-INV2129-A,INV2129,2025-04-06,Bank Transfer,61345.76,COMPLETED
TXN-INV2129-B,INV2129,2025-04-06,Bank Transfer,61345.76,COMPLETED
TXN-UNMATCHED-930,,2025-04-07,UPI Business,64793.8,COMPLETED
TXN-INV2131,INV2131,2025-04-08,Corporate Card,70460.16,COMPLETED
TXN-INV2132,INV2132,2025-04-09,NEFT/RTGS,56943.2,COMPLETED
TXN-INV2133,INV2133,2025-04-10,Bank Transfer,60709.52,COMPLETED
TXN-INV2134,INV2134,2025-04-11,UPI Business,63940.44,COMPLETED
TXN-INV2135,INV2135,2025-04-12,Corporate Card,69411.6,COMPLETED
TXN-INV2136,INV2136,2025-04-13,NEFT/RTGS,56518.6,COMPLETED
TXN-INV2137,INV2137,2025-04-14,Bank Transfer,58823.28,COMPLETED
TXN-INV2138,INV2138,2025-04-15,UPI Business,62187.08,COMPLETED
TXN-INV2139,INV2139,2025-04-16,Corporate Card,67813.04,COMPLETED
TXN-INV2142-A,INV2142,2025-04-19,UPI Business,66733.72,COMPLETED
TXN-INV2142-B,INV2142,2025-04-19,UPI Business,66733.72,COMPLETED
TXN-INV2143-A,INV2143,2025-04-20,Corporate Card,72564.48,COMPLETED
TXN-INV2143-B,INV2143,2025-04-20,Corporate Card,72564.48,COMPLETED
TXN-UNMATCHED-944,,2025-04-21,NEFT/RTGS,59669.4,COMPLETED
TXN-INV2145,INV2145,2025-04-22,Bank Transfer,63800.8,COMPLETED
TXN-INV2146,INV2146,2025-04-23,UPI Business,66630.36,COMPLETED
TXN-INV2147,INV2147,2025-04-24,Corporate Card,72265.92,COMPLETED
TXN-INV2148,INV2148,2025-04-25,NEFT/RTGS,58994.8,COMPLETED
TXN-INV2149,INV2149,2025-04-26,Bank Transfer,62914.56,COMPLETED
TXN-INV2150,INV2150,2025-04-27,UPI Business,66277,COMPLETED
TXN-INV2151,INV2151,2025-04-28,Corporate Card,71117.36,COMPLETED
TXN-INV2152,INV2152,2025-04-01,NEFT/RTGS,57820.2,COMPLETED
TXN-INV2153,INV2153,2025-04-02,Bank Transfer,61878.32,COMPLETED
TXN-INV2156-A,INV2156,2025-04-05,NEFT/RTGS,61395.6,COMPLETED
TXN-INV2156-B,INV2156,2025-04-05,NEFT/RTGS,61395.6,COMPLETED
TXN-UNMATCHED-957,,2025-04-06,Bank Transfer,65642.08,COMPLETED
TXN-INV2158,INV2158,2025-04-07,UPI Business,69320.28,COMPLETED
TXN-INV2159,INV2159,2025-04-08,Corporate Card,71370.24,COMPLETED
TXN-INV2160,INV2160,2025-04-09,NEFT/RTGS,61471,COMPLETED
TXN-INV2161,INV2161,2025-04-10,Bank Transfer,65505.84,COMPLETED
TXN-INV2162,INV2162,2025-04-11,UPI Business,68966.92,COMPLETED
TXN-INV2163,INV2163,2025-04-12,Corporate Card,74821.68,COMPLETED
TXN-INV2164,INV2164,2025-04-13,NEFT/RTGS,61046.4,COMPLETED
TXN-INV2165,INV2165,2025-04-14,Bank Transfer,64919.6,COMPLETED
TXN-INV2166,INV2166,2025-04-15,UPI Business,68513.56,COMPLETED
TXN-INV2167,INV2167,2025-04-16,Corporate Card,74523.12,COMPLETED
TXN-INV2170-A,INV2170,2025-04-19,UPI Business,71260.2,COMPLETED
TXN-INV2170-B,INV2170,2025-04-19,UPI Business,71260.2,COMPLETED
TXN-UNMATCHED-971,,2025-04-20,Corporate Card,77474.56,COMPLETED
TXN-INV2172,INV2172,2025-04-21,NEFT/RTGS,63697.2,COMPLETED
TXN-INV2173,INV2173,2025-04-22,Bank Transfer,64347.12,COMPLETED
TXN-INV2174,INV2174,2025-04-23,UPI Business,67906.84,COMPLETED
TXN-INV2175,INV2175,2025-04-24,Corporate Card,77676,COMPLETED
TXN-INV2176,INV2176,2025-04-25,NEFT/RTGS,63522.6,COMPLETED
TXN-INV2177,INV2177,2025-04-26,Bank Transfer,67710.88,COMPLETED
TXN-INV2178,INV2178,2025-04-27,UPI Business,71303.48,COMPLETED
TXN-INV2179,INV2179,2025-04-28,Corporate Card,74827.44,COMPLETED
TXN-INV2180,INV2180,2025-04-01,NEFT/RTGS,63648,COMPLETED
TXN-INV2181,INV2181,2025-04-02,Bank Transfer,67974.64,COMPLETED
TXN-INV2183-A,INV2183,2025-04-04,Corporate Card,79578.88,COMPLETED
TXN-INV2183-B,INV2183,2025-04-04,Corporate Card,79578.88,COMPLETED
TXN-INV2184-A,INV2184,2025-04-05,NEFT/RTGS,65423.4,COMPLETED
TXN-INV2184-B,INV2184,2025-04-05,NEFT/RTGS,65423.4,COMPLETED
TXN-UNMATCHED-985,,2025-04-06,Bank Transfer,69938.4,COMPLETED
TXN-INV2186,INV2186,2025-04-07,UPI Business,73846.76,COMPLETED
TXN-INV2187,INV2187,2025-04-08,Corporate Card,76780.32,COMPLETED
TXN-INV2188,INV2188,2025-04-09,NEFT/RTGS,62956,COMPLETED
TXN-INV2189,INV2189,2025-04-10,Bank Transfer,66552.16,COMPLETED
TXN-INV2190,INV2190,2025-04-11,UPI Business,73993.4,COMPLETED
TXN-INV2191,INV2191,2025-04-12,Corporate Card,80231.76,COMPLETED
TXN-INV2192,INV2192,2025-04-13,NEFT/RTGS,63574.2,COMPLETED
TXN-INV2193,INV2193,2025-04-14,Bank Transfer,68015.92,COMPLETED
TXN-INV2194,INV2194,2025-04-15,UPI Business,71840.04,COMPLETED
TXN-INV2197-A,INV2197,2025-04-18,Bank Transfer,71779.68,COMPLETED
TXN-INV2197-B,INV2197,2025-04-18,Bank Transfer,71779.68,COMPLETED
TXN-UNMATCHED-998,,2025-04-19,UPI Business,75786.68,COMPLETED
TXN-INV2199,INV2199,2025-04-20,Corporate Card,82384.64,COMPLETED
TXN-INV2200,INV2200,2025-04-21,NEFT/RTGS,1099500,COMPLETED
TXN-INV2201,INV2201,2025-04-22,Bank Transfer,69143.44,COMPLETED
TXN-INV2202,INV2202,2025-04-23,UPI Business,72933.32,COMPLETED
TXN-INV2203,INV2203,2025-04-24,Corporate Card,79336.08,COMPLETED
TXN-INV2204,INV2204,2025-04-25,NEFT/RTGS,65148,COMPLETED
TXN-INV2205,INV2205,2025-04-26,Bank Transfer,72507.2,COMPLETED
TXN-INV2206,INV2206,2025-04-27,UPI Business,74979.96,COMPLETED
TXN-INV2207,INV2207,2025-04-28,Corporate Card,81537.52,COMPLETED
TXN-INV2208,INV2208,2025-04-01,NEFT/RTGS,66475.8,COMPLETED
TXN-INV2211-A,INV2211,2025-04-04,Corporate Card,84488.96,COMPLETED
TXN-INV2211-B,INV2211,2025-04-04,Corporate Card,84488.96,COMPLETED
TXN-UNMATCHED-1012,,2025-04-05,NEFT/RTGS,69451.2,COMPLETED
TXN-INV2213,INV2213,2025-04-06,Bank Transfer,74234.72,COMPLETED
TXN-INV2214,INV2214,2025-04-07,UPI Business,75623.24,COMPLETED
TXN-INV2215,INV2215,2025-04-08,Corporate Card,82190.4,COMPLETED
TXN-INV2216,INV2216,2025-04-09,NEFT/RTGS,66792,COMPLETED
TXN-INV2217,INV2217,2025-04-10,Bank Transfer,71348.48,COMPLETED
TXN-INV2218,INV2218,2025-04-11,UPI Business,75269.88,COMPLETED
TXN-INV2219,INV2219,2025-04-12,Corporate Card,81891.84,COMPLETED
TXN-INV2220,INV2220,2025-04-13,NEFT/RTGS,69402,COMPLETED
TXN-INV2221,INV2221,2025-04-14,Bank Transfer,74112.24,COMPLETED
TXN-INV2222,INV2222,2025-04-15,UPI Business,78166.52,COMPLETED
TXN-INV2224-A,INV2224,2025-04-17,NEFT/RTGS,71177.4,COMPLETED
TXN-INV2224-B,INV2224,2025-04-17,NEFT/RTGS,71177.4,COMPLETED
TXN-INV2225-A,INV2225,2025-04-18,Bank Transfer,76076,COMPLETED
TXN-INV2225-B,INV2225,2025-04-18,Bank Transfer,76076,COMPLETED
TXN-UNMATCHED-1026,,2025-04-19,UPI Business,80313.16,COMPLETED
TXN-INV2227,INV2227,2025-04-20,Corporate Card,87294.72,COMPLETED
TXN-INV2228,INV2228,2025-04-21,NEFT/RTGS,69252.8,COMPLETED
TXN-INV2229,INV2229,2025-04-22,Bank Transfer,73939.76,COMPLETED
TXN-INV2230,INV2230,2025-04-23,UPI Business,77959.8,COMPLETED
TXN-INV2231,INV2231,2025-04-24,Corporate Card,84746.16,COMPLETED
TXN-INV2232,INV2232,2025-04-25,NEFT/RTGS,68984,COMPLETED
TXN-INV2233,INV2233,2025-04-26,Bank Transfer,74153.52,COMPLETED
TXN-INV2234,INV2234,2025-04-27,UPI Business,78306.44,COMPLETED
TXN-INV2235,INV2235,2025-04-28,Corporate Card,85247.6,COMPLETED
TXN-INV2238-A,INV2238,2025-04-03,UPI Business,82253.08,COMPLETED
TXN-INV2238-B,INV2238,2025-04-03,UPI Business,82253.08,COMPLETED
TXN-INV2239-A,INV2239,2025-04-04,Corporate Card,89399.04,COMPLETED
TXN-INV2239-B,INV2239,2025-04-04,Corporate Card,89399.04,COMPLETED
TXN-INV2240,INV2240,2025-04-05,NEFT/RTGS,73479,COMPLETED
TXN-INV2241,INV2241,2025-04-06,Bank Transfer,78531.04,COMPLETED
TXN-INV2242,INV2242,2025-04-07,UPI Business,80649.72,COMPLETED
TXN-INV2243,INV2243,2025-04-08,Corporate Card,87600.48,COMPLETED
TXN-INV2244,INV2244,2025-04-09,NEFT/RTGS,71304.4,COMPLETED
TXN-INV2245,INV2245,2025-04-10,Bank Transfer,76144.8,COMPLETED
TXN-INV2246,INV2246,2025-04-11,UPI Business,80296.36,COMPLETED
TXN-INV2247,INV2247,2025-04-12,Corporate Card,88551.92,COMPLETED
TXN-INV2248,INV2248,2025-04-13,NEFT/RTGS,72229.8,COMPLETED
TXN-INV2249,INV2249,2025-04-14,Bank Transfer,77208.56,COMPLETED
TXN-INV2252-A,INV2252,2025-04-17,NEFT/RTGS,75205.2,COMPLETED
TXN-INV2252-B,INV2252,2025-04-17,NEFT/RTGS,75205.2,COMPLETED
TXN-UNMATCHED-1053,,2025-04-18,Bank Transfer,80372.32,COMPLETED
TXN-INV2254,INV2254,2025-04-19,UPI Business,84839.64,COMPLETED
TXN-INV2255,INV2255,2025-04-20,Corporate Card,90454.8,COMPLETED
TXN-INV2256,INV2256,2025-04-21,NEFT/RTGS,73780.6,COMPLETED
TXN-INV2257,INV2257,2025-04-22,Bank Transfer,78736.08,COMPLETED
TXN-INV2258,INV2258,2025-04-23,UPI Business,82986.28,COMPLETED
TXN-INV2259,INV2259,2025-04-24,Corporate Card,90156.24,COMPLETED
TXN-INV2260,INV2260,2025-04-25,NEFT/RTGS,73356,COMPLETED
TXN-INV2261,INV2261,2025-04-26,Bank Transfer,80249.84,COMPLETED
TXN-INV2262,INV2262,2025-04-27,UPI Business,84632.92,COMPLETED
TXN-INV2263,INV2263,2025-04-28,Corporate Card,91957.68,COMPLETED
TXN-INV2265-A,INV2265,2025-04-02,Bank Transfer,82213.6,COMPLETED
TXN-INV2265-B,INV2265,2025-04-02,Bank Transfer,82213.6,COMPLETED
TXN-INV2266-A,INV2266,2025-04-03,UPI Business,86779.56,COMPLETED
TXN-INV2266-B,INV2266,2025-04-03,UPI Business,86779.56,COMPLETED
TXN-UNMATCHED-1067,,2025-04-04,Corporate Card,94309.12,COMPLETED
TXN-INV2268,INV2268,2025-04-05,NEFT/RTGS,77506.8,COMPLETED
TXN-INV2269,INV2269,2025-04-06,Bank Transfer,81327.36,COMPLETED
TXN-INV2270,INV2270,2025-04-07,UPI Business,85676.2,COMPLETED
TXN-INV2271,INV2271,2025-04-08,Corporate Card,93010.56,COMPLETED
TXN-INV2272,INV2272,2025-04-09,NEFT/RTGS,75832.2,COMPLETED
TXN-INV2273,INV2273,2025-04-10,Bank Transfer,80941.12,COMPLETED
TXN-INV2274,INV2274,2025-04-11,UPI Business,84772.84,COMPLETED
TXN-INV2275,INV2275,2025-04-12,Corporate Card,92262,COMPLETED
TXN-INV2276,INV2276,2025-04-13,NEFT/RTGS,75057.6,COMPLETED
TXN-INV2279-A,INV2279,2025-04-16,Corporate Card,96413.44,COMPLETED
TXN-INV2279-B,INV2279,2025-04-16,Corporate Card,96413.44,COMPLETED
TXN-INV2280-A,INV2280,2025-04-17,NEFT/RTGS,79233,COMPLETED
TXN-INV2280-B,INV2280,2025-04-17,NEFT/RTGS,79233,COMPLETED
TXN-UNMATCHED-1081,,2025-04-18,Bank Transfer,84668.64,COMPLETED
TXN-INV2282,INV2282,2025-04-19,UPI Business,89366.12,COMPLETED
TXN-INV2283,INV2283,2025-04-20,Corporate Card,95864.88,COMPLETED
TXN-INV2284,INV2284,2025-04-21,NEFT/RTGS,78308.4,COMPLETED
TXN-INV2285,INV2285,2025-04-22,Bank Transfer,83532.4,COMPLETED
TXN-INV2286,INV2286,2025-04-23,UPI Business,88012.76,COMPLETED
TXN-INV2287,INV2287,2025-04-24,Corporate Card,95566.32,COMPLETED
TXN-INV2288,INV2288,2025-04-25,NEFT/RTGS,77983.8,COMPLETED
TXN-INV2289,INV2289,2025-04-26,Bank Transfer,83346.16,COMPLETED
TXN-INV2290,INV2290,2025-04-27,UPI Business,87959.4,COMPLETED
TXN-INV2293-A,INV2293,2025-04-02,Bank Transfer,86509.92,COMPLETED
TXN-INV2293-B,INV2293,2025-04-02,Bank Transfer,86509.92,COMPLETED
TXN-UNMATCHED-1094,,2025-04-03,UPI Business,91306.04,COMPLETED
TXN-INV2295,INV2295,2025-04-04,Corporate Card,3219.2,COMPLETED
TXN-INV2296,INV2296,2025-04-05,NEFT/RTGS,2752,COMPLETED
TXN-INV2297,INV2297,2025-04-06,Bank Transfer,2889,COMPLETED
TXN-INV2298,INV2298,2025-04-07,UPI Business,3026,COMPLETED
TXN-INV2299,INV2299,2025-04-08,Corporate Card,3163,COMPLETED
TXN-INV2300,INV2300,2025-04-09,NEFT/RTGS,3360,COMPLETED
TXN-INV2301,INV2301,2025-04-10,Bank Transfer,3737.44,COMPLETED
TXN-INV2302,INV2302,2025-04-11,UPI Business,2599.32,COMPLETED
TXN-INV2303,INV2303,2025-04-12,Corporate Card,2972.08,COMPLETED
TXN-INV2304,INV2304,2025-04-13,NEFT/RTGS,2135.4,COMPLETED
TXN-INV2307-A,INV2307,2025-04-16,Corporate Card,5323.52,COMPLETED
TXN-INV2307-B,INV2307,2025-04-16,Corporate Card,5323.52,COMPLETED
TXN-UNMATCHED-1108,,2025-04-17,NEFT/RTGS,4510.8,COMPLETED
TXN-INV2309,INV2309,2025-04-18,Bank Transfer,4964.96,COMPLETED
TXN-INV2310,INV2310,2025-04-19,UPI Business,5392.6,COMPLETED
TXN-INV2311,INV2311,2025-04-20,Corporate Card,6024.96,COMPLETED
TXN-INV2312,INV2312,2025-04-21,NEFT/RTGS,5086.2,COMPLETED
TXN-INV2313,INV2313,2025-04-22,Bank Transfer,5578.72,COMPLETED
TXN-INV2314,INV2314,2025-04-23,UPI Business,6039.24,COMPLETED
TXN-INV2315,INV2315,2025-04-24,Corporate Card,6726.4,COMPLETED
TXN-INV2316,INV2316,2025-04-25,NEFT/RTGS,2061.6,COMPLETED
TXN-INV2317,INV2317,2025-04-26,Bank Transfer,2442.48,COMPLETED
TXN-INV2318,INV2318,2025-04-27,UPI Business,2785.88,COMPLETED
TXN-INV2320-A,INV2320,2025-04-01,NEFT/RTGS,6237,COMPLETED
TXN-INV2320-B,INV2320,2025-04-01,NEFT/RTGS,6237,COMPLETED
TXN-INV2321-A,INV2321,2025-04-02,Bank Transfer,6806.24,COMPLETED
TXN-INV2321-B,INV2321,2025-04-02,Bank Transfer,6806.24,COMPLETED
TXN-UNMATCHED-1122,,2025-04-03,UPI Business,7332.52,COMPLETED
TXN-INV2323,INV2323,2025-04-04,Corporate Card,8129.28,COMPLETED
TXN-INV2324,INV2324,2025-04-05,NEFT/RTGS,6812.4,COMPLETED
TXN-INV2325,INV2325,2025-04-06,Bank Transfer,7420,COMPLETED
TXN-INV2326,INV2326,2025-04-07,UPI Business,7979.16,COMPLETED
TXN-INV2327,INV2327,2025-04-08,Corporate Card,8830.72,COMPLETED
TXN-INV2328,INV2328,2025-04-09,NEFT/RTGS,7387.8,COMPLETED
TXN-INV2329,INV2329,2025-04-10,Bank Transfer,5483.76,COMPLETED
TXN-INV2330,INV2330,2025-04-11,UPI Business,5925.8,COMPLETED
TXN-INV2331,INV2331,2025-04-12,Corporate Card,6682.16,COMPLETED
TXN-INV2334-A,INV2334,2025-04-15,UPI Business,9272.44,COMPLETED
TXN-INV2334-B,INV2334,2025-04-15,UPI Business,9272.44,COMPLETED
TXN-UNMATCHED-1135,,2025-04-16,Corporate Card,10233.6,COMPLETED
TXN-INV2336,INV2336,2025-04-17,NEFT/RTGS,8538.6,COMPLETED
TXN-INV2337,INV2337,2025-04-18,Bank Transfer,9261.28,COMPLETED
TXN-INV2338,INV2338,2025-04-19,UPI Business,9919.08,COMPLETED
TXN-INV2339,INV2339,2025-04-20,Corporate Card,10935.04,COMPLETED
TXN-INV2340,INV2340,2025-04-21,NEFT/RTGS,9114,COMPLETED
TXN-INV2341,INV2341,2025-04-22,Bank Transfer,9875.04,COMPLETED
TXN-INV2342,INV2342,2025-04-23,UPI Business,10565.72,COMPLETED
TXN-INV2343,INV2343,2025-04-24,Corporate Card,9986.48,COMPLETED
TXN-INV2344,INV2344,2025-04-25,NEFT/RTGS,7889.4,COMPLETED
TXN-INV2345,INV2345,2025-04-26,Bank Transfer,8538.8,COMPLETED
TXN-INV2348-A,INV2348,2025-04-01,NEFT/RTGS,10264.8,COMPLETED
TXN-INV2348-B,INV2348,2025-04-01,NEFT/RTGS,10264.8,COMPLETED
TXN-UNMATCHED-1149,,2025-04-02,Bank Transfer,11102.56,COMPLETED
TXN-INV2350,INV2350,2025-04-03,UPI Business,11859,COMPLETED
TXN-INV2351,INV2351,2025-04-04,Corporate Card,13039.36,COMPLETED
TXN-INV2352,INV2352,2025-04-05,NEFT/RTGS,10840.2,COMPLETED
TXN-INV2353,INV2353,2025-04-06,Bank Transfer,11716.32,COMPLETED
TXN-INV2354,INV2354,2025-04-07,UPI Business,12505.64,COMPLETED
TXN-INV2355,INV2355,2025-04-08,Corporate Card,13740.8,COMPLETED
TXN-INV2356,INV2356,2025-04-09,NEFT/RTGS,11415.6,COMPLETED
TXN-INV2357,INV2357,2025-04-10,Bank Transfer,8580.08,COMPLETED
TXN-INV2358,INV2358,2025-04-11,UPI Business,9252.28,COMPLETED
TXN-INV2359,INV2359,2025-04-12,Corporate Card,10392.24,COMPLETED
TXN-INV2361-A,INV2361,2025-04-14,Bank Transfer,12943.84,COMPLETED
TXN-INV2361-B,INV2361,2025-04-14,Bank Transfer,12943.84,COMPLETED
TXN-INV2362-A,INV2362,2025-04-15,UPI Business,13798.92,COMPLETED
TXN-INV2362-B,INV2362,2025-04-15,UPI Business,13798.92,COMPLETED
TXN-UNMATCHED-1163,,2025-04-16,Corporate Card,15143.68,COMPLETED
TXN-INV2364,INV2364,2025-04-17,NEFT/RTGS,12566.4,COMPLETED
TXN-INV2365,INV2365,2025-04-18,Bank Transfer,13557.6,COMPLETED
TXN-INV2366,INV2366,2025-04-19,UPI Business,14445.56,COMPLETED
TXN-INV2367,INV2367,2025-04-20,Corporate Card,15845.12,COMPLETED
TXN-INV2368,INV2368,2025-04-21,NEFT/RTGS,13141.8,COMPLETED
TXN-INV2369,INV2369,2025-04-22,Bank Transfer,14171.36,COMPLETED
TXN-INV2370,INV2370,2025-04-23,UPI Business,12392.2,COMPLETED
TXN-INV2371,INV2371,2025-04-24,Corporate Card,13696.56,COMPLETED
TXN-INV2372,INV2372,2025-04-25,NEFT/RTGS,10717.2,COMPLETED
TXN-INV2375-A,INV2375,2025-04-28,Corporate Card,17248,COMPLETED
TXN-INV2375-B,INV2375,2025-04-28,Corporate Card,17248,COMPLETED
TXN-INV2376-A,INV2376,2025-04-01,NEFT/RTGS,14292.6,COMPLETED
TXN-INV2376-B,INV2376,2025-04-01,NEFT/RTGS,14292.6,COMPLETED
TXN-INV2377,INV2377,2025-04-02,Bank Transfer,15398.88,COMPLETED
TXN-INV2378,INV2378,2025-04-03,UPI Business,16385.48,COMPLETED
TXN-INV2379,INV2379,2025-04-04,Corporate Card,17949.44,COMPLETED
TXN-INV2380,INV2380,2025-04-05,NEFT/RTGS,14868,COMPLETED
TXN-INV2381,INV2381,2025-04-06,Bank Transfer,16012.64,COMPLETED
TXN-INV2382,INV2382,2025-04-07,UPI Business,17032.12,COMPLETED
TXN-INV2383,INV2383,2025-04-08,Corporate Card,18650.88,COMPLETED
TXN-INV2384,INV2384,2025-04-09,NEFT/RTGS,13643.4,COMPLETED
TXN-INV2385,INV2385,2025-04-10,Bank Transfer,14676.4,COMPLETED
TXN-INV2386,INV2386,2025-04-11,UPI Business,15578.76,COMPLETED
TXN-INV2389-A,INV2389,2025-04-14,Bank Transfer,17240.16,COMPLETED
TXN-INV2389-B,INV2389,2025-04-14,Bank Transfer,17240.16,COMPLETED
TXN-UNMATCHED-1190,,2025-04-15,UPI Business,18325.4,COMPLETED
TXN-INV2391,INV2391,2025-04-16,Corporate Card,20053.76,COMPLETED
TXN-INV2392,INV2392,2025-04-17,NEFT/RTGS,16594.2,COMPLETED
TXN-INV2393,INV2393,2025-04-18,Bank Transfer,17853.92,COMPLETED
TXN-INV2394,INV2394,2025-04-19,UPI Business,18972.04,COMPLETED
TXN-INV2395,INV2395,2025-04-20,Corporate Card,20755.2,COMPLETED
TXN-INV2396,INV2396,2025-04-21,NEFT/RTGS,17169.6,COMPLETED
TXN-INV2397,INV2397,2025-04-22,Bank Transfer,18467.68,COMPLETED
TXN-INV2398,INV2398,2025-04-23,UPI Business,15718.68,COMPLETED
TXN-INV2399,INV2399,2025-04-24,Corporate Card,17406.64,COMPLETED
TXN-INV2400,INV2400,2025-04-25,NEFT/RTGS,16545,COMPLETED
TXN-INV2402-A,INV2402,2025-04-27,UPI Business,20265.32,COMPLETED
TXN-INV2402-B,INV2402,2025-04-27,UPI Business,20265.32,COMPLETED
TXN-INV2403-A,INV2403,2025-04-28,Corporate Card,22158.08,COMPLETED
TXN-INV2403-B,INV2403,2025-04-28,Corporate Card,22158.08,COMPLETED
TXN-UNMATCHED-1204,,2025-04-01,NEFT/RTGS,18320.4,COMPLETED
TXN-INV2405,INV2405,2025-04-02,Bank Transfer,19695.2,COMPLETED
TXN-INV2406,INV2406,2025-04-03,UPI Business,20911.96,COMPLETED
TXN-INV2407,INV2407,2025-04-04,Corporate Card,22859.52,COMPLETED
TXN-INV2408,INV2408,2025-04-05,NEFT/RTGS,18895.8,COMPLETED
TXN-INV2409,INV2409,2025-04-06,Bank Transfer,20308.96,COMPLETED
TXN-INV2410,INV2410,2025-04-07,UPI Business,21558.6,COMPLETED
TXN-INV2411,INV2411,2025-04-08,Corporate Card,20710.96,COMPLETED
TXN-INV2412,INV2412,2025-04-09,NEFT/RTGS,16471.2,COMPLETED
TXN-INV2413,INV2413,2025-04-10,Bank Transfer,17772.72,COMPLETED
TXN-INV2416-A,INV2416,2025-04-13,NEFT/RTGS,20046.6,COMPLETED
TXN-INV2416-B,INV2416,2025-04-13,NEFT/RTGS,20046.6,COMPLETED
TXN-INV2417-A,INV2417,2025-04-14,Bank Transfer,21536.48,COMPLETED
TXN-INV2417-B,INV2417,2025-04-14,Bank Transfer,21536.48,COMPLETED
TXN-UNMATCHED-1218,,2025-04-15,UPI Business,22851.88,COMPLETED
TXN-INV2419,INV2419,2025-04-16,Corporate Card,24963.84,COMPLETED
TXN-INV2420,INV2420,2025-04-17,NEFT/RTGS,20622,COMPLETED
TXN-INV2421,INV2421,2025-04-18,Bank Transfer,22150.24,COMPLETED
TXN-INV2422,INV2422,2025-04-19,UPI Business,23498.52,COMPLETED
TXN-INV2423,INV2423,2025-04-20,Corporate Card,25665.28,COMPLETED
TXN-INV2424,INV2424,2025-04-21,NEFT/RTGS,21197.4,COMPLETED
TXN-INV2425,INV2425,2025-04-22,Bank Transfer,20814,COMPLETED
TXN-INV2426,INV2426,2025-04-23,UPI Business,22045.16,COMPLETED
TXN-INV2427,INV2427,2025-04-24,Corporate Card,24116.72,COMPLETED
TXN-INV2430-A,INV2430,2025-04-27,UPI Business,24791.8,COMPLETED
TXN-INV2430-B,INV2430,2025-04-27,UPI Business,24791.8,COMPLETED
TXN-UNMATCHED-1231,,2025-04-28,Corporate Card,27068.16,COMPLETED
TXN-INV2432,INV2432,2025-04-01,NEFT/RTGS,22348.2,COMPLETED
TXN-INV2433,INV2433,2025-04-02,Bank Transfer,23991.52,COMPLETED
TXN-INV2434,INV2434,2025-04-03,UPI Business,25438.44,COMPLETED
TXN-INV2435,INV2435,2025-04-04,Corporate Card,27769.6,COMPLETED
TXN-INV2436,INV2436,2025-04-05,NEFT/RTGS,22923.6,COMPLETED
TXN-INV2437,INV2437,2025-04-06,Bank Transfer,24605.28,COMPLETED
TXN-INV2438,INV2438,2025-04-07,UPI Business,26085.08,COMPLETED
TXN-INV2439,INV2439,2025-04-08,Corporate Card,24421.04,COMPLETED
TXN-INV2440,INV2440,2025-04-09,NEFT/RTGS,22299,COMPLETED
TXN-INV2441,INV2441,2025-04-10,Bank Transfer,23869.04,COMPLETED
TXN-INV2444-A,INV2444,2025-04-13,NEFT/RTGS,24074.4,COMPLETED
TXN-INV2444-B,INV2444,2025-04-13,NEFT/RTGS,24074.4,COMPLETED
TXN-UNMATCHED-1245,,2025-04-14,Bank Transfer,25832.8,COMPLETED
TXN-INV2446,INV2446,2025-04-15,UPI Business,27378.36,COMPLETED
TXN-INV2447,INV2447,2025-04-16,Corporate Card,29873.92,COMPLETED
TXN-INV2448,INV2448,2025-04-17,NEFT/RTGS,24649.8,COMPLETED
TXN-INV2449,INV2449,2025-04-18,Bank Transfer,26446.56,COMPLETED
TXN-INV2450,INV2450,2025-04-19,UPI Business,1121000,COMPLETED
TXN-INV2451,INV2451,2025-04-20,Corporate Card,30575.36,COMPLETED
TXN-INV2452,INV2452,2025-04-21,NEFT/RTGS,25225.2,COMPLETED
TXN-INV2453,INV2453,2025-04-22,Bank Transfer,23910.32,COMPLETED
TXN-INV2454,INV2454,2025-04-23,UPI Business,25371.64,COMPLETED
TXN-INV2455,INV2455,2025-04-24,Corporate Card,27826.8,COMPLETED
TXN-INV2457-A,INV2457,2025-04-26,Bank Transfer,27674.08,COMPLETED
TXN-INV2457-B,INV2457,2025-04-26,Bank Transfer,27674.08,COMPLETED
TXN-INV2458-A,INV2458,2025-04-27,UPI Business,29318.28,COMPLETED
TXN-INV2458-B,INV2458,2025-04-27,UPI Business,29318.28,COMPLETED
TXN-UNMATCHED-1259,,2025-04-28,Corporate Card,31978.24,COMPLETED
TXN-INV2460,INV2460,2025-04-01,NEFT/RTGS,26376,COMPLETED
TXN-INV2461,INV2461,2025-04-02,Bank Transfer,28287.84,COMPLETED
TXN-INV2462,INV2462,2025-04-03,UPI Business,29964.92,COMPLETED
TXN-INV2463,INV2463,2025-04-04,Corporate Card,32679.68,COMPLETED
TXN-INV2464,INV2464,2025-04-05,NEFT/RTGS,26951.4,COMPLETED
TXN-INV2465,INV2465,2025-04-06,Bank Transfer,28901.6,COMPLETED
TXN-INV2466,INV2466,2025-04-07,UPI Business,28511.56,COMPLETED
TXN-INV2467,INV2467,2025-04-08,Corporate Card,31131.12,COMPLETED
TXN-INV2468,INV2468,2025-04-09,NEFT/RTGS,25126.8,COMPLETED
TXN-INV2471-A,INV2471,2025-04-12,Corporate Card,34082.56,COMPLETED
TXN-INV2471-B,INV2471,2025-04-12,Corporate Card,34082.56,COMPLETED
TXN-UNMATCHED-1272,,2025-04-13,NEFT/RTGS,28102.2,COMPLETED
TXN-INV2473,INV2473,2025-04-14,Bank Transfer,30129.12,COMPLETED
TXN-INV2474,INV2474,2025-04-15,UPI Business,31904.84,COMPLETED
TXN-INV2475,INV2475,2025-04-16,Corporate Card,34784,COMPLETED
TXN-INV2476,INV2476,2025-04-17,NEFT/RTGS,28677.6,COMPLETED
TXN-INV2477,INV2477,2025-04-18,Bank Transfer,30742.88,COMPLETED
TXN-INV2478,INV2478,2025-04-19,UPI Business,32551.48,COMPLETED
TXN-INV2479,INV2479,2025-04-20,Corporate Card,35485.44,COMPLETED
TXN-INV2480,INV2480,2025-04-21,NEFT/RTGS,28053,COMPLETED
TXN-INV2481,INV2481,2025-04-22,Bank Transfer,30006.64,COMPLETED
TXN-INV2482,INV2482,2025-04-23,UPI Business,31698.12,COMPLETED
TXN-INV2485-A,INV2485,2025-04-26,Bank Transfer,31970.4,COMPLETED
TXN-INV2485-B,INV2485,2025-04-26,Bank Transfer,31970.4,COMPLETED
TXN-UNMATCHED-1286,,2025-04-27,UPI Business,33844.76,COMPLETED
TXN-INV2487,INV2487,2025-04-28,Corporate Card,36888.32,COMPLETED
TXN-INV2488,INV2488,2025-04-01,NEFT/RTGS,30403.8,COMPLETED
TXN-INV2489,INV2489,2025-04-02,Bank Transfer,32584.16,COMPLETED
TXN-INV2490,INV2490,2025-04-03,UPI Business,34491.4,COMPLETED
TXN-INV2491,INV2491,2025-04-04,Corporate Card,37589.76,COMPLETED
TXN-INV2492,INV2492,2025-04-05,NEFT/RTGS,30979.2,COMPLETED
TXN-INV2493,INV2493,2025-04-06,Bank Transfer,33197.92,COMPLETED
TXN-INV2494,INV2494,2025-04-07,UPI Business,31838.04,COMPLETED
TXN-INV2495,INV2495,2025-04-08,Corporate Card,34841.2,COMPLETED
TXN-INV2496,INV2496,2025-04-09,NEFT/RTGS,27954.6,COMPLETED
TXN-INV2498-A,INV2498,2025-04-11,UPI Business,35784.68,COMPLETED
TXN-INV2498-B,INV2498,2025-04-11,UPI Business,35784.68,COMPLETED
TXN-INV2499-A,INV2499,2025-04-12,Corporate Card,38992.64,COMPLETED
TXN-INV2499-B,INV2499,2025-04-12,Corporate Card,38992.64,COMPLETED
TXN-UNMATCHED-1300,,2025-04-13,NEFT/RTGS,32130,COMPLETED
TXN-INV2501,INV2501,2025-04-14,Bank Transfer,34425.44,COMPLETED
TXN-INV2502,INV2502,2025-04-15,UPI Business,36431.32,COMPLETED
TXN-INV2503,INV2503,2025-04-16,Corporate Card,39694.08,COMPLETED
TXN-INV2504,INV2504,2025-04-17,NEFT/RTGS,32705.4,COMPLETED
TXN-INV2505,INV2505,2025-04-18,Bank Transfer,35039.2,COMPLETED
TXN-INV2506,INV2506,2025-04-19,UPI Business,37077.96,COMPLETED
TXN-INV2507,INV2507,2025-04-20,Corporate Card,40395.52,COMPLETED
TXN-INV2508,INV2508,2025-04-21,NEFT/RTGS,33280.8,COMPLETED
TXN-INV2509,INV2509,2025-04-22,Bank Transfer,35652.96,COMPLETED
TXN-INV2512-A,INV2512,2025-04-25,NEFT/RTGS,33856.2,COMPLETED
TXN-INV2512-B,INV2512,2025-04-25,NEFT/RTGS,33856.2,COMPLETED
TXN-INV2513-A,INV2513,2025-04-26,Bank Transfer,36266.72,COMPLETED
TXN-INV2513-B,INV2513,2025-04-26,Bank Transfer,36266.72,COMPLETED
TXN-INV2514,INV2514,2025-04-27,UPI Business,38371.24,COMPLETED
TXN-INV2515,INV2515,2025-04-28,Corporate Card,41798.4,COMPLETED
TXN-INV2516,INV2516,2025-04-01,NEFT/RTGS,34431.6,COMPLETED
TXN-INV2517,INV2517,2025-04-02,Bank Transfer,36880.48,COMPLETED
TXN-INV2518,INV2518,2025-04-03,UPI Business,39017.88,COMPLETED
TXN-INV2519,INV2519,2025-04-04,Corporate Card,42499.84,COMPLETED
TXN-INV2520,INV2520,2025-04-05,NEFT/RTGS,35007,COMPLETED
TXN-INV2521,INV2521,2025-04-06,Bank Transfer,37494.24,COMPLETED
TXN-INV2522,INV2522,2025-04-07,UPI Business,39664.52,COMPLETED
TXN-INV2523,INV2523,2025-04-08,Corporate Card,43201.28,COMPLETED
TXN-INV2526-A,INV2526,2025-04-11,UPI Business,40311.16,COMPLETED
TXN-INV2526-B,INV2526,2025-04-11,UPI Business,40311.16,COMPLETED
TXN-UNMATCHED-1327,,2025-04-12,Corporate Card,43902.72,COMPLETED
TXN-INV2528,INV2528,2025-04-13,NEFT/RTGS,36157.8,COMPLETED
TXN-INV2529,INV2529,2025-04-14,Bank Transfer,38721.76,COMPLETED
TXN-INV2530,INV2530,2025-04-15,UPI Business,40957.8,COMPLETED
TXN-INV2531,INV2531,2025-04-16,Corporate Card,44604.16,COMPLETED
TXN-INV2532,INV2532,2025-04-17,NEFT/RTGS,36733.2,COMPLETED
TXN-INV2533,INV2533,2025-04-18,Bank Transfer,39335.52,COMPLETED
TXN-INV2534,INV2534,2025-04-19,UPI Business,41604.44,COMPLETED
TXN-INV2535,INV2535,2025-04-20,Corporate Card,45305.6,COMPLETED
TXN-INV2536,INV2536,2025-04-21,NEFT/RTGS,37308.6,COMPLETED
TXN-INV2537,INV2537,2025-04-22,Bank Transfer,39949.28,COMPLETED
TXN-INV2539-A,INV2539,2025-04-24,Corporate Card,46007.04,COMPLETED
TXN-INV2539-B,INV2539,2025-04-24,Corporate Card,46007.04,COMPLETED
TXN-INV2540-A,INV2540,2025-04-25,NEFT/RTGS,37884,COMPLETED
TXN-INV2540-B,INV2540,2025-04-25,NEFT/RTGS,37884,COMPLETED
TXN-UNMATCHED-1341,,2025-04-26,Bank Transfer,40563.04,COMPLETED
TXN-INV2542,INV2542,2025-04-27,UPI Business,42897.72,COMPLETED
TXN-INV2543,INV2543,2025-04-28,Corporate Card,46708.48,COMPLETED
TXN-INV2544,INV2544,2025-04-01,NEFT/RTGS,38459.4,COMPLETED
TXN-INV2545,INV2545,2025-04-02,Bank Transfer,41176.8,COMPLETED
TXN-INV2546,INV2546,2025-04-03,UPI Business,43544.36,COMPLETED
TXN-INV2547,INV2547,2025-04-04,Corporate Card,47409.92,COMPLETED
TXN-INV2548,INV2548,2025-04-05,NEFT/RTGS,39034.8,COMPLETED
TXN-INV2549,INV2549,2025-04-06,Bank Transfer,41790.56,COMPLETED
TXN-INV2550,INV2550,2025-04-07,UPI Business,44191,COMPLETED
TXN-INV2553-A,INV2553,2025-04-10,Bank Transfer,42404.32,COMPLETED
TXN-INV2553-B,INV2553,2025-04-10,Bank Transfer,42404.32,COMPLETED
TXN-INV2554-A,INV2554,2025-04-11,UPI Business,44837.64,COMPLETED
TXN-INV2554-B,INV2554,2025-04-11,UPI Business,44837.64,COMPLETED
TXN-UNMATCHED-1355,,2025-04-12,Corporate Card,48812.8,COMPLETED
TXN-INV2556,INV2556,2025-04-13,NEFT/RTGS,40185.6,COMPLETED
TXN-INV2557,INV2557,2025-04-14,Bank Transfer,43018.08,COMPLETED
TXN-INV2558,INV2558,2025-04-15,UPI Business,45484.28,COMPLETED
TXN-INV2559,INV2559,2025-04-16,Corporate Card,49514.24,COMPLETED
TXN-INV2560,INV2560,2025-04-17,NEFT/RTGS,40761,COMPLETED
TXN-INV2561,INV2561,2025-04-18,Bank Transfer,43631.84,COMPLETED
TXN-INV2562,INV2562,2025-04-19,UPI Business,46130.92,COMPLETED
TXN-INV2563,INV2563,2025-04-20,Corporate Card,50215.68,COMPLETED
TXN-INV2564,INV2564,2025-04-21,NEFT/RTGS,41336.4,COMPLETED
TXN-INV2567-A,INV2567,2025-04-24,Corporate Card,50917.12,COMPLETED
TXN-INV2567-B,INV2567,2025-04-24,Corporate Card,50917.12,COMPLETED
TXN-UNMATCHED-1368,,2025-04-25,NEFT/RTGS,41911.8,COMPLETED
TXN-INV2569,INV2569,2025-04-26,Bank Transfer,44859.36,COMPLETED
TXN-INV2570,INV2570,2025-04-27,UPI Business,47424.2,COMPLETED
TXN-INV2571,INV2571,2025-04-28,Corporate Card,51618.56,COMPLETED
TXN-INV2572,INV2572,2025-04-01,NEFT/RTGS,42487.2,COMPLETED
TXN-INV2573,INV2573,2025-04-02,Bank Transfer,45473.12,COMPLETED
TXN-INV2574,INV2574,2025-04-03,UPI Business,48070.84,COMPLETED
TXN-INV2575,INV2575,2025-04-04,Corporate Card,52320,COMPLETED
TXN-INV2576,INV2576,2025-04-05,NEFT/RTGS,43062.6,COMPLETED
TXN-INV2577,INV2577,2025-04-06,Bank Transfer,46086.88,COMPLETED
TXN-INV2578,INV2578,2025-04-07,UPI Business,48717.48,COMPLETED
TXN-INV2580-A,INV2580,2025-04-09,NEFT/RTGS,43638,COMPLETED
TXN-INV2580-B,INV2580,2025-04-09,NEFT/RTGS,43638,COMPLETED
TXN-INV2581-A,INV2581,2025-04-10,Bank Transfer,46700.64,COMPLETED
TXN-INV2581-B,INV2581,2025-04-10,Bank Transfer,46700.64,COMPLETED
TXN-UNMATCHED-1382,,2025-04-11,UPI Business,49364.12,COMPLETED
TXN-INV2583,INV2583,2025-04-12,Corporate Card,53722.88,COMPLETED
TXN-INV2584,INV2584,2025-04-13,NEFT/RTGS,44213.4,COMPLETED
TXN-INV2585,INV2585,2025-04-14,Bank Transfer,47314.4,COMPLETED
TXN-INV2586,INV2586,2025-04-15,UPI Business,50010.76,COMPLETED
TXN-INV2587,INV2587,2025-04-16,Corporate Card,54424.32,COMPLETED
TXN-INV2588,INV2588,2025-04-17,NEFT/RTGS,44788.8,COMPLETED
TXN-INV2589,INV2589,2025-04-18,Bank Transfer,47928.16,COMPLETED
TXN-INV2590,INV2590,2025-04-19,UPI Business,50657.4,COMPLETED
TXN-INV2591,INV2591,2025-04-20,Corporate Card,55125.76,COMPLETED
TXN-INV2592,INV2592,2025-04-21,NEFT/RTGS,45364.2,COMPLETED
TXN-INV2594-A,INV2594,2025-04-23,UPI Business,51304.04,COMPLETED
TXN-INV2594-B,INV2594,2025-04-23,UPI Business,51304.04,COMPLETED
TXN-INV2595-A,INV2595,2025-04-24,Corporate Card,55827.2,COMPLETED
TXN-INV2595-B,INV2595,2025-04-24,Corporate Card,55827.2,COMPLETED
TXN-UNMATCHED-1396,,2025-04-25,NEFT/RTGS,45939.6,COMPLETED
TXN-INV2597,INV2597,2025-04-26,Bank Transfer,49155.68,COMPLETED
TXN-INV2598,INV2598,2025-04-27,UPI Business,51950.68,COMPLETED
TXN-INV2599,INV2599,2025-04-28,Corporate Card,56528.64,COMPLETED
TXN-INV2600,INV2600,2025-04-01,NEFT/RTGS,46515,COMPLETED
TXN-INV2601,INV2601,2025-04-02,Bank Transfer,49769.44,COMPLETED
TXN-INV2602,INV2602,2025-04-03,UPI Business,52597.32,COMPLETED
TXN-INV2603,INV2603,2025-04-04,Corporate Card,57230.08,COMPLETED
TXN-INV2604,INV2604,2025-04-05,NEFT/RTGS,47090.4,COMPLETED
TXN-INV2605,INV2605,2025-04-06,Bank Transfer,50383.2,COMPLETED
TXN-INV2608-A,INV2608,2025-04-09,NEFT/RTGS,47665.8,COMPLETED
TXN-INV2608-B,INV2608,2025-04-09,NEFT/RTGS,47665.8,COMPLETED
TXN-UNMATCHED-1409,,2025-04-10,Bank Transfer,50996.96,COMPLETED
TXN-INV2610,INV2610,2025-04-11,UPI Business,53890.6,COMPLETED
TXN-INV2611,INV2611,2025-04-12,Corporate Card,58632.96,COMPLETED
TXN-INV2612,INV2612,2025-04-13,NEFT/RTGS,48241.2,COMPLETED
TXN-INV2613,INV2613,2025-04-14,Bank Transfer,51610.72,COMPLETED
TXN-INV2614,INV2614,2025-04-15,UPI Business,54537.24,COMPLETED
TXN-INV2615,INV2615,2025-04-16,Corporate Card,59334.4,COMPLETED
TXN-INV2616,INV2616,2025-04-17,NEFT/RTGS,48816.6,COMPLETED
TXN-INV2617,INV2617,2025-04-18,Bank Transfer,52224.48,COMPLETED
TXN-INV2618,INV2618,2025-04-19,UPI Business,55183.88,COMPLETED
TXN-INV2619,INV2619,2025-04-20,Corporate Card,60035.84,COMPLETED
TXN-INV2622-A,INV2622,2025-04-23,UPI Business,55830.52,COMPLETED
TXN-INV2622-B,INV2622,2025-04-23,UPI Business,55830.52,COMPLETED
TXN-UNMATCHED-1423,,2025-04-24,Corporate Card,60737.28,COMPLETED
TXN-INV2624,INV2624,2025-04-25,NEFT/RTGS,49967.4,COMPLETED
TXN-INV2625,INV2625,2025-04-26,Bank Transfer,53452,COMPLETED
TXN-INV2626,INV2626,2025-04-27,UPI Business,56477.16,COMPLETED
TXN-INV2627,INV2627,2025-04-28,Corporate Card,61438.72,COMPLETED
TXN-INV2628,INV2628,2025-04-01,NEFT/RTGS,50542.8,COMPLETED
TXN-INV2629,INV2629,2025-04-02,Bank Transfer,54065.76,COMPLETED
TXN-INV2630,INV2630,2025-04-03,UPI Business,57123.8,COMPLETED
TXN-INV2631,INV2631,2025-04-04,Corporate Card,62140.16,COMPLETED
TXN-INV2632,INV2632,2025-04-05,NEFT/RTGS,51118.2,COMPLETED
TXN-INV2633,INV2633,2025-04-06,Bank Transfer,54679.52,COMPLETED
TXN-INV2635-A,INV2635,2025-04-08,Corporate Card,62841.6,COMPLETED
TXN-INV2635-B,INV2635,2025-04-08,Corporate Card,62841.6,COMPLETED
TXN-INV2636-A,INV2636,2025-04-09,NEFT/RTGS,51693.6,COMPLETED
TXN-INV2636-B,INV2636,2025-04-09,NEFT/RTGS,51693.6,COMPLETED
TXN-UNMATCHED-1437,,2025-04-10,Bank Transfer,55293.28,COMPLETED
TXN-INV2638,INV2638,2025-04-11,UPI Business,58417.08,COMPLETED
TXN-INV2639,INV2639,2025-04-12,Corporate Card,63543.04,COMPLETED
TXN-INV2640,INV2640,2025-04-13,NEFT/RTGS,52269,COMPLETED
TXN-INV2641,INV2641,2025-04-14,Bank Transfer,55907.04,COMPLETED
TXN-INV2642,INV2642,2025-04-15,UPI Business,59063.72,COMPLETED
TXN-INV2643,INV2643,2025-04-16,Corporate Card,64244.48,COMPLETED
TXN-INV2644,INV2644,2025-04-17,NEFT/RTGS,52844.4,COMPLETED
TXN-INV2645,INV2645,2025-04-18,Bank Transfer,56520.8,COMPLETED
TXN-INV2646,INV2646,2025-04-19,UPI Business,59710.36,COMPLETED
TXN-INV2649-A,INV2649,2025-04-22,Bank Transfer,57134.56,COMPLETED
TXN-INV2649-B,INV2649,2025-04-22,Bank Transfer,57134.56,COMPLETED
TXN-UNMATCHED-1450,,2025-04-23,UPI Business,60357,COMPLETED
TXN-INV2651,INV2651,2025-04-24,Corporate Card,65647.36,COMPLETED
TXN-INV2652,INV2652,2025-04-25,NEFT/RTGS,53995.2,COMPLETED
TXN-INV2653,INV2653,2025-04-26,Bank Transfer,57748.32,COMPLETED
TXN-INV2654,INV2654,2025-04-27,UPI Business,61003.64,COMPLETED
TXN-INV2655,INV2655,2025-04-28,Corporate Card,66348.8,COMPLETED
TXN-INV2656,INV2656,2025-04-01,NEFT/RTGS,54570.6,COMPLETED
TXN-INV2657,INV2657,2025-04-02,Bank Transfer,58362.08,COMPLETED
TXN-INV2658,INV2658,2025-04-03,UPI Business,61650.28,COMPLETED
TXN-INV2659,INV2659,2025-04-04,Corporate Card,67050.24,COMPLETED
TXN-INV2660,INV2660,2025-04-05,NEFT/RTGS,55146,COMPLETED
TXN-INV2663-A,INV2663,2025-04-08,Corporate Card,67751.68,COMPLETED
TXN-INV2663-B,INV2663,2025-04-08,Corporate Card,67751.68,COMPLETED
TXN-UNMATCHED-1464,,2025-04-09,NEFT/RTGS,55721.4,COMPLETED
TXN-INV2665,INV2665,2025-04-10,Bank Transfer,59589.6,COMPLETED
TXN-INV2666,INV2666,2025-04-11,UPI Business,62943.56,COMPLETED
TXN-INV2667,INV2667,2025-04-12,Corporate Card,68453.12,COMPLETED
TXN-INV2668,INV2668,2025-04-13,NEFT/RTGS,56296.8,COMPLETED
TXN-INV2669,INV2669,2025-04-14,Bank Transfer,60203.36,COMPLETED
TXN-INV2670,INV2670,2025-04-15,UPI Business,63590.2,COMPLETED
TXN-INV2671,INV2671,2025-04-16,Corporate Card,69154.56,COMPLETED
TXN-INV2672,INV2672,2025-04-17,NEFT/RTGS,56872.2,COMPLETED
TXN-INV2673,INV2673,2025-04-18,Bank Transfer,60817.12,COMPLETED
TXN-INV2674,INV2674,2025-04-19,UPI Business,64236.84,COMPLETED
TXN-INV2676-A,INV2676,2025-04-21,NEFT/RTGS,57447.6,COMPLETED
TXN-INV2676-B,INV2676,2025-04-21,NEFT/RTGS,57447.6,COMPLETED
TXN-INV2677-A,INV2677,2025-04-22,Bank Transfer,61430.88,COMPLETED
TXN-INV2677-B,INV2677,2025-04-22,Bank Transfer,61430.88,COMPLETED
TXN-UNMATCHED-1478,,2025-04-23,UPI Business,64883.48,COMPLETED
TXN-INV2679,INV2679,2025-04-24,Corporate Card,70557.44,COMPLETED
TXN-INV2680,INV2680,2025-04-25,NEFT/RTGS,58023,COMPLETED
TXN-INV2681,INV2681,2025-04-26,Bank Transfer,62044.64,COMPLETED
TXN-INV2682,INV2682,2025-04-27,UPI Business,65530.12,COMPLETED
TXN-INV2683,INV2683,2025-04-28,Corporate Card,71258.88,COMPLETED
TXN-INV2684,INV2684,2025-04-01,NEFT/RTGS,58598.4,COMPLETED
TXN-INV2685,INV2685,2025-04-02,Bank Transfer,62658.4,COMPLETED
TXN-INV2686,INV2686,2025-04-03,UPI Business,66176.76,COMPLETED
TXN-INV2687,INV2687,2025-04-04,Corporate Card,71960.32,COMPLETED
TXN-INV2690-A,INV2690,2025-04-07,UPI Business,66823.4,COMPLETED
TXN-INV2690-B,INV2690,2025-04-07,UPI Business,66823.4,COMPLETED
TXN-INV2691-A,INV2691,2025-04-08,Corporate Card,72661.76,COMPLETED
TXN-INV2691-B,INV2691,2025-04-08,Corporate Card,72661.76,COMPLETED
TXN-UNMATCHED-1492,,2025-04-09,NEFT/RTGS,59749.2,COMPLETED
TXN-INV2693,INV2693,2025-04-10,Bank Transfer,63885.92,COMPLETED
TXN-INV2694,INV2694,2025-04-11,UPI Business,67470.04,COMPLETED
TXN-INV2695,INV2695,2025-04-12,Corporate Card,73363.2,COMPLETED
TXN-INV2696,INV2696,2025-04-13,NEFT/RTGS,60324.6,COMPLETED
TXN-INV2697,INV2697,2025-04-14,Bank Transfer,64499.68,COMPLETED
TXN-INV2698,INV2698,2025-04-15,UPI Business,68116.68,COMPLETED
TXN-INV2699,INV2699,2025-04-16,Corporate Card,74064.64,COMPLETED
TXN-INV2700,INV2700,2025-04-17,NEFT/RTGS,892500,COMPLETED
TXN-INV2701,INV2701,2025-04-18,Bank Transfer,65113.44,COMPLETED
TXN-INV2702,INV2702,2025-04-19,UPI Business,68763.32,COMPLETED
TXN-INV2703,INV2703,2025-04-20,Corporate Card,74766.08,COMPLETED
TXN-INV2704-A,INV2704,2025-04-21,NEFT/RTGS,61475.4,COMPLETED
TXN-INV2704-B,INV2704,2025-04-21,NEFT/RTGS,61475.4,COMPLETED
TXN-UNMATCHED-1505,,2025-04-22,Bank Transfer,65727.2,COMPLETED
TXN-INV2706,INV2706,2025-04-23,UPI Business,69409.96,COMPLETED
TXN-INV2707,INV2707,2025-04-24,Corporate Card,75467.52,COMPLETED
TXN-INV2708,INV2708,2025-04-25,NEFT/RTGS,62050.8,COMPLETED
TXN-INV2709,INV2709,2025-04-26,Bank Transfer,66340.96,COMPLETED
TXN-INV2710,INV2710,2025-04-27,UPI Business,70056.6,COMPLETED
TXN-INV2711,INV2711,2025-04-28,Corporate Card,76168.96,COMPLETED
TXN-INV2712,INV2712,2025-04-01,NEFT/RTGS,62626.2,COMPLETED
TXN-INV2713,INV2713,2025-04-02,Bank Transfer,66954.72,COMPLETED
TXN-INV2714,INV2714,2025-04-03,UPI Business,70703.24,COMPLETED
TXN-INV2715,INV2715,2025-04-04,Corporate Card,76870.4,COMPLETED
TXN-INV2716,INV2716,2025-04-05,NEFT/RTGS,63201.6,COMPLETED
TXN-INV2717-A,INV2717,2025-04-06,Bank Transfer,67568.48,COMPLETED
TXN-INV2717-B,INV2717,2025-04-06,Bank Transfer,67568.48,COMPLETED
TXN-INV2718-A,INV2718,2025-04-07,UPI Business,71349.88,COMPLETED
TXN-INV2718-B,INV2718,2025-04-07,UPI Business,71349.88,COMPLETED
TXN-UNMATCHED-1519,,2025-04-08,Corporate Card,77571.84,COMPLETED
TXN-INV2720,INV2720,2025-04-09,NEFT/RTGS,63777,COMPLETED
TXN-INV2721,INV2721,2025-04-10,Bank Transfer,68182.24,COMPLETED
TXN-INV2722,INV2722,2025-04-11,UPI Business,71996.52,COMPLETED
TXN-INV2723,INV2723,2025-04-12,Corporate Card,78273.28,COMPLETED
TXN-INV2724,INV2724,2025-04-13,NEFT/RTGS,64352.4,COMPLETED
TXN-INV2725,INV2725,2025-04-14,Bank Transfer,68796,COMPLETED
TXN-INV2726,INV2726,2025-04-15,UPI Business,72643.16,COMPLETED
TXN-INV2727,INV2727,2025-04-16,Corporate Card,78974.72,COMPLETED
TXN-INV2728,INV2728,2025-04-17,NEFT/RTGS,64927.8,COMPLETED
TXN-INV2729,INV2729,2025-04-18,Bank Transfer,69409.76,COMPLETED
TXN-INV2730,INV2730,2025-04-19,UPI Business,73289.8,COMPLETED
TXN-INV2731-A,INV2731,2025-04-20,Corporate Card,79676.16,COMPLETED
TXN-INV2731-B,INV2731,2025-04-20,Corporate Card,79676.16,COMPLETED
TXN-INV2732-A,INV2732,2025-04-21,NEFT/RTGS,65503.2,COMPLETED
TXN-INV2732-B,INV2732,2025-04-21,NEFT/RTGS,65503.2,COMPLETED
TXN-UNMATCHED-1533,,2025-04-22,Bank Transfer,70023.52,COMPLETED
TXN-INV2734,INV2734,2025-04-23,UPI Business,73936.44,COMPLETED
TXN-INV2735,INV2735,2025-04-24,Corporate Card,80377.6,COMPLETED
TXN-INV2736,INV2736,2025-04-25,NEFT/RTGS,66078.6,COMPLETED
TXN-INV2737,INV2737,2025-04-26,Bank Transfer,70637.28,COMPLETED
TXN-INV2738,INV2738,2025-04-27,UPI Business,74583.08,COMPLETED
TXN-INV2739,INV2739,2025-04-28,Corporate Card,81079.04,COMPLETED
TXN-INV2740,INV2740,2025-04-01,NEFT/RTGS,66654,COMPLETED
TXN-INV2741,INV2741,2025-04-02,Bank Transfer,71251.04,COMPLETED
TXN-INV2742,INV2742,2025-04-03,UPI Business,75229.72,COMPLETED
TXN-INV2743,INV2743,2025-04-04,Corporate Card,81780.48,COMPLETED
TXN-INV2744,INV2744,2025-04-05,NEFT/RTGS,67229.4,COMPLETED
TXN-INV2745-A,INV2745,2025-04-06,Bank Transfer,71864.8,COMPLETED
TXN-INV2745-B,INV2745,2025-04-06,Bank Transfer,71864.8,COMPLETED
TXN-UNMATCHED-1546,,2025-04-07,UPI Business,75876.36,COMPLETED
TXN-INV2747,INV2747,2025-04-08,Corporate Card,82481.92,COMPLETED
TXN-INV2748,INV2748,2025-04-09,NEFT/RTGS,67804.8,COMPLETED
TXN-INV2749,INV2749,2025-04-10,Bank Transfer,72478.56,COMPLETED
TXN-INV2750,INV2750,2025-04-11,UPI Business,76523,COMPLETED
TXN-INV2751,INV2751,2025-04-12,Corporate Card,83183.36,COMPLETED
TXN-INV2752,INV2752,2025-04-13,NEFT/RTGS,68380.2,COMPLETED
TXN-INV2753,INV2753,2025-04-14,Bank Transfer,73092.32,COMPLETED
TXN-INV2754,INV2754,2025-04-15,UPI Business,77169.64,COMPLETED
TXN-INV2755,INV2755,2025-04-16,Corporate Card,83884.8,COMPLETED
TXN-INV2756,INV2756,2025-04-17,NEFT/RTGS,68955.6,COMPLETED
TXN-INV2757,INV2757,2025-04-18,Bank Transfer,73706.08,COMPLETED
TXN-INV2758,INV2758,2025-04-19,UPI Business,77816.28,COMPLETED
TXN-INV2759-A,INV2759,2025-04-20,Corporate Card,84586.24,COMPLETED
TXN-INV2759-B,INV2759,2025-04-20,Corporate Card,84586.24,COMPLETED
TXN-UNMATCHED-1560,,2025-04-21,NEFT/RTGS,69531,COMPLETED
TXN-INV2761,INV2761,2025-04-22,Bank Transfer,74319.84,COMPLETED
TXN-INV2762,INV2762,2025-04-23,UPI Business,78462.92,COMPLETED
TXN-INV2763,INV2763,2025-04-24,Corporate Card,85287.68,COMPLETED
TXN-INV2764,INV2764,2025-04-25,NEFT/RTGS,70106.4,COMPLETED
TXN-INV2765,INV2765,2025-04-26,Bank Transfer,74933.6,COMPLETED
TXN-INV2766,INV2766,2025-04-27,UPI Business,79109.56,COMPLETED
TXN-INV2767,INV2767,2025-04-28,Corporate Card,85989.12,COMPLETED
TXN-INV2768,INV2768,2025-04-01,NEFT/RTGS,70681.8,COMPLETED
TXN-INV2769,INV2769,2025-04-02,Bank Transfer,75547.36,COMPLETED
TXN-INV2770,INV2770,2025-04-03,UPI Business,79756.2,COMPLETED
TXN-INV2771,INV2771,2025-04-04,Corporate Card,86690.56,COMPLETED
TXN-INV2772-A,INV2772,2025-04-05,NEFT/RTGS,71257.2,COMPLETED
TXN-INV2772-B,INV2772,2025-04-05,NEFT/RTGS,71257.2,COMPLETED
TXN-INV2773-A,INV2773,2025-04-06,Bank Transfer,76161.12,COMPLETED
TXN-INV2773-B,INV2773,2025-04-06,Bank Transfer,76161.12,COMPLETED
TXN-UNMATCHED-1574,,2025-04-07,UPI Business,80402.84,COMPLETED
TXN-INV2775,INV2775,2025-04-08,Corporate Card,87392,COMPLETED
TXN-INV2776,INV2776,2025-04-09,NEFT/RTGS,71832.6,COMPLETED
TXN-INV2777,INV2777,2025-04-10,Bank Transfer,76774.88,COMPLETED
TXN-INV2778,INV2778,2025-04-11,UPI Business,81049.48,COMPLETED
TXN-INV2779,INV2779,2025-04-12,Corporate Card,88093.44,COMPLETED
TXN-INV2780,INV2780,2025-04-13,NEFT/RTGS,72408,COMPLETED
TXN-INV2781,INV2781,2025-04-14,Bank Transfer,77388.64,COMPLETED
TXN-INV2782,INV2782,2025-04-15,UPI Business,81696.12,COMPLETED
TXN-INV2783,INV2783,2025-04-16,Corporate Card,88794.88,COMPLETED
TXN-INV2784,INV2784,2025-04-17,NEFT/RTGS,72983.4,COMPLETED
TXN-INV2785,INV2785,2025-04-18,Bank Transfer,78002.4,COMPLETED
TXN-INV2786-A,INV2786,2025-04-19,UPI Business,82342.76,COMPLETED
TXN-INV2786-B,INV2786,2025-04-19,UPI Business,82342.76,COMPLETED
TXN-UNMATCHED-1587,,2025-04-20,Corporate Card,89496.32,COMPLETED
TXN-INV2788,INV2788,2025-04-21,NEFT/RTGS,73558.8,COMPLETED
TXN-INV2789,INV2789,2025-04-22,Bank Transfer,78616.16,COMPLETED
TXN-INV2790,INV2790,2025-04-23,UPI Business,82989.4,COMPLETED
TXN-INV2791,INV2791,2025-04-24,Corporate Card,90197.76,COMPLETED
TXN-INV2792,INV2792,2025-04-25,NEFT/RTGS,74134.2,COMPLETED
TXN-INV2793,INV2793,2025-04-26,Bank Transfer,79229.92,COMPLETED
TXN-INV2794,INV2794,2025-04-27,UPI Business,83636.04,COMPLETED
TXN-INV2795,INV2795,2025-04-28,Corporate Card,90899.2,COMPLETED
TXN-INV2796,INV2796,2025-04-01,NEFT/RTGS,74709.6,COMPLETED
TXN-INV2797,INV2797,2025-04-02,Bank Transfer,79843.68,COMPLETED
TXN-INV2798,INV2798,2025-04-03,UPI Business,84282.68,COMPLETED
TXN-INV2799,INV2799,2025-04-04,Corporate Card,91600.64,COMPLETED
TXN-INV2800-A,INV2800,2025-04-05,NEFT/RTGS,75285,COMPLETED
TXN-INV2800-B,INV2800,2025-04-05,NEFT/RTGS,75285,COMPLETED
TXN-UNMATCHED-1601,,2025-04-06,Bank Transfer,80457.44,COMPLETED
TXN-INV2802,INV2802,2025-04-07,UPI Business,84929.32,COMPLETED
TXN-INV2803,INV2803,2025-04-08,Corporate Card,92302.08,COMPLETED
TXN-INV2804,INV2804,2025-04-09,NEFT/RTGS,75860.4,COMPLETED
TXN-INV2805,INV2805,2025-04-10,Bank Transfer,81071.2,COMPLETED
TXN-INV2806,INV2806,2025-04-11,UPI Business,85575.96,COMPLETED
TXN-INV2807,INV2807,2025-04-12,Corporate Card,93003.52,COMPLETED
TXN-INV2808,INV2808,2025-04-13,NEFT/RTGS,76435.8,COMPLETED
TXN-INV2809,INV2809,2025-04-14,Bank Transfer,81684.96,COMPLETED
TXN-INV2810,INV2810,2025-04-15,UPI Business,86222.6,COMPLETED
TXN-INV2811,INV2811,2025-04-16,Corporate Card,93704.96,COMPLETED
TXN-INV2812,INV2812,2025-04-17,NEFT/RTGS,77011.2,COMPLETED
TXN-INV2813-A,INV2813,2025-04-18,Bank Transfer,82298.72,COMPLETED
TXN-INV2813-B,INV2813,2025-04-18,Bank Transfer,82298.72,COMPLETED
TXN-INV2814-A,INV2814,2025-04-19,UPI Business,86869.24,COMPLETED
TXN-INV2814-B,INV2814,2025-04-19,UPI Business,86869.24,COMPLETED
TXN-UNMATCHED-1615,,2025-04-20,Corporate Card,94406.4,COMPLETED
TXN-INV2816,INV2816,2025-04-21,NEFT/RTGS,77586.6,COMPLETED
TXN-INV2817,INV2817,2025-04-22,Bank Transfer,82912.48,COMPLETED
TXN-INV2818,INV2818,2025-04-23,UPI Business,87515.88,COMPLETED
TXN-INV2819,INV2819,2025-04-24,Corporate Card,95107.84,COMPLETED
TXN-INV2820,INV2820,2025-04-25,NEFT/RTGS,78162,COMPLETED
TXN-INV2821,INV2821,2025-04-26,Bank Transfer,83526.24,COMPLETED
TXN-INV2822,INV2822,2025-04-27,UPI Business,88162.52,COMPLETED
TXN-INV2823,INV2823,2025-04-28,Corporate Card,95809.28,COMPLETED
TXN-INV2824,INV2824,2025-04-01,NEFT/RTGS,78737.4,COMPLETED
TXN-INV2825,INV2825,2025-04-02,Bank Transfer,84140,COMPLETED
TXN-INV2826,INV2826,2025-04-03,UPI Business,88809.16,COMPLETED
TXN-INV2827-A,INV2827,2025-04-04,Corporate Card,96510.72,COMPLETED
TXN-INV2827-B,INV2827,2025-04-04,Corporate Card,96510.72,COMPLETED
TXN-INV2828-A,INV2828,2025-04-05,NEFT/RTGS,79312.8,COMPLETED
TXN-INV2828-B,INV2828,2025-04-05,NEFT/RTGS,79312.8,COMPLETED
TXN-UNMATCHED-1629,,2025-04-06,Bank Transfer,84753.76,COMPLETED
TXN-INV2830,INV2830,2025-04-07,UPI Business,89455.8,COMPLETED
TXN-INV2831,INV2831,2025-04-08,Corporate Card,97212.16,COMPLETED
TXN-INV2832,INV2832,2025-04-09,NEFT/RTGS,79888.2,COMPLETED
TXN-INV2833,INV2833,2025-04-10,Bank Transfer,85367.52,COMPLETED
TXN-INV2834,INV2834,2025-04-11,UPI Business,90102.44,COMPLETED
TXN-INV2835,INV2835,2025-04-12,Corporate Card,97913.6,COMPLETED
TXN-INV2836,INV2836,2025-04-13,NEFT/RTGS,80463.6,COMPLETED
TXN-INV2837,INV2837,2025-04-14,Bank Transfer,85981.28,COMPLETED
TXN-INV2838,INV2838,2025-04-15,UPI Business,90749.08,COMPLETED
TXN-INV2839,INV2839,2025-04-16,Corporate Card,98615.04,COMPLETED
TXN-INV2840,INV2840,2025-04-17,NEFT/RTGS,81039,COMPLETED
TXN-INV2841-A,INV2841,2025-04-18,Bank Transfer,86595.04,COMPLETED
TXN-INV2841-B,INV2841,2025-04-18,Bank Transfer,86595.04,COMPLETED
TXN-UNMATCHED-1642,,2025-04-19,UPI Business,91395.72,COMPLETED
TXN-INV2843,INV2843,2025-04-20,Corporate Card,3316.48,COMPLETED
TXN-INV2844,INV2844,2025-04-21,NEFT/RTGS,2864.4,COMPLETED
TXN-INV2845,INV2845,2025-04-22,Bank Transfer,3208.8,COMPLETED
TXN-INV2846,INV2846,2025-04-23,UPI Business,3542.36,COMPLETED
TXN-INV2847,INV2847,2025-04-24,Corporate Card,4017.92,COMPLETED
TXN-INV2848,INV2848,2025-04-25,NEFT/RTGS,3439.8,COMPLETED
TXN-INV2849,INV2849,2025-04-26,Bank Transfer,3822.56,COMPLETED
TXN-INV2850,INV2850,2025-04-27,UPI Business,4189,COMPLETED
TXN-INV2851,INV2851,2025-04-28,Corporate Card,4719.36,COMPLETED
TXN-INV2852,INV2852,2025-04-01,NEFT/RTGS,4015.2,COMPLETED
TXN-INV2853,INV2853,2025-04-02,Bank Transfer,4436.32,COMPLETED
TXN-INV2854-A,INV2854,2025-04-03,UPI Business,4835.64,COMPLETED
TXN-INV2854-B,INV2854,2025-04-03,UPI Business,4835.64,COMPLETED
TXN-INV2855-A,INV2855,2025-04-04,Corporate Card,5420.8,COMPLETED
TXN-INV2855-B,INV2855,2025-04-04,Corporate Card,5420.8,COMPLETED
TXN-UNMATCHED-1656,,2025-04-05,NEFT/RTGS,4590.6,COMPLETED
TXN-INV2857,INV2857,2025-04-06,Bank Transfer,5050.08,COMPLETED
TXN-INV2858,INV2858,2025-04-07,UPI Business,5482.28,COMPLETED
TXN-INV2859,INV2859,2025-04-08,Corporate Card,6122.24,COMPLETED
TXN-INV2860,INV2860,2025-04-09,NEFT/RTGS,5166,COMPLETED
TXN-INV2861,INV2861,2025-04-10,Bank Transfer,5663.84,COMPLETED
TXN-INV2862,INV2862,2025-04-11,UPI Business,6128.92,COMPLETED
TXN-INV2863,INV2863,2025-04-12,Corporate Card,6823.68,COMPLETED
TXN-INV2864,INV2864,2025-04-13,NEFT/RTGS,5741.4,COMPLETED
TXN-INV2865,INV2865,2025-04-14,Bank Transfer,6277.6,COMPLETED
TXN-INV2866,INV2866,2025-04-15,UPI Business,6775.56,COMPLETED
TXN-INV2867,INV2867,2025-04-16,Corporate Card,7525.12,COMPLETED
TXN-INV2868-A,INV2868,2025-04-17,NEFT/RTGS,6316.8,COMPLETED
TXN-INV2868-B,INV2868,2025-04-17,NEFT/RTGS,6316.8,COMPLETED
TXN-INV2869-A,INV2869,2025-04-18,Bank Transfer,6891.36,COMPLETED
TXN-INV2869-B,INV2869,2025-04-18,Bank Transfer,6891.36,COMPLETED
TXN-UNMATCHED-1670,,2025-04-19,UPI Business,7422.2,COMPLETED
TXN-INV2871,INV2871,2025-04-20,Corporate Card,8226.56,COMPLETED
TXN-INV2872,INV2872,2025-04-21,NEFT/RTGS,6892.2,COMPLETED
TXN-INV2873,INV2873,2025-04-22,Bank Transfer,7505.12,COMPLETED
TXN-INV2874,INV2874,2025-04-23,UPI Business,8068.84,COMPLETED
TXN-INV2875,INV2875,2025-04-24,Corporate Card,8928,COMPLETED
TXN-INV2876,INV2876,2025-04-25,NEFT/RTGS,7467.6,COMPLETED
TXN-INV2877,INV2877,2025-04-26,Bank Transfer,8118.88,COMPLETED
TXN-INV2878,INV2878,2025-04-27,UPI Business,8715.48,COMPLETED
TXN-INV2879,INV2879,2025-04-28,Corporate Card,9629.44,COMPLETED
TXN-INV2880,INV2880,2025-04-01,NEFT/RTGS,8043,COMPLETED
TXN-INV2881,INV2881,2025-04-02,Bank Transfer,8732.64,COMPLETED
TXN-INV2882-A,INV2882,2025-04-03,UPI Business,9362.12,COMPLETED
TXN-INV2882-B,INV2882,2025-04-03,UPI Business,9362.12,COMPLETED
TXN-UNMATCHED-1683,,2025-04-04,Corporate Card,10330.88,COMPLETED
TXN-INV2884,INV2884,2025-04-05,NEFT/RTGS,8618.4,COMPLETED
TXN-INV2885,INV2885,2025-04-06,Bank Transfer,9346.4,COMPLETED
TXN-INV2886,INV2886,2025-04-07,UPI Business,10008.76,COMPLETED
TXN-INV2887,INV2887,2025-04-08,Corporate Card,11032.32,COMPLETED
TXN-INV2888,INV2888,2025-04-09,NEFT/RTGS,9193.8,COMPLETED
TXN-INV2889,INV2889,2025-04-10,Bank Transfer,9960.16,COMPLETED
TXN-INV2890,INV2890,2025-04-11,UPI Business,10655.4,COMPLETED
TXN-INV2891,INV2891,2025-04-12,Corporate Card,11733.76,COMPLETED
TXN-INV2892,INV2892,2025-04-13,NEFT/RTGS,9769.2,COMPLETED
TXN-INV2893,INV2893,2025-04-14,Bank Transfer,10573.92,COMPLETED
TXN-INV2894,INV2894,2025-04-15,UPI Business,11302.04,COMPLETED
TXN-INV2895,INV2895,2025-04-16,Corporate Card,12435.2,COMPLETED
TXN-INV2896-A,INV2896,2025-04-17,NEFT/RTGS,10344.6,COMPLETED
TXN-INV2896-B,INV2896,2025-04-17,NEFT/RTGS,10344.6,COMPLETED
TXN-UNMATCHED-1697,,2025-04-18,Bank Transfer,11187.68,COMPLETED
TXN-INV2898,INV2898,2025-04-19,UPI Business,11948.68,COMPLETED
TXN-INV2899,INV2899,2025-04-20,Corporate Card,13136.64,COMPLETED
TXN-INV2900,INV2900,2025-04-21,NEFT/RTGS,10920,COMPLETED
TXN-INV2901,INV2901,2025-04-22,Bank Transfer,11801.44,COMPLETED
TXN-INV2902,INV2902,2025-04-23,UPI Business,12595.32,COMPLETED
TXN-INV2903,INV2903,2025-04-24,Corporate Card,13838.08,COMPLETED
TXN-INV2904,INV2904,2025-04-25,NEFT/RTGS,11495.4,COMPLETED
TXN-INV2905,INV2905,2025-04-26,Bank Transfer,12415.2,COMPLETED
TXN-INV2906,INV2906,2025-04-27,UPI Business,13241.96,COMPLETED
TXN-INV2907,INV2907,2025-04-28,Corporate Card,14539.52,COMPLETED
TXN-INV2908,INV2908,2025-04-01,NEFT/RTGS,12070.8,COMPLETED
TXN-INV2909-A,INV2909,2025-04-02,Bank Transfer,13028.96,COMPLETED
TXN-INV2909-B,INV2909,2025-04-02,Bank Transfer,13028.96,COMPLETED
TXN-INV2910-A,INV2910,2025-04-03,UPI Business,13888.6,COMPLETED
TXN-INV2910-B,INV2910,2025-04-03,UPI Business,13888.6,COMPLETED
TXN-UNMATCHED-1711,,2025-04-04,Corporate Card,15240.96,COMPLETED
TXN-INV2912,INV2912,2025-04-05,NEFT/RTGS,12646.2,COMPLETED
TXN-INV2913,INV2913,2025-04-06,Bank Transfer,13642.72,COMPLETED
TXN-INV2914,INV2914,2025-04-07,UPI Business,14535.24,COMPLETED
TXN-INV2915,INV2915,2025-04-08,Corporate Card,15942.4,COMPLETED
TXN-INV2916,INV2916,2025-04-09,NEFT/RTGS,13221.6,COMPLETED
TXN-INV2917,INV2917,2025-04-10,Bank Transfer,14256.48,COMPLETED
TXN-INV2918,INV2918,2025-04-11,UPI Business,15181.88,COMPLETED
TXN-INV2919,INV2919,2025-04-12,Corporate Card,16643.84,COMPLETED
TXN-INV2920,INV2920,2025-04-13,NEFT/RTGS,13797,COMPLETED
TXN-INV2921,INV2921,2025-04-14,Bank Transfer,14870.24,COMPLETED
TXN-INV2922,INV2922,2025-04-15,UPI Business,15828.52,COMPLETED
TXN-INV2923-A,INV2923,2025-04-16,Corporate Card,17345.28,COMPLETED
TXN-INV2923-B,INV2923,2025-04-16,Corporate Card,17345.28,COMPLETED
TXN-UNMATCHED-1724,,2025-04-17,NEFT/RTGS,14372.4,COMPLETED
TXN-INV2925,INV2925,2025-04-18,Bank Transfer,15484,COMPLETED
TXN-INV2926,INV2926,2025-04-19,UPI Business,16475.16,COMPLETED
TXN-INV2927,INV2927,2025-04-20,Corporate Card,18046.72,COMPLETED
TXN-INV2928,INV2928,2025-04-21,NEFT/RTGS,14947.8,COMPLETED
TXN-INV2929,INV2929,2025-04-22,Bank Transfer,16097.76,COMPLETED
TXN-INV2930,INV2930,2025-04-23,UPI Business,17121.8,COMPLETED
TXN-INV2931,INV2931,2025-04-24,Corporate Card,18748.16,COMPLETED
TXN-INV2932,INV2932,2025-04-25,NEFT/RTGS,15523.2,COMPLETED
TXN-INV2933,INV2933,2025-04-26,Bank Transfer,16711.52,COMPLETED
TXN-INV2934,INV2934,2025-04-27,UPI Business,17768.44,COMPLETED
TXN-INV2935,INV2935,2025-04-28,Corporate Card,19449.6,COMPLETED
TXN-INV2936,INV2936,2025-04-01,NEFT/RTGS,16098.6,COMPLETED
TXN-INV2937-A,INV2937,2025-04-02,Bank Transfer,17325.28,COMPLETED
TXN-INV2937-B,INV2937,2025-04-02,Bank Transfer,17325.28,COMPLETED
TXN-UNMATCHED-1738,,2025-04-03,UPI Business,18415.08,COMPLETED
TXN-INV2939,INV2939,2025-04-04,Corporate Card,20151.04,COMPLETED
TXN-INV2940,INV2940,2025-04-05,NEFT/RTGS,16674,COMPLETED
TXN-INV2941,INV2941,2025-04-06,Bank Transfer,17939.04,COMPLETED
TXN-INV2942,INV2942,2025-04-07,UPI Business,19061.72,COMPLETED
TXN-INV2943,INV2943,2025-04-08,Corporate Card,20852.48,COMPLETED
TXN-INV2944,INV2944,2025-04-09,NEFT/RTGS,17249.4,COMPLETED
TXN-INV2945,INV2945,2025-04-10,Bank Transfer,18552.8,COMPLETED
TXN-INV2946,INV2946,2025-04-11,UPI Business,19708.36,COMPLETED
TXN-INV2947,INV2947,2025-04-12,Corporate Card,21553.92,COMPLETED
TXN-INV2948,INV2948,2025-04-13,NEFT/RTGS,17824.8,COMPLETED
TXN-INV2949,INV2949,2025-04-14,Bank Transfer,19166.56,COMPLETED
TXN-INV2950,INV2950,2025-04-15,UPI Business,1239000,COMPLETED
TXN-INV2951,INV2951,2025-04-16,Corporate Card,22255.36,COMPLETED
TXN-UNMATCHED-1752,,2025-04-17,NEFT/RTGS,18400.2,COMPLETED
TXN-INV2953,INV2953,2025-04-18,Bank Transfer,19780.32,COMPLETED
TXN-INV2954,INV2954,2025-04-19,UPI Business,21001.64,COMPLETED
TXN-INV2955,INV2955,2025-04-20,Corporate Card,22956.8,COMPLETED
TXN-INV2956,INV2956,2025-04-21,NEFT/RTGS,18975.6,COMPLETED
TXN-INV2957,INV2957,2025-04-22,Bank Transfer,20394.08,COMPLETED
TXN-INV2958,INV2958,2025-04-23,UPI Business,21648.28,COMPLETED
TXN-INV2959,INV2959,2025-04-24,Corporate Card,23658.24,COMPLETED
TXN-INV2960,INV2960,2025-04-25,NEFT/RTGS,19551,COMPLETED
TXN-INV2961,INV2961,2025-04-26,Bank Transfer,21007.84,COMPLETED
TXN-INV2962,INV2962,2025-04-27,UPI Business,22294.92,COMPLETED
TXN-INV2963,INV2963,2025-04-28,Corporate Card,24359.68,COMPLETED
TXN-INV2964,INV2964,2025-04-01,NEFT/RTGS,20126.4,COMPLETED
TXN-INV2965,INV2965,2025-04-02,Bank Transfer,21621.6,COMPLETED
TXN-UNMATCHED-1766,,2025-04-03,UPI Business,22941.56,COMPLETED
TXN-INV2967,INV2967,2025-04-04,Corporate Card,25061.12,COMPLETED
TXN-INV2968,INV2968,2025-04-05,NEFT/RTGS,20701.8,COMPLETED
TXN-INV2969,INV2969,2025-04-06,Bank Transfer,22235.36,COMPLETED
TXN-INV2970,INV2970,2025-04-07,UPI Business,23588.2,COMPLETED
TXN-INV2971,INV2971,2025-04-08,Corporate Card,25762.56,COMPLETED
TXN-INV2972,INV2972,2025-04-09,NEFT/RTGS,21277.2,COMPLETED
TXN-INV2973,INV2973,2025-04-10,Bank Transfer,22849.12,COMPLETED
TXN-INV2974,INV2974,2025-04-11,UPI Business,24234.84,COMPLETED
TXN-INV2975,INV2975,2025-04-12,Corporate Card,26464,COMPLETED
TXN-INV2976,INV2976,2025-04-13,NEFT/RTGS,21852.6,COMPLETED
TXN-INV2977,INV2977,2025-04-14,Bank Transfer,23462.88,COMPLETED
TXN-INV2978,INV2978,2025-04-15,UPI Business,24881.48,COMPLETED
TXN-UNMATCHED-1779,,2025-04-16,Corporate Card,27165.44,COMPLETED
TXN-INV2980,INV2980,2025-04-17,NEFT/RTGS,22428,COMPLETED
TXN-INV2981,INV2981,2025-04-18,Bank Transfer,24076.64,COMPLETED
TXN-INV2982,INV2982,2025-04-19,UPI Business,25528.12,COMPLETED
TXN-INV2983,INV2983,2025-04-20,Corporate Card,27866.88,COMPLETED
TXN-INV2984,INV2984,2025-04-21,NEFT/RTGS,23003.4,COMPLETED
TXN-INV2985,INV2985,2025-04-22,Bank Transfer,24690.4,COMPLETED
TXN-INV2986,INV2986,2025-04-23,UPI Business,26174.76,COMPLETED
TXN-INV2987,INV2987,2025-04-24,Corporate Card,28568.32,COMPLETED
TXN-INV2988,INV2988,2025-04-25,NEFT/RTGS,23578.8,COMPLETED
TXN-INV2989,INV2989,2025-04-26,Bank Transfer,25304.16,COMPLETED
TXN-INV2990,INV2990,2025-04-27,UPI Business,26821.4,COMPLETED
TXN-INV2991,INV2991,2025-04-28,Corporate Card,29269.76,COMPLETED
TXN-INV2992,INV2992,2025-04-01,NEFT/RTGS,24154.2,COMPLETED
TXN-UNMATCHED-1793,,2025-04-02,Bank Transfer,25917.92,COMPLETED
TXN-INV2994,INV2994,2025-04-03,UPI Business,27468.04,COMPLETED
TXN-INV2995,INV2995,2025-04-04,Corporate Card,29971.2,COMPLETED
TXN-INV2996,INV2996,2025-04-05,NEFT/RTGS,24729.6,COMPLETED
TXN-INV2997,INV2997,2025-04-06,Bank Transfer,26531.68,COMPLETED
TXN-INV2998,INV2998,2025-04-07,UPI Business,28114.68,COMPLETED
TXN-INV2999,INV2999,2025-04-08,Corporate Card,30672.64,COMPLETED
TXN-INV3000,INV3000,2025-04-09,NEFT/RTGS,25305,COMPLETED
TXN-INV3001,INV3001,2025-04-10,Bank Transfer,27145.44,COMPLETED
TXN-INV3002,INV3002,2025-04-11,UPI Business,28761.32,COMPLETED
TXN-INV3003,INV3003,2025-04-12,Corporate Card,31374.08,COMPLETED
TXN-INV3004,INV3004,2025-04-13,NEFT/RTGS,25880.4,COMPLETED
TXN-INV3005,INV3005,2025-04-14,Bank Transfer,27759.2,COMPLETED
TXN-INV3006,INV3006,2025-04-15,UPI Business,29407.96,COMPLETED
TXN-UNMATCHED-1807,,2025-04-16,Corporate Card,32075.52,COMPLETED
TXN-INV3008,INV3008,2025-04-17,NEFT/RTGS,26455.8,COMPLETED
TXN-INV3009,INV3009,2025-04-18,Bank Transfer,28372.96,COMPLETED
TXN-INV3010,INV3010,2025-04-19,UPI Business,30054.6,COMPLETED
TXN-INV3011,INV3011,2025-04-20,Corporate Card,32776.96,COMPLETED
TXN-INV3012,INV3012,2025-04-21,NEFT/RTGS,27031.2,COMPLETED
TXN-INV3013,INV3013,2025-04-22,Bank Transfer,28986.72,COMPLETED
TXN-INV3014,INV3014,2025-04-23,UPI Business,30701.24,COMPLETED
TXN-INV3015,INV3015,2025-04-24,Corporate Card,33478.4,COMPLETED
TXN-INV3016,INV3016,2025-04-25,NEFT/RTGS,27606.6,COMPLETED
TXN-INV3017,INV3017,2025-04-26,Bank Transfer,29600.48,COMPLETED
TXN-INV3018,INV3018,2025-04-27,UPI Business,31347.88,COMPLETED
TXN-INV3019,INV3019,2025-04-28,Corporate Card,34179.84,COMPLETED
TXN-UNMATCHED-1820,,2025-04-01,NEFT/RTGS,28182,COMPLETED
TXN-INV3021,INV3021,2025-04-02,Bank Transfer,30214.24,COMPLETED
TXN-INV3022,INV3022,2025-04-03,UPI Business,31994.52,COMPLETED
TXN-INV3023,INV3023,2025-04-04,Corporate Card,34881.28,COMPLETED
TXN-INV3024,INV3024,2025-04-05,NEFT/RTGS,28757.4,COMPLETED
TXN-INV3025,INV3025,2025-04-06,Bank Transfer,30828,COMPLETED
TXN-INV3026,INV3026,2025-04-07,UPI Business,32641.16,COMPLETED
TXN-INV3027,INV3027,2025-04-08,Corporate Card,35582.72,COMPLETED
TXN-INV3028,INV3028,2025-04-09,NEFT/RTGS,29332.8,COMPLETED
TXN-INV3029,INV3029,2025-04-10,Bank Transfer,31441.76,COMPLETED
TXN-INV3030,INV3030,2025-04-11,UPI Business,33287.8,COMPLETED
TXN-INV3031,INV3031,2025-04-12,Corporate Card,36284.16,COMPLETED
TXN-INV3032,INV3032,2025-04-13,NEFT/RTGS,29908.2,COMPLETED
TXN-INV3033,INV3033,2025-04-14,Bank Transfer,32055.52,COMPLETED
TXN-UNMATCHED-1834,,2025-04-15,UPI Business,33934.44,COMPLETED
TXN-INV3035,INV3035,2025-04-16,Corporate Card,36985.6,COMPLETED
TXN-INV3036,INV3036,2025-04-17,NEFT/RTGS,30483.6,COMPLETED
TXN-INV3037,INV3037,2025-04-18,Bank Transfer,32669.28,COMPLETED
TXN-INV3038,INV3038,2025-04-19,UPI Business,34581.08,COMPLETED
TXN-INV3039,INV3039,2025-04-20,Corporate Card,37687.04,COMPLETED
TXN-INV3040,INV3040,2025-04-21,NEFT/RTGS,31059,COMPLETED
TXN-INV3041,INV3041,2025-04-22,Bank Transfer,33283.04,COMPLETED
TXN-INV3042,INV3042,2025-04-23,UPI Business,35227.72,COMPLETED
TXN-INV3043,INV3043,2025-04-24,Corporate Card,38388.48,COMPLETED
TXN-INV3044,INV3044,2025-04-25,NEFT/RTGS,31634.4,COMPLETED
TXN-INV3045,INV3045,2025-04-26,Bank Transfer,33896.8,COMPLETED
TXN-INV3046,INV3046,2025-04-27,UPI Business,35874.36,COMPLETED
TXN-INV3047,INV3047,2025-04-28,Corporate Card,39089.92,COMPLETED
TXN-UNMATCHED-1848,,2025-04-01,NEFT/RTGS,32209.8,COMPLETED
TXN-INV3049,INV3049,2025-04-02,Bank Transfer,34510.56,COMPLETED
TXN-INV3050,INV3050,2025-04-03,UPI Business,36521,COMPLETED
TXN-INV3051,INV3051,2025-04-04,Corporate Card,39791.36,COMPLETED
TXN-INV3052,INV3052,2025-04-05,NEFT/RTGS,32785.2,COMPLETED
TXN-INV3053,INV3053,2025-04-06,Bank Transfer,35124.32,COMPLETED
TXN-INV3054,INV3054,2025-04-07,UPI Business,37167.64,COMPLETED
TXN-INV3055,INV3055,2025-04-08,Corporate Card,40492.8,COMPLETED
TXN-INV3056,INV3056,2025-04-09,NEFT/RTGS,33360.6,COMPLETED
TXN-INV3057,INV3057,2025-04-10,Bank Transfer,35738.08,COMPLETED
TXN-INV3058,INV3058,2025-04-11,UPI Business,37814.28,COMPLETED
TXN-INV3059,INV3059,2025-04-12,Corporate Card,41194.24,COMPLETED
TXN-INV3060,INV3060,2025-04-13,NEFT/RTGS,33936,COMPLETED
TXN-UNMATCHED-1861,,2025-04-14,Bank Transfer,36351.84,COMPLETED
TXN-INV3062,INV3062,2025-04-15,UPI Business,38460.92,COMPLETED
TXN-INV3063,INV3063,2025-04-16,Corporate Card,41895.68,COMPLETED
TXN-INV3064,INV3064,2025-04-17,NEFT/RTGS,34511.4,COMPLETED
TXN-INV3065,INV3065,2025-04-18,Bank Transfer,36965.6,COMPLETED
TXN-INV3066,INV3066,2025-04-19,UPI Business,39107.56,COMPLETED
TXN-INV3067,INV3067,2025-04-20,Corporate Card,42597.12,COMPLETED
TXN-INV3068,INV3068,2025-04-21,NEFT/RTGS,35086.8,COMPLETED
TXN-INV3069,INV3069,2025-04-22,Bank Transfer,37579.36,COMPLETED
TXN-INV3070,INV3070,2025-04-23,UPI Business,39754.2,COMPLETED
TXN-INV3071,INV3071,2025-04-24,Corporate Card,43298.56,COMPLETED
TXN-INV3072,INV3072,2025-04-25,NEFT/RTGS,35662.2,COMPLETED
TXN-INV3073,INV3073,2025-04-26,Bank Transfer,38193.12,COMPLETED
TXN-INV3074,INV3074,2025-04-27,UPI Business,40400.84,COMPLETED
TXN-UNMATCHED-1875,,2025-04-28,Corporate Card,44000,COMPLETED
TXN-INV3076,INV3076,2025-04-01,NEFT/RTGS,36237.6,COMPLETED
TXN-INV3077,INV3077,2025-04-02,Bank Transfer,38806.88,COMPLETED
TXN-INV3078,INV3078,2025-04-03,UPI Business,41047.48,COMPLETED
TXN-INV3079,INV3079,2025-04-04,Corporate Card,44701.44,COMPLETED
TXN-INV3080,INV3080,2025-04-05,NEFT/RTGS,36813,COMPLETED
TXN-INV3081,INV3081,2025-04-06,Bank Transfer,39420.64,COMPLETED
TXN-INV3082,INV3082,2025-04-07,UPI Business,41694.12,COMPLETED
TXN-INV3083,INV3083,2025-04-08,Corporate Card,45402.88,COMPLETED
TXN-INV3084,INV3084,2025-04-09,NEFT/RTGS,37388.4,COMPLETED
TXN-INV3085,INV3085,2025-04-10,Bank Transfer,40034.4,COMPLETED
TXN-INV3086,INV3086,2025-04-11,UPI Business,42340.76,COMPLETED
TXN-INV3087,INV3087,2025-04-12,Corporate Card,46104.32,COMPLETED
TXN-INV3088,INV3088,2025-04-13,NEFT/RTGS,37963.8,COMPLETED
TXN-UNMATCHED-1889,,2025-04-14,Bank Transfer,40648.16,COMPLETED
TXN-INV3090,INV3090,2025-04-15,UPI Business,42987.4,COMPLETED
TXN-INV3091,INV3091,2025-04-16,Corporate Card,46805.76,COMPLETED
TXN-INV3092,INV3092,2025-04-17,NEFT/RTGS,38539.2,COMPLETED
TXN-INV3093,INV3093,2025-04-18,Bank Transfer,41261.92,COMPLETED
TXN-INV3094,INV3094,2025-04-19,UPI Business,43634.04,COMPLETED
TXN-INV3095,INV3095,2025-04-20,Corporate Card,47507.2,COMPLETED
TXN-INV3096,INV3096,2025-04-21,NEFT/RTGS,39114.6,COMPLETED
TXN-INV3097,INV3097,2025-04-22,Bank Transfer,41875.68,COMPLETED
TXN-INV3098,INV3098,2025-04-23,UPI Business,44280.68,COMPLETED
TXN-INV3099,INV3099,2025-04-24,Corporate Card,48208.64,COMPLETED
TXN-INV3100,INV3100,2025-04-25,NEFT/RTGS,39690,COMPLETED
TXN-INV3101,INV3101,2025-04-26,Bank Transfer,42489.44,COMPLETED
TXN-INV3102,INV3102,2025-04-27,UPI Business,44927.32,COMPLETED
TXN-UNMATCHED-1903,,2025-04-28,Corporate Card,48910.08,COMPLETED
TXN-INV3104,INV3104,2025-04-01,NEFT/RTGS,40265.4,COMPLETED
TXN-INV3105,INV3105,2025-04-02,Bank Transfer,43103.2,COMPLETED
TXN-INV3106,INV3106,2025-04-03,UPI Business,45573.96,COMPLETED
TXN-INV3107,INV3107,2025-04-04,Corporate Card,49611.52,COMPLETED
TXN-INV3108,INV3108,2025-04-05,NEFT/RTGS,40840.8,COMPLETED
TXN-INV3109,INV3109,2025-04-06,Bank Transfer,43716.96,COMPLETED
TXN-INV3110,INV3110,2025-04-07,UPI Business,46220.6,COMPLETED
TXN-INV3111,INV3111,2025-04-08,Corporate Card,50312.96,COMPLETED
TXN-INV3112,INV3112,2025-04-09,NEFT/RTGS,41416.2,COMPLETED
TXN-INV3113,INV3113,2025-04-10,Bank Transfer,44330.72,COMPLETED
TXN-INV3114,INV3114,2025-04-11,UPI Business,46867.24,COMPLETED
TXN-INV3115,INV3115,2025-04-12,Corporate Card,51014.4,COMPLETED
TXN-UNMATCHED-1916,,2025-04-13,NEFT/RTGS,41991.6,COMPLETED
TXN-INV3117,INV3117,2025-04-14,Bank Transfer,44944.48,COMPLETED
TXN-INV3118,INV3118,2025-04-15,UPI Business,47513.88,COMPLETED
TXN-INV3119,INV3119,2025-04-16,Corporate Card,51715.84,COMPLETED
TXN-INV3120,INV3120,2025-04-17,NEFT/RTGS,42567,COMPLETED
TXN-INV3121,INV3121,2025-04-18,Bank Transfer,45558.24,COMPLETED
TXN-INV3122,INV3122,2025-04-19,UPI Business,48160.52,COMPLETED
TXN-INV3123,INV3123,2025-04-20,Corporate Card,52417.28,COMPLETED
TXN-INV3124,INV3124,2025-04-21,NEFT/RTGS,43142.4,COMPLETED
TXN-INV3125,INV3125,2025-04-22,Bank Transfer,46172,COMPLETED
TXN-INV3126,INV3126,2025-04-23,UPI Business,48807.16,COMPLETED
TXN-INV3127,INV3127,2025-04-24,Corporate Card,53118.72,COMPLETED
TXN-INV3128,INV3128,2025-04-25,NEFT/RTGS,43717.8,COMPLETED
TXN-INV3129,INV3129,2025-04-26,Bank Transfer,46785.76,COMPLETED
TXN-UNMATCHED-1930,,2025-04-27,UPI Business,49453.8,COMPLETED
TXN-INV3131,INV3131,2025-04-28,Corporate Card,53820.16,COMPLETED
TXN-INV3132,INV3132,2025-04-01,NEFT/RTGS,44293.2,COMPLETED
TXN-INV3133,INV3133,2025-04-02,Bank Transfer,47399.52,COMPLETED
TXN-INV3134,INV3134,2025-04-03,UPI Business,50100.44,COMPLETED
TXN-INV3135,INV3135,2025-04-04,Corporate Card,54521.6,COMPLETED
TXN-INV3136,INV3136,2025-04-05,NEFT/RTGS,44868.6,COMPLETED
TXN-INV3137,INV3137,2025-04-06,Bank Transfer,48013.28,COMPLETED
TXN-INV3138,INV3138,2025-04-07,UPI Business,50747.08,COMPLETED
TXN-INV3139,INV3139,2025-04-08,Corporate Card,55223.04,COMPLETED
TXN-INV3140,INV3140,2025-04-09,NEFT/RTGS,45444,COMPLETED
TXN-INV3141,INV3141,2025-04-10,Bank Transfer,48627.04,COMPLETED
TXN-INV3142,INV3142,2025-04-11,UPI Business,51393.72,COMPLETED
TXN-INV3143,INV3143,2025-04-12,Corporate Card,55924.48,COMPLETED
TXN-UNMATCHED-1944,,2025-04-13,NEFT/RTGS,46019.4,COMPLETED
TXN-INV3145,INV3145,2025-04-14,Bank Transfer,49240.8,COMPLETED
TXN-INV3146,INV3146,2025-04-15,UPI Business,52040.36,COMPLETED
TXN-INV3147,INV3147,2025-04-16,Corporate Card,56625.92,COMPLETED
TXN-INV3148,INV3148,2025-04-17,NEFT/RTGS,46594.8,COMPLETED
TXN-INV3149,INV3149,2025-04-18,Bank Transfer,49854.56,COMPLETED
TXN-INV3150,INV3150,2025-04-19,UPI Business,52687,COMPLETED
TXN-INV3151,INV3151,2025-04-20,Corporate Card,57327.36,COMPLETED
TXN-INV3152,INV3152,2025-04-21,NEFT/RTGS,47170.2,COMPLETED
TXN-INV3153,INV3153,2025-04-22,Bank Transfer,50468.32,COMPLETED
TXN-INV3154,INV3154,2025-04-23,UPI Business,53333.64,COMPLETED
TXN-INV3155,INV3155,2025-04-24,Corporate Card,58028.8,COMPLETED
TXN-INV3156,INV3156,2025-04-25,NEFT/RTGS,47745.6,COMPLETED
TXN-INV3157,INV3157,2025-04-26,Bank Transfer,51082.08,COMPLETED
TXN-INV3158,INV3158,2025-04-27,UPI Business,53980.28,COMPLETED
TXN-INV3159,INV3159,2025-04-28,Corporate Card,58730.24,COMPLETED
TXN-INV3160,INV3160,2025-04-01,NEFT/RTGS,48321,COMPLETED
TXN-INV3161,INV3161,2025-04-02,Bank Transfer,51695.84,COMPLETED
TXN-INV3162,INV3162,2025-04-03,UPI Business,54626.92,COMPLETED
TXN-INV3163,INV3163,2025-04-04,Corporate Card,59431.68,COMPLETED
TXN-INV3164,INV3164,2025-04-05,NEFT/RTGS,48896.4,COMPLETED
TXN-INV3165,INV3165,2025-04-06,Bank Transfer,52309.6,COMPLETED
TXN-INV3166,INV3166,2025-04-07,UPI Business,55273.56,COMPLETED
TXN-INV3167,INV3167,2025-04-08,Corporate Card,60133.12,COMPLETED
TXN-INV3168,INV3168,2025-04-09,NEFT/RTGS,49471.8,COMPLETED
TXN-INV3169,INV3169,2025-04-10,Bank Transfer,52923.36,COMPLETED
TXN-INV3170,INV3170,2025-04-11,UPI Business,55920.2,COMPLETED
TXN-INV3171,INV3171,2025-04-12,Corporate Card,60834.56,COMPLETED
TXN-INV3172,INV3172,2025-04-13,NEFT/RTGS,50047.2,COMPLETED
TXN-INV3173,INV3173,2025-04-14,Bank Transfer,53537.12,COMPLETED
TXN-INV3174,INV3174,2025-04-15,UPI Business,56566.84,COMPLETED
TXN-INV3175,INV3175,2025-04-16,Corporate Card,61536,COMPLETED
TXN-INV3176,INV3176,2025-04-17,NEFT/RTGS,50622.6,COMPLETED
TXN-INV3177,INV3177,2025-04-18,Bank Transfer,54150.88,COMPLETED
TXN-INV3178,INV3178,2025-04-19,UPI Business,57213.48,COMPLETED
TXN-INV3179,INV3179,2025-04-20,Corporate Card,62237.44,COMPLETED
TXN-INV3180,INV3180,2025-04-21,NEFT/RTGS,51198,COMPLETED
TXN-INV3181,INV3181,2025-04-22,Bank Transfer,54764.64,COMPLETED
TXN-INV3182,INV3182,2025-04-23,UPI Business,57860.12,COMPLETED
TXN-INV3183,INV3183,2025-04-24,Corporate Card,62938.88,COMPLETED
TXN-INV3184,INV3184,2025-04-25,NEFT/RTGS,51773.4,COMPLETED
TXN-INV3185,INV3185,2025-04-26,Bank Transfer,55378.4,COMPLETED
TXN-INV3186,INV3186,2025-04-27,UPI Business,58506.76,COMPLETED
TXN-INV3187,INV3187,2025-04-28,Corporate Card,63640.32,COMPLETED
TXN-INV3188,INV3188,2025-04-01,NEFT/RTGS,52348.8,COMPLETED
TXN-INV3189,INV3189,2025-04-02,Bank Transfer,55992.16,COMPLETED
TXN-INV3190,INV3190,2025-04-03,UPI Business,59153.4,COMPLETED
TXN-INV3191,INV3191,2025-04-04,Corporate Card,64341.76,COMPLETED
TXN-INV3192,INV3192,2025-04-05,NEFT/RTGS,52924.2,COMPLETED
TXN-INV3193,INV3193,2025-04-06,Bank Transfer,56605.92,COMPLETED
TXN-INV3194,INV3194,2025-04-07,UPI Business,59800.04,COMPLETED
TXN-INV3195,INV3195,2025-04-08,Corporate Card,65043.2,COMPLETED
TXN-INV3196,INV3196,2025-04-09,NEFT/RTGS,53499.6,COMPLETED
TXN-INV3197,INV3197,2025-04-10,Bank Transfer,57219.68,COMPLETED
TXN-INV3198,INV3198,2025-04-11,UPI Business,60446.68,COMPLETED
TXN-INV3199,INV3199,2025-04-12,Corporate Card,65744.64,COMPLETED
TXN-INV3200,INV3200,2025-04-13,NEFT/RTGS,997500,COMPLETED
TXN-INV3201,INV3201,2025-04-14,Bank Transfer,57833.44,COMPLETED
TXN-INV3202,INV3202,2025-04-15,UPI Business,61093.32,COMPLETED
TXN-INV3203,INV3203,2025-04-16,Corporate Card,66446.08,COMPLETED
TXN-INV3204,INV3204,2025-04-17,NEFT/RTGS,54650.4,COMPLETED
TXN-INV3205,INV3205,2025-04-18,Bank Transfer,58447.2,COMPLETED
TXN-INV3206,INV3206,2025-04-19,UPI Business,61739.96,COMPLETED
TXN-INV3207,INV3207,2025-04-20,Corporate Card,67147.52,COMPLETED
TXN-INV3208,INV3208,2025-04-21,NEFT/RTGS,55225.8,COMPLETED
TXN-INV3209,INV3209,2025-04-22,Bank Transfer,59060.96,COMPLETED
TXN-INV3210,INV3210,2025-04-23,UPI Business,62386.6,COMPLETED
TXN-INV3211,INV3211,2025-04-24,Corporate Card,67848.96,COMPLETED
TXN-INV3212,INV3212,2025-04-25,NEFT/RTGS,55801.2,COMPLETED
TXN-INV3213,INV3213,2025-04-26,Bank Transfer,59674.72,COMPLETED
TXN-INV3214,INV3214,2025-04-27,UPI Business,63033.24,COMPLETED
TXN-INV3215,INV3215,2025-04-28,Corporate Card,68550.4,COMPLETED
TXN-INV3216,INV3216,2025-04-01,NEFT/RTGS,56376.6,COMPLETED
TXN-INV3217,INV3217,2025-04-02,Bank Transfer,60288.48,COMPLETED
TXN-INV3218,INV3218,2025-04-03,UPI Business,63679.88,COMPLETED
TXN-INV3219,INV3219,2025-04-04,Corporate Card,69251.84,COMPLETED
TXN-INV3220,INV3220,2025-04-05,NEFT/RTGS,56952,COMPLETED
TXN-INV3221,INV3221,2025-04-06,Bank Transfer,60902.24,COMPLETED
TXN-INV3222,INV3222,2025-04-07,UPI Business,64326.52,COMPLETED
TXN-INV3223,INV3223,2025-04-08,Corporate Card,69953.28,COMPLETED
TXN-INV3224,INV3224,2025-04-09,NEFT/RTGS,57527.4,COMPLETED
TXN-INV3225,INV3225,2025-04-10,Bank Transfer,61516,COMPLETED
TXN-INV3226,INV3226,2025-04-11,UPI Business,64973.16,COMPLETED
TXN-INV3227,INV3227,2025-04-12,Corporate Card,70654.72,COMPLETED
TXN-INV3228,INV3228,2025-04-13,NEFT/RTGS,58102.8,COMPLETED
TXN-INV3229,INV3229,2025-04-14,Bank Transfer,62129.76,COMPLETED
TXN-INV3230,INV3230,2025-04-15,UPI Business,65619.8,COMPLETED
TXN-INV3231,INV3231,2025-04-16,Corporate Card,71356.16,COMPLETED
TXN-INV3232,INV3232,2025-04-17,NEFT/RTGS,58678.2,COMPLETED
TXN-INV3233,INV3233,2025-04-18,Bank Transfer,62743.52,COMPLETED
TXN-INV3234,INV3234,2025-04-19,UPI Business,66266.44,COMPLETED
TXN-INV3235,INV3235,2025-04-20,Corporate Card,72057.6,COMPLETED
TXN-INV3236,INV3236,2025-04-21,NEFT/RTGS,59253.6,COMPLETED
TXN-INV3237,INV3237,2025-04-22,Bank Transfer,63357.28,COMPLETED
TXN-INV3238,INV3238,2025-04-23,UPI Business,66913.08,COMPLETED
TXN-INV3239,INV3239,2025-04-24,Corporate Card,72759.04,COMPLETED
TXN-INV3240,INV3240,2025-04-25,NEFT/RTGS,59829,COMPLETED
TXN-INV3241,INV3241,2025-04-26,Bank Transfer,63971.04,COMPLETED
TXN-INV3242,INV3242,2025-04-27,UPI Business,67559.72,COMPLETED
TXN-INV3243,INV3243,2025-04-28,Corporate Card,73460.48,COMPLETED
TXN-INV3244,INV3244,2025-04-01,NEFT/RTGS,60404.4,COMPLETED
TXN-INV3245,INV3245,2025-04-02,Bank Transfer,64584.8,COMPLETED
TXN-INV3246,INV3246,2025-04-03,UPI Business,68206.36,COMPLETED
TXN-INV3247,INV3247,2025-04-04,Corporate Card,74161.92,COMPLETED
TXN-INV3248,INV3248,2025-04-05,NEFT/RTGS,60979.8,COMPLETED
TXN-INV3249,INV3249,2025-04-06,Bank Transfer,65198.56,COMPLETED
TXN-INV3250,INV3250,2025-04-07,UPI Business,68853,COMPLETED
TXN-INV3251,INV3251,2025-04-08,Corporate Card,74863.36,COMPLETED
TXN-INV3252,INV3252,2025-04-09,NEFT/RTGS,61555.2,COMPLETED
TXN-INV3253,INV3253,2025-04-10,Bank Transfer,65812.32,COMPLETED
TXN-INV3254,INV3254,2025-04-11,UPI Business,69499.64,COMPLETED
TXN-INV3255,INV3255,2025-04-12,Corporate Card,75564.8,COMPLETED
TXN-INV3256,INV3256,2025-04-13,NEFT/RTGS,62130.6,COMPLETED
TXN-INV3257,INV3257,2025-04-14,Bank Transfer,66426.08,COMPLETED
TXN-INV3258,INV3258,2025-04-15,UPI Business,70146.28,COMPLETED
TXN-INV3259,INV3259,2025-04-16,Corporate Card,76266.24,COMPLETED
TXN-INV3260,INV3260,2025-04-17,NEFT/RTGS,62706,COMPLETED
TXN-INV3261,INV3261,2025-04-18,Bank Transfer,67039.84,COMPLETED
TXN-INV3262,INV3262,2025-04-19,UPI Business,70792.92,COMPLETED
TXN-INV3263,INV3263,2025-04-20,Corporate Card,76967.68,COMPLETED
TXN-INV3264,INV3264,2025-04-21,NEFT/RTGS,63281.4,COMPLETED
TXN-INV3265,INV3265,2025-04-22,Bank Transfer,67653.6,COMPLETED
TXN-INV3266,INV3266,2025-04-23,UPI Business,71439.56,COMPLETED
TXN-INV3267,INV3267,2025-04-24,Corporate Card,77669.12,COMPLETED
TXN-INV3268,INV3268,2025-04-25,NEFT/RTGS,63856.8,COMPLETED
TXN-INV3269,INV3269,2025-04-26,Bank Transfer,68267.36,COMPLETED
TXN-INV3270,INV3270,2025-04-27,UPI Business,72086.2,COMPLETED
TXN-INV3271,INV3271,2025-04-28,Corporate Card,78370.56,COMPLETED
TXN-INV3272,INV3272,2025-04-01,NEFT/RTGS,64432.2,COMPLETED
TXN-INV3273,INV3273,2025-04-02,Bank Transfer,68881.12,COMPLETED
TXN-INV3274,INV3274,2025-04-03,UPI Business,72732.84,COMPLETED
TXN-INV3275,INV3275,2025-04-04,Corporate Card,79072,COMPLETED
TXN-INV3276,INV3276,2025-04-05,NEFT/RTGS,65007.6,COMPLETED
TXN-INV3277,INV3277,2025-04-06,Bank Transfer,69494.88,COMPLETED
TXN-INV3278,INV3278,2025-04-07,UPI Business,73379.48,COMPLETED
TXN-INV3279,INV3279,2025-04-08,Corporate Card,79773.44,COMPLETED
TXN-INV3280,INV3280,2025-04-09,NEFT/RTGS,65583,COMPLETED
TXN-INV3281,INV3281,2025-04-10,Bank Transfer,70108.64,COMPLETED
TXN-INV3282,INV3282,2025-04-11,UPI Business,74026.12,COMPLETED
TXN-INV3283,INV3283,2025-04-12,Corporate Card,80474.88,COMPLETED
TXN-INV3284,INV3284,2025-04-13,NEFT/RTGS,66158.4,COMPLETED
TXN-INV3285,INV3285,2025-04-14,Bank Transfer,70722.4,COMPLETED
TXN-INV3286,INV3286,2025-04-15,UPI Business,74672.76,COMPLETED
TXN-INV3287,INV3287,2025-04-16,Corporate Card,81176.32,COMPLETED
TXN-INV3288,INV3288,2025-04-17,NEFT/RTGS,66733.8,COMPLETED
TXN-INV3289,INV3289,2025-04-18,Bank Transfer,71336.16,COMPLETED
TXN-INV3290,INV3290,2025-04-19,UPI Business,75319.4,COMPLETED
TXN-INV3291,INV3291,2025-04-20,Corporate Card,81877.76,COMPLETED
TXN-INV3292,INV3292,2025-04-21,NEFT/RTGS,67309.2,COMPLETED
TXN-INV3293,INV3293,2025-04-22,Bank Transfer,71949.92,COMPLETED
TXN-INV3294,INV3294,2025-04-23,UPI Business,75966.04,COMPLETED
TXN-INV3295,INV3295,2025-04-24,Corporate Card,82579.2,COMPLETED
TXN-INV3296,INV3296,2025-04-25,NEFT/RTGS,67884.6,COMPLETED
TXN-INV3297,INV3297,2025-04-26,Bank Transfer,72563.68,COMPLETED
TXN-INV3298,INV3298,2025-04-27,UPI Business,76612.68,COMPLETED
TXN-INV3299,INV3299,2025-04-28,Corporate Card,83280.64,COMPLETED
TXN-INV3300,INV3300,2025-04-01,NEFT/RTGS,68460,COMPLETED
TXN-INV3301,INV3301,2025-04-02,Bank Transfer,73177.44,COMPLETED
TXN-INV3302,INV3302,2025-04-03,UPI Business,77259.32,COMPLETED
TXN-INV3303,INV3303,2025-04-04,Corporate Card,83982.08,COMPLETED
TXN-INV3304,INV3304,2025-04-05,NEFT/RTGS,69035.4,COMPLETED
TXN-INV3305,INV3305,2025-04-06,Bank Transfer,73791.2,COMPLETED
TXN-INV3306,INV3306,2025-04-07,UPI Business,77905.96,COMPLETED
TXN-INV3307,INV3307,2025-04-08,Corporate Card,84683.52,COMPLETED
TXN-INV3308,INV3308,2025-04-09,NEFT/RTGS,69610.8,COMPLETED
TXN-INV3309,INV3309,2025-04-10,Bank Transfer,74404.96,COMPLETED
TXN-INV3310,INV3310,2025-04-11,UPI Business,78552.6,COMPLETED
TXN-INV3311,INV3311,2025-04-12,Corporate Card,85384.96,COMPLETED
TXN-INV3312,INV3312,2025-04-13,NEFT/RTGS,70186.2,COMPLETED
TXN-INV3313,INV3313,2025-04-14,Bank Transfer,75018.72,COMPLETED
TXN-INV3314,INV3314,2025-04-15,UPI Business,79199.24,COMPLETED
TXN-INV3315,INV3315,2025-04-16,Corporate Card,86086.4,COMPLETED
TXN-INV3316,INV3316,2025-04-17,NEFT/RTGS,70761.6,COMPLETED
TXN-INV3317,INV3317,2025-04-18,Bank Transfer,75632.48,COMPLETED
TXN-INV3318,INV3318,2025-04-19,UPI Business,79845.88,COMPLETED
TXN-INV3319,INV3319,2025-04-20,Corporate Card,86787.84,COMPLETED
TXN-INV3320,INV3320,2025-04-21,NEFT/RTGS,71337,COMPLETED
TXN-INV3321,INV3321,2025-04-22,Bank Transfer,76246.24,COMPLETED
TXN-INV3322,INV3322,2025-04-23,UPI Business,80492.52,COMPLETED
TXN-INV3323,INV3323,2025-04-24,Corporate Card,87489.28,COMPLETED
TXN-INV3324,INV3324,2025-04-25,NEFT/RTGS,71912.4,COMPLETED
TXN-INV3325,INV3325,2025-04-26,Bank Transfer,76860,COMPLETED
TXN-INV3326,INV3326,2025-04-27,UPI Business,81139.16,COMPLETED
TXN-INV3327,INV3327,2025-04-28,Corporate Card,88190.72,COMPLETED
TXN-INV3328,INV3328,2025-04-01,NEFT/RTGS,72487.8,COMPLETED
TXN-INV3329,INV3329,2025-04-02,Bank Transfer,77473.76,COMPLETED
TXN-INV3330,INV3330,2025-04-03,UPI Business,81785.8,COMPLETED
TXN-INV3331,INV3331,2025-04-04,Corporate Card,88892.16,COMPLETED
TXN-INV3332,INV3332,2025-04-05,NEFT/RTGS,73063.2,COMPLETED
TXN-INV3333,INV3333,2025-04-06,Bank Transfer,78087.52,COMPLETED
TXN-INV3334,INV3334,2025-04-07,UPI Business,82432.44,COMPLETED
TXN-INV3335,INV3335,2025-04-08,Corporate Card,89593.6,COMPLETED
TXN-INV3336,INV3336,2025-04-09,NEFT/RTGS,73638.6,COMPLETED
TXN-INV3337,INV3337,2025-04-10,Bank Transfer,78701.28,COMPLETED
TXN-INV3338,INV3338,2025-04-11,UPI Business,83079.08,COMPLETED
TXN-INV3339,INV3339,2025-04-12,Corporate Card,90295.04,COMPLETED
TXN-INV3340,INV3340,2025-04-13,NEFT/RTGS,74214,COMPLETED
TXN-INV3341,INV3341,2025-04-14,Bank Transfer,79315.04,COMPLETED
TXN-INV3342,INV3342,2025-04-15,UPI Business,83725.72,COMPLETED
TXN-INV3343,INV3343,2025-04-16,Corporate Card,90996.48,COMPLETED
TXN-INV3344,INV3344,2025-04-17,NEFT/RTGS,74789.4,COMPLETED
TXN-INV3345,INV3345,2025-04-18,Bank Transfer,79928.8,COMPLETED
TXN-INV3346,INV3346,2025-04-19,UPI Business,84372.36,COMPLETED
TXN-INV3347,INV3347,2025-04-20,Corporate Card,91697.92,COMPLETED
TXN-INV3348,INV3348,2025-04-21,NEFT/RTGS,75364.8,COMPLETED
TXN-INV3349,INV3349,2025-04-22,Bank Transfer,80542.56,COMPLETED
TXN-INV3350,INV3350,2025-04-23,UPI Business,85019,COMPLETED
TXN-INV3351,INV3351,2025-04-24,Corporate Card,92399.36,COMPLETED
TXN-INV3352,INV3352,2025-04-25,NEFT/RTGS,75940.2,COMPLETED
TXN-INV3353,INV3353,2025-04-26,Bank Transfer,81156.32,COMPLETED
TXN-INV3354,INV3354,2025-04-27,UPI Business,85665.64,COMPLETED
TXN-INV3355,INV3355,2025-04-28,Corporate Card,93100.8,COMPLETED
TXN-INV3356,INV3356,2025-04-01,NEFT/RTGS,76515.6,COMPLETED
TXN-INV3357,INV3357,2025-04-02,Bank Transfer,81770.08,COMPLETED
TXN-INV3358,INV3358,2025-04-03,UPI Business,86312.28,COMPLETED
TXN-INV3359,INV3359,2025-04-04,Corporate Card,93802.24,COMPLETED
TXN-INV3360,INV3360,2025-04-05,NEFT/RTGS,77091,COMPLETED
TXN-INV3361,INV3361,2025-04-06,Bank Transfer,82383.84,COMPLETED
TXN-INV3362,INV3362,2025-04-07,UPI Business,86958.92,COMPLETED
TXN-INV3363,INV3363,2025-04-08,Corporate Card,94503.68,COMPLETED
TXN-INV3364,INV3364,2025-04-09,NEFT/RTGS,77666.4,COMPLETED
TXN-INV3365,INV3365,2025-04-10,Bank Transfer,82997.6,COMPLETED
TXN-INV3366,INV3366,2025-04-11,UPI Business,87605.56,COMPLETED
TXN-INV3367,INV3367,2025-04-12,Corporate Card,95205.12,COMPLETED
TXN-INV3368,INV3368,2025-04-13,NEFT/RTGS,78241.8,COMPLETED
TXN-INV3369,INV3369,2025-04-14,Bank Transfer,83611.36,COMPLETED
TXN-INV3370,INV3370,2025-04-15,UPI Business,88252.2,COMPLETED
TXN-INV3371,INV3371,2025-04-16,Corporate Card,95906.56,COMPLETED
TXN-INV3372,INV3372,2025-04-17,NEFT/RTGS,78817.2,COMPLETED
TXN-INV3373,INV3373,2025-04-18,Bank Transfer,84225.12,COMPLETED
TXN-INV3374,INV3374,2025-04-19,UPI Business,88898.84,COMPLETED
TXN-INV3375,INV3375,2025-04-20,Corporate Card,96608,COMPLETED
TXN-INV3376,INV3376,2025-04-21,NEFT/RTGS,79392.6,COMPLETED
TXN-INV3377,INV3377,2025-04-22,Bank Transfer,84838.88,COMPLETED
TXN-INV3378,INV3378,2025-04-23,UPI Business,89545.48,COMPLETED
TXN-INV3379,INV3379,2025-04-24,Corporate Card,97309.44,COMPLETED
TXN-INV3380,INV3380,2025-04-25,NEFT/RTGS,79968,COMPLETED
TXN-INV3381,INV3381,2025-04-26,Bank Transfer,85452.64,COMPLETED
TXN-INV3382,INV3382,2025-04-27,UPI Business,90192.12,COMPLETED
TXN-INV3383,INV3383,2025-04-28,Corporate Card,98010.88,COMPLETED
TXN-INV3384,INV3384,2025-04-01,NEFT/RTGS,80543.4,COMPLETED
TXN-INV3385,INV3385,2025-04-02,Bank Transfer,86066.4,COMPLETED
TXN-INV3386,INV3386,2025-04-03,UPI Business,90838.76,COMPLETED
TXN-INV3387,INV3387,2025-04-04,Corporate Card,98712.32,COMPLETED
TXN-INV3388,INV3388,2025-04-05,NEFT/RTGS,81118.8,COMPLETED
TXN-INV3389,INV3389,2025-04-06,Bank Transfer,86680.16,COMPLETED
TXN-INV3390,INV3390,2025-04-07,UPI Business,2985.4,COMPLETED
TXN-INV3391,INV3391,2025-04-08,Corporate Card,3413.76,COMPLETED
TXN-INV3392,INV3392,2025-04-09,NEFT/RTGS,2944.2,COMPLETED
TXN-INV3393,INV3393,2025-04-10,Bank Transfer,3293.92,COMPLETED
TXN-INV3394,INV3394,2025-04-11,UPI Business,3632.04,COMPLETED
TXN-INV3395,INV3395,2025-04-12,Corporate Card,4115.2,COMPLETED
TXN-INV3396,INV3396,2025-04-13,NEFT/RTGS,3519.6,COMPLETED
TXN-INV3397,INV3397,2025-04-14,Bank Transfer,3907.68,COMPLETED
TXN-INV3398,INV3398,2025-04-15,UPI Business,4278.68,COMPLETED
TXN-INV3399,INV3399,2025-04-16,Corporate Card,4816.64,COMPLETED
TXN-INV3400,INV3400,2025-04-17,NEFT/RTGS,4095,COMPLETED
TXN-INV3401,INV3401,2025-04-18,Bank Transfer,4521.44,COMPLETED
TXN-INV3402,INV3402,2025-04-19,UPI Business,4925.32,COMPLETED
TXN-INV3403,INV3403,2025-04-20,Corporate Card,5518.08,COMPLETED
TXN-INV3404,INV3404,2025-04-21,NEFT/RTGS,4670.4,COMPLETED
TXN-INV3405,INV3405,2025-04-22,Bank Transfer,5135.2,COMPLETED
TXN-INV3406,INV3406,2025-04-23,UPI Business,5571.96,COMPLETED
TXN-INV3407,INV3407,2025-04-24,Corporate Card,6219.52,COMPLETED
TXN-INV3408,INV3408,2025-04-25,NEFT/RTGS,5245.8,COMPLETED
TXN-INV3409,INV3409,2025-04-26,Bank Transfer,5748.96,COMPLETED
TXN-INV3410,INV3410,2025-04-27,UPI Business,6218.6,COMPLETED
TXN-INV3411,INV3411,2025-04-28,Corporate Card,6920.96,COMPLETED
TXN-INV3412,INV3412,2025-04-01,NEFT/RTGS,5821.2,COMPLETED
TXN-INV3413,INV3413,2025-04-02,Bank Transfer,6362.72,COMPLETED
TXN-INV3414,INV3414,2025-04-03,UPI Business,6865.24,COMPLETED
TXN-INV3415,INV3415,2025-04-04,Corporate Card,7622.4,COMPLETED
TXN-INV3416,INV3416,2025-04-05,NEFT/RTGS,6396.6,COMPLETED
TXN-INV3417,INV3417,2025-04-06,Bank Transfer,6976.48,COMPLETED
TXN-INV3418,INV3418,2025-04-07,UPI Business,7511.88,COMPLETED
TXN-INV3419,INV3419,2025-04-08,Corporate Card,8323.84,COMPLETED
TXN-INV3420,INV3420,2025-04-09,NEFT/RTGS,6972,COMPLETED
TXN-INV3421,INV3421,2025-04-10,Bank Transfer,7590.24,COMPLETED
TXN-INV3422,INV3422,2025-04-11,UPI Business,8158.52,COMPLETED
TXN-INV3423,INV3423,2025-04-12,Corporate Card,9025.28,COMPLETED
TXN-INV3424,INV3424,2025-04-13,NEFT/RTGS,7547.4,COMPLETED
TXN-INV3425,INV3425,2025-04-14,Bank Transfer,8204,COMPLETED
TXN-INV3426,INV3426,2025-04-15,UPI Business,8805.16,COMPLETED
TXN-INV3427,INV3427,2025-04-16,Corporate Card,9726.72,COMPLETED
TXN-INV3428,INV3428,2025-04-17,NEFT/RTGS,8122.8,COMPLETED
TXN-INV3429,INV3429,2025-04-18,Bank Transfer,8817.76,COMPLETED
TXN-INV3430,INV3430,2025-04-19,UPI Business,9451.8,COMPLETED
TXN-INV3431,INV3431,2025-04-20,Corporate Card,10428.16,COMPLETED
TXN-INV3432,INV3432,2025-04-21,NEFT/RTGS,8698.2,COMPLETED
TXN-INV3433,INV3433,2025-04-22,Bank Transfer,9431.52,COMPLETED
TXN-INV3434,INV3434,2025-04-23,UPI Business,10098.44,COMPLETED
TXN-INV3435,INV3435,2025-04-24,Corporate Card,11129.6,COMPLETED
TXN-INV3436,INV3436,2025-04-25,NEFT/RTGS,9273.6,COMPLETED
TXN-INV3437,INV3437,2025-04-26,Bank Transfer,10045.28,COMPLETED
TXN-INV3438,INV3438,2025-04-27,UPI Business,10745.08,COMPLETED
TXN-INV3439,INV3439,2025-04-28,Corporate Card,11831.04,COMPLETED
TXN-INV3440,INV3440,2025-04-01,NEFT/RTGS,9849,COMPLETED
TXN-INV3441,INV3441,2025-04-02,Bank Transfer,10659.04,COMPLETED
TXN-INV3442,INV3442,2025-04-03,UPI Business,11391.72,COMPLETED
TXN-INV3443,INV3443,2025-04-04,Corporate Card,12532.48,COMPLETED
TXN-INV3444,INV3444,2025-04-05,NEFT/RTGS,10424.4,COMPLETED
TXN-INV3445,INV3445,2025-04-06,Bank Transfer,11272.8,COMPLETED
TXN-INV3446,INV3446,2025-04-07,UPI Business,12038.36,COMPLETED
TXN-INV3447,INV3447,2025-04-08,Corporate Card,13233.92,COMPLETED
TXN-INV3448,INV3448,2025-04-09,NEFT/RTGS,10999.8,COMPLETED
TXN-INV3449,INV3449,2025-04-10,Bank Transfer,11886.56,COMPLETED
TXN-INV3450,INV3450,2025-04-11,UPI Business,1003000,COMPLETED
TXN-INV3451,INV3451,2025-04-12,Corporate Card,13935.36,COMPLETED
TXN-INV3452,INV3452,2025-04-13,NEFT/RTGS,11575.2,COMPLETED
TXN-INV3453,INV3453,2025-04-14,Bank Transfer,12500.32,COMPLETED
TXN-INV3454,INV3454,2025-04-15,UPI Business,13331.64,COMPLETED
TXN-INV3455,INV3455,2025-04-16,Corporate Card,14636.8,COMPLETED
TXN-INV3456,INV3456,2025-04-17,NEFT/RTGS,12150.6,COMPLETED
TXN-INV3457,INV3457,2025-04-18,Bank Transfer,13114.08,COMPLETED
TXN-INV3458,INV3458,2025-04-19,UPI Business,13978.28,COMPLETED
TXN-INV3459,INV3459,2025-04-20,Corporate Card,15338.24,COMPLETED
TXN-INV3460,INV3460,2025-04-21,NEFT/RTGS,12726,COMPLETED
TXN-INV3461,INV3461,2025-04-22,Bank Transfer,13727.84,COMPLETED
TXN-INV3462,INV3462,2025-04-23,UPI Business,14624.92,COMPLETED
TXN-INV3463,INV3463,2025-04-24,Corporate Card,16039.68,COMPLETED
TXN-INV3464,INV3464,2025-04-25,NEFT/RTGS,13301.4,COMPLETED
TXN-INV3465,INV3465,2025-04-26,Bank Transfer,14341.6,COMPLETED
TXN-INV3466,INV3466,2025-04-27,UPI Business,15271.56,COMPLETED
TXN-INV3467,INV3467,2025-04-28,Corporate Card,16741.12,COMPLETED
TXN-INV3468,INV3468,2025-04-01,NEFT/RTGS,13876.8,COMPLETED
TXN-INV3469,INV3469,2025-04-02,Bank Transfer,14955.36,COMPLETED
TXN-INV3470,INV3470,2025-04-03,UPI Business,15918.2,COMPLETED
TXN-INV3471,INV3471,2025-04-04,Corporate Card,17442.56,COMPLETED
TXN-INV3472,INV3472,2025-04-05,NEFT/RTGS,14452.2,COMPLETED
TXN-INV3473,INV3473,2025-04-06,Bank Transfer,15569.12,COMPLETED
TXN-INV3474,INV3474,2025-04-07,UPI Business,16564.84,COMPLETED
TXN-INV3475,INV3475,2025-04-08,Corporate Card,18144,COMPLETED
TXN-INV3476,INV3476,2025-04-09,NEFT/RTGS,15027.6,COMPLETED
TXN-INV3477,INV3477,2025-04-10,Bank Transfer,16182.88,COMPLETED
TXN-INV3478,INV3478,2025-04-11,UPI Business,17211.48,COMPLETED
TXN-INV3479,INV3479,2025-04-12,Corporate Card,18845.44,COMPLETED
TXN-INV3480,INV3480,2025-04-13,NEFT/RTGS,15603,COMPLETED
TXN-INV3481,INV3481,2025-04-14,Bank Transfer,16796.64,COMPLETED
TXN-INV3482,INV3482,2025-04-15,UPI Business,17858.12,COMPLETED
TXN-INV3483,INV3483,2025-04-16,Corporate Card,19546.88,COMPLETED
TXN-INV3484,INV3484,2025-04-17,NEFT/RTGS,16178.4,COMPLETED
TXN-INV3485,INV3485,2025-04-18,Bank Transfer,17410.4,COMPLETED
TXN-INV3486,INV3486,2025-04-19,UPI Business,18504.76,COMPLETED
TXN-INV3487,INV3487,2025-04-20,Corporate Card,20248.32,COMPLETED
TXN-INV3488,INV3488,2025-04-21,NEFT/RTGS,16753.8,COMPLETED
TXN-INV3489,INV3489,2025-04-22,Bank Transfer,18024.16,COMPLETED
TXN-INV3490,INV3490,2025-04-23,UPI Business,19151.4,COMPLETED
TXN-INV3491,INV3491,2025-04-24,Corporate Card,20949.76,COMPLETED
TXN-INV3492,INV3492,2025-04-25,NEFT/RTGS,17329.2,COMPLETED
TXN-INV3493,INV3493,2025-04-26,Bank Transfer,18637.92,COMPLETED
TXN-INV3494,INV3494,2025-04-27,UPI Business,19798.04,COMPLETED
TXN-INV3495,INV3495,2025-04-28,Corporate Card,21651.2,COMPLETED
TXN-INV3496,INV3496,2025-04-01,NEFT/RTGS,17904.6,COMPLETED
TXN-INV3497,INV3497,2025-04-02,Bank Transfer,19251.68,COMPLETED
TXN-INV3498,INV3498,2025-04-03,UPI Business,20444.68,COMPLETED
TXN-INV3499,INV3499,2025-04-04,Corporate Card,22352.64,COMPLETED
TXN-INV3500,INV3500,2025-04-05,NEFT/RTGS,18480,COMPLETED
TXN-INV3501,INV3501,2025-04-06,Bank Transfer,19865.44,COMPLETED
TXN-INV3502,INV3502,2025-04-07,UPI Business,21091.32,COMPLETED
TXN-INV3503,INV3503,2025-04-08,Corporate Card,23054.08,COMPLETED
TXN-INV3504,INV3504,2025-04-09,NEFT/RTGS,19055.4,COMPLETED
TXN-INV3505,INV3505,2025-04-10,Bank Transfer,20479.2,COMPLETED
TXN-INV3506,INV3506,2025-04-11,UPI Business,21737.96,COMPLETED
TXN-INV3507,INV3507,2025-04-12,Corporate Card,23755.52,COMPLETED
TXN-INV3508,INV3508,2025-04-13,NEFT/RTGS,19630.8,COMPLETED
TXN-INV3509,INV3509,2025-04-14,Bank Transfer,21092.96,COMPLETED
TXN-INV3510,INV3510,2025-04-15,UPI Business,22384.6,COMPLETED
TXN-INV3511,INV3511,2025-04-16,Corporate Card,24456.96,COMPLETED
TXN-INV3512,INV3512,2025-04-17,NEFT/RTGS,20206.2,COMPLETED
TXN-INV3513,INV3513,2025-04-18,Bank Transfer,21706.72,COMPLETED
TXN-INV3514,INV3514,2025-04-19,UPI Business,23031.24,COMPLETED
TXN-INV3515,INV3515,2025-04-20,Corporate Card,25158.4,COMPLETED
TXN-INV3516,INV3516,2025-04-21,NEFT/RTGS,20781.6,COMPLETED
TXN-INV3517,INV3517,2025-04-22,Bank Transfer,22320.48,COMPLETED
TXN-INV3518,INV3518,2025-04-23,UPI Business,23677.88,COMPLETED
TXN-INV3519,INV3519,2025-04-24,Corporate Card,25859.84,COMPLETED
TXN-INV3520,INV3520,2025-04-25,NEFT/RTGS,21357,COMPLETED
TXN-INV3521,INV3521,2025-04-26,Bank Transfer,22934.24,COMPLETED
TXN-INV3522,INV3522,2025-04-27,UPI Business,24324.52,COMPLETED
TXN-INV3523,INV3523,2025-04-28,Corporate Card,26561.28,COMPLETED
TXN-INV3524,INV3524,2025-04-01,NEFT/RTGS,21932.4,COMPLETED
TXN-INV3525,INV3525,2025-04-02,Bank Transfer,23548,COMPLETED
TXN-INV3526,INV3526,2025-04-03,UPI Business,24971.16,COMPLETED
TXN-INV3527,INV3527,2025-04-04,Corporate Card,27262.72,COMPLETED
TXN-INV3528,INV3528,2025-04-05,NEFT/RTGS,22507.8,COMPLETED
TXN-INV3529,INV3529,2025-04-06,Bank Transfer,24161.76,COMPLETED
TXN-INV3530,INV3530,2025-04-07,UPI Business,25617.8,COMPLETED
TXN-INV3531,INV3531,2025-04-08,Corporate Card,27964.16,COMPLETED
TXN-INV3532,INV3532,2025-04-09,NEFT/RTGS,23083.2,COMPLETED
TXN-INV3533,INV3533,2025-04-10,Bank Transfer,24775.52,COMPLETED
TXN-INV3534,INV3534,2025-04-11,UPI Business,26264.44,COMPLETED
TXN-INV3535,INV3535,2025-04-12,Corporate Card,28665.6,COMPLETED
TXN-INV3536,INV3536,2025-04-13,NEFT/RTGS,23658.6,COMPLETED
TXN-INV3537,INV3537,2025-04-14,Bank Transfer,25389.28,COMPLETED
TXN-INV3538,INV3538,2025-04-15,UPI Business,26911.08,COMPLETED
TXN-INV3539,INV3539,2025-04-16,Corporate Card,29367.04,COMPLETED
TXN-INV3540,INV3540,2025-04-17,NEFT/RTGS,24234,COMPLETED
TXN-INV3541,INV3541,2025-04-18,Bank Transfer,26003.04,COMPLETED
TXN-INV3542,INV3542,2025-04-19,UPI Business,27557.72,COMPLETED
TXN-INV3543,INV3543,2025-04-20,Corporate Card,30068.48,COMPLETED
TXN-INV3544,INV3544,2025-04-21,NEFT/RTGS,24809.4,COMPLETED
TXN-INV3545,INV3545,2025-04-22,Bank Transfer,26616.8,COMPLETED
TXN-INV3546,INV3546,2025-04-23,UPI Business,28204.36,COMPLETED
TXN-INV3547,INV3547,2025-04-24,Corporate Card,30769.92,COMPLETED
TXN-INV3548,INV3548,2025-04-25,NEFT/RTGS,25384.8,COMPLETED
TXN-INV3549,INV3549,2025-04-26,Bank Transfer,27230.56,COMPLETED
TXN-INV3550,INV3550,2025-04-27,UPI Business,28851,COMPLETED
TXN-INV3551,INV3551,2025-04-28,Corporate Card,31471.36,COMPLETED
TXN-INV3552,INV3552,2025-04-01,NEFT/RTGS,25960.2,COMPLETED
TXN-INV3553,INV3553,2025-04-02,Bank Transfer,27844.32,COMPLETED
TXN-INV3554,INV3554,2025-04-03,UPI Business,29497.64,COMPLETED
TXN-INV3555,INV3555,2025-04-04,Corporate Card,32172.8,COMPLETED
TXN-INV3556,INV3556,2025-04-05,NEFT/RTGS,26535.6,COMPLETED
TXN-INV3557,INV3557,2025-04-06,Bank Transfer,28458.08,COMPLETED
TXN-INV3558,INV3558,2025-04-07,UPI Business,30144.28,COMPLETED
TXN-INV3559,INV3559,2025-04-08,Corporate Card,32874.24,COMPLETED
TXN-INV3560,INV3560,2025-04-09,NEFT/RTGS,27111,COMPLETED
TXN-INV3561,INV3561,2025-04-10,Bank Transfer,29071.84,COMPLETED
TXN-INV3562,INV3562,2025-04-11,UPI Business,30790.92,COMPLETED
TXN-INV3563,INV3563,2025-04-12,Corporate Card,33575.68,COMPLETED
TXN-INV3564,INV3564,2025-04-13,NEFT/RTGS,27686.4,COMPLETED
TXN-INV3565,INV3565,2025-04-14,Bank Transfer,29685.6,COMPLETED
TXN-INV3566,INV3566,2025-04-15,UPI Business,31437.56,COMPLETED
TXN-INV3567,INV3567,2025-04-16,Corporate Card,34277.12,COMPLETED
TXN-INV3568,INV3568,2025-04-17,NEFT/RTGS,28261.8,COMPLETED
TXN-INV3569,INV3569,2025-04-18,Bank Transfer,30299.36,COMPLETED
TXN-INV3570,INV3570,2025-04-19,UPI Business,32084.2,COMPLETED
TXN-INV3571,INV3571,2025-04-20,Corporate Card,34978.56,COMPLETED
TXN-INV3572,INV3572,2025-04-21,NEFT/RTGS,28837.2,COMPLETED
TXN-INV3573,INV3573,2025-04-22,Bank Transfer,30913.12,COMPLETED
TXN-INV3574,INV3574,2025-04-23,UPI Business,32730.84,COMPLETED
TXN-INV3575,INV3575,2025-04-24,Corporate Card,35680,COMPLETED
TXN-INV3576,INV3576,2025-04-25,NEFT/RTGS,29412.6,COMPLETED
TXN-INV3577,INV3577,2025-04-26,Bank Transfer,31526.88,COMPLETED
TXN-INV3578,INV3578,2025-04-27,UPI Business,33377.48,COMPLETED
TXN-INV3579,INV3579,2025-04-28,Corporate Card,36381.44,COMPLETED
TXN-INV3580,INV3580,2025-04-01,NEFT/RTGS,29988,COMPLETED
TXN-INV3581,INV3581,2025-04-02,Bank Transfer,32140.64,COMPLETED
TXN-INV3582,INV3582,2025-04-03,UPI Business,34024.12,COMPLETED
TXN-INV3583,INV3583,2025-04-04,Corporate Card,37082.88,COMPLETED
TXN-INV3584,INV3584,2025-04-05,NEFT/RTGS,30563.4,COMPLETED
TXN-INV3585,INV3585,2025-04-06,Bank Transfer,32754.4,COMPLETED
TXN-INV3586,INV3586,2025-04-07,UPI Business,34670.76,COMPLETED
TXN-INV3587,INV3587,2025-04-08,Corporate Card,37784.32,COMPLETED
TXN-INV3588,INV3588,2025-04-09,NEFT/RTGS,31138.8,COMPLETED
TXN-INV3589,INV3589,2025-04-10,Bank Transfer,33368.16,COMPLETED
TXN-INV3590,INV3590,2025-04-11,UPI Business,35317.4,COMPLETED
TXN-INV3591,INV3591,2025-04-12,Corporate Card,38485.76,COMPLETED
TXN-INV3592,INV3592,2025-04-13,NEFT/RTGS,31714.2,COMPLETED
TXN-INV3593,INV3593,2025-04-14,Bank Transfer,33981.92,COMPLETED
TXN-INV3594,INV3594,2025-04-15,UPI Business,35964.04,COMPLETED
TXN-INV3595,INV3595,2025-04-16,Corporate Card,39187.2,COMPLETED
TXN-INV3596,INV3596,2025-04-17,NEFT/RTGS,32289.6,COMPLETED
TXN-INV3597,INV3597,2025-04-18,Bank Transfer,34595.68,COMPLETED
TXN-INV3598,INV3598,2025-04-19,UPI Business,36610.68,COMPLETED
TXN-INV3599,INV3599,2025-04-20,Corporate Card,39888.64,COMPLETED
TXN-INV3600,INV3600,2025-04-21,NEFT/RTGS,32865,COMPLETED
TXN-INV3601,INV3601,2025-04-22,Bank Transfer,35209.44,COMPLETED
TXN-INV3602,INV3602,2025-04-23,UPI Business,37257.32,COMPLETED
TXN-INV3603,INV3603,2025-04-24,Corporate Card,40590.08,COMPLETED
TXN-INV3604,INV3604,2025-04-25,NEFT/RTGS,33440.4,COMPLETED
TXN-INV3605,INV3605,2025-04-26,Bank Transfer,35823.2,COMPLETED
TXN-INV3606,INV3606,2025-04-27,UPI Business,37903.96,COMPLETED
TXN-INV3607,INV3607,2025-04-28,Corporate Card,41291.52,COMPLETED
TXN-INV3608,INV3608,2025-04-01,NEFT/RTGS,34015.8,COMPLETED
TXN-INV3609,INV3609,2025-04-02,Bank Transfer,36436.96,COMPLETED
TXN-INV3610,INV3610,2025-04-03,UPI Business,38550.6,COMPLETED
TXN-INV3611,INV3611,2025-04-04,Corporate Card,41992.96,COMPLETED
TXN-INV3612,INV3612,2025-04-05,NEFT/RTGS,34591.2,COMPLETED
TXN-INV3613,INV3613,2025-04-06,Bank Transfer,37050.72,COMPLETED
TXN-INV3614,INV3614,2025-04-07,UPI Business,39197.24,COMPLETED
TXN-INV3615,INV3615,2025-04-08,Corporate Card,42694.4,COMPLETED
TXN-INV3616,INV3616,2025-04-09,NEFT/RTGS,35166.6,COMPLETED
TXN-INV3617,INV3617,2025-04-10,Bank Transfer,37664.48,COMPLETED
TXN-INV3618,INV3618,2025-04-11,UPI Business,39843.88,COMPLETED
TXN-INV3619,INV3619,2025-04-12,Corporate Card,43395.84,COMPLETED
TXN-INV3620,INV3620,2025-04-13,NEFT/RTGS,35742,COMPLETED
TXN-INV3621,INV3621,2025-04-14,Bank Transfer,38278.24,COMPLETED
TXN-INV3622,INV3622,2025-04-15,UPI Business,40490.52,COMPLETED
TXN-INV3623,INV3623,2025-04-16,Corporate Card,44097.28,COMPLETED
TXN-INV3624,INV3624,2025-04-17,NEFT/RTGS,36317.4,COMPLETED
TXN-INV3625,INV3625,2025-04-18,Bank Transfer,38892,COMPLETED
TXN-INV3626,INV3626,2025-04-19,UPI Business,41137.16,COMPLETED
TXN-INV3627,INV3627,2025-04-20,Corporate Card,44798.72,COMPLETED
TXN-INV3628,INV3628,2025-04-21,NEFT/RTGS,36892.8,COMPLETED
TXN-INV3629,INV3629,2025-04-22,Bank Transfer,39505.76,COMPLETED
TXN-INV3630,INV3630,2025-04-23,UPI Business,41783.8,COMPLETED
TXN-INV3631,INV3631,2025-04-24,Corporate Card,45500.16,COMPLETED
TXN-INV3632,INV3632,2025-04-25,NEFT/RTGS,37468.2,COMPLETED
TXN-INV3633,INV3633,2025-04-26,Bank Transfer,40119.52,COMPLETED
TXN-INV3634,INV3634,2025-04-27,UPI Business,42430.44,COMPLETED
TXN-INV3635,INV3635,2025-04-28,Corporate Card,46201.6,COMPLETED
TXN-INV3636,INV3636,2025-04-01,NEFT/RTGS,38043.6,COMPLETED
TXN-INV3637,INV3637,2025-04-02,Bank Transfer,40733.28,COMPLETED
TXN-INV3638,INV3638,2025-04-03,UPI Business,43077.08,COMPLETED
TXN-INV3639,INV3639,2025-04-04,Corporate Card,46903.04,COMPLETED
TXN-INV3640,INV3640,2025-04-05,NEFT/RTGS,38619,COMPLETED
TXN-INV3641,INV3641,2025-04-06,Bank Transfer,41347.04,COMPLETED
TXN-INV3642,INV3642,2025-04-07,UPI Business,43723.72,COMPLETED
TXN-INV3643,INV3643,2025-04-08,Corporate Card,47604.48,COMPLETED
TXN-INV3644,INV3644,2025-04-09,NEFT/RTGS,39194.4,COMPLETED
TXN-INV3645,INV3645,2025-04-10,Bank Transfer,41960.8,COMPLETED
TXN-INV3646,INV3646,2025-04-11,UPI Business,44370.36,COMPLETED
TXN-INV3647,INV3647,2025-04-12,Corporate Card,48305.92,COMPLETED
TXN-INV3648,INV3648,2025-04-13,NEFT/RTGS,39769.8,COMPLETED
TXN-INV3649,INV3649,2025-04-14,Bank Transfer,42574.56,COMPLETED
TXN-INV3650,INV3650,2025-04-15,UPI Business,45017,COMPLETED
TXN-INV3651,INV3651,2025-04-16,Corporate Card,49007.36,COMPLETED
TXN-INV3652,INV3652,2025-04-17,NEFT/RTGS,40345.2,COMPLETED
TXN-INV3653,INV3653,2025-04-18,Bank Transfer,43188.32,COMPLETED
TXN-INV3654,INV3654,2025-04-19,UPI Business,45663.64,COMPLETED
TXN-INV3655,INV3655,2025-04-20,Corporate Card,49708.8,COMPLETED
TXN-INV3656,INV3656,2025-04-21,NEFT/RTGS,40920.6,COMPLETED
TXN-INV3657,INV3657,2025-04-22,Bank Transfer,43802.08,COMPLETED
TXN-INV3658,INV3658,2025-04-23,UPI Business,46310.28,COMPLETED
TXN-INV3659,INV3659,2025-04-24,Corporate Card,50410.24,COMPLETED
TXN-INV3660,INV3660,2025-04-25,NEFT/RTGS,41496,COMPLETED
TXN-INV3661,INV3661,2025-04-26,Bank Transfer,44415.84,COMPLETED
TXN-INV3662,INV3662,2025-04-27,UPI Business,46956.92,COMPLETED
TXN-INV3663,INV3663,2025-04-28,Corporate Card,51111.68,COMPLETED
TXN-INV3664,INV3664,2025-04-01,NEFT/RTGS,42071.4,COMPLETED
TXN-INV3665,INV3665,2025-04-02,Bank Transfer,45029.6,COMPLETED
TXN-INV3666,INV3666,2025-04-03,UPI Business,47603.56,COMPLETED
TXN-INV3667,INV3667,2025-04-04,Corporate Card,51813.12,COMPLETED
TXN-INV3668,INV3668,2025-04-05,NEFT/RTGS,42646.8,COMPLETED
TXN-INV3669,INV3669,2025-04-06,Bank Transfer,45643.36,COMPLETED
TXN-INV3670,INV3670,2025-04-07,UPI Business,48250.2,COMPLETED
TXN-INV3671,INV3671,2025-04-08,Corporate Card,52514.56,COMPLETED
TXN-INV3672,INV3672,2025-04-09,NEFT/RTGS,43222.2,COMPLETED
TXN-INV3673,INV3673,2025-04-10,Bank Transfer,46257.12,COMPLETED
TXN-INV3674,INV3674,2025-04-11,UPI Business,48896.84,COMPLETED
TXN-INV3675,INV3675,2025-04-12,Corporate Card,53216,COMPLETED
TXN-INV3676,INV3676,2025-04-13,NEFT/RTGS,43797.6,COMPLETED
TXN-INV3677,INV3677,2025-04-14,Bank Transfer,46870.88,COMPLETED
TXN-INV3678,INV3678,2025-04-15,UPI Business,49543.48,COMPLETED
TXN-INV3679,INV3679,2025-04-16,Corporate Card,53917.44,COMPLETED
TXN-INV3680,INV3680,2025-04-17,NEFT/RTGS,44373,COMPLETED
TXN-INV3681,INV3681,2025-04-18,Bank Transfer,47484.64,COMPLETED
TXN-INV3682,INV3682,2025-04-19,UPI Business,50190.12,COMPLETED
TXN-INV3683,INV3683,2025-04-20,Corporate Card,54618.88,COMPLETED
TXN-INV3684,INV3684,2025-04-21,NEFT/RTGS,44948.4,COMPLETED
TXN-INV3685,INV3685,2025-04-22,Bank Transfer,48098.4,COMPLETED
TXN-INV3686,INV3686,2025-04-23,UPI Business,50836.76,COMPLETED
TXN-INV3687,INV3687,2025-04-24,Corporate Card,55320.32,COMPLETED
TXN-INV3688,INV3688,2025-04-25,NEFT/RTGS,45523.8,COMPLETED
TXN-INV3689,INV3689,2025-04-26,Bank Transfer,48712.16,COMPLETED
TXN-INV3690,INV3690,2025-04-27,UPI Business,51483.4,COMPLETED
TXN-INV3691,INV3691,2025-04-28,Corporate Card,56021.76,COMPLETED
TXN-INV3692,INV3692,2025-04-01,NEFT/RTGS,46099.2,COMPLETED
TXN-INV3693,INV3693,2025-04-02,Bank Transfer,49325.92,COMPLETED
TXN-INV3694,INV3694,2025-04-03,UPI Business,52130.04,COMPLETED
TXN-INV3695,INV3695,2025-04-04,Corporate Card,56723.2,COMPLETED
TXN-INV3696,INV3696,2025-04-05,NEFT/RTGS,46674.6,COMPLETED
TXN-INV3697,INV3697,2025-04-06,Bank Transfer,49939.68,COMPLETED
TXN-INV3698,INV3698,2025-04-07,UPI Business,52776.68,COMPLETED
TXN-INV3699,INV3699,2025-04-08,Corporate Card,57424.64,COMPLETED
TXN-INV3700,INV3700,2025-04-09,NEFT/RTGS,1102500,COMPLETED
TXN-INV3701,INV3701,2025-04-10,Bank Transfer,50553.44,COMPLETED
TXN-INV3702,INV3702,2025-04-11,UPI Business,53423.32,COMPLETED
TXN-INV3703,INV3703,2025-04-12,Corporate Card,58126.08,COMPLETED
TXN-INV3704,INV3704,2025-04-13,NEFT/RTGS,47825.4,COMPLETED
TXN-INV3705,INV3705,2025-04-14,Bank Transfer,51167.2,COMPLETED
TXN-INV3706,INV3706,2025-04-15,UPI Business,54069.96,COMPLETED
TXN-INV3707,INV3707,2025-04-16,Corporate Card,58827.52,COMPLETED
TXN-INV3708,INV3708,2025-04-17,NEFT/RTGS,48400.8,COMPLETED
TXN-INV3709,INV3709,2025-04-18,Bank Transfer,51780.96,COMPLETED
TXN-INV3710,INV3710,2025-04-19,UPI Business,54716.6,COMPLETED
TXN-INV3711,INV3711,2025-04-20,Corporate Card,59528.96,COMPLETED
TXN-INV3712,INV3712,2025-04-21,NEFT/RTGS,48976.2,COMPLETED
TXN-INV3713,INV3713,2025-04-22,Bank Transfer,52394.72,COMPLETED
TXN-INV3714,INV3714,2025-04-23,UPI Business,55363.24,COMPLETED
TXN-INV3715,INV3715,2025-04-24,Corporate Card,60230.4,COMPLETED
TXN-INV3716,INV3716,2025-04-25,NEFT/RTGS,49551.6,COMPLETED
TXN-INV3717,INV3717,2025-04-26,Bank Transfer,53008.48,COMPLETED
TXN-INV3718,INV3718,2025-04-27,UPI Business,56009.88,COMPLETED
TXN-INV3719,INV3719,2025-04-28,Corporate Card,60931.84,COMPLETED
TXN-INV3720,INV3720,2025-04-01,NEFT/RTGS,50127,COMPLETED
TXN-INV3721,INV3721,2025-04-02,Bank Transfer,53622.24,COMPLETED
TXN-INV3722,INV3722,2025-04-03,UPI Business,56656.52,COMPLETED
TXN-INV3723,INV3723,2025-04-04,Corporate Card,61633.28,COMPLETED
TXN-INV3724,INV3724,2025-04-05,NEFT/RTGS,50702.4,COMPLETED
TXN-INV3725,INV3725,2025-04-06,Bank Transfer,54236,COMPLETED
TXN-INV3726,INV3726,2025-04-07,UPI Business,57303.16,COMPLETED
TXN-INV3727,INV3727,2025-04-08,Corporate Card,62334.72,COMPLETED
TXN-INV3728,INV3728,2025-04-09,NEFT/RTGS,51277.8,COMPLETED
TXN-INV3729,INV3729,2025-04-10,Bank Transfer,54849.76,COMPLETED
TXN-INV3730,INV3730,2025-04-11,UPI Business,57949.8,COMPLETED
TXN-INV3731,INV3731,2025-04-12,Corporate Card,63036.16,COMPLETED
TXN-INV3732,INV3732,2025-04-13,NEFT/RTGS,51853.2,COMPLETED
TXN-INV3733,INV3733,2025-04-14,Bank Transfer,55463.52,COMPLETED
TXN-INV3734,INV3734,2025-04-15,UPI Business,58596.44,COMPLETED
TXN-INV3735,INV3735,2025-04-16,Corporate Card,63737.6,COMPLETED
TXN-INV3736,INV3736,2025-04-17,NEFT/RTGS,52428.6,COMPLETED
TXN-INV3737,INV3737,2025-04-18,Bank Transfer,56077.28,COMPLETED
TXN-INV3738,INV3738,2025-04-19,UPI Business,59243.08,COMPLETED
TXN-INV3739,INV3739,2025-04-20,Corporate Card,64439.04,COMPLETED
TXN-INV3740,INV3740,2025-04-21,NEFT/RTGS,53004,COMPLETED
TXN-INV3741,INV3741,2025-04-22,Bank Transfer,56691.04,COMPLETED
TXN-INV3742,INV3742,2025-04-23,UPI Business,59889.72,COMPLETED
TXN-INV3743,INV3743,2025-04-24,Corporate Card,65140.48,COMPLETED
TXN-INV3744,INV3744,2025-04-25,NEFT/RTGS,53579.4,COMPLETED
TXN-INV3745,INV3745,2025-04-26,Bank Transfer,57304.8,COMPLETED
TXN-INV3746,INV3746,2025-04-27,UPI Business,60536.36,COMPLETED
TXN-INV3747,INV3747,2025-04-28,Corporate Card,65841.92,COMPLETED
TXN-INV3748,INV3748,2025-04-01,NEFT/RTGS,54154.8,COMPLETED
TXN-INV3749,INV3749,2025-04-02,Bank Transfer,57918.56,COMPLETED
TXN-INV3750,INV3750,2025-04-03,UPI Business,61183,COMPLETED
TXN-INV3751,INV3751,2025-04-04,Corporate Card,66543.36,COMPLETED
TXN-INV3752,INV3752,2025-04-05,NEFT/RTGS,54730.2,COMPLETED
TXN-INV3753,INV3753,2025-04-06,Bank Transfer,58532.32,COMPLETED
TXN-INV3754,INV3754,2025-04-07,UPI Business,61829.64,COMPLETED
TXN-INV3755,INV3755,2025-04-08,Corporate Card,67244.8,COMPLETED
TXN-INV3756,INV3756,2025-04-09,NEFT/RTGS,55305.6,COMPLETED
TXN-INV3757,INV3757,2025-04-10,Bank Transfer,59146.08,COMPLETED
TXN-INV3758,INV3758,2025-04-11,UPI Business,62476.28,COMPLETED
TXN-INV3759,INV3759,2025-04-12,Corporate Card,67946.24,COMPLETED
TXN-INV3760,INV3760,2025-04-13,NEFT/RTGS,55881,COMPLETED
TXN-INV3761,INV3761,2025-04-14,Bank Transfer,59759.84,COMPLETED
TXN-INV3762,INV3762,2025-04-15,UPI Business,63122.92,COMPLETED
TXN-INV3763,INV3763,2025-04-16,Corporate Card,68647.68,COMPLETED
TXN-INV3764,INV3764,2025-04-17,NEFT/RTGS,56456.4,COMPLETED
TXN-INV3765,INV3765,2025-04-18,Bank Transfer,60373.6,COMPLETED
TXN-INV3766,INV3766,2025-04-19,UPI Business,63769.56,COMPLETED
TXN-INV3767,INV3767,2025-04-20,Corporate Card,69349.12,COMPLETED
TXN-INV3768,INV3768,2025-04-21,NEFT/RTGS,57031.8,COMPLETED
TXN-INV3769,INV3769,2025-04-22,Bank Transfer,60987.36,COMPLETED
TXN-INV3770,INV3770,2025-04-23,UPI Business,64416.2,COMPLETED
TXN-INV3771,INV3771,2025-04-24,Corporate Card,70050.56,COMPLETED
TXN-INV3772,INV3772,2025-04-25,NEFT/RTGS,57607.2,COMPLETED
TXN-INV3773,INV3773,2025-04-26,Bank Transfer,61601.12,COMPLETED
TXN-INV3774,INV3774,2025-04-27,UPI Business,65062.84,COMPLETED
TXN-INV3775,INV3775,2025-04-28,Corporate Card,70752,COMPLETED
TXN-INV3776,INV3776,2025-04-01,NEFT/RTGS,58182.6,COMPLETED
TXN-INV3777,INV3777,2025-04-02,Bank Transfer,62214.88,COMPLETED
TXN-INV3778,INV3778,2025-04-03,UPI Business,65709.48,COMPLETED
TXN-INV3779,INV3779,2025-04-04,Corporate Card,71453.44,COMPLETED
TXN-INV3780,INV3780,2025-04-05,NEFT/RTGS,58758,COMPLETED
TXN-INV3781,INV3781,2025-04-06,Bank Transfer,62828.64,COMPLETED
TXN-INV3782,INV3782,2025-04-07,UPI Business,66356.12,COMPLETED
TXN-INV3783,INV3783,2025-04-08,Corporate Card,72154.88,COMPLETED
TXN-INV3784,INV3784,2025-04-09,NEFT/RTGS,59333.4,COMPLETED
TXN-INV3785,INV3785,2025-04-10,Bank Transfer,63442.4,COMPLETED
TXN-INV3786,INV3786,2025-04-11,UPI Business,67002.76,COMPLETED
TXN-INV3787,INV3787,2025-04-12,Corporate Card,72856.32,COMPLETED
TXN-INV3788,INV3788,2025-04-13,NEFT/RTGS,59908.8,COMPLETED
TXN-INV3789,INV3789,2025-04-14,Bank Transfer,64056.16,COMPLETED
TXN-INV3790,INV3790,2025-04-15,UPI Business,67649.4,COMPLETED
TXN-INV3791,INV3791,2025-04-16,Corporate Card,73557.76,COMPLETED
TXN-INV3792,INV3792,2025-04-17,NEFT/RTGS,60484.2,COMPLETED
TXN-INV3793,INV3793,2025-04-18,Bank Transfer,64669.92,COMPLETED
TXN-INV3794,INV3794,2025-04-19,UPI Business,68296.04,COMPLETED
TXN-INV3795,INV3795,2025-04-20,Corporate Card,74259.2,COMPLETED
TXN-INV3796,INV3796,2025-04-21,NEFT/RTGS,61059.6,COMPLETED
TXN-INV3797,INV3797,2025-04-22,Bank Transfer,65283.68,COMPLETED
TXN-INV3798,INV3798,2025-04-23,UPI Business,68942.68,COMPLETED
TXN-INV3799,INV3799,2025-04-24,Corporate Card,74960.64,COMPLETED
TXN-INV3800,INV3800,2025-04-25,NEFT/RTGS,61635,COMPLETED
TXN-INV3801,INV3801,2025-04-26,Bank Transfer,65897.44,COMPLETED
TXN-INV3802,INV3802,2025-04-27,UPI Business,69589.32,COMPLETED
TXN-INV3803,INV3803,2025-04-28,Corporate Card,75662.08,COMPLETED
TXN-INV3804,INV3804,2025-04-01,NEFT/RTGS,62210.4,COMPLETED
TXN-INV3805,INV3805,2025-04-02,Bank Transfer,66511.2,COMPLETED
TXN-INV3806,INV3806,2025-04-03,UPI Business,70235.96,COMPLETED
TXN-INV3807,INV3807,2025-04-04,Corporate Card,76363.52,COMPLETED
TXN-INV3808,INV3808,2025-04-05,NEFT/RTGS,62785.8,COMPLETED
TXN-INV3809,INV3809,2025-04-06,Bank Transfer,67124.96,COMPLETED
TXN-INV3810,INV3810,2025-04-07,UPI Business,70882.6,COMPLETED
TXN-INV3811,INV3811,2025-04-08,Corporate Card,77064.96,COMPLETED
TXN-INV3812,INV3812,2025-04-09,NEFT/RTGS,63361.2,COMPLETED
TXN-INV3813,INV3813,2025-04-10,Bank Transfer,67738.72,COMPLETED
TXN-INV3814,INV3814,2025-04-11,UPI Business,71529.24,COMPLETED
TXN-INV3815,INV3815,2025-04-12,Corporate Card,77766.4,COMPLETED
TXN-INV3816,INV3816,2025-04-13,NEFT/RTGS,63936.6,COMPLETED
TXN-INV3817,INV3817,2025-04-14,Bank Transfer,68352.48,COMPLETED
TXN-INV3818,INV3818,2025-04-15,UPI Business,72175.88,COMPLETED
TXN-INV3819,INV3819,2025-04-16,Corporate Card,78467.84,COMPLETED
TXN-INV3820,INV3820,2025-04-17,NEFT/RTGS,64512,COMPLETED
TXN-INV3821,INV3821,2025-04-18,Bank Transfer,68966.24,COMPLETED
TXN-INV3822,INV3822,2025-04-19,UPI Business,72822.52,COMPLETED
TXN-INV3823,INV3823,2025-04-20,Corporate Card,79169.28,COMPLETED
TXN-INV3824,INV3824,2025-04-21,NEFT/RTGS,65087.4,COMPLETED
TXN-INV3825,INV3825,2025-04-22,Bank Transfer,69580,COMPLETED
TXN-INV3826,INV3826,2025-04-23,UPI Business,73469.16,COMPLETED
TXN-INV3827,INV3827,2025-04-24,Corporate Card,79870.72,COMPLETED
TXN-INV3828,INV3828,2025-04-25,NEFT/RTGS,65662.8,COMPLETED
TXN-INV3829,INV3829,2025-04-26,Bank Transfer,70193.76,COMPLETED
TXN-INV3830,INV3830,2025-04-27,UPI Business,74115.8,COMPLETED
TXN-INV3831,INV3831,2025-04-28,Corporate Card,80572.16,COMPLETED
TXN-INV3832,INV3832,2025-04-01,NEFT/RTGS,66238.2,COMPLETED
TXN-INV3833,INV3833,2025-04-02,Bank Transfer,70807.52,COMPLETED
TXN-INV3834,INV3834,2025-04-03,UPI Business,74762.44,COMPLETED
TXN-INV3835,INV3835,2025-04-04,Corporate Card,81273.6,COMPLETED
TXN-INV3836,INV3836,2025-04-05,NEFT/RTGS,66813.6,COMPLETED
TXN-INV3837,INV3837,2025-04-06,Bank Transfer,71421.28,COMPLETED
TXN-INV3838,INV3838,2025-04-07,UPI Business,75409.08,COMPLETED
TXN-INV3839,INV3839,2025-04-08,Corporate Card,81975.04,COMPLETED
TXN-INV3840,INV3840,2025-04-09,NEFT/RTGS,67389,COMPLETED
TXN-INV3841,INV3841,2025-04-10,Bank Transfer,72035.04,COMPLETED
TXN-INV3842,INV3842,2025-04-11,UPI Business,76055.72,COMPLETED
TXN-INV3843,INV3843,2025-04-12,Corporate Card,82676.48,COMPLETED
TXN-INV3844,INV3844,2025-04-13,NEFT/RTGS,67964.4,COMPLETED
TXN-INV3845,INV3845,2025-04-14,Bank Transfer,72648.8,COMPLETED
TXN-INV3846,INV3846,2025-04-15,UPI Business,76702.36,COMPLETED
TXN-INV3847,INV3847,2025-04-16,Corporate Card,83377.92,COMPLETED
TXN-INV3848,INV3848,2025-04-17,NEFT/RTGS,68539.8,COMPLETED
TXN-INV3849,INV3849,2025-04-18,Bank Transfer,73262.56,COMPLETED
TXN-INV3850,INV3850,2025-04-19,UPI Business,77349,COMPLETED
TXN-INV3851,INV3851,2025-04-20,Corporate Card,84079.36,COMPLETED
TXN-INV3852,INV3852,2025-04-21,NEFT/RTGS,69115.2,COMPLETED
TXN-INV3853,INV3853,2025-04-22,Bank Transfer,73876.32,COMPLETED
TXN-INV3854,INV3854,2025-04-23,UPI Business,77995.64,COMPLETED
TXN-INV3855,INV3855,2025-04-24,Corporate Card,84780.8,COMPLETED
TXN-INV3856,INV3856,2025-04-25,NEFT/RTGS,69690.6,COMPLETED
TXN-INV3857,INV3857,2025-04-26,Bank Transfer,74490.08,COMPLETED
TXN-INV3858,INV3858,2025-04-27,UPI Business,78642.28,COMPLETED
TXN-INV3859,INV3859,2025-04-28,Corporate Card,85482.24,COMPLETED
TXN-INV3860,INV3860,2025-04-01,NEFT/RTGS,70266,COMPLETED
TXN-INV3861,INV3861,2025-04-02,Bank Transfer,75103.84,COMPLETED
TXN-INV3862,INV3862,2025-04-03,UPI Business,79288.92,COMPLETED
TXN-INV3863,INV3863,2025-04-04,Corporate Card,86183.68,COMPLETED
TXN-INV3864,INV3864,2025-04-05,NEFT/RTGS,70841.4,COMPLETED
TXN-INV3865,INV3865,2025-04-06,Bank Transfer,75717.6,COMPLETED
TXN-INV3866,INV3866,2025-04-07,UPI Business,79935.56,COMPLETED
TXN-INV3867,INV3867,2025-04-08,Corporate Card,86885.12,COMPLETED
TXN-INV3868,INV3868,2025-04-09,NEFT/RTGS,71416.8,COMPLETED
TXN-INV3869,INV3869,2025-04-10,Bank Transfer,76331.36,COMPLETED
TXN-INV3870,INV3870,2025-04-11,UPI Business,80582.2,COMPLETED
TXN-INV3871,INV3871,2025-04-12,Corporate Card,87586.56,COMPLETED
TXN-INV3872,INV3872,2025-04-13,NEFT/RTGS,71992.2,COMPLETED
TXN-INV3873,INV3873,2025-04-14,Bank Transfer,76945.12,COMPLETED
TXN-INV3874,INV3874,2025-04-15,UPI Business,81228.84,COMPLETED
TXN-INV3875,INV3875,2025-04-16,Corporate Card,88288,COMPLETED
TXN-INV3876,INV3876,2025-04-17,NEFT/RTGS,72567.6,COMPLETED
TXN-INV3877,INV3877,2025-04-18,Bank Transfer,77558.88,COMPLETED
TXN-INV3878,INV3878,2025-04-19,UPI Business,81875.48,COMPLETED
TXN-INV3879,INV3879,2025-04-20,Corporate Card,88989.44,COMPLETED
TXN-INV3880,INV3880,2025-04-21,NEFT/RTGS,73143,COMPLETED
TXN-INV3881,INV3881,2025-04-22,Bank Transfer,78172.64,COMPLETED
TXN-INV3882,INV3882,2025-04-23,UPI Business,82522.12,COMPLETED
TXN-INV3883,INV3883,2025-04-24,Corporate Card,89690.88,COMPLETED
TXN-INV3884,INV3884,2025-04-25,NEFT/RTGS,73718.4,COMPLETED
TXN-INV3885,INV3885,2025-04-26,Bank Transfer,78786.4,COMPLETED
TXN-INV3886,INV3886,2025-04-27,UPI Business,83168.76,COMPLETED
TXN-INV3887,INV3887,2025-04-28,Corporate Card,90392.32,COMPLETED
TXN-INV3888,INV3888,2025-04-01,NEFT/RTGS,74293.8,COMPLETED
TXN-INV3889,INV3889,2025-04-02,Bank Transfer,79400.16,COMPLETED
TXN-INV3890,INV3890,2025-04-03,UPI Business,83815.4,COMPLETED
TXN-INV3891,INV3891,2025-04-04,Corporate Card,91093.76,COMPLETED
TXN-INV3892,INV3892,2025-04-05,NEFT/RTGS,74869.2,COMPLETED
TXN-INV3893,INV3893,2025-04-06,Bank Transfer,80013.92,COMPLETED
TXN-INV3894,INV3894,2025-04-07,UPI Business,84462.04,COMPLETED
TXN-INV3895,INV3895,2025-04-08,Corporate Card,91795.2,COMPLETED
TXN-INV3896,INV3896,2025-04-09,NEFT/RTGS,75444.6,COMPLETED
TXN-INV3897,INV3897,2025-04-10,Bank Transfer,80627.68,COMPLETED
TXN-INV3898,INV3898,2025-04-11,UPI Business,85108.68,COMPLETED
TXN-INV3899,INV3899,2025-04-12,Corporate Card,92496.64,COMPLETED
TXN-INV3900,INV3900,2025-04-13,NEFT/RTGS,76020,COMPLETED
TXN-INV3901,INV3901,2025-04-14,Bank Transfer,81241.44,COMPLETED
TXN-INV3902,INV3902,2025-04-15,UPI Business,85755.32,COMPLETED
TXN-INV3903,INV3903,2025-04-16,Corporate Card,93198.08,COMPLETED
TXN-INV3904,INV3904,2025-04-17,NEFT/RTGS,76595.4,COMPLETED
TXN-INV3905,INV3905,2025-04-18,Bank Transfer,81855.2,COMPLETED
TXN-INV3906,INV3906,2025-04-19,UPI Business,86401.96,COMPLETED
TXN-INV3907,INV3907,2025-04-20,Corporate Card,93899.52,COMPLETED
TXN-INV3908,INV3908,2025-04-21,NEFT/RTGS,77170.8,COMPLETED
TXN-INV3909,INV3909,2025-04-22,Bank Transfer,82468.96,COMPLETED
TXN-INV3910,INV3910,2025-04-23,UPI Business,87048.6,COMPLETED
TXN-INV3911,INV3911,2025-04-24,Corporate Card,94600.96,COMPLETED
TXN-INV3912,INV3912,2025-04-25,NEFT/RTGS,77746.2,COMPLETED
TXN-INV3913,INV3913,2025-04-26,Bank Transfer,83082.72,COMPLETED
TXN-INV3914,INV3914,2025-04-27,UPI Business,87695.24,COMPLETED
TXN-INV3915,INV3915,2025-04-28,Corporate Card,95302.4,COMPLETED
TXN-INV3916,INV3916,2025-04-01,NEFT/RTGS,78321.6,COMPLETED
TXN-INV3917,INV3917,2025-04-02,Bank Transfer,83696.48,COMPLETED
TXN-INV3918,INV3918,2025-04-03,UPI Business,88341.88,COMPLETED
TXN-INV3919,INV3919,2025-04-04,Corporate Card,96003.84,COMPLETED
TXN-INV3920,INV3920,2025-04-05,NEFT/RTGS,78897,COMPLETED
TXN-INV3921,INV3921,2025-04-06,Bank Transfer,84310.24,COMPLETED
TXN-INV3922,INV3922,2025-04-07,UPI Business,88988.52,COMPLETED
TXN-INV3923,INV3923,2025-04-08,Corporate Card,96705.28,COMPLETED
TXN-INV3924,INV3924,2025-04-09,NEFT/RTGS,79472.4,COMPLETED
TXN-INV3925,INV3925,2025-04-10,Bank Transfer,84924,COMPLETED
TXN-INV3926,INV3926,2025-04-11,UPI Business,89635.16,COMPLETED
TXN-INV3927,INV3927,2025-04-12,Corporate Card,97406.72,COMPLETED
TXN-INV3928,INV3928,2025-04-13,NEFT/RTGS,80047.8,COMPLETED
TXN-INV3929,INV3929,2025-04-14,Bank Transfer,85537.76,COMPLETED
TXN-INV3930,INV3930,2025-04-15,UPI Business,90281.8,COMPLETED
TXN-INV3931,INV3931,2025-04-16,Corporate Card,98108.16,COMPLETED
TXN-INV3932,INV3932,2025-04-17,NEFT/RTGS,80623.2,COMPLETED
TXN-INV3933,INV3933,2025-04-18,Bank Transfer,86151.52,COMPLETED
TXN-INV3934,INV3934,2025-04-19,UPI Business,90928.44,COMPLETED
TXN-INV3935,INV3935,2025-04-20,Corporate Card,98809.6,COMPLETED
TXN-INV3936,INV3936,2025-04-21,NEFT/RTGS,81198.6,COMPLETED
TXN-INV3937,INV3937,2025-04-22,Bank Transfer,86765.28,COMPLETED
TXN-INV3938,INV3938,2025-04-23,UPI Business,3075.08,COMPLETED
TXN-INV3939,INV3939,2025-04-24,Corporate Card,3511.04,COMPLETED
TXN-INV3940,INV3940,2025-04-25,NEFT/RTGS,3024,COMPLETED
TXN-INV3941,INV3941,2025-04-26,Bank Transfer,3379.04,COMPLETED
TXN-INV3942,INV3942,2025-04-27,UPI Business,3721.72,COMPLETED
TXN-INV3943,INV3943,2025-04-28,Corporate Card,4212.48,COMPLETED
TXN-INV3944,INV3944,2025-04-01,NEFT/RTGS,3599.4,COMPLETED
TXN-INV3945,INV3945,2025-04-02,Bank Transfer,3992.8,COMPLETED
TXN-INV3946,INV3946,2025-04-03,UPI Business,4368.36,COMPLETED
TXN-INV3947,INV3947,2025-04-04,Corporate Card,4913.92,COMPLETED
TXN-INV3948,INV3948,2025-04-05,NEFT/RTGS,4174.8,COMPLETED
TXN-INV3949,INV3949,2025-04-06,Bank Transfer,4606.56,COMPLETED
TXN-INV3950,INV3950,2025-04-07,UPI Business,1121000,COMPLETED
TXN-INV3951,INV3951,2025-04-08,Corporate Card,5615.36,COMPLETED
TXN-INV3952,INV3952,2025-04-09,NEFT/RTGS,4750.2,COMPLETED
TXN-INV3953,INV3953,2025-04-10,Bank Transfer,5220.32,COMPLETED
TXN-INV3954,INV3954,2025-04-11,UPI Business,5661.64,COMPLETED
TXN-INV3955,INV3955,2025-04-12,Corporate Card,6316.8,COMPLETED
TXN-INV3956,INV3956,2025-04-13,NEFT/RTGS,5325.6,COMPLETED
TXN-INV3957,INV3957,2025-04-14,Bank Transfer,5834.08,COMPLETED
TXN-INV3958,INV3958,2025-04-15,UPI Business,6308.28,COMPLETED
TXN-INV3959,INV3959,2025-04-16,Corporate Card,7018.24,COMPLETED
TXN-INV3960,INV3960,2025-04-17,NEFT/RTGS,5901,COMPLETED
TXN-INV3961,INV3961,2025-04-18,Bank Transfer,6447.84,COMPLETED
TXN-INV3962,INV3962,2025-04-19,UPI Business,6954.92,COMPLETED
TXN-INV3963,INV3963,2025-04-20,Corporate Card,7719.68,COMPLETED
TXN-INV3964,INV3964,2025-04-21,NEFT/RTGS,6476.4,COMPLETED
TXN-INV3965,INV3965,2025-04-22,Bank Transfer,7061.6,COMPLETED
TXN-INV3966,INV3966,2025-04-23,UPI Business,7601.56,COMPLETED
TXN-INV3967,INV3967,2025-04-24,Corporate Card,8421.12,COMPLETED
TXN-INV3968,INV3968,2025-04-25,NEFT/RTGS,7051.8,COMPLETED
TXN-INV3969,INV3969,2025-04-26,Bank Transfer,7675.36,COMPLETED
TXN-INV3970,INV3970,2025-04-27,UPI Business,8248.2,COMPLETED
TXN-INV3971,INV3971,2025-04-28,Corporate Card,9122.56,COMPLETED
TXN-INV3972,INV3972,2025-04-01,NEFT/RTGS,7627.2,COMPLETED
TXN-INV3973,INV3973,2025-04-02,Bank Transfer,8289.12,COMPLETED
TXN-INV3974,INV3974,2025-04-03,UPI Business,8894.84,COMPLETED
TXN-INV3975,INV3975,2025-04-04,Corporate Card,9824,COMPLETED
TXN-INV3976,INV3976,2025-04-05,NEFT/RTGS,8202.6,COMPLETED
TXN-INV3977,INV3977,2025-04-06,Bank Transfer,8902.88,COMPLETED
TXN-INV3978,INV3978,2025-04-07,UPI Business,9541.48,COMPLETED
TXN-INV3979,INV3979,2025-04-08,Corporate Card,10525.44,COMPLETED
TXN-INV3980,INV3980,2025-04-09,NEFT/RTGS,8778,COMPLETED
TXN-INV3981,INV3981,2025-04-10,Bank Transfer,9516.64,COMPLETED
TXN-INV3982,INV3982,2025-04-11,UPI Business,10188.12,COMPLETED
TXN-INV3983,INV3983,2025-04-12,Corporate Card,11226.88,COMPLETED
TXN-INV3984,INV3984,2025-04-13,NEFT/RTGS,9353.4,COMPLETED
TXN-INV3985,INV3985,2025-04-14,Bank Transfer,10130.4,COMPLETED
TXN-INV3986,INV3986,2025-04-15,UPI Business,10834.76,COMPLETED
TXN-INV3987,INV3987,2025-04-16,Corporate Card,11928.32,COMPLETED
TXN-INV3988,INV3988,2025-04-17,NEFT/RTGS,9928.8,COMPLETED
TXN-INV3989,INV3989,2025-04-18,Bank Transfer,10744.16,COMPLETED
TXN-INV3990,INV3990,2025-04-19,UPI Business,11481.4,COMPLETED
TXN-INV3991,INV3991,2025-04-20,Corporate Card,12629.76,COMPLETED
TXN-INV3992,INV3992,2025-04-21,NEFT/RTGS,10504.2,COMPLETED
TXN-INV3993,INV3993,2025-04-22,Bank Transfer,11357.92,COMPLETED
TXN-INV3994,INV3994,2025-04-23,UPI Business,12128.04,COMPLETED
TXN-INV3995,INV3995,2025-04-24,Corporate Card,13331.2,COMPLETED
TXN-INV3996,INV3996,2025-04-25,NEFT/RTGS,11079.6,COMPLETED
TXN-INV3997,INV3997,2025-04-26,Bank Transfer,11971.68,COMPLETED
TXN-INV3998,INV3998,2025-04-27,UPI Business,12774.68,COMPLETED
TXN-INV3999,INV3999,2025-04-28,Corporate Card,14032.64,COMPLETED
TXN-INV4000,INV4000,2025-04-01,NEFT/RTGS,11655,COMPLETED
TXN-INV4001,INV4001,2025-04-02,Bank Transfer,12585.44,COMPLETED
TXN-INV4002,INV4002,2025-04-03,UPI Business,13421.32,COMPLETED
TXN-INV4003,INV4003,2025-04-04,Corporate Card,14734.08,COMPLETED
TXN-INV4004,INV4004,2025-04-05,NEFT/RTGS,12230.4,COMPLETED
TXN-INV4005,INV4005,2025-04-06,Bank Transfer,13199.2,COMPLETED
TXN-INV4006,INV4006,2025-04-07,UPI Business,14067.96,COMPLETED
TXN-INV4007,INV4007,2025-04-08,Corporate Card,15435.52,COMPLETED
TXN-INV4008,INV4008,2025-04-09,NEFT/RTGS,12805.8,COMPLETED
TXN-INV4009,INV4009,2025-04-10,Bank Transfer,13812.96,COMPLETED
TXN-INV4010,INV4010,2025-04-11,UPI Business,14714.6,COMPLETED
TXN-INV4011,INV4011,2025-04-12,Corporate Card,16136.96,COMPLETED
TXN-INV4012,INV4012,2025-04-13,NEFT/RTGS,13381.2,COMPLETED
TXN-INV4013,INV4013,2025-04-14,Bank Transfer,14426.72,COMPLETED
TXN-INV4014,INV4014,2025-04-15,UPI Business,15361.24,COMPLETED
TXN-INV4015,INV4015,2025-04-16,Corporate Card,16838.4,COMPLETED
TXN-INV4016,INV4016,2025-04-17,NEFT/RTGS,13956.6,COMPLETED
TXN-INV4017,INV4017,2025-04-18,Bank Transfer,15040.48,COMPLETED
TXN-INV4018,INV4018,2025-04-19,UPI Business,16007.88,COMPLETED
TXN-INV4019,INV4019,2025-04-20,Corporate Card,17539.84,COMPLETED
TXN-INV4020,INV4020,2025-04-21,NEFT/RTGS,14532,COMPLETED
TXN-INV4021,INV4021,2025-04-22,Bank Transfer,15654.24,COMPLETED
TXN-INV4022,INV4022,2025-04-23,UPI Business,16654.52,COMPLETED
TXN-INV4023,INV4023,2025-04-24,Corporate Card,18241.28,COMPLETED
TXN-INV4024,INV4024,2025-04-25,NEFT/RTGS,15107.4,COMPLETED
TXN-INV4025,INV4025,2025-04-26,Bank Transfer,16268,COMPLETED
TXN-INV4026,INV4026,2025-04-27,UPI Business,17301.16,COMPLETED
TXN-INV4027,INV4027,2025-04-28,Corporate Card,18942.72,COMPLETED
TXN-INV4028,INV4028,2025-04-01,NEFT/RTGS,15682.8,COMPLETED
TXN-INV4029,INV4029,2025-04-02,Bank Transfer,16881.76,COMPLETED
TXN-INV4030,INV4030,2025-04-03,UPI Business,17947.8,COMPLETED
TXN-INV4031,INV4031,2025-04-04,Corporate Card,19644.16,COMPLETED
TXN-INV4032,INV4032,2025-04-05,NEFT/RTGS,16258.2,COMPLETED
TXN-INV4033,INV4033,2025-04-06,Bank Transfer,17495.52,COMPLETED
TXN-INV4034,INV4034,2025-04-07,UPI Business,18594.44,COMPLETED
TXN-INV4035,INV4035,2025-04-08,Corporate Card,20345.6,COMPLETED
TXN-INV4036,INV4036,2025-04-09,NEFT/RTGS,16833.6,COMPLETED
TXN-INV4037,INV4037,2025-04-10,Bank Transfer,18109.28,COMPLETED
TXN-INV4038,INV4038,2025-04-11,UPI Business,19241.08,COMPLETED
TXN-INV4039,INV4039,2025-04-12,Corporate Card,21047.04,COMPLETED
TXN-INV4040,INV4040,2025-04-13,NEFT/RTGS,17409,COMPLETED
TXN-INV4041,INV4041,2025-04-14,Bank Transfer,18723.04,COMPLETED
TXN-INV4042,INV4042,2025-04-15,UPI Business,19887.72,COMPLETED
TXN-INV4043,INV4043,2025-04-16,Corporate Card,21748.48,COMPLETED
TXN-INV4044,INV4044,2025-04-17,NEFT/RTGS,17984.4,COMPLETED
TXN-INV4045,INV4045,2025-04-18,Bank Transfer,19336.8,COMPLETED
TXN-INV4046,INV4046,2025-04-19,UPI Business,20534.36,COMPLETED
TXN-INV4047,INV4047,2025-04-20,Corporate Card,22449.92,COMPLETED
TXN-INV4048,INV4048,2025-04-21,NEFT/RTGS,18559.8,COMPLETED
TXN-INV4049,INV4049,2025-04-22,Bank Transfer,19950.56,COMPLETED
TXN-INV4050,INV4050,2025-04-23,UPI Business,21181,COMPLETED
TXN-INV4051,INV4051,2025-04-24,Corporate Card,23151.36,COMPLETED
TXN-INV4052,INV4052,2025-04-25,NEFT/RTGS,19135.2,COMPLETED
TXN-INV4053,INV4053,2025-04-26,Bank Transfer,20564.32,COMPLETED
TXN-INV4054,INV4054,2025-04-27,UPI Business,21827.64,COMPLETED
TXN-INV4055,INV4055,2025-04-28,Corporate Card,23852.8,COMPLETED
TXN-INV4056,INV4056,2025-04-01,NEFT/RTGS,19710.6,COMPLETED
TXN-INV4057,INV4057,2025-04-02,Bank Transfer,21178.08,COMPLETED
TXN-INV4058,INV4058,2025-04-03,UPI Business,22474.28,COMPLETED
TXN-INV4059,INV4059,2025-04-04,Corporate Card,24554.24,COMPLETED
TXN-INV4060,INV4060,2025-04-05,NEFT/RTGS,20286,COMPLETED
TXN-INV4061,INV4061,2025-04-06,Bank Transfer,21791.84,COMPLETED
TXN-INV4062,INV4062,2025-04-07,UPI Business,23120.92,COMPLETED
TXN-INV4063,INV4063,2025-04-08,Corporate Card,25255.68,COMPLETED
TXN-INV4064,INV4064,2025-04-09,NEFT/RTGS,20861.4,COMPLETED
TXN-INV4065,INV4065,2025-04-10,Bank Transfer,22405.6,COMPLETED
TXN-INV4066,INV4066,2025-04-11,UPI Business,23767.56,COMPLETED
TXN-INV4067,INV4067,2025-04-12,Corporate Card,25957.12,COMPLETED
TXN-INV4068,INV4068,2025-04-13,NEFT/RTGS,21436.8,COMPLETED
TXN-INV4069,INV4069,2025-04-14,Bank Transfer,23019.36,COMPLETED
TXN-INV4070,INV4070,2025-04-15,UPI Business,24414.2,COMPLETED
TXN-INV4071,INV4071,2025-04-16,Corporate Card,26658.56,COMPLETED
TXN-INV4072,INV4072,2025-04-17,NEFT/RTGS,22012.2,COMPLETED
TXN-INV4073,INV4073,2025-04-18,Bank Transfer,23633.12,COMPLETED
TXN-INV4074,INV4074,2025-04-19,UPI Business,25060.84,COMPLETED
TXN-INV4075,INV4075,2025-04-20,Corporate Card,27360,COMPLETED
TXN-INV4076,INV4076,2025-04-21,NEFT/RTGS,22587.6,COMPLETED
TXN-INV4077,INV4077,2025-04-22,Bank Transfer,24246.88,COMPLETED
TXN-INV4078,INV4078,2025-04-23,UPI Business,25707.48,COMPLETED
TXN-INV4079,INV4079,2025-04-24,Corporate Card,28061.44,COMPLETED
TXN-INV4080,INV4080,2025-04-25,NEFT/RTGS,23163,COMPLETED
TXN-INV4081,INV4081,2025-04-26,Bank Transfer,24860.64,COMPLETED
TXN-INV4082,INV4082,2025-04-27,UPI Business,26354.12,COMPLETED
TXN-INV4083,INV4083,2025-04-28,Corporate Card,28762.88,COMPLETED
TXN-INV4084,INV4084,2025-04-01,NEFT/RTGS,23738.4,COMPLETED
TXN-INV4085,INV4085,2025-04-02,Bank Transfer,25474.4,COMPLETED
TXN-INV4086,INV4086,2025-04-03,UPI Business,27000.76,COMPLETED
TXN-INV4087,INV4087,2025-04-04,Corporate Card,29464.32,COMPLETED
TXN-INV4088,INV4088,2025-04-05,NEFT/RTGS,24313.8,COMPLETED
TXN-INV4089,INV4089,2025-04-06,Bank Transfer,26088.16,COMPLETED
TXN-INV4090,INV4090,2025-04-07,UPI Business,27647.4,COMPLETED
TXN-INV4091,INV4091,2025-04-08,Corporate Card,30165.76,COMPLETED
TXN-INV4092,INV4092,2025-04-09,NEFT/RTGS,24889.2,COMPLETED
TXN-INV4093,INV4093,2025-04-10,Bank Transfer,26701.92,COMPLETED
TXN-INV4094,INV4094,2025-04-11,UPI Business,28294.04,COMPLETED
TXN-INV4095,INV4095,2025-04-12,Corporate Card,30867.2,COMPLETED
TXN-INV4096,INV4096,2025-04-13,NEFT/RTGS,25464.6,COMPLETED
TXN-INV4097,INV4097,2025-04-14,Bank Transfer,27315.68,COMPLETED
TXN-INV4098,INV4098,2025-04-15,UPI Business,28940.68,COMPLETED
TXN-INV4099,INV4099,2025-04-16,Corporate Card,31568.64,COMPLETED
TXN-INV4100,INV4100,2025-04-17,NEFT/RTGS,26040,COMPLETED
TXN-INV4101,INV4101,2025-04-18,Bank Transfer,27929.44,COMPLETED
TXN-INV4102,INV4102,2025-04-19,UPI Business,29587.32,COMPLETED
TXN-INV4103,INV4103,2025-04-20,Corporate Card,32270.08,COMPLETED
TXN-INV4104,INV4104,2025-04-21,NEFT/RTGS,26615.4,COMPLETED
TXN-INV4105,INV4105,2025-04-22,Bank Transfer,28543.2,COMPLETED
TXN-INV4106,INV4106,2025-04-23,UPI Business,30233.96,COMPLETED
TXN-INV4107,INV4107,2025-04-24,Corporate Card,32971.52,COMPLETED
TXN-INV4108,INV4108,2025-04-25,NEFT/RTGS,27190.8,COMPLETED
TXN-INV4109,INV4109,2025-04-26,Bank Transfer,29156.96,COMPLETED
TXN-INV4110,INV4110,2025-04-27,UPI Business,30880.6,COMPLETED
TXN-INV4111,INV4111,2025-04-28,Corporate Card,33672.96,COMPLETED
TXN-INV4112,INV4112,2025-04-01,NEFT/RTGS,27766.2,COMPLETED
TXN-INV4113,INV4113,2025-04-02,Bank Transfer,29770.72,COMPLETED
TXN-INV4114,INV4114,2025-04-03,UPI Business,31527.24,COMPLETED
TXN-INV4115,INV4115,2025-04-04,Corporate Card,34374.4,COMPLETED
TXN-INV4116,INV4116,2025-04-05,NEFT/RTGS,28341.6,COMPLETED
TXN-INV4117,INV4117,2025-04-06,Bank Transfer,30384.48,COMPLETED
TXN-INV4118,INV4118,2025-04-07,UPI Business,32173.88,COMPLETED
TXN-INV4119,INV4119,2025-04-08,Corporate Card,35075.84,COMPLETED
TXN-INV4120,INV4120,2025-04-09,NEFT/RTGS,28917,COMPLETED
TXN-INV4121,INV4121,2025-04-10,Bank Transfer,30998.24,COMPLETED
TXN-INV4122,INV4122,2025-04-11,UPI Business,32820.52,COMPLETED
TXN-INV4123,INV4123,2025-04-12,Corporate Card,35777.28,COMPLETED
TXN-INV4124,INV4124,2025-04-13,NEFT/RTGS,29492.4,COMPLETED
TXN-INV4125,INV4125,2025-04-14,Bank Transfer,31612,COMPLETED
TXN-INV4126,INV4126,2025-04-15,UPI Business,33467.16,COMPLETED
TXN-INV4127,INV4127,2025-04-16,Corporate Card,36478.72,COMPLETED
TXN-INV4128,INV4128,2025-04-17,NEFT/RTGS,30067.8,COMPLETED
TXN-INV4129,INV4129,2025-04-18,Bank Transfer,32225.76,COMPLETED
TXN-INV4130,INV4130,2025-04-19,UPI Business,34113.8,COMPLETED
TXN-INV4131,INV4131,2025-04-20,Corporate Card,37180.16,COMPLETED
TXN-INV4132,INV4132,2025-04-21,NEFT/RTGS,30643.2,COMPLETED
TXN-INV4133,INV4133,2025-04-22,Bank Transfer,32839.52,COMPLETED
TXN-INV4134,INV4134,2025-04-23,UPI Business,34760.44,COMPLETED
TXN-INV4135,INV4135,2025-04-24,Corporate Card,37881.6,COMPLETED
TXN-INV4136,INV4136,2025-04-25,NEFT/RTGS,31218.6,COMPLETED
TXN-INV4137,INV4137,2025-04-26,Bank Transfer,33453.28,COMPLETED
TXN-INV4138,INV4138,2025-04-27,UPI Business,35407.08,COMPLETED
TXN-INV4139,INV4139,2025-04-28,Corporate Card,38583.04,COMPLETED
TXN-INV4140,INV4140,2025-04-01,NEFT/RTGS,31794,COMPLETED
TXN-INV4141,INV4141,2025-04-02,Bank Transfer,34067.04,COMPLETED
TXN-INV4142,INV4142,2025-04-03,UPI Business,36053.72,COMPLETED
TXN-INV4143,INV4143,2025-04-04,Corporate Card,39284.48,COMPLETED
TXN-INV4144,INV4144,2025-04-05,NEFT/RTGS,32369.4,COMPLETED
TXN-INV4145,INV4145,2025-04-06,Bank Transfer,34680.8,COMPLETED
TXN-INV4146,INV4146,2025-04-07,UPI Business,36700.36,COMPLETED
TXN-INV4147,INV4147,2025-04-08,Corporate Card,39985.92,COMPLETED
TXN-INV4148,INV4148,2025-04-09,NEFT/RTGS,32944.8,COMPLETED
TXN-INV4149,INV4149,2025-04-10,Bank Transfer,35294.56,COMPLETED
TXN-INV4150,INV4150,2025-04-11,UPI Business,37347,COMPLETED
TXN-INV4151,INV4151,2025-04-12,Corporate Card,40687.36,COMPLETED
TXN-INV4152,INV4152,2025-04-13,NEFT/RTGS,33520.2,COMPLETED
TXN-INV4153,INV4153,2025-04-14,Bank Transfer,35908.32,COMPLETED
TXN-INV4154,INV4154,2025-04-15,UPI Business,37993.64,COMPLETED
TXN-INV4155,INV4155,2025-04-16,Corporate Card,41388.8,COMPLETED
TXN-INV4156,INV4156,2025-04-17,NEFT/RTGS,34095.6,COMPLETED
TXN-INV4157,INV4157,2025-04-18,Bank Transfer,36522.08,COMPLETED
TXN-INV4158,INV4158,2025-04-19,UPI Business,38640.28,COMPLETED
TXN-INV4159,INV4159,2025-04-20,Corporate Card,42090.24,COMPLETED
TXN-INV4160,INV4160,2025-04-21,NEFT/RTGS,34671,COMPLETED
TXN-INV4161,INV4161,2025-04-22,Bank Transfer,37135.84,COMPLETED
TXN-INV4162,INV4162,2025-04-23,UPI Business,39286.92,COMPLETED
TXN-INV4163,INV4163,2025-04-24,Corporate Card,42791.68,COMPLETED
TXN-INV4164,INV4164,2025-04-25,NEFT/RTGS,35246.4,COMPLETED
TXN-INV4165,INV4165,2025-04-26,Bank Transfer,37749.6,COMPLETED
TXN-INV4166,INV4166,2025-04-27,UPI Business,39933.56,COMPLETED
TXN-INV4167,INV4167,2025-04-28,Corporate Card,43493.12,COMPLETED
TXN-INV4168,INV4168,2025-04-01,NEFT/RTGS,35821.8,COMPLETED
TXN-INV4169,INV4169,2025-04-02,Bank Transfer,38363.36,COMPLETED
TXN-INV4170,INV4170,2025-04-03,UPI Business,40580.2,COMPLETED
TXN-INV4171,INV4171,2025-04-04,Corporate Card,44194.56,COMPLETED
TXN-INV4172,INV4172,2025-04-05,NEFT/RTGS,36397.2,COMPLETED
TXN-INV4173,INV4173,2025-04-06,Bank Transfer,38977.12,COMPLETED
TXN-INV4174,INV4174,2025-04-07,UPI Business,41226.84,COMPLETED
TXN-INV4175,INV4175,2025-04-08,Corporate Card,44896,COMPLETED
TXN-INV4176,INV4176,2025-04-09,NEFT/RTGS,36972.6,COMPLETED
TXN-INV4177,INV4177,2025-04-10,Bank Transfer,39590.88,COMPLETED
TXN-INV4178,INV4178,2025-04-11,UPI Business,41873.48,COMPLETED
TXN-INV4179,INV4179,2025-04-12,Corporate Card,45597.44,COMPLETED
TXN-INV4180,INV4180,2025-04-13,NEFT/RTGS,37548,COMPLETED
TXN-INV4181,INV4181,2025-04-14,Bank Transfer,40204.64,COMPLETED
TXN-INV4182,INV4182,2025-04-15,UPI Business,42520.12,COMPLETED
TXN-INV4183,INV4183,2025-04-16,Corporate Card,46298.88,COMPLETED
TXN-INV4184,INV4184,2025-04-17,NEFT/RTGS,38123.4,COMPLETED
TXN-INV4185,INV4185,2025-04-18,Bank Transfer,40818.4,COMPLETED
TXN-INV4186,INV4186,2025-04-19,UPI Business,43166.76,COMPLETED
TXN-INV4187,INV4187,2025-04-20,Corporate Card,47000.32,COMPLETED
TXN-INV4188,INV4188,2025-04-21,NEFT/RTGS,38698.8,COMPLETED
TXN-INV4189,INV4189,2025-04-22,Bank Transfer,41432.16,COMPLETED
TXN-INV4190,INV4190,2025-04-23,UPI Business,43813.4,COMPLETED
TXN-INV4191,INV4191,2025-04-24,Corporate Card,47701.76,COMPLETED
TXN-INV4192,INV4192,2025-04-25,NEFT/RTGS,39274.2,COMPLETED
TXN-INV4193,INV4193,2025-04-26,Bank Transfer,42045.92,COMPLETED
TXN-INV4194,INV4194,2025-04-27,UPI Business,44460.04,COMPLETED
TXN-INV4195,INV4195,2025-04-28,Corporate Card,48403.2,COMPLETED
TXN-INV4196,INV4196,2025-04-01,NEFT/RTGS,39849.6,COMPLETED
TXN-INV4197,INV4197,2025-04-02,Bank Transfer,42659.68,COMPLETED
TXN-INV4198,INV4198,2025-04-03,UPI Business,45106.68,COMPLETED
TXN-INV4199,INV4199,2025-04-04,Corporate Card,49104.64,COMPLETED
TXN-INV4200,INV4200,2025-04-05,NEFT/RTGS,892500,COMPLETED
TXN-INV4201,INV4201,2025-04-06,Bank Transfer,43273.44,COMPLETED
TXN-INV4202,INV4202,2025-04-07,UPI Business,45753.32,COMPLETED
TXN-INV4203,INV4203,2025-04-08,Corporate Card,49806.08,COMPLETED
TXN-INV4204,INV4204,2025-04-09,NEFT/RTGS,41000.4,COMPLETED
TXN-INV4205,INV4205,2025-04-10,Bank Transfer,43887.2,COMPLETED
TXN-INV4206,INV4206,2025-04-11,UPI Business,46399.96,COMPLETED
TXN-INV4207,INV4207,2025-04-12,Corporate Card,50507.52,COMPLETED
TXN-INV4208,INV4208,2025-04-13,NEFT/RTGS,41575.8,COMPLETED
TXN-INV4209,INV4209,2025-04-14,Bank Transfer,44500.96,COMPLETED
TXN-INV4210,INV4210,2025-04-15,UPI Business,47046.6,COMPLETED
TXN-INV4211,INV4211,2025-04-16,Corporate Card,51208.96,COMPLETED
TXN-INV4212,INV4212,2025-04-17,NEFT/RTGS,42151.2,COMPLETED
TXN-INV4213,INV4213,2025-04-18,Bank Transfer,45114.72,COMPLETED
TXN-INV4214,INV4214,2025-04-19,UPI Business,47693.24,COMPLETED
TXN-INV4215,INV4215,2025-04-20,Corporate Card,51910.4,COMPLETED
TXN-INV4216,INV4216,2025-04-21,NEFT/RTGS,42726.6,COMPLETED
TXN-INV4217,INV4217,2025-04-22,Bank Transfer,45728.48,COMPLETED
TXN-INV4218,INV4218,2025-04-23,UPI Business,48339.88,COMPLETED
TXN-INV4219,INV4219,2025-04-24,Corporate Card,52611.84,COMPLETED
TXN-INV4220,INV4220,2025-04-25,NEFT/RTGS,43302,COMPLETED
TXN-INV4221,INV4221,2025-04-26,Bank Transfer,46342.24,COMPLETED
TXN-INV4222,INV4222,2025-04-27,UPI Business,48986.52,COMPLETED
TXN-INV4223,INV4223,2025-04-28,Corporate Card,53313.28,COMPLETED
TXN-INV4224,INV4224,2025-04-01,NEFT/RTGS,43877.4,COMPLETED
TXN-INV4225,INV4225,2025-04-02,Bank Transfer,46956,COMPLETED
TXN-INV4226,INV4226,2025-04-03,UPI Business,49633.16,COMPLETED
TXN-INV4227,INV4227,2025-04-04,Corporate Card,54014.72,COMPLETED
TXN-INV4228,INV4228,2025-04-05,NEFT/RTGS,44452.8,COMPLETED
TXN-INV4229,INV4229,2025-04-06,Bank Transfer,47569.76,COMPLETED
TXN-INV4230,INV4230,2025-04-07,UPI Business,50279.8,COMPLETED
TXN-INV4231,INV4231,2025-04-08,Corporate Card,54716.16,COMPLETED
TXN-INV4232,INV4232,2025-04-09,NEFT/RTGS,45028.2,COMPLETED
TXN-INV4233,INV4233,2025-04-10,Bank Transfer,48183.52,COMPLETED
TXN-INV4234,INV4234,2025-04-11,UPI Business,50926.44,COMPLETED
TXN-INV4235,INV4235,2025-04-12,Corporate Card,55417.6,COMPLETED
TXN-INV4236,INV4236,2025-04-13,NEFT/RTGS,45603.6,COMPLETED
TXN-INV4237,INV4237,2025-04-14,Bank Transfer,48797.28,COMPLETED
TXN-INV4238,INV4238,2025-04-15,UPI Business,51573.08,COMPLETED
TXN-INV4239,INV4239,2025-04-16,Corporate Card,56119.04,COMPLETED
TXN-INV4240,INV4240,2025-04-17,NEFT/RTGS,46179,COMPLETED
TXN-INV4241,INV4241,2025-04-18,Bank Transfer,49411.04,COMPLETED
TXN-INV4242,INV4242,2025-04-19,UPI Business,52219.72,COMPLETED
TXN-INV4243,INV4243,2025-04-20,Corporate Card,56820.48,COMPLETED
TXN-INV4244,INV4244,2025-04-21,NEFT/RTGS,46754.4,COMPLETED
TXN-INV4245,INV4245,2025-04-22,Bank Transfer,50024.8,COMPLETED
TXN-INV4246,INV4246,2025-04-23,UPI Business,52866.36,COMPLETED
TXN-INV4247,INV4247,2025-04-24,Corporate Card,57521.92,COMPLETED
TXN-INV4248,INV4248,2025-04-25,NEFT/RTGS,47329.8,COMPLETED
TXN-INV4249,INV4249,2025-04-26,Bank Transfer,50638.56,COMPLETED
TXN-INV4250,INV4250,2025-04-27,UPI Business,53513,COMPLETED
TXN-INV4251,INV4251,2025-04-28,Corporate Card,58223.36,COMPLETED
TXN-INV4252,INV4252,2025-04-01,NEFT/RTGS,47905.2,COMPLETED
TXN-INV4253,INV4253,2025-04-02,Bank Transfer,51252.32,COMPLETED
TXN-INV4254,INV4254,2025-04-03,UPI Business,54159.64,COMPLETED
TXN-INV4255,INV4255,2025-04-04,Corporate Card,58924.8,COMPLETED
TXN-INV4256,INV4256,2025-04-05,NEFT/RTGS,48480.6,COMPLETED
TXN-INV4257,INV4257,2025-04-06,Bank Transfer,51866.08,COMPLETED
TXN-INV4258,INV4258,2025-04-07,UPI Business,54806.28,COMPLETED
TXN-INV4259,INV4259,2025-04-08,Corporate Card,59626.24,COMPLETED
TXN-INV4260,INV4260,2025-04-09,NEFT/RTGS,49056,COMPLETED
TXN-INV4261,INV4261,2025-04-10,Bank Transfer,52479.84,COMPLETED
TXN-INV4262,INV4262,2025-04-11,UPI Business,55452.92,COMPLETED
TXN-INV4263,INV4263,2025-04-12,Corporate Card,60327.68,COMPLETED
TXN-INV4264,INV4264,2025-04-13,NEFT/RTGS,49631.4,COMPLETED
TXN-INV4265,INV4265,2025-04-14,Bank Transfer,53093.6,COMPLETED
TXN-INV4266,INV4266,2025-04-15,UPI Business,56099.56,COMPLETED
TXN-INV4267,INV4267,2025-04-16,Corporate Card,61029.12,COMPLETED
TXN-INV4268,INV4268,2025-04-17,NEFT/RTGS,50206.8,COMPLETED
TXN-INV4269,INV4269,2025-04-18,Bank Transfer,53707.36,COMPLETED
TXN-INV4270,INV4270,2025-04-19,UPI Business,56746.2,COMPLETED
TXN-INV4271,INV4271,2025-04-20,Corporate Card,61730.56,COMPLETED
TXN-INV4272,INV4272,2025-04-21,NEFT/RTGS,50782.2,COMPLETED
TXN-INV4273,INV4273,2025-04-22,Bank Transfer,54321.12,COMPLETED
TXN-INV4274,INV4274,2025-04-23,UPI Business,57392.84,COMPLETED
TXN-INV4275,INV4275,2025-04-24,Corporate Card,62432,COMPLETED
TXN-INV4276,INV4276,2025-04-25,NEFT/RTGS,51357.6,COMPLETED
TXN-INV4277,INV4277,2025-04-26,Bank Transfer,54934.88,COMPLETED
TXN-INV4278,INV4278,2025-04-27,UPI Business,58039.48,COMPLETED
TXN-INV4279,INV4279,2025-04-28,Corporate Card,63133.44,COMPLETED
TXN-INV4280,INV4280,2025-04-01,NEFT/RTGS,51933,COMPLETED
TXN-INV4281,INV4281,2025-04-02,Bank Transfer,55548.64,COMPLETED
TXN-INV4282,INV4282,2025-04-03,UPI Business,58686.12,COMPLETED
TXN-INV4283,INV4283,2025-04-04,Corporate Card,63834.88,COMPLETED
TXN-INV4284,INV4284,2025-04-05,NEFT/RTGS,52508.4,COMPLETED
TXN-INV4285,INV4285,2025-04-06,Bank Transfer,56162.4,COMPLETED
TXN-INV4286,INV4286,2025-04-07,UPI Business,59332.76,COMPLETED
TXN-INV4287,INV4287,2025-04-08,Corporate Card,64536.32,COMPLETED
TXN-INV4288,INV4288,2025-04-09,NEFT/RTGS,53083.8,COMPLETED
TXN-INV4289,INV4289,2025-04-10,Bank Transfer,56776.16,COMPLETED
TXN-INV4290,INV4290,2025-04-11,UPI Business,59979.4,COMPLETED
TXN-INV4291,INV4291,2025-04-12,Corporate Card,65237.76,COMPLETED
TXN-INV4292,INV4292,2025-04-13,NEFT/RTGS,53659.2,COMPLETED
TXN-INV4293,INV4293,2025-04-14,Bank Transfer,57389.92,COMPLETED
TXN-INV4294,INV4294,2025-04-15,UPI Business,60626.04,COMPLETED
TXN-INV4295,INV4295,2025-04-16,Corporate Card,65939.2,COMPLETED
TXN-INV4296,INV4296,2025-04-17,NEFT/RTGS,54234.6,COMPLETED
TXN-INV4297,INV4297,2025-04-18,Bank Transfer,58003.68,COMPLETED
TXN-INV4298,INV4298,2025-04-19,UPI Business,61272.68,COMPLETED
TXN-INV4299,INV4299,2025-04-20,Corporate Card,66640.64,COMPLETED
TXN-INV4300,INV4300,2025-04-21,NEFT/RTGS,54810,COMPLETED
TXN-INV4301,INV4301,2025-04-22,Bank Transfer,58617.44,COMPLETED
TXN-INV4302,INV4302,2025-04-23,UPI Business,61919.32,COMPLETED
TXN-INV4303,INV4303,2025-04-24,Corporate Card,67342.08,COMPLETED
TXN-INV4304,INV4304,2025-04-25,NEFT/RTGS,55385.4,COMPLETED
TXN-INV4305,INV4305,2025-04-26,Bank Transfer,59231.2,COMPLETED
TXN-INV4306,INV4306,2025-04-27,UPI Business,62565.96,COMPLETED
TXN-INV4307,INV4307,2025-04-28,Corporate Card,68043.52,COMPLETED
TXN-INV4308,INV4308,2025-04-01,NEFT/RTGS,55960.8,COMPLETED
TXN-INV4309,INV4309,2025-04-02,Bank Transfer,59844.96,COMPLETED
TXN-INV4310,INV4310,2025-04-03,UPI Business,63212.6,COMPLETED
TXN-INV4311,INV4311,2025-04-04,Corporate Card,68744.96,COMPLETED
TXN-INV4312,INV4312,2025-04-05,NEFT/RTGS,56536.2,COMPLETED
TXN-INV4313,INV4313,2025-04-06,Bank Transfer,60458.72,COMPLETED
TXN-INV4314,INV4314,2025-04-07,UPI Business,63859.24,COMPLETED
TXN-INV4315,INV4315,2025-04-08,Corporate Card,69446.4,COMPLETED
TXN-INV4316,INV4316,2025-04-09,NEFT/RTGS,57111.6,COMPLETED
TXN-INV4317,INV4317,2025-04-10,Bank Transfer,61072.48,COMPLETED
TXN-INV4318,INV4318,2025-04-11,UPI Business,64505.88,COMPLETED
TXN-INV4319,INV4319,2025-04-12,Corporate Card,70147.84,COMPLETED
TXN-INV4320,INV4320,2025-04-13,NEFT/RTGS,57687,COMPLETED
TXN-INV4321,INV4321,2025-04-14,Bank Transfer,61686.24,COMPLETED
TXN-INV4322,INV4322,2025-04-15,UPI Business,65152.52,COMPLETED
TXN-INV4323,INV4323,2025-04-16,Corporate Card,70849.28,COMPLETED
TXN-INV4324,INV4324,2025-04-17,NEFT/RTGS,58262.4,COMPLETED
TXN-INV4325,INV4325,2025-04-18,Bank Transfer,62300,COMPLETED
TXN-INV4326,INV4326,2025-04-19,UPI Business,65799.16,COMPLETED
TXN-INV4327,INV4327,2025-04-20,Corporate Card,71550.72,COMPLETED
TXN-INV4328,INV4328,2025-04-21,NEFT/RTGS,58837.8,COMPLETED
TXN-INV4329,INV4329,2025-04-22,Bank Transfer,62913.76,COMPLETED
TXN-INV4330,INV4330,2025-04-23,UPI Business,66445.8,COMPLETED
TXN-INV4331,INV4331,2025-04-24,Corporate Card,72252.16,COMPLETED
TXN-INV4332,INV4332,2025-04-25,NEFT/RTGS,59413.2,COMPLETED
TXN-INV4333,INV4333,2025-04-26,Bank Transfer,63527.52,COMPLETED
TXN-INV4334,INV4334,2025-04-27,UPI Business,67092.44,COMPLETED
TXN-INV4335,INV4335,2025-04-28,Corporate Card,72953.6,COMPLETED
TXN-INV4336,INV4336,2025-04-01,NEFT/RTGS,59988.6,COMPLETED
TXN-INV4337,INV4337,2025-04-02,Bank Transfer,64141.28,COMPLETED
TXN-INV4338,INV4338,2025-04-03,UPI Business,67739.08,COMPLETED
TXN-INV4339,INV4339,2025-04-04,Corporate Card,73655.04,COMPLETED
TXN-INV4340,INV4340,2025-04-05,NEFT/RTGS,60564,COMPLETED
TXN-INV4341,INV4341,2025-04-06,Bank Transfer,64755.04,COMPLETED
TXN-INV4342,INV4342,2025-04-07,UPI Business,68385.72,COMPLETED
TXN-INV4343,INV4343,2025-04-08,Corporate Card,74356.48,COMPLETED
TXN-INV4344,INV4344,2025-04-09,NEFT/RTGS,61139.4,COMPLETED
TXN-INV4345,INV4345,2025-04-10,Bank Transfer,65368.8,COMPLETED
TXN-INV4346,INV4346,2025-04-11,UPI Business,69032.36,COMPLETED
TXN-INV4347,INV4347,2025-04-12,Corporate Card,75057.92,COMPLETED
TXN-INV4348,INV4348,2025-04-13,NEFT/RTGS,61714.8,COMPLETED
TXN-INV4349,INV4349,2025-04-14,Bank Transfer,65982.56,COMPLETED
TXN-INV4350,INV4350,2025-04-15,UPI Business,69679,COMPLETED
TXN-INV4351,INV4351,2025-04-16,Corporate Card,75759.36,COMPLETED
TXN-INV4352,INV4352,2025-04-17,NEFT/RTGS,62290.2,COMPLETED
TXN-INV4353,INV4353,2025-04-18,Bank Transfer,66596.32,COMPLETED
TXN-INV4354,INV4354,2025-04-19,UPI Business,70325.64,COMPLETED
TXN-INV4355,INV4355,2025-04-20,Corporate Card,76460.8,COMPLETED
TXN-INV4356,INV4356,2025-04-21,NEFT/RTGS,62865.6,COMPLETED
TXN-INV4357,INV4357,2025-04-22,Bank Transfer,67210.08,COMPLETED
TXN-INV4358,INV4358,2025-04-23,UPI Business,70972.28,COMPLETED
TXN-INV4359,INV4359,2025-04-24,Corporate Card,77162.24,COMPLETED
TXN-INV4360,INV4360,2025-04-25,NEFT/RTGS,63441,COMPLETED
TXN-INV4361,INV4361,2025-04-26,Bank Transfer,67823.84,COMPLETED
TXN-INV4362,INV4362,2025-04-27,UPI Business,71618.92,COMPLETED
TXN-INV4363,INV4363,2025-04-28,Corporate Card,77863.68,COMPLETED
TXN-INV4364,INV4364,2025-04-01,NEFT/RTGS,64016.4,COMPLETED
TXN-INV4365,INV4365,2025-04-02,Bank Transfer,68437.6,COMPLETED
TXN-INV4366,INV4366,2025-04-03,UPI Business,72265.56,COMPLETED
TXN-INV4367,INV4367,2025-04-04,Corporate Card,78565.12,COMPLETED
TXN-INV4368,INV4368,2025-04-05,NEFT/RTGS,64591.8,COMPLETED
TXN-INV4369,INV4369,2025-04-06,Bank Transfer,69051.36,COMPLETED
TXN-INV4370,INV4370,2025-04-07,UPI Business,72912.2,COMPLETED
TXN-INV4371,INV4371,2025-04-08,Corporate Card,79266.56,COMPLETED
TXN-INV4372,INV4372,2025-04-09,NEFT/RTGS,65167.2,COMPLETED
TXN-INV4373,INV4373,2025-04-10,Bank Transfer,69665.12,COMPLETED
TXN-INV4374,INV4374,2025-04-11,UPI Business,73558.84,COMPLETED
TXN-INV4375,INV4375,2025-04-12,Corporate Card,79968,COMPLETED
TXN-INV4376,INV4376,2025-04-13,NEFT/RTGS,65742.6,COMPLETED
TXN-INV4377,INV4377,2025-04-14,Bank Transfer,70278.88,COMPLETED
TXN-INV4378,INV4378,2025-04-15,UPI Business,74205.48,COMPLETED
TXN-INV4379,INV4379,2025-04-16,Corporate Card,80669.44,COMPLETED
TXN-INV4380,INV4380,2025-04-17,NEFT/RTGS,66318,COMPLETED
TXN-INV4381,INV4381,2025-04-18,Bank Transfer,70892.64,COMPLETED
TXN-INV4382,INV4382,2025-04-19,UPI Business,74852.12,COMPLETED
TXN-INV4383,INV4383,2025-04-20,Corporate Card,81370.88,COMPLETED
TXN-INV4384,INV4384,2025-04-21,NEFT/RTGS,66893.4,COMPLETED
TXN-INV4385,INV4385,2025-04-22,Bank Transfer,71506.4,COMPLETED
TXN-INV4386,INV4386,2025-04-23,UPI Business,75498.76,COMPLETED
TXN-INV4387,INV4387,2025-04-24,Corporate Card,82072.32,COMPLETED
TXN-INV4388,INV4388,2025-04-25,NEFT/RTGS,67468.8,COMPLETED
TXN-INV4389,INV4389,2025-04-26,Bank Transfer,72120.16,COMPLETED
TXN-INV4390,INV4390,2025-04-27,UPI Business,76145.4,COMPLETED
TXN-INV4391,INV4391,2025-04-28,Corporate Card,82773.76,COMPLETED
TXN-INV4392,INV4392,2025-04-01,NEFT/RTGS,68044.2,COMPLETED
TXN-INV4393,INV4393,2025-04-02,Bank Transfer,72733.92,COMPLETED
TXN-INV4394,INV4394,2025-04-03,UPI Business,76792.04,COMPLETED
TXN-INV4395,INV4395,2025-04-04,Corporate Card,83475.2,COMPLETED
TXN-INV4396,INV4396,2025-04-05,NEFT/RTGS,68619.6,COMPLETED
TXN-INV4397,INV4397,2025-04-06,Bank Transfer,73347.68,COMPLETED
TXN-INV4398,INV4398,2025-04-07,UPI Business,77438.68,COMPLETED
TXN-INV4399,INV4399,2025-04-08,Corporate Card,84176.64,COMPLETED
TXN-INV4400,INV4400,2025-04-09,NEFT/RTGS,69195,COMPLETED
TXN-INV4401,INV4401,2025-04-10,Bank Transfer,73961.44,COMPLETED
TXN-INV4402,INV4402,2025-04-11,UPI Business,78085.32,COMPLETED
TXN-INV4403,INV4403,2025-04-12,Corporate Card,84878.08,COMPLETED
TXN-INV4404,INV4404,2025-04-13,NEFT/RTGS,69770.4,COMPLETED
TXN-INV4405,INV4405,2025-04-14,Bank Transfer,74575.2,COMPLETED
TXN-INV4406,INV4406,2025-04-15,UPI Business,78731.96,COMPLETED
TXN-INV4407,INV4407,2025-04-16,Corporate Card,85579.52,COMPLETED
TXN-INV4408,INV4408,2025-04-17,NEFT/RTGS,70345.8,COMPLETED
TXN-INV4409,INV4409,2025-04-18,Bank Transfer,75188.96,COMPLETED
TXN-INV4410,INV4410,2025-04-19,UPI Business,79378.6,COMPLETED
TXN-INV4411,INV4411,2025-04-20,Corporate Card,86280.96,COMPLETED
TXN-INV4412,INV4412,2025-04-21,NEFT/RTGS,70921.2,COMPLETED
TXN-INV4413,INV4413,2025-04-22,Bank Transfer,75802.72,COMPLETED
TXN-INV4414,INV4414,2025-04-23,UPI Business,80025.24,COMPLETED
TXN-INV4415,INV4415,2025-04-24,Corporate Card,86982.4,COMPLETED
TXN-INV4416,INV4416,2025-04-25,NEFT/RTGS,71496.6,COMPLETED
TXN-INV4417,INV4417,2025-04-26,Bank Transfer,76416.48,COMPLETED
TXN-INV4418,INV4418,2025-04-27,UPI Business,80671.88,COMPLETED
TXN-INV4419,INV4419,2025-04-28,Corporate Card,87683.84,COMPLETED
TXN-INV4420,INV4420,2025-04-01,NEFT/RTGS,72072,COMPLETED
TXN-INV4421,INV4421,2025-04-02,Bank Transfer,77030.24,COMPLETED
TXN-INV4422,INV4422,2025-04-03,UPI Business,81318.52,COMPLETED
TXN-INV4423,INV4423,2025-04-04,Corporate Card,88385.28,COMPLETED
TXN-INV4424,INV4424,2025-04-05,NEFT/RTGS,72647.4,COMPLETED
TXN-INV4425,INV4425,2025-04-06,Bank Transfer,77644,COMPLETED
TXN-INV4426,INV4426,2025-04-07,UPI Business,81965.16,COMPLETED
TXN-INV4427,INV4427,2025-04-08,Corporate Card,89086.72,COMPLETED
TXN-INV4428,INV4428,2025-04-09,NEFT/RTGS,73222.8,COMPLETED
TXN-INV4429,INV4429,2025-04-10,Bank Transfer,78257.76,COMPLETED
TXN-INV4430,INV4430,2025-04-11,UPI Business,82611.8,COMPLETED
TXN-INV4431,INV4431,2025-04-12,Corporate Card,89788.16,COMPLETED
TXN-INV4432,INV4432,2025-04-13,NEFT/RTGS,73798.2,COMPLETED
TXN-INV4433,INV4433,2025-04-14,Bank Transfer,78871.52,COMPLETED
TXN-INV4434,INV4434,2025-04-15,UPI Business,83258.44,COMPLETED
TXN-INV4435,INV4435,2025-04-16,Corporate Card,90489.6,COMPLETED
TXN-INV4436,INV4436,2025-04-17,NEFT/RTGS,74373.6,COMPLETED
TXN-INV4437,INV4437,2025-04-18,Bank Transfer,79485.28,COMPLETED
TXN-INV4438,INV4438,2025-04-19,UPI Business,83905.08,COMPLETED
TXN-INV4439,INV4439,2025-04-20,Corporate Card,91191.04,COMPLETED
TXN-INV4440,INV4440,2025-04-21,NEFT/RTGS,74949,COMPLETED
TXN-INV4441,INV4441,2025-04-22,Bank Transfer,80099.04,COMPLETED
TXN-INV4442,INV4442,2025-04-23,UPI Business,84551.72,COMPLETED
TXN-INV4443,INV4443,2025-04-24,Corporate Card,91892.48,COMPLETED
TXN-INV4444,INV4444,2025-04-25,NEFT/RTGS,75524.4,COMPLETED
TXN-INV4445,INV4445,2025-04-26,Bank Transfer,80712.8,COMPLETED
TXN-INV4446,INV4446,2025-04-27,UPI Business,85198.36,COMPLETED
TXN-INV4447,INV4447,2025-04-28,Corporate Card,92593.92,COMPLETED
TXN-INV4448,INV4448,2025-04-01,NEFT/RTGS,76099.8,COMPLETED
TXN-INV4449,INV4449,2025-04-02,Bank Transfer,81326.56,COMPLETED
TXN-INV4450,INV4450,2025-04-03,UPI Business,1239000,COMPLETED
TXN-INV4451,INV4451,2025-04-04,Corporate Card,93295.36,COMPLETED
TXN-INV4452,INV4452,2025-04-05,NEFT/RTGS,76675.2,COMPLETED
TXN-INV4453,INV4453,2025-04-06,Bank Transfer,81940.32,COMPLETED
TXN-INV4454,INV4454,2025-04-07,UPI Business,86491.64,COMPLETED
TXN-INV4455,INV4455,2025-04-08,Corporate Card,93996.8,COMPLETED
TXN-INV4456,INV4456,2025-04-09,NEFT/RTGS,77250.6,COMPLETED
TXN-INV4457,INV4457,2025-04-10,Bank Transfer,82554.08,COMPLETED
TXN-INV4458,INV4458,2025-04-11,UPI Business,87138.28,COMPLETED
TXN-INV4459,INV4459,2025-04-12,Corporate Card,94698.24,COMPLETED
TXN-INV4460,INV4460,2025-04-13,NEFT/RTGS,77826,COMPLETED
TXN-INV4461,INV4461,2025-04-14,Bank Transfer,83167.84,COMPLETED
TXN-INV4462,INV4462,2025-04-15,UPI Business,87784.92,COMPLETED
TXN-INV4463,INV4463,2025-04-16,Corporate Card,95399.68,COMPLETED
TXN-INV4464,INV4464,2025-04-17,NEFT/RTGS,78401.4,COMPLETED
TXN-INV4465,INV4465,2025-04-18,Bank Transfer,83781.6,COMPLETED
TXN-INV4466,INV4466,2025-04-19,UPI Business,88431.56,COMPLETED
TXN-INV4467,INV4467,2025-04-20,Corporate Card,96101.12,COMPLETED
TXN-INV4468,INV4468,2025-04-21,NEFT/RTGS,78976.8,COMPLETED
TXN-INV4469,INV4469,2025-04-22,Bank Transfer,84395.36,COMPLETED
TXN-INV4470,INV4470,2025-04-23,UPI Business,89078.2,COMPLETED
TXN-INV4471,INV4471,2025-04-24,Corporate Card,96802.56,COMPLETED
TXN-INV4472,INV4472,2025-04-25,NEFT/RTGS,79552.2,COMPLETED
TXN-INV4473,INV4473,2025-04-26,Bank Transfer,85009.12,COMPLETED
TXN-INV4474,INV4474,2025-04-27,UPI Business,89724.84,COMPLETED
TXN-INV4475,INV4475,2025-04-28,Corporate Card,97504,COMPLETED
TXN-INV4476,INV4476,2025-04-01,NEFT/RTGS,80127.6,COMPLETED
TXN-INV4477,INV4477,2025-04-02,Bank Transfer,85622.88,COMPLETED
TXN-INV4478,INV4478,2025-04-03,UPI Business,90371.48,COMPLETED
TXN-INV4479,INV4479,2025-04-04,Corporate Card,98205.44,COMPLETED
TXN-INV4480,INV4480,2025-04-05,NEFT/RTGS,80703,COMPLETED
TXN-INV4481,INV4481,2025-04-06,Bank Transfer,86236.64,COMPLETED
TXN-INV4482,INV4482,2025-04-07,UPI Business,91018.12,COMPLETED
TXN-INV4483,INV4483,2025-04-08,Corporate Card,98906.88,COMPLETED
TXN-INV4484,INV4484,2025-04-09,NEFT/RTGS,81278.4,COMPLETED
TXN-INV4485,INV4485,2025-04-10,Bank Transfer,2850.4,COMPLETED
TXN-INV4486,INV4486,2025-04-11,UPI Business,3164.76,COMPLETED
TXN-INV4487,INV4487,2025-04-12,Corporate Card,3608.32,COMPLETED
TXN-INV4488,INV4488,2025-04-13,NEFT/RTGS,3103.8,COMPLETED
TXN-INV4489,INV4489,2025-04-14,Bank Transfer,3464.16,COMPLETED
TXN-INV4490,INV4490,2025-04-15,UPI Business,3811.4,COMPLETED
TXN-INV4491,INV4491,2025-04-16,Corporate Card,4309.76,COMPLETED
TXN-INV4492,INV4492,2025-04-17,NEFT/RTGS,3679.2,COMPLETED
TXN-INV4493,INV4493,2025-04-18,Bank Transfer,4077.92,COMPLETED
TXN-INV4494,INV4494,2025-04-19,UPI Business,4458.04,COMPLETED
TXN-INV4495,INV4495,2025-04-20,Corporate Card,5011.2,COMPLETED
TXN-INV4496,INV4496,2025-04-21,NEFT/RTGS,4254.6,COMPLETED
TXN-INV4497,INV4497,2025-04-22,Bank Transfer,4691.68,COMPLETED
TXN-INV4498,INV4498,2025-04-23,UPI Business,5104.68,COMPLETED
TXN-INV4499,INV4499,2025-04-24,Corporate Card,5712.64,COMPLETED
TXN-INV4500,INV4500,2025-04-25,NEFT/RTGS,4830,COMPLETED
TXN-INV4501,INV4501,2025-04-26,Bank Transfer,5305.44,COMPLETED
TXN-INV4502,INV4502,2025-04-27,UPI Business,5751.32,COMPLETED
TXN-INV4503,INV4503,2025-04-28,Corporate Card,6414.08,COMPLETED
TXN-INV4504,INV4504,2025-04-01,NEFT/RTGS,5405.4,COMPLETED
TXN-INV4505,INV4505,2025-04-02,Bank Transfer,5919.2,COMPLETED
TXN-INV4506,INV4506,2025-04-03,UPI Business,6397.96,COMPLETED
TXN-INV4507,INV4507,2025-04-04,Corporate Card,7115.52,COMPLETED
TXN-INV4508,INV4508,2025-04-05,NEFT/RTGS,5980.8,COMPLETED
TXN-INV4509,INV4509,2025-04-06,Bank Transfer,6532.96,COMPLETED
TXN-INV4510,INV4510,2025-04-07,UPI Business,7044.6,COMPLETED
TXN-INV4511,INV4511,2025-04-08,Corporate Card,7816.96,COMPLETED
TXN-INV4512,INV4512,2025-04-09,NEFT/RTGS,6556.2,COMPLETED
TXN-INV4513,INV4513,2025-04-10,Bank Transfer,7146.72,COMPLETED
TXN-INV4514,INV4514,2025-04-11,UPI Business,7691.24,COMPLETED
TXN-INV4515,INV4515,2025-04-12,Corporate Card,8518.4,COMPLETED
TXN-INV4516,INV4516,2025-04-13,NEFT/RTGS,7131.6,COMPLETED
TXN-INV4517,INV4517,2025-04-14,Bank Transfer,7760.48,COMPLETED
TXN-INV4518,INV4518,2025-04-15,UPI Business,8337.88,COMPLETED
TXN-INV4519,INV4519,2025-04-16,Corporate Card,9219.84,COMPLETED
TXN-INV4520,INV4520,2025-04-17,NEFT/RTGS,7707,COMPLETED
TXN-INV4521,INV4521,2025-04-18,Bank Transfer,8374.24,COMPLETED
TXN-INV4522,INV4522,2025-04-19,UPI Business,8984.52,COMPLETED
TXN-INV4523,INV4523,2025-04-20,Corporate Card,9921.28,COMPLETED
TXN-INV4524,INV4524,2025-04-21,NEFT/RTGS,8282.4,COMPLETED
TXN-INV4525,INV4525,2025-04-22,Bank Transfer,8988,COMPLETED
TXN-INV4526,INV4526,2025-04-23,UPI Business,9631.16,COMPLETED
TXN-INV4527,INV4527,2025-04-24,Corporate Card,10622.72,COMPLETED
TXN-INV4528,INV4528,2025-04-25,NEFT/RTGS,8857.8,COMPLETED
TXN-INV4529,INV4529,2025-04-26,Bank Transfer,9601.76,COMPLETED
TXN-INV4530,INV4530,2025-04-27,UPI Business,10277.8,COMPLETED
TXN-INV4531,INV4531,2025-04-28,Corporate Card,11324.16,COMPLETED
TXN-INV4532,INV4532,2025-04-01,NEFT/RTGS,9433.2,COMPLETED
TXN-INV4533,INV4533,2025-04-02,Bank Transfer,10215.52,COMPLETED
TXN-INV4534,INV4534,2025-04-03,UPI Business,10924.44,COMPLETED
TXN-INV4535,INV4535,2025-04-04,Corporate Card,12025.6,COMPLETED
TXN-INV4536,INV4536,2025-04-05,NEFT/RTGS,10008.6,COMPLETED
TXN-INV4537,INV4537,2025-04-06,Bank Transfer,10829.28,COMPLETED
TXN-INV4538,INV4538,2025-04-07,UPI Business,11571.08,COMPLETED
TXN-INV4539,INV4539,2025-04-08,Corporate Card,12727.04,COMPLETED
TXN-INV4540,INV4540,2025-04-09,NEFT/RTGS,10584,COMPLETED
TXN-INV4541,INV4541,2025-04-10,Bank Transfer,11443.04,COMPLETED
TXN-INV4542,INV4542,2025-04-11,UPI Business,12217.72,COMPLETED
TXN-INV4543,INV4543,2025-04-12,Corporate Card,13428.48,COMPLETED
TXN-INV4544,INV4544,2025-04-13,NEFT/RTGS,11159.4,COMPLETED
TXN-INV4545,INV4545,2025-04-14,Bank Transfer,12056.8,COMPLETED
TXN-INV4546,INV4546,2025-04-15,UPI Business,12864.36,COMPLETED
TXN-INV4547,INV4547,2025-04-16,Corporate Card,14129.92,COMPLETED
TXN-INV4548,INV4548,2025-04-17,NEFT/RTGS,11734.8,COMPLETED
TXN-INV4549,INV4549,2025-04-18,Bank Transfer,12670.56,COMPLETED
TXN-INV4550,INV4550,2025-04-19,UPI Business,13511,COMPLETED
TXN-INV4551,INV4551,2025-04-20,Corporate Card,14831.36,COMPLETED
TXN-INV4552,INV4552,2025-04-21,NEFT/RTGS,12310.2,COMPLETED
TXN-INV4553,INV4553,2025-04-22,Bank Transfer,13284.32,COMPLETED
TXN-INV4554,INV4554,2025-04-23,UPI Business,14157.64,COMPLETED
TXN-INV4555,INV4555,2025-04-24,Corporate Card,15532.8,COMPLETED
TXN-INV4556,INV4556,2025-04-25,NEFT/RTGS,12885.6,COMPLETED
TXN-INV4557,INV4557,2025-04-26,Bank Transfer,13898.08,COMPLETED
TXN-INV4558,INV4558,2025-04-27,UPI Business,14804.28,COMPLETED
TXN-INV4559,INV4559,2025-04-28,Corporate Card,16234.24,COMPLETED
TXN-INV4560,INV4560,2025-04-01,NEFT/RTGS,13461,COMPLETED
TXN-INV4561,INV4561,2025-04-02,Bank Transfer,14511.84,COMPLETED
TXN-INV4562,INV4562,2025-04-03,UPI Business,15450.92,COMPLETED
TXN-INV4563,INV4563,2025-04-04,Corporate Card,16935.68,COMPLETED
TXN-INV4564,INV4564,2025-04-05,NEFT/RTGS,14036.4,COMPLETED
TXN-INV4565,INV4565,2025-04-06,Bank Transfer,15125.6,COMPLETED
TXN-INV4566,INV4566,2025-04-07,UPI Business,16097.56,COMPLETED
TXN-INV4567,INV4567,2025-04-08,Corporate Card,17637.12,COMPLETED
TXN-INV4568,INV4568,2025-04-09,NEFT/RTGS,14611.8,COMPLETED
TXN-INV4569,INV4569,2025-04-10,Bank Transfer,15739.36,COMPLETED
TXN-INV4570,INV4570,2025-04-11,UPI Business,16744.2,COMPLETED
TXN-INV4571,INV4571,2025-04-12,Corporate Card,18338.56,COMPLETED
TXN-INV4572,INV4572,2025-04-13,NEFT/RTGS,15187.2,COMPLETED
TXN-INV4573,INV4573,2025-04-14,Bank Transfer,16353.12,COMPLETED
TXN-INV4574,INV4574,2025-04-15,UPI Business,17390.84,COMPLETED
TXN-INV4575,INV4575,2025-04-16,Corporate Card,19040,COMPLETED
TXN-INV4576,INV4576,2025-04-17,NEFT/RTGS,15762.6,COMPLETED
TXN-INV4577,INV4577,2025-04-18,Bank Transfer,16966.88,COMPLETED
TXN-INV4578,INV4578,2025-04-19,UPI Business,18037.48,COMPLETED
TXN-INV4579,INV4579,2025-04-20,Corporate Card,19741.44,COMPLETED
TXN-INV4580,INV4580,2025-04-21,NEFT/RTGS,16338,COMPLETED
TXN-INV4581,INV4581,2025-04-22,Bank Transfer,17580.64,COMPLETED
TXN-INV4582,INV4582,2025-04-23,UPI Business,18684.12,COMPLETED
TXN-INV4583,INV4583,2025-04-24,Corporate Card,20442.88,COMPLETED
TXN-INV4584,INV4584,2025-04-25,NEFT/RTGS,16913.4,COMPLETED
TXN-INV4585,INV4585,2025-04-26,Bank Transfer,18194.4,COMPLETED
TXN-INV4586,INV4586,2025-04-27,UPI Business,19330.76,COMPLETED
TXN-INV4587,INV4587,2025-04-28,Corporate Card,21144.32,COMPLETED
TXN-INV4588,INV4588,2025-04-01,NEFT/RTGS,17488.8,COMPLETED
TXN-INV4589,INV4589,2025-04-02,Bank Transfer,18808.16,COMPLETED
TXN-INV4590,INV4590,2025-04-03,UPI Business,19977.4,COMPLETED
TXN-INV4591,INV4591,2025-04-04,Corporate Card,21845.76,COMPLETED
TXN-INV4592,INV4592,2025-04-05,NEFT/RTGS,18064.2,COMPLETED
TXN-INV4593,INV4593,2025-04-06,Bank Transfer,19421.92,COMPLETED
TXN-INV4594,INV4594,2025-04-07,UPI Business,20624.04,COMPLETED
TXN-INV4595,INV4595,2025-04-08,Corporate Card,22547.2,COMPLETED
TXN-INV4596,INV4596,2025-04-09,NEFT/RTGS,18639.6,COMPLETED
TXN-INV4597,INV4597,2025-04-10,Bank Transfer,20035.68,COMPLETED
TXN-INV4598,INV4598,2025-04-11,UPI Business,21270.68,COMPLETED
TXN-INV4599,INV4599,2025-04-12,Corporate Card,23248.64,COMPLETED
TXN-INV4600,INV4600,2025-04-13,NEFT/RTGS,19215,COMPLETED
TXN-INV4601,INV4601,2025-04-14,Bank Transfer,20649.44,COMPLETED
TXN-INV4602,INV4602,2025-04-15,UPI Business,21917.32,COMPLETED
TXN-INV4603,INV4603,2025-04-16,Corporate Card,23950.08,COMPLETED
TXN-INV4604,INV4604,2025-04-17,NEFT/RTGS,19790.4,COMPLETED
TXN-INV4605,INV4605,2025-04-18,Bank Transfer,21263.2,COMPLETED
TXN-INV4606,INV4606,2025-04-19,UPI Business,22563.96,COMPLETED
TXN-INV4607,INV4607,2025-04-20,Corporate Card,24651.52,COMPLETED
TXN-INV4608,INV4608,2025-04-21,NEFT/RTGS,20365.8,COMPLETED
TXN-INV4609,INV4609,2025-04-22,Bank Transfer,21876.96,COMPLETED
TXN-INV4610,INV4610,2025-04-23,UPI Business,23210.6,COMPLETED
TXN-INV4611,INV4611,2025-04-24,Corporate Card,25352.96,COMPLETED
TXN-INV4612,INV4612,2025-04-25,NEFT/RTGS,20941.2,COMPLETED
TXN-INV4613,INV4613,2025-04-26,Bank Transfer,22490.72,COMPLETED
TXN-INV4614,INV4614,2025-04-27,UPI Business,23857.24,COMPLETED
TXN-INV4615,INV4615,2025-04-28,Corporate Card,26054.4,COMPLETED
TXN-INV4616,INV4616,2025-04-01,NEFT/RTGS,21516.6,COMPLETED
TXN-INV4617,INV4617,2025-04-02,Bank Transfer,23104.48,COMPLETED
TXN-INV4618,INV4618,2025-04-03,UPI Business,24503.88,COMPLETED
TXN-INV4619,INV4619,2025-04-04,Corporate Card,26755.84,COMPLETED
TXN-INV4620,INV4620,2025-04-05,NEFT/RTGS,22092,COMPLETED
TXN-INV4621,INV4621,2025-04-06,Bank Transfer,23718.24,COMPLETED
TXN-INV4622,INV4622,2025-04-07,UPI Business,25150.52,COMPLETED
TXN-INV4623,INV4623,2025-04-08,Corporate Card,27457.28,COMPLETED
TXN-INV4624,INV4624,2025-04-09,NEFT/RTGS,22667.4,COMPLETED
TXN-INV4625,INV4625,2025-04-10,Bank Transfer,24332,COMPLETED
TXN-INV4626,INV4626,2025-04-11,UPI Business,25797.16,COMPLETED
TXN-INV4627,INV4627,2025-04-12,Corporate Card,28158.72,COMPLETED
TXN-INV4628,INV4628,2025-04-13,NEFT/RTGS,23242.8,COMPLETED
TXN-INV4629,INV4629,2025-04-14,Bank Transfer,24945.76,COMPLETED
TXN-INV4630,INV4630,2025-04-15,UPI Business,26443.8,COMPLETED
TXN-INV4631,INV4631,2025-04-16,Corporate Card,28860.16,COMPLETED
TXN-INV4632,INV4632,2025-04-17,NEFT/RTGS,23818.2,COMPLETED
TXN-INV4633,INV4633,2025-04-18,Bank Transfer,25559.52,COMPLETED
TXN-INV4634,INV4634,2025-04-19,UPI Business,27090.44,COMPLETED
TXN-INV4635,INV4635,2025-04-20,Corporate Card,29561.6,COMPLETED
TXN-INV4636,INV4636,2025-04-21,NEFT/RTGS,24393.6,COMPLETED
TXN-INV4637,INV4637,2025-04-22,Bank Transfer,26173.28,COMPLETED
TXN-INV4638,INV4638,2025-04-23,UPI Business,27737.08,COMPLETED
TXN-INV4639,INV4639,2025-04-24,Corporate Card,30263.04,COMPLETED
TXN-INV4640,INV4640,2025-04-25,NEFT/RTGS,24969,COMPLETED
TXN-INV4641,INV4641,2025-04-26,Bank Transfer,26787.04,COMPLETED
TXN-INV4642,INV4642,2025-04-27,UPI Business,28383.72,COMPLETED
TXN-INV4643,INV4643,2025-04-28,Corporate Card,30964.48,COMPLETED
TXN-INV4644,INV4644,2025-04-01,NEFT/RTGS,25544.4,COMPLETED
TXN-INV4645,INV4645,2025-04-02,Bank Transfer,27400.8,COMPLETED
TXN-INV4646,INV4646,2025-04-03,UPI Business,29030.36,COMPLETED
TXN-INV4647,INV4647,2025-04-04,Corporate Card,31665.92,COMPLETED
TXN-INV4648,INV4648,2025-04-05,NEFT/RTGS,26119.8,COMPLETED
TXN-INV4649,INV4649,2025-04-06,Bank Transfer,28014.56,COMPLETED
TXN-INV4650,INV4650,2025-04-07,UPI Business,29677,COMPLETED
TXN-INV4651,INV4651,2025-04-08,Corporate Card,32367.36,COMPLETED
TXN-INV4652,INV4652,2025-04-09,NEFT/RTGS,26695.2,COMPLETED
TXN-INV4653,INV4653,2025-04-10,Bank Transfer,28628.32,COMPLETED
TXN-INV4654,INV4654,2025-04-11,UPI Business,30323.64,COMPLETED
TXN-INV4655,INV4655,2025-04-12,Corporate Card,33068.8,COMPLETED
TXN-INV4656,INV4656,2025-04-13,NEFT/RTGS,27270.6,COMPLETED
TXN-INV4657,INV4657,2025-04-14,Bank Transfer,29242.08,COMPLETED
TXN-INV4658,INV4658,2025-04-15,UPI Business,30970.28,COMPLETED
TXN-INV4659,INV4659,2025-04-16,Corporate Card,33770.24,COMPLETED
TXN-INV4660,INV4660,2025-04-17,NEFT/RTGS,27846,COMPLETED
TXN-INV4661,INV4661,2025-04-18,Bank Transfer,29855.84,COMPLETED
TXN-INV4662,INV4662,2025-04-19,UPI Business,31616.92,COMPLETED
TXN-INV4663,INV4663,2025-04-20,Corporate Card,34471.68,COMPLETED
TXN-INV4664,INV4664,2025-04-21,NEFT/RTGS,28421.4,COMPLETED
TXN-INV4665,INV4665,2025-04-22,Bank Transfer,30469.6,COMPLETED
TXN-INV4666,INV4666,2025-04-23,UPI Business,32263.56,COMPLETED
TXN-INV4667,INV4667,2025-04-24,Corporate Card,35173.12,COMPLETED
TXN-INV4668,INV4668,2025-04-25,NEFT/RTGS,28996.8,COMPLETED
TXN-INV4669,INV4669,2025-04-26,Bank Transfer,31083.36,COMPLETED
TXN-INV4670,INV4670,2025-04-27,UPI Business,32910.2,COMPLETED
TXN-INV4671,INV4671,2025-04-28,Corporate Card,35874.56,COMPLETED
TXN-INV4672,INV4672,2025-04-01,NEFT/RTGS,29572.2,COMPLETED
TXN-INV4673,INV4673,2025-04-02,Bank Transfer,31697.12,COMPLETED
TXN-INV4674,INV4674,2025-04-03,UPI Business,33556.84,COMPLETED
TXN-INV4675,INV4675,2025-04-04,Corporate Card,36576,COMPLETED
TXN-INV4676,INV4676,2025-04-05,NEFT/RTGS,30147.6,COMPLETED
TXN-INV4677,INV4677,2025-04-06,Bank Transfer,32310.88,COMPLETED
TXN-INV4678,INV4678,2025-04-07,UPI Business,34203.48,COMPLETED
TXN-INV4679,INV4679,2025-04-08,Corporate Card,37277.44,COMPLETED
TXN-INV4680,INV4680,2025-04-09,NEFT/RTGS,30723,COMPLETED
TXN-INV4681,INV4681,2025-04-10,Bank Transfer,32924.64,COMPLETED
TXN-INV4682,INV4682,2025-04-11,UPI Business,34850.12,COMPLETED
TXN-INV4683,INV4683,2025-04-12,Corporate Card,37978.88,COMPLETED
TXN-INV4684,INV4684,2025-04-13,NEFT/RTGS,31298.4,COMPLETED
TXN-INV4685,INV4685,2025-04-14,Bank Transfer,33538.4,COMPLETED
TXN-INV4686,INV4686,2025-04-15,UPI Business,35496.76,COMPLETED
TXN-INV4687,INV4687,2025-04-16,Corporate Card,38680.32,COMPLETED
TXN-INV4688,INV4688,2025-04-17,NEFT/RTGS,31873.8,COMPLETED
TXN-INV4689,INV4689,2025-04-18,Bank Transfer,34152.16,COMPLETED
TXN-INV4690,INV4690,2025-04-19,UPI Business,36143.4,COMPLETED
TXN-INV4691,INV4691,2025-04-20,Corporate Card,39381.76,COMPLETED
TXN-INV4692,INV4692,2025-04-21,NEFT/RTGS,32449.2,COMPLETED
TXN-INV4693,INV4693,2025-04-22,Bank Transfer,34765.92,COMPLETED
TXN-INV4694,INV4694,2025-04-23,UPI Business,36790.04,COMPLETED
TXN-INV4695,INV4695,2025-04-24,Corporate Card,40083.2,COMPLETED
TXN-INV4696,INV4696,2025-04-25,NEFT/RTGS,33024.6,COMPLETED
TXN-INV4697,INV4697,2025-04-26,Bank Transfer,35379.68,COMPLETED
TXN-INV4698,INV4698,2025-04-27,UPI Business,37436.68,COMPLETED
TXN-INV4699,INV4699,2025-04-28,Corporate Card,40784.64,COMPLETED
TXN-INV4700,INV4700,2025-04-01,NEFT/RTGS,997500,COMPLETED
TXN-INV4701,INV4701,2025-04-02,Bank Transfer,35993.44,COMPLETED
TXN-INV4702,INV4702,2025-04-03,UPI Business,38083.32,COMPLETED
TXN-INV4703,INV4703,2025-04-04,Corporate Card,41486.08,COMPLETED
TXN-INV4704,INV4704,2025-04-05,NEFT/RTGS,34175.4,COMPLETED
TXN-INV4705,INV4705,2025-04-06,Bank Transfer,36607.2,COMPLETED
TXN-INV4706,INV4706,2025-04-07,UPI Business,38729.96,COMPLETED
TXN-INV4707,INV4707,2025-04-08,Corporate Card,42187.52,COMPLETED
TXN-INV4708,INV4708,2025-04-09,NEFT/RTGS,34750.8,COMPLETED
TXN-INV4709,INV4709,2025-04-10,Bank Transfer,37220.96,COMPLETED
TXN-INV4710,INV4710,2025-04-11,UPI Business,39376.6,COMPLETED
TXN-INV4711,INV4711,2025-04-12,Corporate Card,42888.96,COMPLETED
TXN-INV4712,INV4712,2025-04-13,NEFT/RTGS,35326.2,COMPLETED
TXN-INV4713,INV4713,2025-04-14,Bank Transfer,37834.72,COMPLETED
TXN-INV4714,INV4714,2025-04-15,UPI Business,40023.24,COMPLETED
TXN-INV4715,INV4715,2025-04-16,Corporate Card,43590.4,COMPLETED
TXN-INV4716,INV4716,2025-04-17,NEFT/RTGS,35901.6,COMPLETED
TXN-INV4717,INV4717,2025-04-18,Bank Transfer,38448.48,COMPLETED
TXN-INV4718,INV4718,2025-04-19,UPI Business,40669.88,COMPLETED
TXN-INV4719,INV4719,2025-04-20,Corporate Card,44291.84,COMPLETED
TXN-INV4720,INV4720,2025-04-21,NEFT/RTGS,36477,COMPLETED
TXN-INV4721,INV4721,2025-04-22,Bank Transfer,39062.24,COMPLETED
TXN-INV4722,INV4722,2025-04-23,UPI Business,41316.52,COMPLETED
TXN-INV4723,INV4723,2025-04-24,Corporate Card,44993.28,COMPLETED
TXN-INV4724,INV4724,2025-04-25,NEFT/RTGS,37052.4,COMPLETED
TXN-INV4725,INV4725,2025-04-26,Bank Transfer,39676,COMPLETED
TXN-INV4726,INV4726,2025-04-27,UPI Business,41963.16,COMPLETED
TXN-INV4727,INV4727,2025-04-28,Corporate Card,45694.72,COMPLETED
TXN-INV4728,INV4728,2025-04-01,NEFT/RTGS,37627.8,COMPLETED
TXN-INV4729,INV4729,2025-04-02,Bank Transfer,40289.76,COMPLETED
TXN-INV4730,INV4730,2025-04-03,UPI Business,42609.8,COMPLETED
TXN-INV4731,INV4731,2025-04-04,Corporate Card,46396.16,COMPLETED
TXN-INV4732,INV4732,2025-04-05,NEFT/RTGS,38203.2,COMPLETED
TXN-INV4733,INV4733,2025-04-06,Bank Transfer,40903.52,COMPLETED
TXN-INV4734,INV4734,2025-04-07,UPI Business,43256.44,COMPLETED
TXN-INV4735,INV4735,2025-04-08,Corporate Card,47097.6,COMPLETED
TXN-INV4736,INV4736,2025-04-09,NEFT/RTGS,38778.6,COMPLETED
TXN-INV4737,INV4737,2025-04-10,Bank Transfer,41517.28,COMPLETED
TXN-INV4738,INV4738,2025-04-11,UPI Business,43903.08,COMPLETED
TXN-INV4739,INV4739,2025-04-12,Corporate Card,47799.04,COMPLETED
TXN-INV4740,INV4740,2025-04-13,NEFT/RTGS,39354,COMPLETED
TXN-INV4741,INV4741,2025-04-14,Bank Transfer,42131.04,COMPLETED
TXN-INV4742,INV4742,2025-04-15,UPI Business,44549.72,COMPLETED
TXN-INV4743,INV4743,2025-04-16,Corporate Card,48500.48,COMPLETED
TXN-INV4744,INV4744,2025-04-17,NEFT/RTGS,39929.4,COMPLETED
TXN-INV4745,INV4745,2025-04-18,Bank Transfer,42744.8,COMPLETED
TXN-INV4746,INV4746,2025-04-19,UPI Business,45196.36,COMPLETED
TXN-INV4747,INV4747,2025-04-20,Corporate Card,49201.92,COMPLETED
TXN-INV4748,INV4748,2025-04-21,NEFT/RTGS,40504.8,COMPLETED
TXN-INV4749,INV4749,2025-04-22,Bank Transfer,43358.56,COMPLETED
TXN-INV4750,INV4750,2025-04-23,UPI Business,45843,COMPLETED
TXN-INV4751,INV4751,2025-04-24,Corporate Card,49903.36,COMPLETED
TXN-INV4752,INV4752,2025-04-25,NEFT/RTGS,41080.2,COMPLETED
TXN-INV4753,INV4753,2025-04-26,Bank Transfer,43972.32,COMPLETED
TXN-INV4754,INV4754,2025-04-27,UPI Business,46489.64,COMPLETED
TXN-INV4755,INV4755,2025-04-28,Corporate Card,50604.8,COMPLETED
TXN-INV4756,INV4756,2025-04-01,NEFT/RTGS,41655.6,COMPLETED
TXN-INV4757,INV4757,2025-04-02,Bank Transfer,44586.08,COMPLETED
TXN-INV4758,INV4758,2025-04-03,UPI Business,47136.28,COMPLETED
TXN-INV4759,INV4759,2025-04-04,Corporate Card,51306.24,COMPLETED
TXN-INV4760,INV4760,2025-04-05,NEFT/RTGS,42231,COMPLETED
TXN-INV4761,INV4761,2025-04-06,Bank Transfer,45199.84,COMPLETED
TXN-INV4762,INV4762,2025-04-07,UPI Business,47782.92,COMPLETED
TXN-INV4763,INV4763,2025-04-08,Corporate Card,52007.68,COMPLETED
TXN-INV4764,INV4764,2025-04-09,NEFT/RTGS,42806.4,COMPLETED
TXN-INV4765,INV4765,2025-04-10,Bank Transfer,45813.6,COMPLETED
TXN-INV4766,INV4766,2025-04-11,UPI Business,48429.56,COMPLETED
TXN-INV4767,INV4767,2025-04-12,Corporate Card,52709.12,COMPLETED
TXN-INV4768,INV4768,2025-04-13,NEFT/RTGS,43381.8,COMPLETED
TXN-INV4769,INV4769,2025-04-14,Bank Transfer,46427.36,COMPLETED
TXN-INV4770,INV4770,2025-04-15,UPI Business,49076.2,COMPLETED
TXN-INV4771,INV4771,2025-04-16,Corporate Card,53410.56,COMPLETED
TXN-INV4772,INV4772,2025-04-17,NEFT/RTGS,43957.2,COMPLETED
TXN-INV4773,INV4773,2025-04-18,Bank Transfer,47041.12,COMPLETED
TXN-INV4774,INV4774,2025-04-19,UPI Business,49722.84,COMPLETED
TXN-INV4775,INV4775,2025-04-20,Corporate Card,54112,COMPLETED
TXN-INV4776,INV4776,2025-04-21,NEFT/RTGS,44532.6,COMPLETED
TXN-INV4777,INV4777,2025-04-22,Bank Transfer,47654.88,COMPLETED
TXN-INV4778,INV4778,2025-04-23,UPI Business,50369.48,COMPLETED
TXN-INV4779,INV4779,2025-04-24,Corporate Card,54813.44,COMPLETED
TXN-INV4780,INV4780,2025-04-25,NEFT/RTGS,45108,COMPLETED
TXN-INV4781,INV4781,2025-04-26,Bank Transfer,48268.64,COMPLETED
TXN-INV4782,INV4782,2025-04-27,UPI Business,51016.12,COMPLETED
TXN-INV4783,INV4783,2025-04-28,Corporate Card,55514.88,COMPLETED
TXN-INV4784,INV4784,2025-04-01,NEFT/RTGS,45683.4,COMPLETED
TXN-INV4785,INV4785,2025-04-02,Bank Transfer,48882.4,COMPLETED
TXN-INV4786,INV4786,2025-04-03,UPI Business,51662.76,COMPLETED
TXN-INV4787,INV4787,2025-04-04,Corporate Card,56216.32,COMPLETED
TXN-INV4788,INV4788,2025-04-05,NEFT/RTGS,46258.8,COMPLETED
TXN-INV4789,INV4789,2025-04-06,Bank Transfer,49496.16,COMPLETED
TXN-INV4790,INV4790,2025-04-07,UPI Business,52309.4,COMPLETED
TXN-INV4791,INV4791,2025-04-08,Corporate Card,56917.76,COMPLETED
TXN-INV4792,INV4792,2025-04-09,NEFT/RTGS,46834.2,COMPLETED
TXN-INV4793,INV4793,2025-04-10,Bank Transfer,50109.92,COMPLETED
TXN-INV4794,INV4794,2025-04-11,UPI Business,52956.04,COMPLETED
TXN-INV4795,INV4795,2025-04-12,Corporate Card,57619.2,COMPLETED
TXN-INV4796,INV4796,2025-04-13,NEFT/RTGS,47409.6,COMPLETED
TXN-INV4797,INV4797,2025-04-14,Bank Transfer,50723.68,COMPLETED
TXN-INV4798,INV4798,2025-04-15,UPI Business,53602.68,COMPLETED
TXN-INV4799,INV4799,2025-04-16,Corporate Card,58320.64,COMPLETED
TXN-INV4800,INV4800,2025-04-17,NEFT/RTGS,47985,COMPLETED
TXN-INV4801,INV4801,2025-04-18,Bank Transfer,51337.44,COMPLETED
TXN-INV4802,INV4802,2025-04-19,UPI Business,54249.32,COMPLETED
TXN-INV4803,INV4803,2025-04-20,Corporate Card,59022.08,COMPLETED
TXN-INV4804,INV4804,2025-04-21,NEFT/RTGS,48560.4,COMPLETED
TXN-INV4805,INV4805,2025-04-22,Bank Transfer,51951.2,COMPLETED
TXN-INV4806,INV4806,2025-04-23,UPI Business,54895.96,COMPLETED
TXN-INV4807,INV4807,2025-04-24,Corporate Card,59723.52,COMPLETED
TXN-INV4808,INV4808,2025-04-25,NEFT/RTGS,49135.8,COMPLETED
TXN-INV4809,INV4809,2025-04-26,Bank Transfer,52564.96,COMPLETED
TXN-INV4810,INV4810,2025-04-27,UPI Business,55542.6,COMPLETED
TXN-INV4811,INV4811,2025-04-28,Corporate Card,60424.96,COMPLETED
TXN-INV4812,INV4812,2025-04-01,NEFT/RTGS,49711.2,COMPLETED
TXN-INV4813,INV4813,2025-04-02,Bank Transfer,53178.72,COMPLETED
TXN-INV4814,INV4814,2025-04-03,UPI Business,56189.24,COMPLETED
TXN-INV4815,INV4815,2025-04-04,Corporate Card,61126.4,COMPLETED
TXN-INV4816,INV4816,2025-04-05,NEFT/RTGS,50286.6,COMPLETED
TXN-INV4817,INV4817,2025-04-06,Bank Transfer,53792.48,COMPLETED
TXN-INV4818,INV4818,2025-04-07,UPI Business,56835.88,COMPLETED
TXN-INV4819,INV4819,2025-04-08,Corporate Card,61827.84,COMPLETED
TXN-INV4820,INV4820,2025-04-09,NEFT/RTGS,50862,COMPLETED
TXN-INV4821,INV4821,2025-04-10,Bank Transfer,54406.24,COMPLETED
TXN-INV4822,INV4822,2025-04-11,UPI Business,57482.52,COMPLETED
TXN-INV4823,INV4823,2025-04-12,Corporate Card,62529.28,COMPLETED
TXN-INV4824,INV4824,2025-04-13,NEFT/RTGS,51437.4,COMPLETED
TXN-INV4825,INV4825,2025-04-14,Bank Transfer,55020,COMPLETED
TXN-INV4826,INV4826,2025-04-15,UPI Business,58129.16,COMPLETED
TXN-INV4827,INV4827,2025-04-16,Corporate Card,63230.72,COMPLETED
TXN-INV4828,INV4828,2025-04-17,NEFT/RTGS,52012.8,COMPLETED
TXN-INV4829,INV4829,2025-04-18,Bank Transfer,55633.76,COMPLETED
TXN-INV4830,INV4830,2025-04-19,UPI Business,58775.8,COMPLETED
TXN-INV4831,INV4831,2025-04-20,Corporate Card,63932.16,COMPLETED
TXN-INV4832,INV4832,2025-04-21,NEFT/RTGS,52588.2,COMPLETED
TXN-INV4833,INV4833,2025-04-22,Bank Transfer,56247.52,COMPLETED
TXN-INV4834,INV4834,2025-04-23,UPI Business,59422.44,COMPLETED
TXN-INV4835,INV4835,2025-04-24,Corporate Card,64633.6,COMPLETED
TXN-INV4836,INV4836,2025-04-25,NEFT/RTGS,53163.6,COMPLETED
TXN-INV4837,INV4837,2025-04-26,Bank Transfer,56861.28,COMPLETED
TXN-INV4838,INV4838,2025-04-27,UPI Business,60069.08,COMPLETED
TXN-INV4839,INV4839,2025-04-28,Corporate Card,65335.04,COMPLETED
TXN-INV4840,INV4840,2025-04-01,NEFT/RTGS,53739,COMPLETED
TXN-INV4841,INV4841,2025-04-02,Bank Transfer,57475.04,COMPLETED
TXN-INV4842,INV4842,2025-04-03,UPI Business,60715.72,COMPLETED
TXN-INV4843,INV4843,2025-04-04,Corporate Card,66036.48,COMPLETED
TXN-INV4844,INV4844,2025-04-05,NEFT/RTGS,54314.4,COMPLETED
TXN-INV4845,INV4845,2025-04-06,Bank Transfer,58088.8,COMPLETED
TXN-INV4846,INV4846,2025-04-07,UPI Business,61362.36,COMPLETED
TXN-INV4847,INV4847,2025-04-08,Corporate Card,66737.92,COMPLETED
TXN-INV4848,INV4848,2025-04-09,NEFT/RTGS,54889.8,COMPLETED
TXN-INV4849,INV4849,2025-04-10,Bank Transfer,58702.56,COMPLETED
TXN-INV4850,INV4850,2025-04-11,UPI Business,62009,COMPLETED
TXN-INV4851,INV4851,2025-04-12,Corporate Card,67439.36,COMPLETED
TXN-INV4852,INV4852,2025-04-13,NEFT/RTGS,55465.2,COMPLETED
TXN-INV4853,INV4853,2025-04-14,Bank Transfer,59316.32,COMPLETED
TXN-INV4854,INV4854,2025-04-15,UPI Business,62655.64,COMPLETED
TXN-INV4855,INV4855,2025-04-16,Corporate Card,68140.8,COMPLETED
TXN-INV4856,INV4856,2025-04-17,NEFT/RTGS,56040.6,COMPLETED
TXN-INV4857,INV4857,2025-04-18,Bank Transfer,59930.08,COMPLETED
TXN-INV4858,INV4858,2025-04-19,UPI Business,63302.28,COMPLETED
TXN-INV4859,INV4859,2025-04-20,Corporate Card,68842.24,COMPLETED
TXN-INV4860,INV4860,2025-04-21,NEFT/RTGS,56616,COMPLETED
TXN-INV4861,INV4861,2025-04-22,Bank Transfer,60543.84,COMPLETED
TXN-INV4862,INV4862,2025-04-23,UPI Business,63948.92,COMPLETED
TXN-INV4863,INV4863,2025-04-24,Corporate Card,69543.68,COMPLETED
TXN-INV4864,INV4864,2025-04-25,NEFT/RTGS,57191.4,COMPLETED
TXN-INV4865,INV4865,2025-04-26,Bank Transfer,61157.6,COMPLETED
TXN-INV4866,INV4866,2025-04-27,UPI Business,64595.56,COMPLETED
TXN-INV4867,INV4867,2025-04-28,Corporate Card,70245.12,COMPLETED
TXN-INV4868,INV4868,2025-04-01,NEFT/RTGS,57766.8,COMPLETED
TXN-INV4869,INV4869,2025-04-02,Bank Transfer,61771.36,COMPLETED
TXN-INV4870,INV4870,2025-04-03,UPI Business,65242.2,COMPLETED
TXN-INV4871,INV4871,2025-04-04,Corporate Card,70946.56,COMPLETED
TXN-INV4872,INV4872,2025-04-05,NEFT/RTGS,58342.2,COMPLETED
TXN-INV4873,INV4873,2025-04-06,Bank Transfer,62385.12,COMPLETED
TXN-INV4874,INV4874,2025-04-07,UPI Business,65888.84,COMPLETED
TXN-INV4875,INV4875,2025-04-08,Corporate Card,71648,COMPLETED
TXN-INV4876,INV4876,2025-04-09,NEFT/RTGS,58917.6,COMPLETED
TXN-INV4877,INV4877,2025-04-10,Bank Transfer,62998.88,COMPLETED
TXN-INV4878,INV4878,2025-04-11,UPI Business,66535.48,COMPLETED
TXN-INV4879,INV4879,2025-04-12,Corporate Card,72349.44,COMPLETED
TXN-INV4880,INV4880,2025-04-13,NEFT/RTGS,59493,COMPLETED
TXN-INV4881,INV4881,2025-04-14,Bank Transfer,63612.64,COMPLETED
TXN-INV4882,INV4882,2025-04-15,UPI Business,67182.12,COMPLETED
TXN-INV4883,INV4883,2025-04-16,Corporate Card,73050.88,COMPLETED
TXN-INV4884,INV4884,2025-04-17,NEFT/RTGS,60068.4,COMPLETED
TXN-INV4885,INV4885,2025-04-18,Bank Transfer,64226.4,COMPLETED
TXN-INV4886,INV4886,2025-04-19,UPI Business,67828.76,COMPLETED
TXN-INV4887,INV4887,2025-04-20,Corporate Card,73752.32,COMPLETED
TXN-INV4888,INV4888,2025-04-21,NEFT/RTGS,60643.8,COMPLETED
TXN-INV4889,INV4889,2025-04-22,Bank Transfer,64840.16,COMPLETED
TXN-INV4890,INV4890,2025-04-23,UPI Business,68475.4,COMPLETED
TXN-INV4891,INV4891,2025-04-24,Corporate Card,74453.76,COMPLETED
TXN-INV4892,INV4892,2025-04-25,NEFT/RTGS,61219.2,COMPLETED
TXN-INV4893,INV4893,2025-04-26,Bank Transfer,65453.92,COMPLETED
TXN-INV4894,INV4894,2025-04-27,UPI Business,69122.04,COMPLETED
TXN-INV4895,INV4895,2025-04-28,Corporate Card,75155.2,COMPLETED
TXN-INV4896,INV4896,2025-04-01,NEFT/RTGS,61794.6,COMPLETED
TXN-INV4897,INV4897,2025-04-02,Bank Transfer,66067.68,COMPLETED
TXN-INV4898,INV4898,2025-04-03,UPI Business,69768.68,COMPLETED
TXN-INV4899,INV4899,2025-04-04,Corporate Card,75856.64,COMPLETED
TXN-INV4900,INV4900,2025-04-05,NEFT/RTGS,62370,COMPLETED
TXN-INV4901,INV4901,2025-04-06,Bank Transfer,66681.44,COMPLETED
TXN-INV4902,INV4902,2025-04-07,UPI Business,70415.32,COMPLETED
TXN-INV4903,INV4903,2025-04-08,Corporate Card,76558.08,COMPLETED
TXN-INV4904,INV4904,2025-04-09,NEFT/RTGS,62945.4,COMPLETED
TXN-INV4905,INV4905,2025-04-10,Bank Transfer,67295.2,COMPLETED
TXN-INV4906,INV4906,2025-04-11,UPI Business,71061.96,COMPLETED
TXN-INV4907,INV4907,2025-04-12,Corporate Card,77259.52,COMPLETED
TXN-INV4908,INV4908,2025-04-13,NEFT/RTGS,63520.8,COMPLETED
TXN-INV4909,INV4909,2025-04-14,Bank Transfer,67908.96,COMPLETED
TXN-INV4910,INV4910,2025-04-15,UPI Business,71708.6,COMPLETED
TXN-INV4911,INV4911,2025-04-16,Corporate Card,77960.96,COMPLETED
TXN-INV4912,INV4912,2025-04-17,NEFT/RTGS,64096.2,COMPLETED
TXN-INV4913,INV4913,2025-04-18,Bank Transfer,68522.72,COMPLETED
TXN-INV4914,INV4914,2025-04-19,UPI Business,72355.24,COMPLETED
TXN-INV4915,INV4915,2025-04-20,Corporate Card,78662.4,COMPLETED
TXN-INV4916,INV4916,2025-04-21,NEFT/RTGS,64671.6,COMPLETED
TXN-INV4917,INV4917,2025-04-22,Bank Transfer,69136.48,COMPLETED
TXN-INV4918,INV4918,2025-04-23,UPI Business,73001.88,COMPLETED
TXN-INV4919,INV4919,2025-04-24,Corporate Card,79363.84,COMPLETED
TXN-INV4920,INV4920,2025-04-25,NEFT/RTGS,65247,COMPLETED
TXN-INV4921,INV4921,2025-04-26,Bank Transfer,69750.24,COMPLETED
TXN-INV4922,INV4922,2025-04-27,UPI Business,73648.52,COMPLETED
TXN-INV4923,INV4923,2025-04-28,Corporate Card,80065.28,COMPLETED
TXN-INV4924,INV4924,2025-04-01,NEFT/RTGS,65822.4,COMPLETED
TXN-INV4925,INV4925,2025-04-02,Bank Transfer,70364,COMPLETED
TXN-INV4926,INV4926,2025-04-03,UPI Business,74295.16,COMPLETED
TXN-INV4927,INV4927,2025-04-04,Corporate Card,80766.72,COMPLETED
TXN-INV4928,INV4928,2025-04-05,NEFT/RTGS,66397.8,COMPLETED
TXN-INV4929,INV4929,2025-04-06,Bank Transfer,70977.76,COMPLETED
TXN-INV4930,INV4930,2025-04-07,UPI Business,74941.8,COMPLETED
TXN-INV4931,INV4931,2025-04-08,Corporate Card,81468.16,COMPLETED
TXN-INV4932,INV4932,2025-04-09,NEFT/RTGS,66973.2,COMPLETED
TXN-INV4933,INV4933,2025-04-10,Bank Transfer,71591.52,COMPLETED
TXN-INV4934,INV4934,2025-04-11,UPI Business,75588.44,COMPLETED
TXN-INV4935,INV4935,2025-04-12,Corporate Card,82169.6,COMPLETED
TXN-INV4936,INV4936,2025-04-13,NEFT/RTGS,67548.6,COMPLETED
TXN-INV4937,INV4937,2025-04-14,Bank Transfer,72205.28,COMPLETED
TXN-INV4938,INV4938,2025-04-15,UPI Business,76235.08,COMPLETED
TXN-INV4939,INV4939,2025-04-16,Corporate Card,82871.04,COMPLETED
TXN-INV4940,INV4940,2025-04-17,NEFT/RTGS,68124,COMPLETED
TXN-INV4941,INV4941,2025-04-18,Bank Transfer,72819.04,COMPLETED
TXN-INV4942,INV4942,2025-04-19,UPI Business,76881.72,COMPLETED
TXN-INV4943,INV4943,2025-04-20,Corporate Card,83572.48,COMPLETED
TXN-INV4944,INV4944,2025-04-21,NEFT/RTGS,68699.4,COMPLETED
TXN-INV4945,INV4945,2025-04-22,Bank Transfer,73432.8,COMPLETED
TXN-INV4946,INV4946,2025-04-23,UPI Business,77528.36,COMPLETED
TXN-INV4947,INV4947,2025-04-24,Corporate Card,84273.92,COMPLETED
TXN-INV4948,INV4948,2025-04-25,NEFT/RTGS,69274.8,COMPLETED
TXN-INV4949,INV4949,2025-04-26,Bank Transfer,74046.56,COMPLETED
TXN-INV4950,INV4950,2025-04-27,UPI Business,1003000,COMPLETED
TXN-INV4951,INV4951,2025-04-28,Corporate Card,84975.36,COMPLETED
TXN-INV4952,INV4952,2025-04-01,NEFT/RTGS,69850.2,COMPLETED
TXN-INV4953,INV4953,2025-04-02,Bank Transfer,74660.32,COMPLETED
TXN-INV4954,INV4954,2025-04-03,UPI Business,78821.64,COMPLETED
TXN-INV4955,INV4955,2025-04-04,Corporate Card,85676.8,COMPLETED
TXN-INV4956,INV4956,2025-04-05,NEFT/RTGS,70425.6,COMPLETED
TXN-INV4957,INV4957,2025-04-06,Bank Transfer,75274.08,COMPLETED
TXN-INV4958,INV4958,2025-04-07,UPI Business,79468.28,COMPLETED
TXN-INV4959,INV4959,2025-04-08,Corporate Card,86378.24,COMPLETED
TXN-INV4960,INV4960,2025-04-09,NEFT/RTGS,71001,COMPLETED
TXN-INV4961,INV4961,2025-04-10,Bank Transfer,75887.84,COMPLETED
TXN-INV4962,INV4962,2025-04-11,UPI Business,80114.92,COMPLETED
TXN-INV4963,INV4963,2025-04-12,Corporate Card,87079.68,COMPLETED
TXN-INV4964,INV4964,2025-04-13,NEFT/RTGS,71576.4,COMPLETED
TXN-INV4965,INV4965,2025-04-14,Bank Transfer,76501.6,COMPLETED
TXN-INV4966,INV4966,2025-04-15,UPI Business,80761.56,COMPLETED
TXN-INV4967,INV4967,2025-04-16,Corporate Card,87781.12,COMPLETED
TXN-INV4968,INV4968,2025-04-17,NEFT/RTGS,72151.8,COMPLETED
TXN-INV4969,INV4969,2025-04-18,Bank Transfer,77115.36,COMPLETED
TXN-INV4970,INV4970,2025-04-19,UPI Business,81408.2,COMPLETED
TXN-INV4971,INV4971,2025-04-20,Corporate Card,88482.56,COMPLETED
TXN-INV4972,INV4972,2025-04-21,NEFT/RTGS,72727.2,COMPLETED
TXN-INV4973,INV4973,2025-04-22,Bank Transfer,77729.12,COMPLETED
TXN-INV4974,INV4974,2025-04-23,UPI Business,82054.84,COMPLETED
TXN-INV4975,INV4975,2025-04-24,Corporate Card,89184,COMPLETED
TXN-INV4976,INV4976,2025-04-25,NEFT/RTGS,73302.6,COMPLETED
TXN-INV4977,INV4977,2025-04-26,Bank Transfer,78342.88,COMPLETED
TXN-INV4978,INV4978,2025-04-27,UPI Business,82701.48,COMPLETED
TXN-INV4979,INV4979,2025-04-28,Corporate Card,89885.44,COMPLETED
TXN-INV4980,INV4980,2025-04-01,NEFT/RTGS,73878,COMPLETED
TXN-INV4981,INV4981,2025-04-02,Bank Transfer,78956.64,COMPLETED
TXN-INV4982,INV4982,2025-04-03,UPI Business,83348.12,COMPLETED
TXN-INV4983,INV4983,2025-04-04,Corporate Card,90586.88,COMPLETED
TXN-INV4984,INV4984,2025-04-05,NEFT/RTGS,74453.4,COMPLETED
TXN-INV4985,INV4985,2025-04-06,Bank Transfer,79570.4,COMPLETED
TXN-INV4986,INV4986,2025-04-07,UPI Business,83994.76,COMPLETED
TXN-INV4987,INV4987,2025-04-08,Corporate Card,91288.32,COMPLETED
TXN-INV4988,INV4988,2025-04-09,NEFT/RTGS,75028.8,COMPLETED
TXN-INV4989,INV4989,2025-04-10,Bank Transfer,80184.16,COMPLETED
TXN-INV4990,INV4990,2025-04-11,UPI Business,84641.4,COMPLETED
TXN-INV4991,INV4991,2025-04-12,Corporate Card,91989.76,COMPLETED
TXN-INV4992,INV4992,2025-04-13,NEFT/RTGS,75604.2,COMPLETED
TXN-INV4993,INV4993,2025-04-14,Bank Transfer,80797.92,COMPLETED
TXN-INV4994,INV4994,2025-04-15,UPI Business,85288.04,COMPLETED
TXN-INV4995,INV4995,2025-04-16,Corporate Card,92691.2,COMPLETED
TXN-INV4996,INV4996,2025-04-17,NEFT/RTGS,76179.6,COMPLETED
TXN-INV4997,INV4997,2025-04-18,Bank Transfer,81411.68,COMPLETED
TXN-INV4998,INV4998,2025-04-19,UPI Business,85934.68,COMPLETED
TXN-INV4999,INV4999,2025-04-20,Corporate Card,93392.64,COMPLETED
TXN-INV5000,INV5000,2025-04-21,NEFT/RTGS,76755,COMPLETED
TXN-INV5001,INV5001,2025-04-22,Bank Transfer,82025.44,COMPLETED
TXN-INV5002,INV5002,2025-04-23,UPI Business,86581.32,COMPLETED
TXN-INV5003,INV5003,2025-04-24,Corporate Card,94094.08,COMPLETED
TXN-INV5004,INV5004,2025-04-25,NEFT/RTGS,77330.4,COMPLETED
TXN-INV5005,INV5005,2025-04-26,Bank Transfer,82639.2,COMPLETED
TXN-INV5006,INV5006,2025-04-27,UPI Business,87227.96,COMPLETED
TXN-INV5007,INV5007,2025-04-28,Corporate Card,94795.52,COMPLETED
TXN-INV5008,INV5008,2025-04-01,NEFT/RTGS,77905.8,COMPLETED
TXN-INV5009,INV5009,2025-04-02,Bank Transfer,83252.96,COMPLETED
TXN-INV5010,INV5010,2025-04-03,UPI Business,87874.6,COMPLETED
TXN-INV5011,INV5011,2025-04-04,Corporate Card,95496.96,COMPLETED
TXN-INV5012,INV5012,2025-04-05,NEFT/RTGS,78481.2,COMPLETED
TXN-INV5013,INV5013,2025-04-06,Bank Transfer,83866.72,COMPLETED
TXN-INV5014,INV5014,2025-04-07,UPI Business,88521.24,COMPLETED
TXN-INV5015,INV5015,2025-04-08,Corporate Card,96198.4,COMPLETED
TXN-INV5016,INV5016,2025-04-09,NEFT/RTGS,79056.6,COMPLETED
TXN-INV5017,INV5017,2025-04-10,Bank Transfer,84480.48,COMPLETED
TXN-INV5018,INV5018,2025-04-11,UPI Business,89167.88,COMPLETED
TXN-INV5019,INV5019,2025-04-12,Corporate Card,96899.84,COMPLETED
TXN-INV5020,INV5020,2025-04-13,NEFT/RTGS,79632,COMPLETED
TXN-INV5021,INV5021,2025-04-14,Bank Transfer,85094.24,COMPLETED
TXN-INV5022,INV5022,2025-04-15,UPI Business,89814.52,COMPLETED
TXN-INV5023,INV5023,2025-04-16,Corporate Card,97601.28,COMPLETED
TXN-INV5024,INV5024,2025-04-17,NEFT/RTGS,80207.4,COMPLETED
TXN-INV5025,INV5025,2025-04-18,Bank Transfer,85708,COMPLETED
TXN-INV5026,INV5026,2025-04-19,UPI Business,90461.16,COMPLETED
TXN-INV5027,INV5027,2025-04-20,Corporate Card,98302.72,COMPLETED
TXN-INV5028,INV5028,2025-04-21,NEFT/RTGS,80782.8,COMPLETED
TXN-INV5029,INV5029,2025-04-22,Bank Transfer,86321.76,COMPLETED
TXN-INV5030,INV5030,2025-04-23,UPI Business,91107.8,COMPLETED
TXN-INV5031,INV5031,2025-04-24,Corporate Card,99004.16,COMPLETED
TXN-INV5032,INV5032,2025-04-25,NEFT/RTGS,81358.2,COMPLETED
TXN-INV5033,INV5033,2025-04-26,Bank Transfer,2935.52,COMPLETED
TXN-INV5034,INV5034,2025-04-27,UPI Business,3254.44,COMPLETED
TXN-INV5035,INV5035,2025-04-28,Corporate Card,3705.6,COMPLETED
TXN-INV5036,INV5036,2025-04-01,NEFT/RTGS,3183.6,COMPLETED
TXN-INV5037,INV5037,2025-04-02,Bank Transfer,3549.28,COMPLETED
TXN-INV5038,INV5038,2025-04-03,UPI Business,3901.08,COMPLETED
TXN-INV5039,INV5039,2025-04-04,Corporate Card,4407.04,COMPLETED
TXN-INV5040,INV5040,2025-04-05,NEFT/RTGS,3759,COMPLETED
TXN-INV5041,INV5041,2025-04-06,Bank Transfer,4163.04,COMPLETED
TXN-INV5042,INV5042,2025-04-07,UPI Business,4547.72,COMPLETED
TXN-INV5043,INV5043,2025-04-08,Corporate Card,5108.48,COMPLETED
TXN-INV5044,INV5044,2025-04-09,NEFT/RTGS,4334.4,COMPLETED
TXN-INV5045,INV5045,2025-04-10,Bank Transfer,4776.8,COMPLETED
TXN-INV5046,INV5046,2025-04-11,UPI Business,5194.36,COMPLETED
TXN-INV5047,INV5047,2025-04-12,Corporate Card,5809.92,COMPLETED
TXN-INV5048,INV5048,2025-04-13,NEFT/RTGS,4909.8,COMPLETED
TXN-INV5049,INV5049,2025-04-14,Bank Transfer,5390.56,COMPLETED
TXN-INV5050,INV5050,2025-04-15,UPI Business,5841,COMPLETED
TXN-INV5051,INV5051,2025-04-16,Corporate Card,6511.36,COMPLETED
TXN-INV5052,INV5052,2025-04-17,NEFT/RTGS,5485.2,COMPLETED
TXN-INV5053,INV5053,2025-04-18,Bank Transfer,6004.32,COMPLETED
TXN-INV5054,INV5054,2025-04-19,UPI Business,6487.64,COMPLETED
TXN-INV5055,INV5055,2025-04-20,Corporate Card,7212.8,COMPLETED
TXN-INV5056,INV5056,2025-04-21,NEFT/RTGS,6060.6,COMPLETED
TXN-INV5057,INV5057,2025-04-22,Bank Transfer,6618.08,COMPLETED
TXN-INV5058,INV5058,2025-04-23,UPI Business,7134.28,COMPLETED
TXN-INV5059,INV5059,2025-04-24,Corporate Card,7914.24,COMPLETED
TXN-INV5060,INV5060,2025-04-25,NEFT/RTGS,6636,COMPLETED
TXN-INV5061,INV5061,2025-04-26,Bank Transfer,7231.84,COMPLETED
TXN-INV5062,INV5062,2025-04-27,UPI Business,7780.92,COMPLETED
TXN-INV5063,INV5063,2025-04-28,Corporate Card,8615.68,COMPLETED
TXN-INV5064,INV5064,2025-04-01,NEFT/RTGS,7211.4,COMPLETED
TXN-INV5065,INV5065,2025-04-02,Bank Transfer,7845.6,COMPLETED
TXN-INV5066,INV5066,2025-04-03,UPI Business,8427.56,COMPLETED
TXN-INV5067,INV5067,2025-04-04,Corporate Card,9317.12,COMPLETED
TXN-INV5068,INV5068,2025-04-05,NEFT/RTGS,7786.8,COMPLETED
TXN-INV5069,INV5069,2025-04-06,Bank Transfer,8459.36,COMPLETED
TXN-INV5070,INV5070,2025-04-07,UPI Business,9074.2,COMPLETED
TXN-INV5071,INV5071,2025-04-08,Corporate Card,10018.56,COMPLETED
TXN-INV5072,INV5072,2025-04-09,NEFT/RTGS,8362.2,COMPLETED
TXN-INV5073,INV5073,2025-04-10,Bank Transfer,9073.12,COMPLETED
TXN-INV5074,INV5074,2025-04-11,UPI Business,9720.84,COMPLETED
TXN-INV5075,INV5075,2025-04-12,Corporate Card,10720,COMPLETED
TXN-INV5076,INV5076,2025-04-13,NEFT/RTGS,8937.6,COMPLETED
TXN-INV5077,INV5077,2025-04-14,Bank Transfer,9686.88,COMPLETED
TXN-INV5078,INV5078,2025-04-15,UPI Business,10367.48,COMPLETED
TXN-INV5079,INV5079,2025-04-16,Corporate Card,11421.44,COMPLETED
TXN-INV5080,INV5080,2025-04-17,NEFT/RTGS,9513,COMPLETED
TXN-INV5081,INV5081,2025-04-18,Bank Transfer,10300.64,COMPLETED
TXN-INV5082,INV5082,2025-04-19,UPI Business,11014.12,COMPLETED
TXN-INV5083,INV5083,2025-04-20,Corporate Card,12122.88,COMPLETED
TXN-INV5084,INV5084,2025-04-21,NEFT/RTGS,10088.4,COMPLETED
TXN-INV5085,INV5085,2025-04-22,Bank Transfer,10914.4,COMPLETED
TXN-INV5086,INV5086,2025-04-23,UPI Business,11660.76,COMPLETED
TXN-INV5087,INV5087,2025-04-24,Corporate Card,12824.32,COMPLETED
TXN-INV5088,INV5088,2025-04-25,NEFT/RTGS,10663.8,COMPLETED
TXN-INV5089,INV5089,2025-04-26,Bank Transfer,11528.16,COMPLETED
TXN-INV5090,INV5090,2025-04-27,UPI Business,12307.4,COMPLETED
TXN-INV5091,INV5091,2025-04-28,Corporate Card,13525.76,COMPLETED
TXN-INV5092,INV5092,2025-04-01,NEFT/RTGS,11239.2,COMPLETED
TXN-INV5093,INV5093,2025-04-02,Bank Transfer,12141.92,COMPLETED
TXN-INV5094,INV5094,2025-04-03,UPI Business,12954.04,COMPLETED
TXN-INV5095,INV5095,2025-04-04,Corporate Card,14227.2,COMPLETED
TXN-INV5096,INV5096,2025-04-05,NEFT/RTGS,11814.6,COMPLETED
TXN-INV5097,INV5097,2025-04-06,Bank Transfer,12755.68,COMPLETED
TXN-INV5098,INV5098,2025-04-07,UPI Business,13600.68,COMPLETED
TXN-INV5099,INV5099,2025-04-08,Corporate Card,14928.64,COMPLETED
TXN-INV5100,INV5100,2025-04-09,NEFT/RTGS,12390,COMPLETED
TXN-INV5101,INV5101,2025-04-10,Bank Transfer,13369.44,COMPLETED
TXN-INV5102,INV5102,2025-04-11,UPI Business,14247.32,COMPLETED
TXN-INV5103,INV5103,2025-04-12,Corporate Card,15630.08,COMPLETED
TXN-INV5104,INV5104,2025-04-13,NEFT/RTGS,12965.4,COMPLETED
TXN-INV5105,INV5105,2025-04-14,Bank Transfer,13983.2,COMPLETED
TXN-INV5106,INV5106,2025-04-15,UPI Business,14893.96,COMPLETED
TXN-INV5107,INV5107,2025-04-16,Corporate Card,16331.52,COMPLETED
TXN-INV5108,INV5108,2025-04-17,NEFT/RTGS,13540.8,COMPLETED
TXN-INV5109,INV5109,2025-04-18,Bank Transfer,14596.96,COMPLETED
TXN-INV5110,INV5110,2025-04-19,UPI Business,15540.6,COMPLETED
TXN-INV5111,INV5111,2025-04-20,Corporate Card,17032.96,COMPLETED
TXN-INV5112,INV5112,2025-04-21,NEFT/RTGS,14116.2,COMPLETED
TXN-INV5113,INV5113,2025-04-22,Bank Transfer,15210.72,COMPLETED
TXN-INV5114,INV5114,2025-04-23,UPI Business,16187.24,COMPLETED
TXN-INV5115,INV5115,2025-04-24,Corporate Card,17734.4,COMPLETED
TXN-INV5116,INV5116,2025-04-25,NEFT/RTGS,14691.6,COMPLETED
TXN-INV5117,INV5117,2025-04-26,Bank Transfer,15824.48,COMPLETED
TXN-INV5118,INV5118,2025-04-27,UPI Business,16833.88,COMPLETED
TXN-INV5119,INV5119,2025-04-28,Corporate Card,18435.84,COMPLETED
TXN-INV5120,INV5120,2025-04-01,NEFT/RTGS,15267,COMPLETED
TXN-INV5121,INV5121,2025-04-02,Bank Transfer,16438.24,COMPLETED
TXN-INV5122,INV5122,2025-04-03,UPI Business,17480.52,COMPLETED
TXN-INV5123,INV5123,2025-04-04,Corporate Card,19137.28,COMPLETED
TXN-INV5124,INV5124,2025-04-05,NEFT/RTGS,15842.4,COMPLETED
TXN-INV5125,INV5125,2025-04-06,Bank Transfer,17052,COMPLETED
TXN-INV5126,INV5126,2025-04-07,UPI Business,18127.16,COMPLETED
TXN-INV5127,INV5127,2025-04-08,Corporate Card,19838.72,COMPLETED
TXN-INV5128,INV5128,2025-04-09,NEFT/RTGS,16417.8,COMPLETED
TXN-INV5129,INV5129,2025-04-10,Bank Transfer,17665.76,COMPLETED
TXN-INV5130,INV5130,2025-04-11,UPI Business,18773.8,COMPLETED
TXN-INV5131,INV5131,2025-04-12,Corporate Card,20540.16,COMPLETED
TXN-INV5132,INV5132,2025-04-13,NEFT/RTGS,16993.2,COMPLETED
TXN-INV5133,INV5133,2025-04-14,Bank Transfer,18279.52,COMPLETED
TXN-INV5134,INV5134,2025-04-15,UPI Business,19420.44,COMPLETED
TXN-INV5135,INV5135,2025-04-16,Corporate Card,21241.6,COMPLETED
TXN-INV5136,INV5136,2025-04-17,NEFT/RTGS,17568.6,COMPLETED
TXN-INV5137,INV5137,2025-04-18,Bank Transfer,18893.28,COMPLETED
TXN-INV5138,INV5138,2025-04-19,UPI Business,20067.08,COMPLETED
TXN-INV5139,INV5139,2025-04-20,Corporate Card,21943.04,COMPLETED
TXN-INV5140,INV5140,2025-04-21,NEFT/RTGS,18144,COMPLETED
TXN-INV5141,INV5141,2025-04-22,Bank Transfer,19507.04,COMPLETED
TXN-INV5142,INV5142,2025-04-23,UPI Business,20713.72,COMPLETED
TXN-INV5143,INV5143,2025-04-24,Corporate Card,22644.48,COMPLETED
TXN-INV5144,INV5144,2025-04-25,NEFT/RTGS,18719.4,COMPLETED
TXN-INV5145,INV5145,2025-04-26,Bank Transfer,20120.8,COMPLETED
TXN-INV5146,INV5146,2025-04-27,UPI Business,21360.36,COMPLETED
TXN-INV5147,INV5147,2025-04-28,Corporate Card,23345.92,COMPLETED
TXN-INV5148,INV5148,2025-04-01,NEFT/RTGS,19294.8,COMPLETED
TXN-INV5149,INV5149,2025-04-02,Bank Transfer,20734.56,COMPLETED
TXN-INV5150,INV5150,2025-04-03,UPI Business,22007,COMPLETED
TXN-INV5151,INV5151,2025-04-04,Corporate Card,24047.36,COMPLETED
TXN-INV5152,INV5152,2025-04-05,NEFT/RTGS,19870.2,COMPLETED
TXN-INV5153,INV5153,2025-04-06,Bank Transfer,21348.32,COMPLETED
TXN-INV5154,INV5154,2025-04-07,UPI Business,22653.64,COMPLETED
TXN-INV5155,INV5155,2025-04-08,Corporate Card,24748.8,COMPLETED
TXN-INV5156,INV5156,2025-04-09,NEFT/RTGS,20445.6,COMPLETED
TXN-INV5157,INV5157,2025-04-10,Bank Transfer,21962.08,COMPLETED
TXN-INV5158,INV5158,2025-04-11,UPI Business,23300.28,COMPLETED
TXN-INV5159,INV5159,2025-04-12,Corporate Card,25450.24,COMPLETED
TXN-INV5160,INV5160,2025-04-13,NEFT/RTGS,21021,COMPLETED
TXN-INV5161,INV5161,2025-04-14,Bank Transfer,22575.84,COMPLETED
TXN-INV5162,INV5162,2025-04-15,UPI Business,23946.92,COMPLETED
TXN-INV5163,INV5163,2025-04-16,Corporate Card,26151.68,COMPLETED
TXN-INV5164,INV5164,2025-04-17,NEFT/RTGS,21596.4,COMPLETED
TXN-INV5165,INV5165,2025-04-18,Bank Transfer,23189.6,COMPLETED
TXN-INV5166,INV5166,2025-04-19,UPI Business,24593.56,COMPLETED
TXN-INV5167,INV5167,2025-04-20,Corporate Card,26853.12,COMPLETED
TXN-INV5168,INV5168,2025-04-21,NEFT/RTGS,22171.8,COMPLETED
TXN-INV5169,INV5169,2025-04-22,Bank Transfer,23803.36,COMPLETED
TXN-INV5170,INV5170,2025-04-23,UPI Business,25240.2,COMPLETED
TXN-INV5171,INV5171,2025-04-24,Corporate Card,27554.56,COMPLETED
TXN-INV5172,INV5172,2025-04-25,NEFT/RTGS,22747.2,COMPLETED
TXN-INV5173,INV5173,2025-04-26,Bank Transfer,24417.12,COMPLETED
TXN-INV5174,INV5174,2025-04-27,UPI Business,25886.84,COMPLETED
TXN-INV5175,INV5175,2025-04-28,Corporate Card,28256,COMPLETED
TXN-INV5176,INV5176,2025-04-01,NEFT/RTGS,23322.6,COMPLETED
TXN-INV5177,INV5177,2025-04-02,Bank Transfer,25030.88,COMPLETED
TXN-INV5178,INV5178,2025-04-03,UPI Business,26533.48,COMPLETED
TXN-INV5179,INV5179,2025-04-04,Corporate Card,28957.44,COMPLETED
TXN-INV5180,INV5180,2025-04-05,NEFT/RTGS,23898,COMPLETED
TXN-INV5181,INV5181,2025-04-06,Bank Transfer,25644.64,COMPLETED
TXN-INV5182,INV5182,2025-04-07,UPI Business,27180.12,COMPLETED
TXN-INV5183,INV5183,2025-04-08,Corporate Card,29658.88,COMPLETED
TXN-INV5184,INV5184,2025-04-09,NEFT/RTGS,24473.4,COMPLETED
TXN-INV5185,INV5185,2025-04-10,Bank Transfer,26258.4,COMPLETED
TXN-INV5186,INV5186,2025-04-11,UPI Business,27826.76,COMPLETED
TXN-INV5187,INV5187,2025-04-12,Corporate Card,30360.32,COMPLETED
TXN-INV5188,INV5188,2025-04-13,NEFT/RTGS,25048.8,COMPLETED
TXN-INV5189,INV5189,2025-04-14,Bank Transfer,26872.16,COMPLETED
TXN-INV5190,INV5190,2025-04-15,UPI Business,28473.4,COMPLETED
TXN-INV5191,INV5191,2025-04-16,Corporate Card,31061.76,COMPLETED
TXN-INV5192,INV5192,2025-04-17,NEFT/RTGS,25624.2,COMPLETED
TXN-INV5193,INV5193,2025-04-18,Bank Transfer,27485.92,COMPLETED
TXN-INV5194,INV5194,2025-04-19,UPI Business,29120.04,COMPLETED
TXN-INV5195,INV5195,2025-04-20,Corporate Card,31763.2,COMPLETED
TXN-INV5196,INV5196,2025-04-21,NEFT/RTGS,26199.6,COMPLETED
TXN-INV5197,INV5197,2025-04-22,Bank Transfer,28099.68,COMPLETED
TXN-INV5198,INV5198,2025-04-23,UPI Business,29766.68,COMPLETED
TXN-INV5199,INV5199,2025-04-24,Corporate Card,32464.64,COMPLETED
TXN-INV5200,INV5200,2025-04-25,NEFT/RTGS,1102500,COMPLETED
TXN-INV5201,INV5201,2025-04-26,Bank Transfer,28713.44,COMPLETED
TXN-INV5202,INV5202,2025-04-27,UPI Business,30413.32,COMPLETED
TXN-INV5203,INV5203,2025-04-28,Corporate Card,33166.08,COMPLETED
TXN-INV5204,INV5204,2025-04-01,NEFT/RTGS,27350.4,COMPLETED
TXN-INV5205,INV5205,2025-04-02,Bank Transfer,29327.2,COMPLETED
TXN-INV5206,INV5206,2025-04-03,UPI Business,31059.96,COMPLETED
TXN-INV5207,INV5207,2025-04-04,Corporate Card,33867.52,COMPLETED
TXN-INV5208,INV5208,2025-04-05,NEFT/RTGS,27925.8,COMPLETED
TXN-INV5209,INV5209,2025-04-06,Bank Transfer,29940.96,COMPLETED
TXN-INV5210,INV5210,2025-04-07,UPI Business,31706.6,COMPLETED
TXN-INV5211,INV5211,2025-04-08,Corporate Card,34568.96,COMPLETED
TXN-INV5212,INV5212,2025-04-09,NEFT/RTGS,28501.2,COMPLETED
TXN-INV5213,INV5213,2025-04-10,Bank Transfer,30554.72,COMPLETED
TXN-INV5214,INV5214,2025-04-11,UPI Business,32353.24,COMPLETED
TXN-INV5215,INV5215,2025-04-12,Corporate Card,35270.4,COMPLETED
TXN-INV5216,INV5216,2025-04-13,NEFT/RTGS,29076.6,COMPLETED
TXN-INV5217,INV5217,2025-04-14,Bank Transfer,31168.48,COMPLETED
TXN-INV5218,INV5218,2025-04-15,UPI Business,32999.88,COMPLETED
TXN-INV5219,INV5219,2025-04-16,Corporate Card,35971.84,COMPLETED
TXN-INV5220,INV5220,2025-04-17,NEFT/RTGS,29652,COMPLETED
TXN-INV5221,INV5221,2025-04-18,Bank Transfer,31782.24,COMPLETED
TXN-INV5222,INV5222,2025-04-19,UPI Business,33646.52,COMPLETED
TXN-INV5223,INV5223,2025-04-20,Corporate Card,36673.28,COMPLETED
TXN-INV5224,INV5224,2025-04-21,NEFT/RTGS,30227.4,COMPLETED
TXN-INV5225,INV5225,2025-04-22,Bank Transfer,32396,COMPLETED
TXN-INV5226,INV5226,2025-04-23,UPI Business,34293.16,COMPLETED
TXN-INV5227,INV5227,2025-04-24,Corporate Card,37374.72,COMPLETED
TXN-INV5228,INV5228,2025-04-25,NEFT/RTGS,30802.8,COMPLETED
TXN-INV5229,INV5229,2025-04-26,Bank Transfer,33009.76,COMPLETED
TXN-INV5230,INV5230,2025-04-27,UPI Business,34939.8,COMPLETED
TXN-INV5231,INV5231,2025-04-28,Corporate Card,38076.16,COMPLETED
TXN-INV5232,INV5232,2025-04-01,NEFT/RTGS,31378.2,COMPLETED
TXN-INV5233,INV5233,2025-04-02,Bank Transfer,33623.52,COMPLETED
TXN-INV5234,INV5234,2025-04-03,UPI Business,35586.44,COMPLETED
TXN-INV5235,INV5235,2025-04-04,Corporate Card,38777.6,COMPLETED
TXN-INV5236,INV5236,2025-04-05,NEFT/RTGS,31953.6,COMPLETED
TXN-INV5237,INV5237,2025-04-06,Bank Transfer,34237.28,COMPLETED
TXN-INV5238,INV5238,2025-04-07,UPI Business,36233.08,COMPLETED
TXN-INV5239,INV5239,2025-04-08,Corporate Card,39479.04,COMPLETED
TXN-INV5240,INV5240,2025-04-09,NEFT/RTGS,32529,COMPLETED
TXN-INV5241,INV5241,2025-04-10,Bank Transfer,34851.04,COMPLETED
TXN-INV5242,INV5242,2025-04-11,UPI Business,36879.72,COMPLETED
TXN-INV5243,INV5243,2025-04-12,Corporate Card,40180.48,COMPLETED
TXN-INV5244,INV5244,2025-04-13,NEFT/RTGS,33104.4,COMPLETED
TXN-INV5245,INV5245,2025-04-14,Bank Transfer,35464.8,COMPLETED
TXN-INV5246,INV5246,2025-04-15,UPI Business,37526.36,COMPLETED
TXN-INV5247,INV5247,2025-04-16,Corporate Card,40881.92,COMPLETED
TXN-INV5248,INV5248,2025-04-17,NEFT/RTGS,33679.8,COMPLETED
TXN-INV5249,INV5249,2025-04-18,Bank Transfer,36078.56,COMPLETED
TXN-INV5250,INV5250,2025-04-19,UPI Business,38173,COMPLETED
TXN-INV5251,INV5251,2025-04-20,Corporate Card,41583.36,COMPLETED
TXN-INV5252,INV5252,2025-04-21,NEFT/RTGS,34255.2,COMPLETED
TXN-INV5253,INV5253,2025-04-22,Bank Transfer,36692.32,COMPLETED
TXN-INV5254,INV5254,2025-04-23,UPI Business,38819.64,COMPLETED
TXN-INV5255,INV5255,2025-04-24,Corporate Card,42284.8,COMPLETED
TXN-INV5256,INV5256,2025-04-25,NEFT/RTGS,34830.6,COMPLETED
TXN-INV5257,INV5257,2025-04-26,Bank Transfer,37306.08,COMPLETED
TXN-INV5258,INV5258,2025-04-27,UPI Business,39466.28,COMPLETED
TXN-INV5259,INV5259,2025-04-28,Corporate Card,42986.24,COMPLETED
TXN-INV5260,INV5260,2025-04-01,NEFT/RTGS,35406,COMPLETED
TXN-INV5261,INV5261,2025-04-02,Bank Transfer,37919.84,COMPLETED
TXN-INV5262,INV5262,2025-04-03,UPI Business,40112.92,COMPLETED
TXN-INV5263,INV5263,2025-04-04,Corporate Card,43687.68,COMPLETED
TXN-INV5264,INV5264,2025-04-05,NEFT/RTGS,35981.4,COMPLETED
TXN-INV5265,INV5265,2025-04-06,Bank Transfer,38533.6,COMPLETED
TXN-INV5266,INV5266,2025-04-07,UPI Business,40759.56,COMPLETED
TXN-INV5267,INV5267,2025-04-08,Corporate Card,44389.12,COMPLETED
TXN-INV5268,INV5268,2025-04-09,NEFT/RTGS,36556.8,COMPLETED
TXN-INV5269,INV5269,2025-04-10,Bank Transfer,39147.36,COMPLETED
TXN-INV5270,INV5270,2025-04-11,UPI Business,41406.2,COMPLETED
TXN-INV5271,INV5271,2025-04-12,Corporate Card,45090.56,COMPLETED
TXN-INV5272,INV5272,2025-04-13,NEFT/RTGS,37132.2,COMPLETED
TXN-INV5273,INV5273,2025-04-14,Bank Transfer,39761.12,COMPLETED
TXN-INV5274,INV5274,2025-04-15,UPI Business,42052.84,COMPLETED
TXN-INV5275,INV5275,2025-04-16,Corporate Card,45792,COMPLETED
TXN-INV5276,INV5276,2025-04-17,NEFT/RTGS,37707.6,COMPLETED
TXN-INV5277,INV5277,2025-04-18,Bank Transfer,40374.88,COMPLETED
TXN-INV5278,INV5278,2025-04-19,UPI Business,42699.48,COMPLETED
TXN-INV5279,INV5279,2025-04-20,Corporate Card,46493.44,COMPLETED
TXN-INV5280,INV5280,2025-04-21,NEFT/RTGS,38283,COMPLETED
TXN-INV5281,INV5281,2025-04-22,Bank Transfer,40988.64,COMPLETED
TXN-INV5282,INV5282,2025-04-23,UPI Business,43346.12,COMPLETED
TXN-INV5283,INV5283,2025-04-24,Corporate Card,47194.88,COMPLETED
TXN-INV5284,INV5284,2025-04-25,NEFT/RTGS,38858.4,COMPLETED
TXN-INV5285,INV5285,2025-04-26,Bank Transfer,41602.4,COMPLETED
TXN-INV5286,INV5286,2025-04-27,UPI Business,43992.76,COMPLETED
TXN-INV5287,INV5287,2025-04-28,Corporate Card,47896.32,COMPLETED
TXN-INV5288,INV5288,2025-04-01,NEFT/RTGS,39433.8,COMPLETED
TXN-INV5289,INV5289,2025-04-02,Bank Transfer,42216.16,COMPLETED
TXN-INV5290,INV5290,2025-04-03,UPI Business,44639.4,COMPLETED
TXN-INV5291,INV5291,2025-04-04,Corporate Card,48597.76,COMPLETED
TXN-INV5292,INV5292,2025-04-05,NEFT/RTGS,40009.2,COMPLETED
TXN-INV5293,INV5293,2025-04-06,Bank Transfer,42829.92,COMPLETED
TXN-INV5294,INV5294,2025-04-07,UPI Business,45286.04,COMPLETED
TXN-INV5295,INV5295,2025-04-08,Corporate Card,49299.2,COMPLETED
TXN-INV5296,INV5296,2025-04-09,NEFT/RTGS,40584.6,COMPLETED
TXN-INV5297,INV5297,2025-04-10,Bank Transfer,43443.68,COMPLETED
TXN-INV5298,INV5298,2025-04-11,UPI Business,45932.68,COMPLETED
TXN-INV5299,INV5299,2025-04-12,Corporate Card,50000.64,COMPLETED
TXN-INV5300,INV5300,2025-04-13,NEFT/RTGS,41160,COMPLETED
TXN-INV5301,INV5301,2025-04-14,Bank Transfer,44057.44,COMPLETED
TXN-INV5302,INV5302,2025-04-15,UPI Business,46579.32,COMPLETED
TXN-INV5303,INV5303,2025-04-16,Corporate Card,50702.08,COMPLETED
TXN-INV5304,INV5304,2025-04-17,NEFT/RTGS,41735.4,COMPLETED
TXN-INV5305,INV5305,2025-04-18,Bank Transfer,44671.2,COMPLETED
TXN-INV5306,INV5306,2025-04-19,UPI Business,47225.96,COMPLETED
TXN-INV5307,INV5307,2025-04-20,Corporate Card,51403.52,COMPLETED
TXN-INV5308,INV5308,2025-04-21,NEFT/RTGS,42310.8,COMPLETED
TXN-INV5309,INV5309,2025-04-22,Bank Transfer,45284.96,COMPLETED
TXN-INV5310,INV5310,2025-04-23,UPI Business,47872.6,COMPLETED
TXN-INV5311,INV5311,2025-04-24,Corporate Card,52104.96,COMPLETED
TXN-INV5312,INV5312,2025-04-25,NEFT/RTGS,42886.2,COMPLETED
TXN-INV5313,INV5313,2025-04-26,Bank Transfer,45898.72,COMPLETED
TXN-INV5314,INV5314,2025-04-27,UPI Business,48519.24,COMPLETED
TXN-INV5315,INV5315,2025-04-28,Corporate Card,52806.4,COMPLETED
TXN-INV5316,INV5316,2025-04-01,NEFT/RTGS,43461.6,COMPLETED
TXN-INV5317,INV5317,2025-04-02,Bank Transfer,46512.48,COMPLETED
TXN-INV5318,INV5318,2025-04-03,UPI Business,49165.88,COMPLETED
TXN-INV5319,INV5319,2025-04-04,Corporate Card,53507.84,COMPLETED
TXN-INV5320,INV5320,2025-04-05,NEFT/RTGS,44037,COMPLETED
TXN-INV5321,INV5321,2025-04-06,Bank Transfer,47126.24,COMPLETED
TXN-INV5322,INV5322,2025-04-07,UPI Business,49812.52,COMPLETED
TXN-INV5323,INV5323,2025-04-08,Corporate Card,54209.28,COMPLETED
TXN-INV5324,INV5324,2025-04-09,NEFT/RTGS,44612.4,COMPLETED
TXN-INV5325,INV5325,2025-04-10,Bank Transfer,47740,COMPLETED
TXN-INV5326,INV5326,2025-04-11,UPI Business,50459.16,COMPLETED
TXN-INV5327,INV5327,2025-04-12,Corporate Card,54910.72,COMPLETED
TXN-INV5328,INV5328,2025-04-13,NEFT/RTGS,45187.8,COMPLETED
TXN-INV5329,INV5329,2025-04-14,Bank Transfer,48353.76,COMPLETED
TXN-INV5330,INV5330,2025-04-15,UPI Business,51105.8,COMPLETED
TXN-INV5331,INV5331,2025-04-16,Corporate Card,55612.16,COMPLETED
TXN-INV5332,INV5332,2025-04-17,NEFT/RTGS,45763.2,COMPLETED
TXN-INV5333,INV5333,2025-04-18,Bank Transfer,48967.52,COMPLETED
TXN-INV5334,INV5334,2025-04-19,UPI Business,51752.44,COMPLETED
TXN-INV5335,INV5335,2025-04-20,Corporate Card,56313.6,COMPLETED
TXN-INV5336,INV5336,2025-04-21,NEFT/RTGS,46338.6,COMPLETED
TXN-INV5337,INV5337,2025-04-22,Bank Transfer,49581.28,COMPLETED
TXN-INV5338,INV5338,2025-04-23,UPI Business,52399.08,COMPLETED
TXN-INV5339,INV5339,2025-04-24,Corporate Card,57015.04,COMPLETED
TXN-INV5340,INV5340,2025-04-25,NEFT/RTGS,46914,COMPLETED
TXN-INV5341,INV5341,2025-04-26,Bank Transfer,50195.04,COMPLETED
TXN-INV5342,INV5342,2025-04-27,UPI Business,53045.72,COMPLETED
TXN-INV5343,INV5343,2025-04-28,Corporate Card,57716.48,COMPLETED
TXN-INV5344,INV5344,2025-04-01,NEFT/RTGS,47489.4,COMPLETED
TXN-INV5345,INV5345,2025-04-02,Bank Transfer,50808.8,COMPLETED
TXN-INV5346,INV5346,2025-04-03,UPI Business,53692.36,COMPLETED
TXN-INV5347,INV5347,2025-04-04,Corporate Card,58417.92,COMPLETED
TXN-INV5348,INV5348,2025-04-05,NEFT/RTGS,48064.8,COMPLETED
TXN-INV5349,INV5349,2025-04-06,Bank Transfer,51422.56,COMPLETED
TXN-INV5350,INV5350,2025-04-07,UPI Business,54339,COMPLETED
TXN-INV5351,INV5351,2025-04-08,Corporate Card,59119.36,COMPLETED
TXN-INV5352,INV5352,2025-04-09,NEFT/RTGS,48640.2,COMPLETED
TXN-INV5353,INV5353,2025-04-10,Bank Transfer,52036.32,COMPLETED
TXN-INV5354,INV5354,2025-04-11,UPI Business,54985.64,COMPLETED
TXN-INV5355,INV5355,2025-04-12,Corporate Card,59820.8,COMPLETED
TXN-INV5356,INV5356,2025-04-13,NEFT/RTGS,49215.6,COMPLETED
TXN-INV5357,INV5357,2025-04-14,Bank Transfer,52650.08,COMPLETED
TXN-INV5358,INV5358,2025-04-15,UPI Business,55632.28,COMPLETED
TXN-INV5359,INV5359,2025-04-16,Corporate Card,60522.24,COMPLETED
TXN-INV5360,INV5360,2025-04-17,NEFT/RTGS,49791,COMPLETED
TXN-INV5361,INV5361,2025-04-18,Bank Transfer,53263.84,COMPLETED
TXN-INV5362,INV5362,2025-04-19,UPI Business,56278.92,COMPLETED
TXN-INV5363,INV5363,2025-04-20,Corporate Card,61223.68,COMPLETED
TXN-INV5364,INV5364,2025-04-21,NEFT/RTGS,50366.4,COMPLETED
TXN-INV5365,INV5365,2025-04-22,Bank Transfer,53877.6,COMPLETED
TXN-INV5366,INV5366,2025-04-23,UPI Business,56925.56,COMPLETED
TXN-INV5367,INV5367,2025-04-24,Corporate Card,61925.12,COMPLETED
TXN-INV5368,INV5368,2025-04-25,NEFT/RTGS,50941.8,COMPLETED
TXN-INV5369,INV5369,2025-04-26,Bank Transfer,54491.36,COMPLETED
TXN-INV5370,INV5370,2025-04-27,UPI Business,57572.2,COMPLETED
TXN-INV5371,INV5371,2025-04-28,Corporate Card,62626.56,COMPLETED
TXN-INV5372,INV5372,2025-04-01,NEFT/RTGS,51517.2,COMPLETED
TXN-INV5373,INV5373,2025-04-02,Bank Transfer,55105.12,COMPLETED
TXN-INV5374,INV5374,2025-04-03,UPI Business,58218.84,COMPLETED
TXN-INV5375,INV5375,2025-04-04,Corporate Card,63328,COMPLETED
TXN-INV5376,INV5376,2025-04-05,NEFT/RTGS,52092.6,COMPLETED
TXN-INV5377,INV5377,2025-04-06,Bank Transfer,55718.88,COMPLETED
TXN-INV5378,INV5378,2025-04-07,UPI Business,58865.48,COMPLETED
TXN-INV5379,INV5379,2025-04-08,Corporate Card,64029.44,COMPLETED
TXN-INV5380,INV5380,2025-04-09,NEFT/RTGS,52668,COMPLETED
TXN-INV5381,INV5381,2025-04-10,Bank Transfer,56332.64,COMPLETED
TXN-INV5382,INV5382,2025-04-11,UPI Business,59512.12,COMPLETED
TXN-INV5383,INV5383,2025-04-12,Corporate Card,64730.88,COMPLETED
TXN-INV5384,INV5384,2025-04-13,NEFT/RTGS,53243.4,COMPLETED
TXN-INV5385,INV5385,2025-04-14,Bank Transfer,56946.4,COMPLETED
TXN-INV5386,INV5386,2025-04-15,UPI Business,60158.76,COMPLETED
TXN-INV5387,INV5387,2025-04-16,Corporate Card,65432.32,COMPLETED
TXN-INV5388,INV5388,2025-04-17,NEFT/RTGS,53818.8,COMPLETED
TXN-INV5389,INV5389,2025-04-18,Bank Transfer,57560.16,COMPLETED
TXN-INV5390,INV5390,2025-04-19,UPI Business,60805.4,COMPLETED
TXN-INV5391,INV5391,2025-04-20,Corporate Card,66133.76,COMPLETED
TXN-INV5392,INV5392,2025-04-21,NEFT/RTGS,54394.2,COMPLETED
TXN-INV5393,INV5393,2025-04-22,Bank Transfer,58173.92,COMPLETED
TXN-INV5394,INV5394,2025-04-23,UPI Business,61452.04,COMPLETED
TXN-INV5395,INV5395,2025-04-24,Corporate Card,66835.2,COMPLETED
TXN-INV5396,INV5396,2025-04-25,NEFT/RTGS,54969.6,COMPLETED
TXN-INV5397,INV5397,2025-04-26,Bank Transfer,58787.68,COMPLETED
TXN-INV5398,INV5398,2025-04-27,UPI Business,62098.68,COMPLETED
TXN-INV5399,INV5399,2025-04-28,Corporate Card,67536.64,COMPLETED
TXN-INV5400,INV5400,2025-04-01,NEFT/RTGS,55545,COMPLETED
TXN-INV5401,INV5401,2025-04-02,Bank Transfer,59401.44,COMPLETED
TXN-INV5402,INV5402,2025-04-03,UPI Business,62745.32,COMPLETED
TXN-INV5403,INV5403,2025-04-04,Corporate Card,68238.08,COMPLETED
TXN-INV5404,INV5404,2025-04-05,NEFT/RTGS,56120.4,COMPLETED
TXN-INV5405,INV5405,2025-04-06,Bank Transfer,60015.2,COMPLETED
TXN-INV5406,INV5406,2025-04-07,UPI Business,63391.96,COMPLETED
TXN-INV5407,INV5407,2025-04-08,Corporate Card,68939.52,COMPLETED
TXN-INV5408,INV5408,2025-04-09,NEFT/RTGS,56695.8,COMPLETED
TXN-INV5409,INV5409,2025-04-10,Bank Transfer,60628.96,COMPLETED
TXN-INV5410,INV5410,2025-04-11,UPI Business,64038.6,COMPLETED
TXN-INV5411,INV5411,2025-04-12,Corporate Card,69640.96,COMPLETED
TXN-INV5412,INV5412,2025-04-13,NEFT/RTGS,57271.2,COMPLETED
TXN-INV5413,INV5413,2025-04-14,Bank Transfer,61242.72,COMPLETED
TXN-INV5414,INV5414,2025-04-15,UPI Business,64685.24,COMPLETED
TXN-INV5415,INV5415,2025-04-16,Corporate Card,70342.4,COMPLETED
TXN-INV5416,INV5416,2025-04-17,NEFT/RTGS,57846.6,COMPLETED
TXN-INV5417,INV5417,2025-04-18,Bank Transfer,61856.48,COMPLETED
TXN-INV5418,INV5418,2025-04-19,UPI Business,65331.88,COMPLETED
TXN-INV5419,INV5419,2025-04-20,Corporate Card,71043.84,COMPLETED
TXN-INV5420,INV5420,2025-04-21,NEFT/RTGS,58422,COMPLETED
TXN-INV5421,INV5421,2025-04-22,Bank Transfer,62470.24,COMPLETED
TXN-INV5422,INV5422,2025-04-23,UPI Business,65978.52,COMPLETED
TXN-INV5423,INV5423,2025-04-24,Corporate Card,71745.28,COMPLETED
TXN-INV5424,INV5424,2025-04-25,NEFT/RTGS,58997.4,COMPLETED
TXN-INV5425,INV5425,2025-04-26,Bank Transfer,63084,COMPLETED
TXN-INV5426,INV5426,2025-04-27,UPI Business,66625.16,COMPLETED
TXN-INV5427,INV5427,2025-04-28,Corporate Card,72446.72,COMPLETED
TXN-INV5428,INV5428,2025-04-01,NEFT/RTGS,59572.8,COMPLETED
TXN-INV5429,INV5429,2025-04-02,Bank Transfer,63697.76,COMPLETED
TXN-INV5430,INV5430,2025-04-03,UPI Business,67271.8,COMPLETED
TXN-INV5431,INV5431,2025-04-04,Corporate Card,73148.16,COMPLETED
TXN-INV5432,INV5432,2025-04-05,NEFT/RTGS,60148.2,COMPLETED
TXN-INV5433,INV5433,2025-04-06,Bank Transfer,64311.52,COMPLETED
TXN-INV5434,INV5434,2025-04-07,UPI Business,67918.44,COMPLETED
TXN-INV5435,INV5435,2025-04-08,Corporate Card,73849.6,COMPLETED
TXN-INV5436,INV5436,2025-04-09,NEFT/RTGS,60723.6,COMPLETED
TXN-INV5437,INV5437,2025-04-10,Bank Transfer,64925.28,COMPLETED
TXN-INV5438,INV5438,2025-04-11,UPI Business,68565.08,COMPLETED
TXN-INV5439,INV5439,2025-04-12,Corporate Card,74551.04,COMPLETED
TXN-INV5440,INV5440,2025-04-13,NEFT/RTGS,61299,COMPLETED
TXN-INV5441,INV5441,2025-04-14,Bank Transfer,65539.04,COMPLETED
TXN-INV5442,INV5442,2025-04-15,UPI Business,69211.72,COMPLETED
TXN-INV5443,INV5443,2025-04-16,Corporate Card,75252.48,COMPLETED
TXN-INV5444,INV5444,2025-04-17,NEFT/RTGS,61874.4,COMPLETED
TXN-INV5445,INV5445,2025-04-18,Bank Transfer,66152.8,COMPLETED
TXN-INV5446,INV5446,2025-04-19,UPI Business,69858.36,COMPLETED
TXN-INV5447,INV5447,2025-04-20,Corporate Card,75953.92,COMPLETED
TXN-INV5448,INV5448,2025-04-21,NEFT/RTGS,62449.8,COMPLETED
TXN-INV5449,INV5449,2025-04-22,Bank Transfer,66766.56,COMPLETED
TXN-INV5450,INV5450,2025-04-23,UPI Business,1121000,COMPLETED
TXN-INV5451,INV5451,2025-04-24,Corporate Card,76655.36,COMPLETED
TXN-INV5452,INV5452,2025-04-25,NEFT/RTGS,63025.2,COMPLETED
TXN-INV5453,INV5453,2025-04-26,Bank Transfer,67380.32,COMPLETED
TXN-INV5454,INV5454,2025-04-27,UPI Business,71151.64,COMPLETED
TXN-INV5455,INV5455,2025-04-28,Corporate Card,77356.8,COMPLETED
TXN-INV5456,INV5456,2025-04-01,NEFT/RTGS,63600.6,COMPLETED
TXN-INV5457,INV5457,2025-04-02,Bank Transfer,67994.08,COMPLETED
TXN-INV5458,INV5458,2025-04-03,UPI Business,71798.28,COMPLETED
TXN-INV5459,INV5459,2025-04-04,Corporate Card,78058.24,COMPLETED
TXN-INV5460,INV5460,2025-04-05,NEFT/RTGS,64176,COMPLETED
TXN-INV5461,INV5461,2025-04-06,Bank Transfer,68607.84,COMPLETED
TXN-INV5462,INV5462,2025-04-07,UPI Business,72444.92,COMPLETED
TXN-INV5463,INV5463,2025-04-08,Corporate Card,78759.68,COMPLETED
TXN-INV5464,INV5464,2025-04-09,NEFT/RTGS,64751.4,COMPLETED
TXN-INV5465,INV5465,2025-04-10,Bank Transfer,69221.6,COMPLETED
TXN-INV5466,INV5466,2025-04-11,UPI Business,73091.56,COMPLETED
TXN-INV5467,INV5467,2025-04-12,Corporate Card,79461.12,COMPLETED
TXN-INV5468,INV5468,2025-04-13,NEFT/RTGS,65326.8,COMPLETED
TXN-INV5469,INV5469,2025-04-14,Bank Transfer,69835.36,COMPLETED
TXN-INV5470,INV5470,2025-04-15,UPI Business,73738.2,COMPLETED
TXN-INV5471,INV5471,2025-04-16,Corporate Card,80162.56,COMPLETED
TXN-INV5472,INV5472,2025-04-17,NEFT/RTGS,65902.2,COMPLETED
TXN-INV5473,INV5473,2025-04-18,Bank Transfer,70449.12,COMPLETED
TXN-INV5474,INV5474,2025-04-19,UPI Business,74384.84,COMPLETED
TXN-INV5475,INV5475,2025-04-20,Corporate Card,80864,COMPLETED
TXN-INV5476,INV5476,2025-04-21,NEFT/RTGS,66477.6,COMPLETED
TXN-INV5477,INV5477,2025-04-22,Bank Transfer,71062.88,COMPLETED
TXN-INV5478,INV5478,2025-04-23,UPI Business,75031.48,COMPLETED
TXN-INV5479,INV5479,2025-04-24,Corporate Card,81565.44,COMPLETED
TXN-INV5480,INV5480,2025-04-25,NEFT/RTGS,67053,COMPLETED
TXN-INV5481,INV5481,2025-04-26,Bank Transfer,71676.64,COMPLETED
TXN-INV5482,INV5482,2025-04-27,UPI Business,75678.12,COMPLETED
TXN-INV5483,INV5483,2025-04-28,Corporate Card,82266.88,COMPLETED
TXN-INV5484,INV5484,2025-04-01,NEFT/RTGS,67628.4,COMPLETED
TXN-INV5485,INV5485,2025-04-02,Bank Transfer,72290.4,COMPLETED
TXN-INV5486,INV5486,2025-04-03,UPI Business,76324.76,COMPLETED
TXN-INV5487,INV5487,2025-04-04,Corporate Card,82968.32,COMPLETED
TXN-INV5488,INV5488,2025-04-05,NEFT/RTGS,68203.8,COMPLETED
TXN-INV5489,INV5489,2025-04-06,Bank Transfer,72904.16,COMPLETED
TXN-INV5490,INV5490,2025-04-07,UPI Business,76971.4,COMPLETED
TXN-INV5491,INV5491,2025-04-08,Corporate Card,83669.76,COMPLETED
TXN-INV5492,INV5492,2025-04-09,NEFT/RTGS,68779.2,COMPLETED
TXN-INV5493,INV5493,2025-04-10,Bank Transfer,73517.92,COMPLETED
TXN-INV5494,INV5494,2025-04-11,UPI Business,77618.04,COMPLETED
TXN-INV5495,INV5495,2025-04-12,Corporate Card,84371.2,COMPLETED
TXN-INV5496,INV5496,2025-04-13,NEFT/RTGS,69354.6,COMPLETED
TXN-INV5497,INV5497,2025-04-14,Bank Transfer,74131.68,COMPLETED
TXN-INV5498,INV5498,2025-04-15,UPI Business,78264.68,COMPLETED
TXN-INV5499,INV5499,2025-04-16,Corporate Card,85072.64,COMPLETED
TXN-INV5500,INV5500,2025-04-17,NEFT/RTGS,69930,COMPLETED
TXN-INV5501,INV5501,2025-04-18,Bank Transfer,74745.44,COMPLETED
TXN-INV5502,INV5502,2025-04-19,UPI Business,78911.32,COMPLETED
TXN-INV5503,INV5503,2025-04-20,Corporate Card,85774.08,COMPLETED
TXN-INV5504,INV5504,2025-04-21,NEFT/RTGS,70505.4,COMPLETED
TXN-INV5505,INV5505,2025-04-22,Bank Transfer,75359.2,COMPLETED
TXN-INV5506,INV5506,2025-04-23,UPI Business,79557.96,COMPLETED
TXN-INV5507,INV5507,2025-04-24,Corporate Card,86475.52,COMPLETED
TXN-INV5508,INV5508,2025-04-25,NEFT/RTGS,71080.8,COMPLETED
TXN-INV5509,INV5509,2025-04-26,Bank Transfer,75972.96,COMPLETED
TXN-INV5510,INV5510,2025-04-27,UPI Business,80204.6,COMPLETED
TXN-INV5511,INV5511,2025-04-28,Corporate Card,87176.96,COMPLETED
TXN-INV5512,INV5512,2025-04-01,NEFT/RTGS,71656.2,COMPLETED
TXN-INV5513,INV5513,2025-04-02,Bank Transfer,76586.72,COMPLETED
TXN-INV5514,INV5514,2025-04-03,UPI Business,80851.24,COMPLETED
TXN-INV5515,INV5515,2025-04-04,Corporate Card,87878.4,COMPLETED
TXN-INV5516,INV5516,2025-04-05,NEFT/RTGS,72231.6,COMPLETED
TXN-INV5517,INV5517,2025-04-06,Bank Transfer,77200.48,COMPLETED
TXN-INV5518,INV5518,2025-04-07,UPI Business,81497.88,COMPLETED
TXN-INV5519,INV5519,2025-04-08,Corporate Card,88579.84,COMPLETED
TXN-INV5520,INV5520,2025-04-09,NEFT/RTGS,72807,COMPLETED
TXN-INV5521,INV5521,2025-04-10,Bank Transfer,77814.24,COMPLETED
TXN-INV5522,INV5522,2025-04-11,UPI Business,82144.52,COMPLETED
TXN-INV5523,INV5523,2025-04-12,Corporate Card,89281.28,COMPLETED
TXN-INV5524,INV5524,2025-04-13,NEFT/RTGS,73382.4,COMPLETED
TXN-INV5525,INV5525,2025-04-14,Bank Transfer,78428,COMPLETED
TXN-INV5526,INV5526,2025-04-15,UPI Business,82791.16,COMPLETED
TXN-INV5527,INV5527,2025-04-16,Corporate Card,89982.72,COMPLETED
TXN-INV5528,INV5528,2025-04-17,NEFT/RTGS,73957.8,COMPLETED
TXN-INV5529,INV5529,2025-04-18,Bank Transfer,79041.76,COMPLETED
TXN-INV5530,INV5530,2025-04-19,UPI Business,83437.8,COMPLETED
TXN-INV5531,INV5531,2025-04-20,Corporate Card,90684.16,COMPLETED
TXN-INV5532,INV5532,2025-04-21,NEFT/RTGS,74533.2,COMPLETED
TXN-INV5533,INV5533,2025-04-22,Bank Transfer,79655.52,COMPLETED
TXN-INV5534,INV5534,2025-04-23,UPI Business,84084.44,COMPLETED
TXN-INV5535,INV5535,2025-04-24,Corporate Card,91385.6,COMPLETED
TXN-INV5536,INV5536,2025-04-25,NEFT/RTGS,75108.6,COMPLETED
TXN-INV5537,INV5537,2025-04-26,Bank Transfer,80269.28,COMPLETED
TXN-INV5538,INV5538,2025-04-27,UPI Business,84731.08,COMPLETED
TXN-INV5539,INV5539,2025-04-28,Corporate Card,92087.04,COMPLETED
TXN-INV5540,INV5540,2025-04-01,NEFT/RTGS,75684,COMPLETED
TXN-INV5541,INV5541,2025-04-02,Bank Transfer,80883.04,COMPLETED
TXN-INV5542,INV5542,2025-04-03,UPI Business,85377.72,COMPLETED
TXN-INV5543,INV5543,2025-04-04,Corporate Card,92788.48,COMPLETED
TXN-INV5544,INV5544,2025-04-05,NEFT/RTGS,76259.4,COMPLETED
TXN-INV5545,INV5545,2025-04-06,Bank Transfer,81496.8,COMPLETED
TXN-INV5546,INV5546,2025-04-07,UPI Business,86024.36,COMPLETED
TXN-INV5547,INV5547,2025-04-08,Corporate Card,93489.92,COMPLETED
TXN-INV5548,INV5548,2025-04-09,NEFT/RTGS,76834.8,COMPLETED
TXN-INV5549,INV5549,2025-04-10,Bank Transfer,82110.56,COMPLETED
TXN-INV5550,INV5550,2025-04-11,UPI Business,86671,COMPLETED
TXN-INV5551,INV5551,2025-04-12,Corporate Card,94191.36,COMPLETED
TXN-INV5552,INV5552,2025-04-13,NEFT/RTGS,77410.2,COMPLETED
TXN-INV5553,INV5553,2025-04-14,Bank Transfer,82724.32,COMPLETED
TXN-INV5554,INV5554,2025-04-15,UPI Business,87317.64,COMPLETED
TXN-INV5555,INV5555,2025-04-16,Corporate Card,94892.8,COMPLETED
TXN-INV5556,INV5556,2025-04-17,NEFT/RTGS,77985.6,COMPLETED
TXN-INV5557,INV5557,2025-04-18,Bank Transfer,83338.08,COMPLETED
TXN-INV5558,INV5558,2025-04-19,UPI Business,87964.28,COMPLETED
TXN-INV5559,INV5559,2025-04-20,Corporate Card,95594.24,COMPLETED
TXN-INV5560,INV5560,2025-04-21,NEFT/RTGS,78561,COMPLETED
TXN-INV5561,INV5561,2025-04-22,Bank Transfer,83951.84,COMPLETED
TXN-INV5562,INV5562,2025-04-23,UPI Business,88610.92,COMPLETED
TXN-INV5563,INV5563,2025-04-24,Corporate Card,96295.68,COMPLETED
TXN-INV5564,INV5564,2025-04-25,NEFT/RTGS,79136.4,COMPLETED
TXN-INV5565,INV5565,2025-04-26,Bank Transfer,84565.6,COMPLETED
TXN-INV5566,INV5566,2025-04-27,UPI Business,89257.56,COMPLETED
TXN-INV5567,INV5567,2025-04-28,Corporate Card,96997.12,COMPLETED
TXN-INV5568,INV5568,2025-04-01,NEFT/RTGS,79711.8,COMPLETED
TXN-INV5569,INV5569,2025-04-02,Bank Transfer,85179.36,COMPLETED
TXN-INV5570,INV5570,2025-04-03,UPI Business,89904.2,COMPLETED
TXN-INV5571,INV5571,2025-04-04,Corporate Card,97698.56,COMPLETED
TXN-INV5572,INV5572,2025-04-05,NEFT/RTGS,80287.2,COMPLETED
TXN-INV5573,INV5573,2025-04-06,Bank Transfer,85793.12,COMPLETED
TXN-INV5574,INV5574,2025-04-07,UPI Business,90550.84,COMPLETED
TXN-INV5575,INV5575,2025-04-08,Corporate Card,98400,COMPLETED
TXN-INV5576,INV5576,2025-04-09,NEFT/RTGS,80862.6,COMPLETED
TXN-INV5577,INV5577,2025-04-10,Bank Transfer,86406.88,COMPLETED
TXN-INV5578,INV5578,2025-04-11,UPI Business,91197.48,COMPLETED
TXN-INV5579,INV5579,2025-04-12,Corporate Card,99101.44,COMPLETED
TXN-INV5580,INV5580,2025-04-13,NEFT/RTGS,2688,COMPLETED
TXN-INV5581,INV5581,2025-04-14,Bank Transfer,3020.64,COMPLETED
TXN-INV5582,INV5582,2025-04-15,UPI Business,3344.12,COMPLETED
TXN-INV5583,INV5583,2025-04-16,Corporate Card,3802.88,COMPLETED
TXN-INV5584,INV5584,2025-04-17,NEFT/RTGS,3263.4,COMPLETED
TXN-INV5585,INV5585,2025-04-18,Bank Transfer,3634.4,COMPLETED
TXN-INV5586,INV5586,2025-04-19,UPI Business,3990.76,COMPLETED
TXN-INV5587,INV5587,2025-04-20,Corporate Card,4504.32,COMPLETED
TXN-INV5588,INV5588,2025-04-21,NEFT/RTGS,3838.8,COMPLETED
TXN-INV5589,INV5589,2025-04-22,Bank Transfer,4248.16,COMPLETED
TXN-INV5590,INV5590,2025-04-23,UPI Business,4637.4,COMPLETED
TXN-INV5591,INV5591,2025-04-24,Corporate Card,5205.76,COMPLETED
TXN-INV5592,INV5592,2025-04-25,NEFT/RTGS,4414.2,COMPLETED
TXN-INV5593,INV5593,2025-04-26,Bank Transfer,4861.92,COMPLETED
TXN-INV5594,INV5594,2025-04-27,UPI Business,5284.04,COMPLETED
TXN-INV5595,INV5595,2025-04-28,Corporate Card,5907.2,COMPLETED
TXN-INV5596,INV5596,2025-04-01,NEFT/RTGS,4989.6,COMPLETED
TXN-INV5597,INV5597,2025-04-02,Bank Transfer,5475.68,COMPLETED
TXN-INV5598,INV5598,2025-04-03,UPI Business,5930.68,COMPLETED
TXN-INV5599,INV5599,2025-04-04,Corporate Card,6608.64,COMPLETED
TXN-INV5600,INV5600,2025-04-05,NEFT/RTGS,5565,COMPLETED
TXN-INV5601,INV5601,2025-04-06,Bank Transfer,6089.44,COMPLETED
TXN-INV5602,INV5602,2025-04-07,UPI Business,6577.32,COMPLETED
TXN-INV5603,INV5603,2025-04-08,Corporate Card,7310.08,COMPLETED
TXN-INV5604,INV5604,2025-04-09,NEFT/RTGS,6140.4,COMPLETED
TXN-INV5605,INV5605,2025-04-10,Bank Transfer,6703.2,COMPLETED
TXN-INV5606,INV5606,2025-04-11,UPI Business,7223.96,COMPLETED
TXN-INV5607,INV5607,2025-04-12,Corporate Card,8011.52,COMPLETED
TXN-INV5608,INV5608,2025-04-13,NEFT/RTGS,6715.8,COMPLETED
TXN-INV5609,INV5609,2025-04-14,Bank Transfer,7316.96,COMPLETED
TXN-INV5610,INV5610,2025-04-15,UPI Business,7870.6,COMPLETED
TXN-INV5611,INV5611,2025-04-16,Corporate Card,8712.96,COMPLETED
TXN-INV5612,INV5612,2025-04-17,NEFT/RTGS,7291.2,COMPLETED
TXN-INV5613,INV5613,2025-04-18,Bank Transfer,7930.72,COMPLETED
TXN-INV5614,INV5614,2025-04-19,UPI Business,8517.24,COMPLETED
TXN-INV5615,INV5615,2025-04-20,Corporate Card,9414.4,COMPLETED
TXN-INV5616,INV5616,2025-04-21,NEFT/RTGS,7866.6,COMPLETED
TXN-INV5617,INV5617,2025-04-22,Bank Transfer,8544.48,COMPLETED
TXN-INV5618,INV5618,2025-04-23,UPI Business,9163.88,COMPLETED
TXN-INV5619,INV5619,2025-04-24,Corporate Card,10115.84,COMPLETED
TXN-INV5620,INV5620,2025-04-25,NEFT/RTGS,8442,COMPLETED
TXN-INV5621,INV5621,2025-04-26,Bank Transfer,9158.24,COMPLETED
TXN-INV5622,INV5622,2025-04-27,UPI Business,9810.52,COMPLETED
TXN-INV5623,INV5623,2025-04-28,Corporate Card,10817.28,COMPLETED
TXN-INV5624,INV5624,2025-04-01,NEFT/RTGS,9017.4,COMPLETED
TXN-INV5625,INV5625,2025-04-02,Bank Transfer,9772,COMPLETED
TXN-INV5626,INV5626,2025-04-03,UPI Business,10457.16,COMPLETED
TXN-INV5627,INV5627,2025-04-04,Corporate Card,11518.72,COMPLETED
TXN-INV5628,INV5628,2025-04-05,NEFT/RTGS,9592.8,COMPLETED
TXN-INV5629,INV5629,2025-04-06,Bank Transfer,10385.76,COMPLETED
TXN-INV5630,INV5630,2025-04-07,UPI Business,11103.8,COMPLETED
TXN-INV5631,INV5631,2025-04-08,Corporate Card,12220.16,COMPLETED
TXN-INV5632,INV5632,2025-04-09,NEFT/RTGS,10168.2,COMPLETED
TXN-INV5633,INV5633,2025-04-10,Bank Transfer,10999.52,COMPLETED
TXN-INV5634,INV5634,2025-04-11,UPI Business,11750.44,COMPLETED
TXN-INV5635,INV5635,2025-04-12,Corporate Card,12921.6,COMPLETED
TXN-INV5636,INV5636,2025-04-13,NEFT/RTGS,10743.6,COMPLETED
TXN-INV5637,INV5637,2025-04-14,Bank Transfer,11613.28,COMPLETED
TXN-INV5638,INV5638,2025-04-15,UPI Business,12397.08,COMPLETED
TXN-INV5639,INV5639,2025-04-16,Corporate Card,13623.04,COMPLETED
TXN-INV5640,INV5640,2025-04-17,NEFT/RTGS,11319,COMPLETED
TXN-INV5641,INV5641,2025-04-18,Bank Transfer,12227.04,COMPLETED
TXN-INV5642,INV5642,2025-04-19,UPI Business,13043.72,COMPLETED
TXN-INV5643,INV5643,2025-04-20,Corporate Card,14324.48,COMPLETED
TXN-INV5644,INV5644,2025-04-21,NEFT/RTGS,11894.4,COMPLETED
TXN-INV5645,INV5645,2025-04-22,Bank Transfer,12840.8,COMPLETED
TXN-INV5646,INV5646,2025-04-23,UPI Business,13690.36,COMPLETED
TXN-INV5647,INV5647,2025-04-24,Corporate Card,15025.92,COMPLETED
TXN-INV5648,INV5648,2025-04-25,NEFT/RTGS,12469.8,COMPLETED
TXN-INV5649,INV5649,2025-04-26,Bank Transfer,13454.56,COMPLETED
TXN-INV5650,INV5650,2025-04-27,UPI Business,14337,COMPLETED
TXN-INV5651,INV5651,2025-04-28,Corporate Card,15727.36,COMPLETED
TXN-INV5652,INV5652,2025-04-01,NEFT/RTGS,13045.2,COMPLETED
TXN-INV5653,INV5653,2025-04-02,Bank Transfer,14068.32,COMPLETED
TXN-INV5654,INV5654,2025-04-03,UPI Business,14983.64,COMPLETED
TXN-INV5655,INV5655,2025-04-04,Corporate Card,16428.8,COMPLETED
TXN-INV5656,INV5656,2025-04-05,NEFT/RTGS,13620.6,COMPLETED
TXN-INV5657,INV5657,2025-04-06,Bank Transfer,14682.08,COMPLETED
TXN-INV5658,INV5658,2025-04-07,UPI Business,15630.28,COMPLETED
TXN-INV5659,INV5659,2025-04-08,Corporate Card,17130.24,COMPLETED
TXN-INV5660,INV5660,2025-04-09,NEFT/RTGS,14196,COMPLETED
TXN-INV5661,INV5661,2025-04-10,Bank Transfer,15295.84,COMPLETED
TXN-INV5662,INV5662,2025-04-11,UPI Business,16276.92,COMPLETED
TXN-INV5663,INV5663,2025-04-12,Corporate Card,17831.68,COMPLETED
TXN-INV5664,INV5664,2025-04-13,NEFT/RTGS,14771.4,COMPLETED
TXN-INV5665,INV5665,2025-04-14,Bank Transfer,15909.6,COMPLETED
TXN-INV5666,INV5666,2025-04-15,UPI Business,16923.56,COMPLETED
TXN-INV5667,INV5667,2025-04-16,Corporate Card,18533.12,COMPLETED
TXN-INV5668,INV5668,2025-04-17,NEFT/RTGS,15346.8,COMPLETED
TXN-INV5669,INV5669,2025-04-18,Bank Transfer,16523.36,COMPLETED
TXN-INV5670,INV5670,2025-04-19,UPI Business,17570.2,COMPLETED
TXN-INV5671,INV5671,2025-04-20,Corporate Card,19234.56,COMPLETED
TXN-INV5672,INV5672,2025-04-21,NEFT/RTGS,15922.2,COMPLETED
TXN-INV5673,INV5673,2025-04-22,Bank Transfer,17137.12,COMPLETED
TXN-INV5674,INV5674,2025-04-23,UPI Business,18216.84,COMPLETED
TXN-INV5675,INV5675,2025-04-24,Corporate Card,19936,COMPLETED
TXN-INV5676,INV5676,2025-04-25,NEFT/RTGS,16497.6,COMPLETED
TXN-INV5677,INV5677,2025-04-26,Bank Transfer,17750.88,COMPLETED
TXN-INV5678,INV5678,2025-04-27,UPI Business,18863.48,COMPLETED
TXN-INV5679,INV5679,2025-04-28,Corporate Card,20637.44,COMPLETED
TXN-INV5680,INV5680,2025-04-01,NEFT/RTGS,17073,COMPLETED
TXN-INV5681,INV5681,2025-04-02,Bank Transfer,18364.64,COMPLETED
TXN-INV5682,INV5682,2025-04-03,UPI Business,19510.12,COMPLETED
TXN-INV5683,INV5683,2025-04-04,Corporate Card,21338.88,COMPLETED
TXN-INV5684,INV5684,2025-04-05,NEFT/RTGS,17648.4,COMPLETED
TXN-INV5685,INV5685,2025-04-06,Bank Transfer,18978.4,COMPLETED
TXN-INV5686,INV5686,2025-04-07,UPI Business,20156.76,COMPLETED
TXN-INV5687,INV5687,2025-04-08,Corporate Card,22040.32,COMPLETED
TXN-INV5688,INV5688,2025-04-09,NEFT/RTGS,18223.8,COMPLETED
TXN-INV5689,INV5689,2025-04-10,Bank Transfer,19592.16,COMPLETED
TXN-INV5690,INV5690,2025-04-11,UPI Business,20803.4,COMPLETED
TXN-INV5691,INV5691,2025-04-12,Corporate Card,22741.76,COMPLETED
TXN-INV5692,INV5692,2025-04-13,NEFT/RTGS,18799.2,COMPLETED
TXN-INV5693,INV5693,2025-04-14,Bank Transfer,20205.92,COMPLETED
TXN-INV5694,INV5694,2025-04-15,UPI Business,21450.04,COMPLETED
TXN-INV5695,INV5695,2025-04-16,Corporate Card,23443.2,COMPLETED
TXN-INV5696,INV5696,2025-04-17,NEFT/RTGS,19374.6,COMPLETED
TXN-INV5697,INV5697,2025-04-18,Bank Transfer,20819.68,COMPLETED
TXN-INV5698,INV5698,2025-04-19,UPI Business,22096.68,COMPLETED
TXN-INV5699,INV5699,2025-04-20,Corporate Card,24144.64,COMPLETED
TXN-INV5700,INV5700,2025-04-21,NEFT/RTGS,892500,COMPLETED
TXN-INV5701,INV5701,2025-04-22,Bank Transfer,21433.44,COMPLETED
TXN-INV5702,INV5702,2025-04-23,UPI Business,22743.32,COMPLETED
TXN-INV5703,INV5703,2025-04-24,Corporate Card,24846.08,COMPLETED
TXN-INV5704,INV5704,2025-04-25,NEFT/RTGS,20525.4,COMPLETED
TXN-INV5705,INV5705,2025-04-26,Bank Transfer,22047.2,COMPLETED
TXN-INV5706,INV5706,2025-04-27,UPI Business,23389.96,COMPLETED
TXN-INV5707,INV5707,2025-04-28,Corporate Card,25547.52,COMPLETED
TXN-INV5708,INV5708,2025-04-01,NEFT/RTGS,21100.8,COMPLETED
TXN-INV5709,INV5709,2025-04-02,Bank Transfer,22660.96,COMPLETED
TXN-INV5710,INV5710,2025-04-03,UPI Business,24036.6,COMPLETED
TXN-INV5711,INV5711,2025-04-04,Corporate Card,26248.96,COMPLETED
TXN-INV5712,INV5712,2025-04-05,NEFT/RTGS,21676.2,COMPLETED
TXN-INV5713,INV5713,2025-04-06,Bank Transfer,23274.72,COMPLETED
TXN-INV5714,INV5714,2025-04-07,UPI Business,24683.24,COMPLETED
TXN-INV5715,INV5715,2025-04-08,Corporate Card,26950.4,COMPLETED
TXN-INV5716,INV5716,2025-04-09,NEFT/RTGS,22251.6,COMPLETED
TXN-INV5717,INV5717,2025-04-10,Bank Transfer,23888.48,COMPLETED
TXN-INV5718,INV5718,2025-04-11,UPI Business,25329.88,COMPLETED
TXN-INV5719,INV5719,2025-04-12,Corporate Card,27651.84,COMPLETED
TXN-INV5720,INV5720,2025-04-13,NEFT/RTGS,22827,COMPLETED
TXN-INV5721,INV5721,2025-04-14,Bank Transfer,24502.24,COMPLETED
TXN-INV5722,INV5722,2025-04-15,UPI Business,25976.52,COMPLETED
TXN-INV5723,INV5723,2025-04-16,Corporate Card,28353.28,COMPLETED
TXN-INV5724,INV5724,2025-04-17,NEFT/RTGS,23402.4,COMPLETED
TXN-INV5725,INV5725,2025-04-18,Bank Transfer,25116,COMPLETED
TXN-INV5726,INV5726,2025-04-19,UPI Business,26623.16,COMPLETED
TXN-INV5727,INV5727,2025-04-20,Corporate Card,29054.72,COMPLETED
TXN-INV5728,INV5728,2025-04-21,NEFT/RTGS,23977.8,COMPLETED
TXN-INV5729,INV5729,2025-04-22,Bank Transfer,25729.76,COMPLETED
TXN-INV5730,INV5730,2025-04-23,UPI Business,27269.8,COMPLETED
TXN-INV5731,INV5731,2025-04-24,Corporate Card,29756.16,COMPLETED
TXN-INV5732,INV5732,2025-04-25,NEFT/RTGS,24553.2,COMPLETED
TXN-INV5733,INV5733,2025-04-26,Bank Transfer,26343.52,COMPLETED
TXN-INV5734,INV5734,2025-04-27,UPI Business,27916.44,COMPLETED
TXN-INV5735,INV5735,2025-04-28,Corporate Card,30457.6,COMPLETED
TXN-INV5736,INV5736,2025-04-01,NEFT/RTGS,25128.6,COMPLETED
TXN-INV5737,INV5737,2025-04-02,Bank Transfer,26957.28,COMPLETED
TXN-INV5738,INV5738,2025-04-03,UPI Business,28563.08,COMPLETED
TXN-INV5739,INV5739,2025-04-04,Corporate Card,31159.04,COMPLETED
TXN-INV5740,INV5740,2025-04-05,NEFT/RTGS,25704,COMPLETED
TXN-INV5741,INV5741,2025-04-06,Bank Transfer,27571.04,COMPLETED
TXN-INV5742,INV5742,2025-04-07,UPI Business,29209.72,COMPLETED
TXN-INV5743,INV5743,2025-04-08,Corporate Card,31860.48,COMPLETED
TXN-INV5744,INV5744,2025-04-09,NEFT/RTGS,26279.4,COMPLETED
TXN-INV5745,INV5745,2025-04-10,Bank Transfer,28184.8,COMPLETED
TXN-INV5746,INV5746,2025-04-11,UPI Business,29856.36,COMPLETED
TXN-INV5747,INV5747,2025-04-12,Corporate Card,32561.92,COMPLETED
TXN-INV5748,INV5748,2025-04-13,NEFT/RTGS,26854.8,COMPLETED
TXN-INV5749,INV5749,2025-04-14,Bank Transfer,28798.56,COMPLETED
TXN-INV5750,INV5750,2025-04-15,UPI Business,30503,COMPLETED
TXN-INV5751,INV5751,2025-04-16,Corporate Card,33263.36,COMPLETED
TXN-INV5752,INV5752,2025-04-17,NEFT/RTGS,27430.2,COMPLETED
TXN-INV5753,INV5753,2025-04-18,Bank Transfer,29412.32,COMPLETED
TXN-INV5754,INV5754,2025-04-19,UPI Business,31149.64,COMPLETED
TXN-INV5755,INV5755,2025-04-20,Corporate Card,33964.8,COMPLETED
TXN-INV5756,INV5756,2025-04-21,NEFT/RTGS,28005.6,COMPLETED
TXN-INV5757,INV5757,2025-04-22,Bank Transfer,30026.08,COMPLETED
TXN-INV5758,INV5758,2025-04-23,UPI Business,31796.28,COMPLETED
TXN-INV5759,INV5759,2025-04-24,Corporate Card,34666.24,COMPLETED
TXN-INV5760,INV5760,2025-04-25,NEFT/RTGS,28581,COMPLETED
TXN-INV5761,INV5761,2025-04-26,Bank Transfer,30639.84,COMPLETED
TXN-INV5762,INV5762,2025-04-27,UPI Business,32442.92,COMPLETED
TXN-INV5763,INV5763,2025-04-28,Corporate Card,35367.68,COMPLETED
TXN-INV5764,INV5764,2025-04-01,NEFT/RTGS,29156.4,COMPLETED
TXN-INV5765,INV5765,2025-04-02,Bank Transfer,31253.6,COMPLETED
TXN-INV5766,INV5766,2025-04-03,UPI Business,33089.56,COMPLETED
TXN-INV5767,INV5767,2025-04-04,Corporate Card,36069.12,COMPLETED
TXN-INV5768,INV5768,2025-04-05,NEFT/RTGS,29731.8,COMPLETED
TXN-INV5769,INV5769,2025-04-06,Bank Transfer,31867.36,COMPLETED
TXN-INV5770,INV5770,2025-04-07,UPI Business,33736.2,COMPLETED
TXN-INV5771,INV5771,2025-04-08,Corporate Card,36770.56,COMPLETED
TXN-INV5772,INV5772,2025-04-09,NEFT/RTGS,30307.2,COMPLETED
TXN-INV5773,INV5773,2025-04-10,Bank Transfer,32481.12,COMPLETED
TXN-INV5774,INV5774,2025-04-11,UPI Business,34382.84,COMPLETED
TXN-INV5775,INV5775,2025-04-12,Corporate Card,37472,COMPLETED
TXN-INV5776,INV5776,2025-04-13,NEFT/RTGS,30882.6,COMPLETED
TXN-INV5777,INV5777,2025-04-14,Bank Transfer,33094.88,COMPLETED
TXN-INV5778,INV5778,2025-04-15,UPI Business,35029.48,COMPLETED
TXN-INV5779,INV5779,2025-04-16,Corporate Card,38173.44,COMPLETED
TXN-INV5780,INV5780,2025-04-17,NEFT/RTGS,31458,COMPLETED
TXN-INV5781,INV5781,2025-04-18,Bank Transfer,33708.64,COMPLETED
TXN-INV5782,INV5782,2025-04-19,UPI Business,35676.12,COMPLETED
TXN-INV5783,INV5783,2025-04-20,Corporate Card,38874.88,COMPLETED
TXN-INV5784,INV5784,2025-04-21,NEFT/RTGS,32033.4,COMPLETED
TXN-INV5785,INV5785,2025-04-22,Bank Transfer,34322.4,COMPLETED
TXN-INV5786,INV5786,2025-04-23,UPI Business,36322.76,COMPLETED
TXN-INV5787,INV5787,2025-04-24,Corporate Card,39576.32,COMPLETED
TXN-INV5788,INV5788,2025-04-25,NEFT/RTGS,32608.8,COMPLETED
TXN-INV5789,INV5789,2025-04-26,Bank Transfer,34936.16,COMPLETED
TXN-INV5790,INV5790,2025-04-27,UPI Business,36969.4,COMPLETED
TXN-INV5791,INV5791,2025-04-28,Corporate Card,40277.76,COMPLETED
TXN-INV5792,INV5792,2025-04-01,NEFT/RTGS,33184.2,COMPLETED
TXN-INV5793,INV5793,2025-04-02,Bank Transfer,35549.92,COMPLETED
TXN-INV5794,INV5794,2025-04-03,UPI Business,37616.04,COMPLETED
TXN-INV5795,INV5795,2025-04-04,Corporate Card,40979.2,COMPLETED
TXN-INV5796,INV5796,2025-04-05,NEFT/RTGS,33759.6,COMPLETED
TXN-INV5797,INV5797,2025-04-06,Bank Transfer,36163.68,COMPLETED
TXN-INV5798,INV5798,2025-04-07,UPI Business,38262.68,COMPLETED
TXN-INV5799,INV5799,2025-04-08,Corporate Card,41680.64,COMPLETED
TXN-INV5800,INV5800,2025-04-09,NEFT/RTGS,34335,COMPLETED
TXN-INV5801,INV5801,2025-04-10,Bank Transfer,36777.44,COMPLETED
TXN-INV5802,INV5802,2025-04-11,UPI Business,38909.32,COMPLETED
TXN-INV5803,INV5803,2025-04-12,Corporate Card,42382.08,COMPLETED
TXN-INV5804,INV5804,2025-04-13,NEFT/RTGS,34910.4,COMPLETED
TXN-INV5805,INV5805,2025-04-14,Bank Transfer,37391.2,COMPLETED
TXN-INV5806,INV5806,2025-04-15,UPI Business,39555.96,COMPLETED
TXN-INV5807,INV5807,2025-04-16,Corporate Card,43083.52,COMPLETED
TXN-INV5808,INV5808,2025-04-17,NEFT/RTGS,35485.8,COMPLETED
TXN-INV5809,INV5809,2025-04-18,Bank Transfer,38004.96,COMPLETED
TXN-INV5810,INV5810,2025-04-19,UPI Business,40202.6,COMPLETED
TXN-INV5811,INV5811,2025-04-20,Corporate Card,43784.96,COMPLETED
TXN-INV5812,INV5812,2025-04-21,NEFT/RTGS,36061.2,COMPLETED
TXN-INV5813,INV5813,2025-04-22,Bank Transfer,38618.72,COMPLETED
TXN-INV5814,INV5814,2025-04-23,UPI Business,40849.24,COMPLETED
TXN-INV5815,INV5815,2025-04-24,Corporate Card,44486.4,COMPLETED
TXN-INV5816,INV5816,2025-04-25,NEFT/RTGS,36636.6,COMPLETED
TXN-INV5817,INV5817,2025-04-26,Bank Transfer,39232.48,COMPLETED
TXN-INV5818,INV5818,2025-04-27,UPI Business,41495.88,COMPLETED
TXN-INV5819,INV5819,2025-04-28,Corporate Card,45187.84,COMPLETED
TXN-INV5820,INV5820,2025-04-01,NEFT/RTGS,37212,COMPLETED
TXN-INV5821,INV5821,2025-04-02,Bank Transfer,39846.24,COMPLETED
TXN-INV5822,INV5822,2025-04-03,UPI Business,42142.52,COMPLETED
TXN-INV5823,INV5823,2025-04-04,Corporate Card,45889.28,COMPLETED
TXN-INV5824,INV5824,2025-04-05,NEFT/RTGS,37787.4,COMPLETED
TXN-INV5825,INV5825,2025-04-06,Bank Transfer,40460,COMPLETED
TXN-INV5826,INV5826,2025-04-07,UPI Business,42789.16,COMPLETED
TXN-INV5827,INV5827,2025-04-08,Corporate Card,46590.72,COMPLETED
TXN-INV5828,INV5828,2025-04-09,NEFT/RTGS,38362.8,COMPLETED
TXN-INV5829,INV5829,2025-04-10,Bank Transfer,41073.76,COMPLETED
TXN-INV5830,INV5830,2025-04-11,UPI Business,43435.8,COMPLETED
TXN-INV5831,INV5831,2025-04-12,Corporate Card,47292.16,COMPLETED
TXN-INV5832,INV5832,2025-04-13,NEFT/RTGS,38938.2,COMPLETED
TXN-INV5833,INV5833,2025-04-14,Bank Transfer,41687.52,COMPLETED
TXN-INV5834,INV5834,2025-04-15,UPI Business,44082.44,COMPLETED
TXN-INV5835,INV5835,2025-04-16,Corporate Card,47993.6,COMPLETED
TXN-INV5836,INV5836,2025-04-17,NEFT/RTGS,39513.6,COMPLETED
TXN-INV5837,INV5837,2025-04-18,Bank Transfer,42301.28,COMPLETED
TXN-INV5838,INV5838,2025-04-19,UPI Business,44729.08,COMPLETED
TXN-INV5839,INV5839,2025-04-20,Corporate Card,48695.04,COMPLETED
TXN-INV5840,INV5840,2025-04-21,NEFT/RTGS,40089,COMPLETED
TXN-INV5841,INV5841,2025-04-22,Bank Transfer,42915.04,COMPLETED
TXN-INV5842,INV5842,2025-04-23,UPI Business,45375.72,COMPLETED
TXN-INV5843,INV5843,2025-04-24,Corporate Card,49396.48,COMPLETED
TXN-INV5844,INV5844,2025-04-25,NEFT/RTGS,40664.4,COMPLETED
TXN-INV5845,INV5845,2025-04-26,Bank Transfer,43528.8,COMPLETED
TXN-INV5846,INV5846,2025-04-27,UPI Business,46022.36,COMPLETED
TXN-INV5847,INV5847,2025-04-28,Corporate Card,50097.92,COMPLETED
TXN-INV5848,INV5848,2025-04-01,NEFT/RTGS,41239.8,COMPLETED
TXN-INV5849,INV5849,2025-04-02,Bank Transfer,44142.56,COMPLETED
TXN-INV5850,INV5850,2025-04-03,UPI Business,46669,COMPLETED
TXN-INV5851,INV5851,2025-04-04,Corporate Card,50799.36,COMPLETED
TXN-INV5852,INV5852,2025-04-05,NEFT/RTGS,41815.2,COMPLETED
TXN-INV5853,INV5853,2025-04-06,Bank Transfer,44756.32,COMPLETED
TXN-INV5854,INV5854,2025-04-07,UPI Business,47315.64,COMPLETED
TXN-INV5855,INV5855,2025-04-08,Corporate Card,51500.8,COMPLETED
TXN-INV5856,INV5856,2025-04-09,NEFT/RTGS,42390.6,COMPLETED
TXN-INV5857,INV5857,2025-04-10,Bank Transfer,45370.08,COMPLETED
TXN-INV5858,INV5858,2025-04-11,UPI Business,47962.28,COMPLETED
TXN-INV5859,INV5859,2025-04-12,Corporate Card,52202.24,COMPLETED
TXN-INV5860,INV5860,2025-04-13,NEFT/RTGS,42966,COMPLETED
TXN-INV5861,INV5861,2025-04-14,Bank Transfer,45983.84,COMPLETED
TXN-INV5862,INV5862,2025-04-15,UPI Business,48608.92,COMPLETED
TXN-INV5863,INV5863,2025-04-16,Corporate Card,52903.68,COMPLETED
TXN-INV5864,INV5864,2025-04-17,NEFT/RTGS,43541.4,COMPLETED
TXN-INV5865,INV5865,2025-04-18,Bank Transfer,46597.6,COMPLETED
TXN-INV5866,INV5866,2025-04-19,UPI Business,49255.56,COMPLETED
TXN-INV5867,INV5867,2025-04-20,Corporate Card,53605.12,COMPLETED
TXN-INV5868,INV5868,2025-04-21,NEFT/RTGS,44116.8,COMPLETED
TXN-INV5869,INV5869,2025-04-22,Bank Transfer,47211.36,COMPLETED
TXN-INV5870,INV5870,2025-04-23,UPI Business,49902.2,COMPLETED
TXN-INV5871,INV5871,2025-04-24,Corporate Card,54306.56,COMPLETED
TXN-INV5872,INV5872,2025-04-25,NEFT/RTGS,44692.2,COMPLETED
TXN-INV5873,INV5873,2025-04-26,Bank Transfer,47825.12,COMPLETED
TXN-INV5874,INV5874,2025-04-27,UPI Business,50548.84,COMPLETED
TXN-INV5875,INV5875,2025-04-28,Corporate Card,55008,COMPLETED
TXN-INV5876,INV5876,2025-04-01,NEFT/RTGS,45267.6,COMPLETED
TXN-INV5877,INV5877,2025-04-02,Bank Transfer,48438.88,COMPLETED
TXN-INV5878,INV5878,2025-04-03,UPI Business,51195.48,COMPLETED
TXN-INV5879,INV5879,2025-04-04,Corporate Card,55709.44,COMPLETED
TXN-INV5880,INV5880,2025-04-05,NEFT/RTGS,45843,COMPLETED
TXN-INV5881,INV5881,2025-04-06,Bank Transfer,49052.64,COMPLETED
TXN-INV5882,INV5882,2025-04-07,UPI Business,51842.12,COMPLETED
TXN-INV5883,INV5883,2025-04-08,Corporate Card,56410.88,COMPLETED
TXN-INV5884,INV5884,2025-04-09,NEFT/RTGS,46418.4,COMPLETED
TXN-INV5885,INV5885,2025-04-10,Bank Transfer,49666.4,COMPLETED
TXN-INV5886,INV5886,2025-04-11,UPI Business,52488.76,COMPLETED
TXN-INV5887,INV5887,2025-04-12,Corporate Card,57112.32,COMPLETED
TXN-INV5888,INV5888,2025-04-13,NEFT/RTGS,46993.8,COMPLETED
TXN-INV5889,INV5889,2025-04-14,Bank Transfer,50280.16,COMPLETED
TXN-INV5890,INV5890,2025-04-15,UPI Business,53135.4,COMPLETED
TXN-INV5891,INV5891,2025-04-16,Corporate Card,57813.76,COMPLETED
TXN-INV5892,INV5892,2025-04-17,NEFT/RTGS,47569.2,COMPLETED
TXN-INV5893,INV5893,2025-04-18,Bank Transfer,50893.92,COMPLETED
TXN-INV5894,INV5894,2025-04-19,UPI Business,53782.04,COMPLETED
TXN-INV5895,INV5895,2025-04-20,Corporate Card,58515.2,COMPLETED
TXN-INV5896,INV5896,2025-04-21,NEFT/RTGS,48144.6,COMPLETED
TXN-INV5897,INV5897,2025-04-22,Bank Transfer,51507.68,COMPLETED
TXN-INV5898,INV5898,2025-04-23,UPI Business,54428.68,COMPLETED
TXN-INV5899,INV5899,2025-04-24,Corporate Card,59216.64,COMPLETED
TXN-INV5900,INV5900,2025-04-25,NEFT/RTGS,48720,COMPLETED
TXN-INV5901,INV5901,2025-04-26,Bank Transfer,52121.44,COMPLETED
TXN-INV5902,INV5902,2025-04-27,UPI Business,55075.32,COMPLETED
TXN-INV5903,INV5903,2025-04-28,Corporate Card,59918.08,COMPLETED
TXN-INV5904,INV5904,2025-04-01,NEFT/RTGS,49295.4,COMPLETED
TXN-INV5905,INV5905,2025-04-02,Bank Transfer,52735.2,COMPLETED
TXN-INV5906,INV5906,2025-04-03,UPI Business,55721.96,COMPLETED
TXN-INV5907,INV5907,2025-04-04,Corporate Card,60619.52,COMPLETED
TXN-INV5908,INV5908,2025-04-05,NEFT/RTGS,49870.8,COMPLETED
TXN-INV5909,INV5909,2025-04-06,Bank Transfer,53348.96,COMPLETED
TXN-INV5910,INV5910,2025-04-07,UPI Business,56368.6,COMPLETED
TXN-INV5911,INV5911,2025-04-08,Corporate Card,61320.96,COMPLETED
TXN-INV5912,INV5912,2025-04-09,NEFT/RTGS,50446.2,COMPLETED
TXN-INV5913,INV5913,2025-04-10,Bank Transfer,53962.72,COMPLETED
TXN-INV5914,INV5914,2025-04-11,UPI Business,57015.24,COMPLETED
TXN-INV5915,INV5915,2025-04-12,Corporate Card,62022.4,COMPLETED
TXN-INV5916,INV5916,2025-04-13,NEFT/RTGS,51021.6,COMPLETED
TXN-INV5917,INV5917,2025-04-14,Bank Transfer,54576.48,COMPLETED
TXN-INV5918,INV5918,2025-04-15,UPI Business,57661.88,COMPLETED
TXN-INV5919,INV5919,2025-04-16,Corporate Card,62723.84,COMPLETED
TXN-INV5920,INV5920,2025-04-17,NEFT/RTGS,51597,COMPLETED
TXN-INV5921,INV5921,2025-04-18,Bank Transfer,55190.24,COMPLETED
TXN-INV5922,INV5922,2025-04-19,UPI Business,58308.52,COMPLETED
TXN-INV5923,INV5923,2025-04-20,Corporate Card,63425.28,COMPLETED
TXN-INV5924,INV5924,2025-04-21,NEFT/RTGS,52172.4,COMPLETED
TXN-INV5925,INV5925,2025-04-22,Bank Transfer,55804,COMPLETED
TXN-INV5926,INV5926,2025-04-23,UPI Business,58955.16,COMPLETED
TXN-INV5927,INV5927,2025-04-24,Corporate Card,64126.72,COMPLETED
TXN-INV5928,INV5928,2025-04-25,NEFT/RTGS,52747.8,COMPLETED
TXN-INV5929,INV5929,2025-04-26,Bank Transfer,56417.76,COMPLETED
TXN-INV5930,INV5930,2025-04-27,UPI Business,59601.8,COMPLETED
TXN-INV5931,INV5931,2025-04-28,Corporate Card,64828.16,COMPLETED
TXN-INV5932,INV5932,2025-04-01,NEFT/RTGS,53323.2,COMPLETED
TXN-INV5933,INV5933,2025-04-02,Bank Transfer,57031.52,COMPLETED
TXN-INV5934,INV5934,2025-04-03,UPI Business,60248.44,COMPLETED
TXN-INV5935,INV5935,2025-04-04,Corporate Card,65529.6,COMPLETED
TXN-INV5936,INV5936,2025-04-05,NEFT/RTGS,53898.6,COMPLETED
TXN-INV5937,INV5937,2025-04-06,Bank Transfer,57645.28,COMPLETED
TXN-INV5938,INV5938,2025-04-07,UPI Business,60895.08,COMPLETED
TXN-INV5939,INV5939,2025-04-08,Corporate Card,66231.04,COMPLETED
TXN-INV5940,INV5940,2025-04-09,NEFT/RTGS,54474,COMPLETED
TXN-INV5941,INV5941,2025-04-10,Bank Transfer,58259.04,COMPLETED
TXN-INV5942,INV5942,2025-04-11,UPI Business,61541.72,COMPLETED
TXN-INV5943,INV5943,2025-04-12,Corporate Card,66932.48,COMPLETED
TXN-INV5944,INV5944,2025-04-13,NEFT/RTGS,55049.4,COMPLETED
TXN-INV5945,INV5945,2025-04-14,Bank Transfer,58872.8,COMPLETED
TXN-INV5946,INV5946,2025-04-15,UPI Business,62188.36,COMPLETED
TXN-INV5947,INV5947,2025-04-16,Corporate Card,67633.92,COMPLETED
TXN-INV5948,INV5948,2025-04-17,NEFT/RTGS,55624.8,COMPLETED
TXN-INV5949,INV5949,2025-04-18,Bank Transfer,59486.56,COMPLETED
TXN-INV5950,INV5950,2025-04-19,UPI Business,1239000,COMPLETED
TXN-INV5951,INV5951,2025-04-20,Corporate Card,68335.36,COMPLETED
TXN-INV5952,INV5952,2025-04-21,NEFT/RTGS,56200.2,COMPLETED
TXN-INV5953,INV5953,2025-04-22,Bank Transfer,60100.32,COMPLETED
TXN-INV5954,INV5954,2025-04-23,UPI Business,63481.64,COMPLETED
TXN-INV5955,INV5955,2025-04-24,Corporate Card,69036.8,COMPLETED
TXN-INV5956,INV5956,2025-04-25,NEFT/RTGS,56775.6,COMPLETED
TXN-INV5957,INV5957,2025-04-26,Bank Transfer,60714.08,COMPLETED
TXN-INV5958,INV5958,2025-04-27,UPI Business,64128.28,COMPLETED
TXN-INV5959,INV5959,2025-04-28,Corporate Card,69738.24,COMPLETED
TXN-INV5960,INV5960,2025-04-01,NEFT/RTGS,57351,COMPLETED
TXN-INV5961,INV5961,2025-04-02,Bank Transfer,61327.84,COMPLETED
TXN-INV5962,INV5962,2025-04-03,UPI Business,64774.92,COMPLETED
TXN-INV5963,INV5963,2025-04-04,Corporate Card,70439.68,COMPLETED
TXN-INV5964,INV5964,2025-04-05,NEFT/RTGS,57926.4,COMPLETED
TXN-INV5965,INV5965,2025-04-06,Bank Transfer,61941.6,COMPLETED
TXN-INV5966,INV5966,2025-04-07,UPI Business,65421.56,COMPLETED
TXN-INV5967,INV5967,2025-04-08,Corporate Card,71141.12,COMPLETED
TXN-INV5968,INV5968,2025-04-09,NEFT/RTGS,58501.8,COMPLETED
TXN-INV5969,INV5969,2025-04-10,Bank Transfer,62555.36,COMPLETED
TXN-INV5970,INV5970,2025-04-11,UPI Business,66068.2,COMPLETED
TXN-INV5971,INV5971,2025-04-12,Corporate Card,71842.56,COMPLETED
TXN-INV5972,INV5972,2025-04-13,NEFT/RTGS,59077.2,COMPLETED
TXN-INV5973,INV5973,2025-04-14,Bank Transfer,63169.12,COMPLETED
TXN-INV5974,INV5974,2025-04-15,UPI Business,66714.84,COMPLETED
TXN-INV5975,INV5975,2025-04-16,Corporate Card,72544,COMPLETED
TXN-INV5976,INV5976,2025-04-17,NEFT/RTGS,59652.6,COMPLETED
TXN-INV5977,INV5977,2025-04-18,Bank Transfer,63782.88,COMPLETED
TXN-INV5978,INV5978,2025-04-19,UPI Business,67361.48,COMPLETED
TXN-INV5979,INV5979,2025-04-20,Corporate Card,73245.44,COMPLETED
TXN-INV5980,INV5980,2025-04-21,NEFT/RTGS,60228,COMPLETED
TXN-INV5981,INV5981,2025-04-22,Bank Transfer,64396.64,COMPLETED
TXN-INV5982,INV5982,2025-04-23,UPI Business,68008.12,COMPLETED
TXN-INV5983,INV5983,2025-04-24,Corporate Card,73946.88,COMPLETED
TXN-INV5984,INV5984,2025-04-25,NEFT/RTGS,60803.4,COMPLETED
TXN-INV5985,INV5985,2025-04-26,Bank Transfer,65010.4,COMPLETED
TXN-INV5986,INV5986,2025-04-27,UPI Business,68654.76,COMPLETED
TXN-INV5987,INV5987,2025-04-28,Corporate Card,74648.32,COMPLETED
TXN-INV5988,INV5988,2025-04-01,NEFT/RTGS,61378.8,COMPLETED
TXN-INV5989,INV5989,2025-04-02,Bank Transfer,65624.16,COMPLETED
TXN-INV5990,INV5990,2025-04-03,UPI Business,69301.4,COMPLETED
TXN-INV5991,INV5991,2025-04-04,Corporate Card,75349.76,COMPLETED
TXN-INV5992,INV5992,2025-04-05,NEFT/RTGS,61954.2,COMPLETED
TXN-INV5993,INV5993,2025-04-06,Bank Transfer,66237.92,COMPLETED
TXN-INV5994,INV5994,2025-04-07,UPI Business,69948.04,COMPLETED
TXN-INV5995,INV5995,2025-04-08,Corporate Card,76051.2,COMPLETED
TXN-INV5996,INV5996,2025-04-09,NEFT/RTGS,62529.6,COMPLETED
TXN-INV5997,INV5997,2025-04-10,Bank Transfer,66851.68,COMPLETED
TXN-INV5998,INV5998,2025-04-11,UPI Business,70594.68,COMPLETED
TXN-INV5999,INV5999,2025-04-12,Corporate Card,76752.64,COMPLETED
TXN-INV6000,INV6000,2025-04-13,NEFT/RTGS,63105,COMPLETED
TXN-INV6001,INV6001,2025-04-14,Bank Transfer,67465.44,COMPLETED
TXN-INV6002,INV6002,2025-04-15,UPI Business,71241.32,COMPLETED
TXN-INV6003,INV6003,2025-04-16,Corporate Card,77454.08,COMPLETED
TXN-INV6004,INV6004,2025-04-17,NEFT/RTGS,63680.4,COMPLETED
TXN-INV6005,INV6005,2025-04-18,Bank Transfer,68079.2,COMPLETED
TXN-INV6006,INV6006,2025-04-19,UPI Business,71887.96,COMPLETED
TXN-INV6007,INV6007,2025-04-20,Corporate Card,78155.52,COMPLETED
TXN-INV6008,INV6008,2025-04-21,NEFT/RTGS,64255.8,COMPLETED
TXN-INV6009,INV6009,2025-04-22,Bank Transfer,68692.96,COMPLETED
TXN-INV6010,INV6010,2025-04-23,UPI Business,72534.6,COMPLETED
TXN-INV6011,INV6011,2025-04-24,Corporate Card,78856.96,COMPLETED
TXN-INV6012,INV6012,2025-04-25,NEFT/RTGS,64831.2,COMPLETED
TXN-INV6013,INV6013,2025-04-26,Bank Transfer,69306.72,COMPLETED
TXN-INV6014,INV6014,2025-04-27,UPI Business,73181.24,COMPLETED
TXN-INV6015,INV6015,2025-04-28,Corporate Card,79558.4,COMPLETED
TXN-INV6016,INV6016,2025-04-01,NEFT/RTGS,65406.6,COMPLETED
TXN-INV6017,INV6017,2025-04-02,Bank Transfer,69920.48,COMPLETED
TXN-INV6018,INV6018,2025-04-03,UPI Business,73827.88,COMPLETED
TXN-INV6019,INV6019,2025-04-04,Corporate Card,80259.84,COMPLETED
TXN-INV6020,INV6020,2025-04-05,NEFT/RTGS,65982,COMPLETED
TXN-INV6021,INV6021,2025-04-06,Bank Transfer,70534.24,COMPLETED
TXN-INV6022,INV6022,2025-04-07,UPI Business,74474.52,COMPLETED
TXN-INV6023,INV6023,2025-04-08,Corporate Card,80961.28,COMPLETED
TXN-INV6024,INV6024,2025-04-09,NEFT/RTGS,66557.4,COMPLETED
TXN-INV6025,INV6025,2025-04-10,Bank Transfer,71148,COMPLETED
TXN-INV6026,INV6026,2025-04-11,UPI Business,75121.16,COMPLETED
TXN-INV6027,INV6027,2025-04-12,Corporate Card,81662.72,COMPLETED
TXN-INV6028,INV6028,2025-04-13,NEFT/RTGS,67132.8,COMPLETED
TXN-INV6029,INV6029,2025-04-14,Bank Transfer,71761.76,COMPLETED
TXN-INV6030,INV6030,2025-04-15,UPI Business,75767.8,COMPLETED
TXN-INV6031,INV6031,2025-04-16,Corporate Card,82364.16,COMPLETED
TXN-INV6032,INV6032,2025-04-17,NEFT/RTGS,67708.2,COMPLETED
TXN-INV6033,INV6033,2025-04-18,Bank Transfer,72375.52,COMPLETED
TXN-INV6034,INV6034,2025-04-19,UPI Business,76414.44,COMPLETED
TXN-INV6035,INV6035,2025-04-20,Corporate Card,83065.6,COMPLETED
TXN-INV6036,INV6036,2025-04-21,NEFT/RTGS,68283.6,COMPLETED
TXN-INV6037,INV6037,2025-04-22,Bank Transfer,72989.28,COMPLETED
TXN-INV6038,INV6038,2025-04-23,UPI Business,77061.08,COMPLETED
TXN-INV6039,INV6039,2025-04-24,Corporate Card,83767.04,COMPLETED
TXN-INV6040,INV6040,2025-04-25,NEFT/RTGS,68859,COMPLETED
TXN-INV6041,INV6041,2025-04-26,Bank Transfer,73603.04,COMPLETED
TXN-INV6042,INV6042,2025-04-27,UPI Business,77707.72,COMPLETED
TXN-INV6043,INV6043,2025-04-28,Corporate Card,84468.48,COMPLETED
TXN-INV6044,INV6044,2025-04-01,NEFT/RTGS,69434.4,COMPLETED
TXN-INV6045,INV6045,2025-04-02,Bank Transfer,74216.8,COMPLETED
TXN-INV6046,INV6046,2025-04-03,UPI Business,78354.36,COMPLETED
TXN-INV6047,INV6047,2025-04-04,Corporate Card,85169.92,COMPLETED
TXN-INV6048,INV6048,2025-04-05,NEFT/RTGS,70009.8,COMPLETED
TXN-INV6049,INV6049,2025-04-06,Bank Transfer,74830.56,COMPLETED
TXN-INV6050,INV6050,2025-04-07,UPI Business,79001,COMPLETED
TXN-INV6051,INV6051,2025-04-08,Corporate Card,85871.36,COMPLETED
TXN-INV6052,INV6052,2025-04-09,NEFT/RTGS,70585.2,COMPLETED
TXN-INV6053,INV6053,2025-04-10,Bank Transfer,75444.32,COMPLETED
TXN-INV6054,INV6054,2025-04-11,UPI Business,79647.64,COMPLETED
TXN-INV6055,INV6055,2025-04-12,Corporate Card,86572.8,COMPLETED
TXN-INV6056,INV6056,2025-04-13,NEFT/RTGS,71160.6,COMPLETED
TXN-INV6057,INV6057,2025-04-14,Bank Transfer,76058.08,COMPLETED
TXN-INV6058,INV6058,2025-04-15,UPI Business,80294.28,COMPLETED
TXN-INV6059,INV6059,2025-04-16,Corporate Card,87274.24,COMPLETED
TXN-INV6060,INV6060,2025-04-17,NEFT/RTGS,71736,COMPLETED
TXN-INV6061,INV6061,2025-04-18,Bank Transfer,76671.84,COMPLETED
TXN-INV6062,INV6062,2025-04-19,UPI Business,80940.92,COMPLETED
TXN-INV6063,INV6063,2025-04-20,Corporate Card,87975.68,COMPLETED
TXN-INV6064,INV6064,2025-04-21,NEFT/RTGS,72311.4,COMPLETED
TXN-INV6065,INV6065,2025-04-22,Bank Transfer,77285.6,COMPLETED
TXN-INV6066,INV6066,2025-04-23,UPI Business,81587.56,COMPLETED
TXN-INV6067,INV6067,2025-04-24,Corporate Card,88677.12,COMPLETED
TXN-INV6068,INV6068,2025-04-25,NEFT/RTGS,72886.8,COMPLETED
TXN-INV6069,INV6069,2025-04-26,Bank Transfer,77899.36,COMPLETED
TXN-INV6070,INV6070,2025-04-27,UPI Business,82234.2,COMPLETED
TXN-INV6071,INV6071,2025-04-28,Corporate Card,89378.56,COMPLETED
TXN-INV6072,INV6072,2025-04-01,NEFT/RTGS,73462.2,COMPLETED
TXN-INV6073,INV6073,2025-04-02,Bank Transfer,78513.12,COMPLETED
TXN-INV6074,INV6074,2025-04-03,UPI Business,82880.84,COMPLETED
TXN-INV6075,INV6075,2025-04-04,Corporate Card,90080,COMPLETED
TXN-INV6076,INV6076,2025-04-05,NEFT/RTGS,74037.6,COMPLETED
TXN-INV6077,INV6077,2025-04-06,Bank Transfer,79126.88,COMPLETED
TXN-INV6078,INV6078,2025-04-07,UPI Business,83527.48,COMPLETED
TXN-INV6079,INV6079,2025-04-08,Corporate Card,90781.44,COMPLETED
TXN-INV6080,INV6080,2025-04-09,NEFT/RTGS,74613,COMPLETED
TXN-INV6081,INV6081,2025-04-10,Bank Transfer,79740.64,COMPLETED
TXN-INV6082,INV6082,2025-04-11,UPI Business,84174.12,COMPLETED
TXN-INV6083,INV6083,2025-04-12,Corporate Card,91482.88,COMPLETED
TXN-INV6084,INV6084,2025-04-13,NEFT/RTGS,75188.4,COMPLETED
TXN-INV6085,INV6085,2025-04-14,Bank Transfer,80354.4,COMPLETED
TXN-INV6086,INV6086,2025-04-15,UPI Business,84820.76,COMPLETED
TXN-INV6087,INV6087,2025-04-16,Corporate Card,92184.32,COMPLETED
TXN-INV6088,INV6088,2025-04-17,NEFT/RTGS,75763.8,COMPLETED
TXN-INV6089,INV6089,2025-04-18,Bank Transfer,80968.16,COMPLETED
TXN-INV6090,INV6090,2025-04-19,UPI Business,85467.4,COMPLETED
TXN-INV6091,INV6091,2025-04-20,Corporate Card,92885.76,COMPLETED
TXN-INV6092,INV6092,2025-04-21,NEFT/RTGS,76339.2,COMPLETED
TXN-INV6093,INV6093,2025-04-22,Bank Transfer,81581.92,COMPLETED
TXN-INV6094,INV6094,2025-04-23,UPI Business,86114.04,COMPLETED
TXN-INV6095,INV6095,2025-04-24,Corporate Card,93587.2,COMPLETED
TXN-INV6096,INV6096,2025-04-25,NEFT/RTGS,76914.6,COMPLETED
TXN-INV6097,INV6097,2025-04-26,Bank Transfer,82195.68,COMPLETED
TXN-INV6098,INV6098,2025-04-27,UPI Business,86760.68,COMPLETED
TXN-INV6099,INV6099,2025-04-28,Corporate Card,94288.64,COMPLETED
TXN-INV6100,INV6100,2025-04-01,NEFT/RTGS,77490,COMPLETED
TXN-INV6101,INV6101,2025-04-02,Bank Transfer,82809.44,COMPLETED
TXN-INV6102,INV6102,2025-04-03,UPI Business,87407.32,COMPLETED
TXN-INV6103,INV6103,2025-04-04,Corporate Card,94990.08,COMPLETED
TXN-INV6104,INV6104,2025-04-05,NEFT/RTGS,78065.4,COMPLETED
TXN-INV6105,INV6105,2025-04-06,Bank Transfer,83423.2,COMPLETED
TXN-INV6106,INV6106,2025-04-07,UPI Business,88053.96,COMPLETED
TXN-INV6107,INV6107,2025-04-08,Corporate Card,95691.52,COMPLETED
TXN-INV6108,INV6108,2025-04-09,NEFT/RTGS,78640.8,COMPLETED
TXN-INV6109,INV6109,2025-04-10,Bank Transfer,84036.96,COMPLETED
TXN-INV6110,INV6110,2025-04-11,UPI Business,88700.6,COMPLETED
TXN-INV6111,INV6111,2025-04-12,Corporate Card,96392.96,COMPLETED
TXN-INV6112,INV6112,2025-04-13,NEFT/RTGS,79216.2,COMPLETED
TXN-INV6113,INV6113,2025-04-14,Bank Transfer,84650.72,COMPLETED
TXN-INV6114,INV6114,2025-04-15,UPI Business,89347.24,COMPLETED
TXN-INV6115,INV6115,2025-04-16,Corporate Card,97094.4,COMPLETED
TXN-INV6116,INV6116,2025-04-17,NEFT/RTGS,79791.6,COMPLETED
TXN-INV6117,INV6117,2025-04-18,Bank Transfer,85264.48,COMPLETED
TXN-INV6118,INV6118,2025-04-19,UPI Business,89993.88,COMPLETED
TXN-INV6119,INV6119,2025-04-20,Corporate Card,97795.84,COMPLETED
TXN-INV6120,INV6120,2025-04-21,NEFT/RTGS,80367,COMPLETED
TXN-INV6121,INV6121,2025-04-22,Bank Transfer,85878.24,COMPLETED
TXN-INV6122,INV6122,2025-04-23,UPI Business,90640.52,COMPLETED
TXN-INV6123,INV6123,2025-04-24,Corporate Card,98497.28,COMPLETED
TXN-INV6124,INV6124,2025-04-25,NEFT/RTGS,80942.4,COMPLETED
TXN-INV6125,INV6125,2025-04-26,Bank Transfer,86492,COMPLETED
TXN-INV6126,INV6126,2025-04-27,UPI Business,91287.16,COMPLETED
TXN-INV6127,INV6127,2025-04-28,Corporate Card,99198.72,COMPLETED
TXN-INV6128,INV6128,2025-04-01,NEFT/RTGS,2767.8,COMPLETED
TXN-INV6129,INV6129,2025-04-02,Bank Transfer,3105.76,COMPLETED
TXN-INV6130,INV6130,2025-04-03,UPI Business,3433.8,COMPLETED
TXN-INV6131,INV6131,2025-04-04,Corporate Card,3900.16,COMPLETED
TXN-INV6132,INV6132,2025-04-05,NEFT/RTGS,3343.2,COMPLETED
TXN-INV6133,INV6133,2025-04-06,Bank Transfer,3719.52,COMPLETED
TXN-INV6134,INV6134,2025-04-07,UPI Business,4080.44,COMPLETED
TXN-INV6135,INV6135,2025-04-08,Corporate Card,4601.6,COMPLETED
TXN-INV6136,INV6136,2025-04-09,NEFT/RTGS,3918.6,COMPLETED
TXN-INV6137,INV6137,2025-04-10,Bank Transfer,4333.28,COMPLETED
TXN-INV6138,INV6138,2025-04-11,UPI Business,4727.08,COMPLETED
TXN-INV6139,INV6139,2025-04-12,Corporate Card,5303.04,COMPLETED
TXN-INV6140,INV6140,2025-04-13,NEFT/RTGS,4494,COMPLETED
TXN-INV6141,INV6141,2025-04-14,Bank Transfer,4947.04,COMPLETED
TXN-INV6142,INV6142,2025-04-15,UPI Business,5373.72,COMPLETED
TXN-INV6143,INV6143,2025-04-16,Corporate Card,6004.48,COMPLETED
TXN-INV6144,INV6144,2025-04-17,NEFT/RTGS,5069.4,COMPLETED
TXN-INV6145,INV6145,2025-04-18,Bank Transfer,5560.8,COMPLETED
TXN-INV6146,INV6146,2025-04-19,UPI Business,6020.36,COMPLETED
TXN-INV6147,INV6147,2025-04-20,Corporate Card,6705.92,COMPLETED
TXN-INV6148,INV6148,2025-04-21,NEFT/RTGS,5644.8,COMPLETED
TXN-INV6149,INV6149,2025-04-22,Bank Transfer,6174.56,COMPLETED
TXN-INV6150,INV6150,2025-04-23,UPI Business,6667,COMPLETED
TXN-INV6151,INV6151,2025-04-24,Corporate Card,7407.36,COMPLETED
TXN-INV6152,INV6152,2025-04-25,NEFT/RTGS,6220.2,COMPLETED
TXN-INV6153,INV6153,2025-04-26,Bank Transfer,6788.32,COMPLETED
TXN-INV6154,INV6154,2025-04-27,UPI Business,7313.64,COMPLETED
TXN-INV6155,INV6155,2025-04-28,Corporate Card,8108.8,COMPLETED
TXN-INV6156,INV6156,2025-04-01,NEFT/RTGS,6795.6,COMPLETED
TXN-INV6157,INV6157,2025-04-02,Bank Transfer,7402.08,COMPLETED
TXN-INV6158,INV6158,2025-04-03,UPI Business,7960.28,COMPLETED
TXN-INV6159,INV6159,2025-04-04,Corporate Card,8810.24,COMPLETED
TXN-INV6160,INV6160,2025-04-05,NEFT/RTGS,7371,COMPLETED
TXN-INV6161,INV6161,2025-04-06,Bank Transfer,8015.84,COMPLETED
TXN-INV6162,INV6162,2025-04-07,UPI Business,8606.92,COMPLETED
TXN-INV6163,INV6163,2025-04-08,Corporate Card,9511.68,COMPLETED
TXN-INV6164,INV6164,2025-04-09,NEFT/RTGS,7946.4,COMPLETED
TXN-INV6165,INV6165,2025-04-10,Bank Transfer,8629.6,COMPLETED
TXN-INV6166,INV6166,2025-04-11,UPI Business,9253.56,COMPLETED
TXN-INV6167,INV6167,2025-04-12,Corporate Card,10213.12,COMPLETED
TXN-INV6168,INV6168,2025-04-13,NEFT/RTGS,8521.8,COMPLETED
TXN-INV6169,INV6169,2025-04-14,Bank Transfer,9243.36,COMPLETED
TXN-INV6170,INV6170,2025-04-15,UPI Business,9900.2,COMPLETED
TXN-INV6171,INV6171,2025-04-16,Corporate Card,10914.56,COMPLETED
TXN-INV6172,INV6172,2025-04-17,NEFT/RTGS,9097.2,COMPLETED
TXN-INV6173,INV6173,2025-04-18,Bank Transfer,9857.12,COMPLETED
TXN-INV6174,INV6174,2025-04-19,UPI Business,10546.84,COMPLETED
TXN-INV6175,INV6175,2025-04-20,Corporate Card,11616,COMPLETED
TXN-INV6176,INV6176,2025-04-21,NEFT/RTGS,9672.6,COMPLETED
TXN-INV6177,INV6177,2025-04-22,Bank Transfer,10470.88,COMPLETED
TXN-INV6178,INV6178,2025-04-23,UPI Business,11193.48,COMPLETED
TXN-INV6179,INV6179,2025-04-24,Corporate Card,12317.44,COMPLETED
TXN-INV6180,INV6180,2025-04-25,NEFT/RTGS,10248,COMPLETED
TXN-INV6181,INV6181,2025-04-26,Bank Transfer,11084.64,COMPLETED
TXN-INV6182,INV6182,2025-04-27,UPI Business,11840.12,COMPLETED
TXN-INV6183,INV6183,2025-04-28,Corporate Card,13018.88,COMPLETED
TXN-INV6184,INV6184,2025-04-01,NEFT/RTGS,10823.4,COMPLETED
TXN-INV6185,INV6185,2025-04-02,Bank Transfer,11698.4,COMPLETED
TXN-INV6186,INV6186,2025-04-03,UPI Business,12486.76,COMPLETED
TXN-INV6187,INV6187,2025-04-04,Corporate Card,13720.32,COMPLETED
TXN-INV6188,INV6188,2025-04-05,NEFT/RTGS,11398.8,COMPLETED
TXN-INV6189,INV6189,2025-04-06,Bank Transfer,12312.16,COMPLETED
TXN-INV6190,INV6190,2025-04-07,UPI Business,13133.4,COMPLETED
TXN-INV6191,INV6191,2025-04-08,Corporate Card,14421.76,COMPLETED
TXN-INV6192,INV6192,2025-04-09,NEFT/RTGS,11974.2,COMPLETED
TXN-INV6193,INV6193,2025-04-10,Bank Transfer,12925.92,COMPLETED
TXN-INV6194,INV6194,2025-04-11,UPI Business,13780.04,COMPLETED
TXN-INV6195,INV6195,2025-04-12,Corporate Card,15123.2,COMPLETED
TXN-INV6196,INV6196,2025-04-13,NEFT/RTGS,12549.6,COMPLETED
TXN-INV6197,INV6197,2025-04-14,Bank Transfer,13539.68,COMPLETED
TXN-INV6198,INV6198,2025-04-15,UPI Business,14426.68,COMPLETED
TXN-INV6199,INV6199,2025-04-16,Corporate Card,15824.64,COMPLETED
TXN-INV6200,INV6200,2025-04-17,NEFT/RTGS,997500,COMPLETED
TXN-INV6201,INV6201,2025-04-18,Bank Transfer,14153.44,COMPLETED
TXN-INV6202,INV6202,2025-04-19,UPI Business,15073.32,COMPLETED
TXN-INV6203,INV6203,2025-04-20,Corporate Card,16526.08,COMPLETED
TXN-INV6204,INV6204,2025-04-21,NEFT/RTGS,13700.4,COMPLETED
TXN-INV6205,INV6205,2025-04-22,Bank Transfer,14767.2,COMPLETED
TXN-INV6206,INV6206,2025-04-23,UPI Business,15719.96,COMPLETED
TXN-INV6207,INV6207,2025-04-24,Corporate Card,17227.52,COMPLETED
TXN-INV6208,INV6208,2025-04-25,NEFT/RTGS,14275.8,COMPLETED
TXN-INV6209,INV6209,2025-04-26,Bank Transfer,15380.96,COMPLETED
TXN-INV6210,INV6210,2025-04-27,UPI Business,16366.6,COMPLETED
TXN-INV6211,INV6211,2025-04-28,Corporate Card,17928.96,COMPLETED
TXN-INV6212,INV6212,2025-04-01,NEFT/RTGS,14851.2,COMPLETED
TXN-INV6213,INV6213,2025-04-02,Bank Transfer,15994.72,COMPLETED
TXN-INV6214,INV6214,2025-04-03,UPI Business,17013.24,COMPLETED
TXN-INV6215,INV6215,2025-04-04,Corporate Card,18630.4,COMPLETED
TXN-INV6216,INV6216,2025-04-05,NEFT/RTGS,15426.6,COMPLETED
TXN-INV6217,INV6217,2025-04-06,Bank Transfer,16608.48,COMPLETED
TXN-INV6218,INV6218,2025-04-07,UPI Business,17659.88,COMPLETED
TXN-INV6219,INV6219,2025-04-08,Corporate Card,19331.84,COMPLETED
TXN-INV6220,INV6220,2025-04-09,NEFT/RTGS,16002,COMPLETED
TXN-INV6221,INV6221,2025-04-10,Bank Transfer,17222.24,COMPLETED
TXN-INV6222,INV6222,2025-04-11,UPI Business,18306.52,COMPLETED
TXN-INV6223,INV6223,2025-04-12,Corporate Card,20033.28,COMPLETED
TXN-INV6224,INV6224,2025-04-13,NEFT/RTGS,16577.4,COMPLETED
TXN-INV6225,INV6225,2025-04-14,Bank Transfer,17836,COMPLETED
TXN-INV6226,INV6226,2025-04-15,UPI Business,18953.16,COMPLETED
TXN-INV6227,INV6227,2025-04-16,Corporate Card,20734.72,COMPLETED
TXN-INV6228,INV6228,2025-04-17,NEFT/RTGS,17152.8,COMPLETED
TXN-INV6229,INV6229,2025-04-18,Bank Transfer,18449.76,COMPLETED
TXN-INV6230,INV6230,2025-04-19,UPI Business,19599.8,COMPLETED
TXN-INV6231,INV6231,2025-04-20,Corporate Card,21436.16,COMPLETED
TXN-INV6232,INV6232,2025-04-21,NEFT/RTGS,17728.2,COMPLETED
TXN-INV6233,INV6233,2025-04-22,Bank Transfer,19063.52,COMPLETED
TXN-INV6234,INV6234,2025-04-23,UPI Business,20246.44,COMPLETED
TXN-INV6235,INV6235,2025-04-24,Corporate Card,22137.6,COMPLETED
TXN-INV6236,INV6236,2025-04-25,NEFT/RTGS,18303.6,COMPLETED
TXN-INV6237,INV6237,2025-04-26,Bank Transfer,19677.28,COMPLETED
TXN-INV6238,INV6238,2025-04-27,UPI Business,20893.08,COMPLETED
TXN-INV6239,INV6239,2025-04-28,Corporate Card,22839.04,COMPLETED
TXN-INV6240,INV6240,2025-04-01,NEFT/RTGS,18879,COMPLETED
TXN-INV6241,INV6241,2025-04-02,Bank Transfer,20291.04,COMPLETED
TXN-INV6242,INV6242,2025-04-03,UPI Business,21539.72,COMPLETED
TXN-INV6243,INV6243,2025-04-04,Corporate Card,23540.48,COMPLETED
TXN-INV6244,INV6244,2025-04-05,NEFT/RTGS,19454.4,COMPLETED
TXN-INV6245,INV6245,2025-04-06,Bank Transfer,20904.8,COMPLETED
TXN-INV6246,INV6246,2025-04-07,UPI Business,22186.36,COMPLETED
TXN-INV6247,INV6247,2025-04-08,Corporate Card,24241.92,COMPLETED
TXN-INV6248,INV6248,2025-04-09,NEFT/RTGS,20029.8,COMPLETED
TXN-INV6249,INV6249,2025-04-10,Bank Transfer,21518.56,COMPLETED
TXN-INV6250,INV6250,2025-04-11,UPI Business,22833,COMPLETED
TXN-INV6251,INV6251,2025-04-12,Corporate Card,24943.36,COMPLETED
TXN-INV6252,INV6252,2025-04-13,NEFT/RTGS,20605.2,COMPLETED
TXN-INV6253,INV6253,2025-04-14,Bank Transfer,22132.32,COMPLETED
TXN-INV6254,INV6254,2025-04-15,UPI Business,23479.64,COMPLETED
TXN-INV6255,INV6255,2025-04-16,Corporate Card,25644.8,COMPLETED
TXN-INV6256,INV6256,2025-04-17,NEFT/RTGS,21180.6,COMPLETED
TXN-INV6257,INV6257,2025-04-18,Bank Transfer,22746.08,COMPLETED
TXN-INV6258,INV6258,2025-04-19,UPI Business,24126.28,COMPLETED
TXN-INV6259,INV6259,2025-04-20,Corporate Card,26346.24,COMPLETED
TXN-INV6260,INV6260,2025-04-21,NEFT/RTGS,21756,COMPLETED
TXN-INV6261,INV6261,2025-04-22,Bank Transfer,23359.84,COMPLETED
TXN-INV6262,INV6262,2025-04-23,UPI Business,24772.92,COMPLETED
TXN-INV6263,INV6263,2025-04-24,Corporate Card,27047.68,COMPLETED
TXN-INV6264,INV6264,2025-04-25,NEFT/RTGS,22331.4,COMPLETED
TXN-INV6265,INV6265,2025-04-26,Bank Transfer,23973.6,COMPLETED
TXN-INV6266,INV6266,2025-04-27,UPI Business,25419.56,COMPLETED
TXN-INV6267,INV6267,2025-04-28,Corporate Card,27749.12,COMPLETED
TXN-INV6268,INV6268,2025-04-01,NEFT/RTGS,22906.8,COMPLETED
TXN-INV6269,INV6269,2025-04-02,Bank Transfer,24587.36,COMPLETED
TXN-INV6270,INV6270,2025-04-03,UPI Business,26066.2,COMPLETED
TXN-INV6271,INV6271,2025-04-04,Corporate Card,28450.56,COMPLETED
TXN-INV6272,INV6272,2025-04-05,NEFT/RTGS,23482.2,COMPLETED
TXN-INV6273,INV6273,2025-04-06,Bank Transfer,25201.12,COMPLETED
TXN-INV6274,INV6274,2025-04-07,UPI Business,26712.84,COMPLETED
TXN-INV6275,INV6275,2025-04-08,Corporate Card,29152,COMPLETED
TXN-INV6276,INV6276,2025-04-09,NEFT/RTGS,24057.6,COMPLETED
TXN-INV6277,INV6277,2025-04-10,Bank Transfer,25814.88,COMPLETED
TXN-INV6278,INV6278,2025-04-11,UPI Business,27359.48,COMPLETED
TXN-INV6279,INV6279,2025-04-12,Corporate Card,29853.44,COMPLETED
TXN-INV6280,INV6280,2025-04-13,NEFT/RTGS,24633,COMPLETED
TXN-INV6281,INV6281,2025-04-14,Bank Transfer,26428.64,COMPLETED
TXN-INV6282,INV6282,2025-04-15,UPI Business,28006.12,COMPLETED
TXN-INV6283,INV6283,2025-04-16,Corporate Card,30554.88,COMPLETED
TXN-INV6284,INV6284,2025-04-17,NEFT/RTGS,25208.4,COMPLETED
TXN-INV6285,INV6285,2025-04-18,Bank Transfer,27042.4,COMPLETED
TXN-INV6286,INV6286,2025-04-19,UPI Business,28652.76,COMPLETED
TXN-INV6287,INV6287,2025-04-20,Corporate Card,31256.32,COMPLETED
TXN-INV6288,INV6288,2025-04-21,NEFT/RTGS,25783.8,COMPLETED
TXN-INV6289,INV6289,2025-04-22,Bank Transfer,27656.16,COMPLETED
TXN-INV6290,INV6290,2025-04-23,UPI Business,29299.4,COMPLETED
TXN-INV6291,INV6291,2025-04-24,Corporate Card,31957.76,COMPLETED
TXN-INV6292,INV6292,2025-04-25,NEFT/RTGS,26359.2,COMPLETED
TXN-INV6293,INV6293,2025-04-26,Bank Transfer,28269.92,COMPLETED
TXN-INV6294,INV6294,2025-04-27,UPI Business,29946.04,COMPLETED
TXN-INV6295,INV6295,2025-04-28,Corporate Card,32659.2,COMPLETED
TXN-INV6296,INV6296,2025-04-01,NEFT/RTGS,26934.6,COMPLETED
TXN-INV6297,INV6297,2025-04-02,Bank Transfer,28883.68,COMPLETED
TXN-INV6298,INV6298,2025-04-03,UPI Business,30592.68,COMPLETED
TXN-INV6299,INV6299,2025-04-04,Corporate Card,33360.64,COMPLETED
TXN-INV6300,INV6300,2025-04-05,NEFT/RTGS,27510,COMPLETED
TXN-INV6301,INV6301,2025-04-06,Bank Transfer,29497.44,COMPLETED
TXN-INV6302,INV6302,2025-04-07,UPI Business,31239.32,COMPLETED
TXN-INV6303,INV6303,2025-04-08,Corporate Card,34062.08,COMPLETED
TXN-INV6304,INV6304,2025-04-09,NEFT/RTGS,28085.4,COMPLETED
TXN-INV6305,INV6305,2025-04-10,Bank Transfer,30111.2,COMPLETED
TXN-INV6306,INV6306,2025-04-11,UPI Business,31885.96,COMPLETED
TXN-INV6307,INV6307,2025-04-12,Corporate Card,34763.52,COMPLETED
TXN-INV6308,INV6308,2025-04-13,NEFT/RTGS,28660.8,COMPLETED
TXN-INV6309,INV6309,2025-04-14,Bank Transfer,30724.96,COMPLETED
TXN-INV6310,INV6310,2025-04-15,UPI Business,32532.6,COMPLETED
TXN-INV6311,INV6311,2025-04-16,Corporate Card,35464.96,COMPLETED
TXN-INV6312,INV6312,2025-04-17,NEFT/RTGS,29236.2,COMPLETED
TXN-INV6313,INV6313,2025-04-18,Bank Transfer,31338.72,COMPLETED
TXN-INV6314,INV6314,2025-04-19,UPI Business,33179.24,COMPLETED
TXN-INV6315,INV6315,2025-04-20,Corporate Card,36166.4,COMPLETED
TXN-INV6316,INV6316,2025-04-21,NEFT/RTGS,29811.6,COMPLETED
TXN-INV6317,INV6317,2025-04-22,Bank Transfer,31952.48,COMPLETED
TXN-INV6318,INV6318,2025-04-23,UPI Business,33825.88,COMPLETED
TXN-INV6319,INV6319,2025-04-24,Corporate Card,36867.84,COMPLETED
TXN-INV6320,INV6320,2025-04-25,NEFT/RTGS,30387,COMPLETED
TXN-INV6321,INV6321,2025-04-26,Bank Transfer,32566.24,COMPLETED
TXN-INV6322,INV6322,2025-04-27,UPI Business,34472.52,COMPLETED
TXN-INV6323,INV6323,2025-04-28,Corporate Card,37569.28,COMPLETED
TXN-INV6324,INV6324,2025-04-01,NEFT/RTGS,30962.4,COMPLETED
TXN-INV6325,INV6325,2025-04-02,Bank Transfer,33180,COMPLETED
TXN-INV6326,INV6326,2025-04-03,UPI Business,35119.16,COMPLETED
TXN-INV6327,INV6327,2025-04-04,Corporate Card,38270.72,COMPLETED
TXN-INV6328,INV6328,2025-04-05,NEFT/RTGS,31537.8,COMPLETED
TXN-INV6329,INV6329,2025-04-06,Bank Transfer,33793.76,COMPLETED
TXN-INV6330,INV6330,2025-04-07,UPI Business,35765.8,COMPLETED
TXN-INV6331,INV6331,2025-04-08,Corporate Card,38972.16,COMPLETED
TXN-INV6332,INV6332,2025-04-09,NEFT/RTGS,32113.2,COMPLETED
TXN-INV6333,INV6333,2025-04-10,Bank Transfer,34407.52,COMPLETED
TXN-INV6334,INV6334,2025-04-11,UPI Business,36412.44,COMPLETED
TXN-INV6335,INV6335,2025-04-12,Corporate Card,39673.6,COMPLETED
TXN-INV6336,INV6336,2025-04-13,NEFT/RTGS,32688.6,COMPLETED
TXN-INV6337,INV6337,2025-04-14,Bank Transfer,35021.28,COMPLETED
TXN-INV6338,INV6338,2025-04-15,UPI Business,37059.08,COMPLETED
TXN-INV6339,INV6339,2025-04-16,Corporate Card,40375.04,COMPLETED
TXN-INV6340,INV6340,2025-04-17,NEFT/RTGS,33264,COMPLETED
TXN-INV6341,INV6341,2025-04-18,Bank Transfer,35635.04,COMPLETED
TXN-INV6342,INV6342,2025-04-19,UPI Business,37705.72,COMPLETED
TXN-INV6343,INV6343,2025-04-20,Corporate Card,41076.48,COMPLETED
TXN-INV6344,INV6344,2025-04-21,NEFT/RTGS,33839.4,COMPLETED
TXN-INV6345,INV6345,2025-04-22,Bank Transfer,36248.8,COMPLETED
TXN-INV6346,INV6346,2025-04-23,UPI Business,38352.36,COMPLETED
TXN-INV6347,INV6347,2025-04-24,Corporate Card,41777.92,COMPLETED
TXN-INV6348,INV6348,2025-04-25,NEFT/RTGS,34414.8,COMPLETED
TXN-INV6349,INV6349,2025-04-26,Bank Transfer,36862.56,COMPLETED
TXN-INV6350,INV6350,2025-04-27,UPI Business,38999,COMPLETED
TXN-INV6351,INV6351,2025-04-28,Corporate Card,42479.36,COMPLETED
TXN-INV6352,INV6352,2025-04-01,NEFT/RTGS,34990.2,COMPLETED
TXN-INV6353,INV6353,2025-04-02,Bank Transfer,37476.32,COMPLETED
TXN-INV6354,INV6354,2025-04-03,UPI Business,39645.64,COMPLETED
TXN-INV6355,INV6355,2025-04-04,Corporate Card,43180.8,COMPLETED
TXN-INV6356,INV6356,2025-04-05,NEFT/RTGS,35565.6,COMPLETED
TXN-INV6357,INV6357,2025-04-06,Bank Transfer,38090.08,COMPLETED
TXN-INV6358,INV6358,2025-04-07,UPI Business,40292.28,COMPLETED
TXN-INV6359,INV6359,2025-04-08,Corporate Card,43882.24,COMPLETED
TXN-INV6360,INV6360,2025-04-09,NEFT/RTGS,36141,COMPLETED
TXN-INV6361,INV6361,2025-04-10,Bank Transfer,38703.84,COMPLETED
TXN-INV6362,INV6362,2025-04-11,UPI Business,40938.92,COMPLETED
TXN-INV6363,INV6363,2025-04-12,Corporate Card,44583.68,COMPLETED
TXN-INV6364,INV6364,2025-04-13,NEFT/RTGS,36716.4,COMPLETED
TXN-INV6365,INV6365,2025-04-14,Bank Transfer,39317.6,COMPLETED
TXN-INV6366,INV6366,2025-04-15,UPI Business,41585.56,COMPLETED
TXN-INV6367,INV6367,2025-04-16,Corporate Card,45285.12,COMPLETED
TXN-INV6368,INV6368,2025-04-17,NEFT/RTGS,37291.8,COMPLETED
TXN-INV6369,INV6369,2025-04-18,Bank Transfer,39931.36,COMPLETED
TXN-INV6370,INV6370,2025-04-19,UPI Business,42232.2,COMPLETED
TXN-INV6371,INV6371,2025-04-20,Corporate Card,45986.56,COMPLETED
TXN-INV6372,INV6372,2025-04-21,NEFT/RTGS,37867.2,COMPLETED
TXN-INV6373,INV6373,2025-04-22,Bank Transfer,40545.12,COMPLETED
TXN-INV6374,INV6374,2025-04-23,UPI Business,42878.84,COMPLETED
TXN-INV6375,INV6375,2025-04-24,Corporate Card,46688,COMPLETED
TXN-INV6376,INV6376,2025-04-25,NEFT/RTGS,38442.6,COMPLETED
TXN-INV6377,INV6377,2025-04-26,Bank Transfer,41158.88,COMPLETED
TXN-INV6378,INV6378,2025-04-27,UPI Business,43525.48,COMPLETED
TXN-INV6379,INV6379,2025-04-28,Corporate Card,47389.44,COMPLETED
TXN-INV6380,INV6380,2025-04-01,NEFT/RTGS,39018,COMPLETED
TXN-INV6381,INV6381,2025-04-02,Bank Transfer,41772.64,COMPLETED
TXN-INV6382,INV6382,2025-04-03,UPI Business,44172.12,COMPLETED
TXN-INV6383,INV6383,2025-04-04,Corporate Card,48090.88,COMPLETED
TXN-INV6384,INV6384,2025-04-05,NEFT/RTGS,39593.4,COMPLETED
TXN-INV6385,INV6385,2025-04-06,Bank Transfer,42386.4,COMPLETED
TXN-INV6386,INV6386,2025-04-07,UPI Business,44818.76,COMPLETED
TXN-INV6387,INV6387,2025-04-08,Corporate Card,48792.32,COMPLETED
TXN-INV6388,INV6388,2025-04-09,NEFT/RTGS,40168.8,COMPLETED
TXN-INV6389,INV6389,2025-04-10,Bank Transfer,43000.16,COMPLETED
TXN-INV6390,INV6390,2025-04-11,UPI Business,45465.4,COMPLETED
TXN-INV6391,INV6391,2025-04-12,Corporate Card,49493.76,COMPLETED
TXN-INV6392,INV6392,2025-04-13,NEFT/RTGS,40744.2,COMPLETED
TXN-INV6393,INV6393,2025-04-14,Bank Transfer,43613.92,COMPLETED
TXN-INV6394,INV6394,2025-04-15,UPI Business,46112.04,COMPLETED
TXN-INV6395,INV6395,2025-04-16,Corporate Card,50195.2,COMPLETED
TXN-INV6396,INV6396,2025-04-17,NEFT/RTGS,41319.6,COMPLETED
TXN-INV6397,INV6397,2025-04-18,Bank Transfer,44227.68,COMPLETED
TXN-INV6398,INV6398,2025-04-19,UPI Business,46758.68,COMPLETED
TXN-INV6399,INV6399,2025-04-20,Corporate Card,50896.64,COMPLETED
TXN-INV6400,INV6400,2025-04-21,NEFT/RTGS,41895,COMPLETED
TXN-INV6401,INV6401,2025-04-22,Bank Transfer,44841.44,COMPLETED
TXN-INV6402,INV6402,2025-04-23,UPI Business,47405.32,COMPLETED
TXN-INV6403,INV6403,2025-04-24,Corporate Card,51598.08,COMPLETED
TXN-INV6404,INV6404,2025-04-25,NEFT/RTGS,42470.4,COMPLETED
TXN-INV6405,INV6405,2025-04-26,Bank Transfer,45455.2,COMPLETED
TXN-INV6406,INV6406,2025-04-27,UPI Business,48051.96,COMPLETED
TXN-INV6407,INV6407,2025-04-28,Corporate Card,52299.52,COMPLETED
TXN-INV6408,INV6408,2025-04-01,NEFT/RTGS,43045.8,COMPLETED
TXN-INV6409,INV6409,2025-04-02,Bank Transfer,46068.96,COMPLETED
TXN-INV6410,INV6410,2025-04-03,UPI Business,48698.6,COMPLETED
TXN-INV6411,INV6411,2025-04-04,Corporate Card,53000.96,COMPLETED
TXN-INV6412,INV6412,2025-04-05,NEFT/RTGS,43621.2,COMPLETED
TXN-INV6413,INV6413,2025-04-06,Bank Transfer,46682.72,COMPLETED
TXN-INV6414,INV6414,2025-04-07,UPI Business,49345.24,COMPLETED
TXN-INV6415,INV6415,2025-04-08,Corporate Card,53702.4,COMPLETED
TXN-INV6416,INV6416,2025-04-09,NEFT/RTGS,44196.6,COMPLETED
TXN-INV6417,INV6417,2025-04-10,Bank Transfer,47296.48,COMPLETED
TXN-INV6418,INV6418,2025-04-11,UPI Business,49991.88,COMPLETED
TXN-INV6419,INV6419,2025-04-12,Corporate Card,54403.84,COMPLETED
TXN-INV6420,INV6420,2025-04-13,NEFT/RTGS,44772,COMPLETED
TXN-INV6421,INV6421,2025-04-14,Bank Transfer,47910.24,COMPLETED
TXN-INV6422,INV6422,2025-04-15,UPI Business,50638.52,COMPLETED
TXN-INV6423,INV6423,2025-04-16,Corporate Card,55105.28,COMPLETED
TXN-INV6424,INV6424,2025-04-17,NEFT/RTGS,45347.4,COMPLETED
TXN-INV6425,INV6425,2025-04-18,Bank Transfer,48524,COMPLETED
TXN-INV6426,INV6426,2025-04-19,UPI Business,51285.16,COMPLETED
TXN-INV6427,INV6427,2025-04-20,Corporate Card,55806.72,COMPLETED
TXN-INV6428,INV6428,2025-04-21,NEFT/RTGS,45922.8,COMPLETED
TXN-INV6429,INV6429,2025-04-22,Bank Transfer,49137.76,COMPLETED
TXN-INV6430,INV6430,2025-04-23,UPI Business,51931.8,COMPLETED
TXN-INV6431,INV6431,2025-04-24,Corporate Card,56508.16,COMPLETED
TXN-INV6432,INV6432,2025-04-25,NEFT/RTGS,46498.2,COMPLETED
TXN-INV6433,INV6433,2025-04-26,Bank Transfer,49751.52,COMPLETED
TXN-INV6434,INV6434,2025-04-27,UPI Business,52578.44,COMPLETED
TXN-INV6435,INV6435,2025-04-28,Corporate Card,57209.6,COMPLETED
TXN-INV6436,INV6436,2025-04-01,NEFT/RTGS,47073.6,COMPLETED
TXN-INV6437,INV6437,2025-04-02,Bank Transfer,50365.28,COMPLETED
TXN-INV6438,INV6438,2025-04-03,UPI Business,53225.08,COMPLETED
TXN-INV6439,INV6439,2025-04-04,Corporate Card,57911.04,COMPLETED
TXN-INV6440,INV6440,2025-04-05,NEFT/RTGS,47649,COMPLETED
TXN-INV6441,INV6441,2025-04-06,Bank Transfer,50979.04,COMPLETED
TXN-INV6442,INV6442,2025-04-07,UPI Business,53871.72,COMPLETED
TXN-INV6443,INV6443,2025-04-08,Corporate Card,58612.48,COMPLETED
TXN-INV6444,INV6444,2025-04-09,NEFT/RTGS,48224.4,COMPLETED
TXN-INV6445,INV6445,2025-04-10,Bank Transfer,51592.8,COMPLETED
TXN-INV6446,INV6446,2025-04-11,UPI Business,54518.36,COMPLETED
TXN-INV6447,INV6447,2025-04-12,Corporate Card,59313.92,COMPLETED
TXN-INV6448,INV6448,2025-04-13,NEFT/RTGS,48799.8,COMPLETED
TXN-INV6449,INV6449,2025-04-14,Bank Transfer,52206.56,COMPLETED
TXN-INV6450,INV6450,2025-04-15,UPI Business,1003000,COMPLETED
TXN-INV6451,INV6451,2025-04-16,Corporate Card,60015.36,COMPLETED
TXN-INV6452,INV6452,2025-04-17,NEFT/RTGS,49375.2,COMPLETED
TXN-INV6453,INV6453,2025-04-18,Bank Transfer,52820.32,COMPLETED
TXN-INV6454,INV6454,2025-04-19,UPI Business,55811.64,COMPLETED
TXN-INV6455,INV6455,2025-04-20,Corporate Card,60716.8,COMPLETED
TXN-INV6456,INV6456,2025-04-21,NEFT/RTGS,49950.6,COMPLETED
TXN-INV6457,INV6457,2025-04-22,Bank Transfer,53434.08,COMPLETED
TXN-INV6458,INV6458,2025-04-23,UPI Business,56458.28,COMPLETED
TXN-INV6459,INV6459,2025-04-24,Corporate Card,61418.24,COMPLETED
TXN-INV6460,INV6460,2025-04-25,NEFT/RTGS,50526,COMPLETED
TXN-INV6461,INV6461,2025-04-26,Bank Transfer,54047.84,COMPLETED
TXN-INV6462,INV6462,2025-04-27,UPI Business,57104.92,COMPLETED
TXN-INV6463,INV6463,2025-04-28,Corporate Card,62119.68,COMPLETED
TXN-INV6464,INV6464,2025-04-01,NEFT/RTGS,51101.4,COMPLETED
TXN-INV6465,INV6465,2025-04-02,Bank Transfer,54661.6,COMPLETED
TXN-INV6466,INV6466,2025-04-03,UPI Business,57751.56,COMPLETED
TXN-INV6467,INV6467,2025-04-04,Corporate Card,62821.12,COMPLETED
TXN-INV6468,INV6468,2025-04-05,NEFT/RTGS,51676.8,COMPLETED
TXN-INV6469,INV6469,2025-04-06,Bank Transfer,55275.36,COMPLETED
TXN-INV6470,INV6470,2025-04-07,UPI Business,58398.2,COMPLETED
TXN-INV6471,INV6471,2025-04-08,Corporate Card,63522.56,COMPLETED
TXN-INV6472,INV6472,2025-04-09,NEFT/RTGS,52252.2,COMPLETED
TXN-INV6473,INV6473,2025-04-10,Bank Transfer,55889.12,COMPLETED
TXN-INV6474,INV6474,2025-04-11,UPI Business,59044.84,COMPLETED
TXN-INV6475,INV6475,2025-04-12,Corporate Card,64224,COMPLETED
TXN-INV6476,INV6476,2025-04-13,NEFT/RTGS,52827.6,COMPLETED
TXN-INV6477,INV6477,2025-04-14,Bank Transfer,56502.88,COMPLETED
TXN-INV6478,INV6478,2025-04-15,UPI Business,59691.48,COMPLETED
TXN-INV6479,INV6479,2025-04-16,Corporate Card,64925.44,COMPLETED
TXN-INV6480,INV6480,2025-04-17,NEFT/RTGS,53403,COMPLETED
TXN-INV6481,INV6481,2025-04-18,Bank Transfer,57116.64,COMPLETED
TXN-INV6482,INV6482,2025-04-19,UPI Business,60338.12,COMPLETED
TXN-INV6483,INV6483,2025-04-20,Corporate Card,65626.88,COMPLETED
TXN-INV6484,INV6484,2025-04-21,NEFT/RTGS,53978.4,COMPLETED
TXN-INV6485,INV6485,2025-04-22,Bank Transfer,57730.4,COMPLETED
TXN-INV6486,INV6486,2025-04-23,UPI Business,60984.76,COMPLETED
TXN-INV6487,INV6487,2025-04-24,Corporate Card,66328.32,COMPLETED
TXN-INV6488,INV6488,2025-04-25,NEFT/RTGS,54553.8,COMPLETED
TXN-INV6489,INV6489,2025-04-26,Bank Transfer,58344.16,COMPLETED
TXN-INV6490,INV6490,2025-04-27,UPI Business,61631.4,COMPLETED
TXN-INV6491,INV6491,2025-04-28,Corporate Card,67029.76,COMPLETED
TXN-INV6492,INV6492,2025-04-01,NEFT/RTGS,55129.2,COMPLETED
TXN-INV6493,INV6493,2025-04-02,Bank Transfer,58957.92,COMPLETED
TXN-INV6494,INV6494,2025-04-03,UPI Business,62278.04,COMPLETED
TXN-INV6495,INV6495,2025-04-04,Corporate Card,67731.2,COMPLETED
TXN-INV6496,INV6496,2025-04-05,NEFT/RTGS,55704.6,COMPLETED
TXN-INV6497,INV6497,2025-04-06,Bank Transfer,59571.68,COMPLETED
TXN-INV6498,INV6498,2025-04-07,UPI Business,62924.68,COMPLETED
TXN-INV6499,INV6499,2025-04-08,Corporate Card,68432.64,COMPLETED
TXN-INV6500,INV6500,2025-04-09,NEFT/RTGS,56280,COMPLETED
TXN-INV6501,INV6501,2025-04-10,Bank Transfer,60185.44,COMPLETED
TXN-INV6502,INV6502,2025-04-11,UPI Business,63571.32,COMPLETED
TXN-INV6503,INV6503,2025-04-12,Corporate Card,69134.08,COMPLETED
TXN-INV6504,INV6504,2025-04-13,NEFT/RTGS,56855.4,COMPLETED
TXN-INV6505,INV6505,2025-04-14,Bank Transfer,60799.2,COMPLETED
TXN-INV6506,INV6506,2025-04-15,UPI Business,64217.96,COMPLETED
TXN-INV6507,INV6507,2025-04-16,Corporate Card,69835.52,COMPLETED
TXN-INV6508,INV6508,2025-04-17,NEFT/RTGS,57430.8,COMPLETED
TXN-INV6509,INV6509,2025-04-18,Bank Transfer,61412.96,COMPLETED
TXN-INV6510,INV6510,2025-04-19,UPI Business,64864.6,COMPLETED
TXN-INV6511,INV6511,2025-04-20,Corporate Card,70536.96,COMPLETED
TXN-INV6512,INV6512,2025-04-21,NEFT/RTGS,58006.2,COMPLETED
TXN-INV6513,INV6513,2025-04-22,Bank Transfer,62026.72,COMPLETED
TXN-INV6514,INV6514,2025-04-23,UPI Business,65511.24,COMPLETED
TXN-INV6515,INV6515,2025-04-24,Corporate Card,71238.4,COMPLETED
TXN-INV6516,INV6516,2025-04-25,NEFT/RTGS,58581.6,COMPLETED
TXN-INV6517,INV6517,2025-04-26,Bank Transfer,62640.48,COMPLETED
TXN-INV6518,INV6518,2025-04-27,UPI Business,66157.88,COMPLETED
TXN-INV6519,INV6519,2025-04-28,Corporate Card,71939.84,COMPLETED
TXN-INV6520,INV6520,2025-04-01,NEFT/RTGS,59157,COMPLETED
TXN-INV6521,INV6521,2025-04-02,Bank Transfer,63254.24,COMPLETED
TXN-INV6522,INV6522,2025-04-03,UPI Business,66804.52,COMPLETED
TXN-INV6523,INV6523,2025-04-04,Corporate Card,72641.28,COMPLETED
TXN-INV6524,INV6524,2025-04-05,NEFT/RTGS,59732.4,COMPLETED
TXN-INV6525,INV6525,2025-04-06,Bank Transfer,63868,COMPLETED
TXN-INV6526,INV6526,2025-04-07,UPI Business,67451.16,COMPLETED
TXN-INV6527,INV6527,2025-04-08,Corporate Card,73342.72,COMPLETED
TXN-INV6528,INV6528,2025-04-09,NEFT/RTGS,60307.8,COMPLETED
TXN-INV6529,INV6529,2025-04-10,Bank Transfer,64481.76,COMPLETED
TXN-INV6530,INV6530,2025-04-11,UPI Business,68097.8,COMPLETED
TXN-INV6531,INV6531,2025-04-12,Corporate Card,74044.16,COMPLETED
TXN-INV6532,INV6532,2025-04-13,NEFT/RTGS,60883.2,COMPLETED
TXN-INV6533,INV6533,2025-04-14,Bank Transfer,65095.52,COMPLETED
TXN-INV6534,INV6534,2025-04-15,UPI Business,68744.44,COMPLETED
TXN-INV6535,INV6535,2025-04-16,Corporate Card,74745.6,COMPLETED
TXN-INV6536,INV6536,2025-04-17,NEFT/RTGS,61458.6,COMPLETED
TXN-INV6537,INV6537,2025-04-18,Bank Transfer,65709.28,COMPLETED
TXN-INV6538,INV6538,2025-04-19,UPI Business,69391.08,COMPLETED
TXN-INV6539,INV6539,2025-04-20,Corporate Card,75447.04,COMPLETED
TXN-INV6540,INV6540,2025-04-21,NEFT/RTGS,62034,COMPLETED
TXN-INV6541,INV6541,2025-04-22,Bank Transfer,66323.04,COMPLETED
TXN-INV6542,INV6542,2025-04-23,UPI Business,70037.72,COMPLETED
TXN-INV6543,INV6543,2025-04-24,Corporate Card,76148.48,COMPLETED
TXN-INV6544,INV6544,2025-04-25,NEFT/RTGS,62609.4,COMPLETED
TXN-INV6545,INV6545,2025-04-26,Bank Transfer,66936.8,COMPLETED
TXN-INV6546,INV6546,2025-04-27,UPI Business,70684.36,COMPLETED
TXN-INV6547,INV6547,2025-04-28,Corporate Card,76849.92,COMPLETED
TXN-INV6548,INV6548,2025-04-01,NEFT/RTGS,63184.8,COMPLETED
TXN-INV6549,INV6549,2025-04-02,Bank Transfer,67550.56,COMPLETED
TXN-INV6550,INV6550,2025-04-03,UPI Business,71331,COMPLETED
TXN-INV6551,INV6551,2025-04-04,Corporate Card,77551.36,COMPLETED
TXN-INV6552,INV6552,2025-04-05,NEFT/RTGS,63760.2,COMPLETED
TXN-INV6553,INV6553,2025-04-06,Bank Transfer,68164.32,COMPLETED
TXN-INV6554,INV6554,2025-04-07,UPI Business,71977.64,COMPLETED
TXN-INV6555,INV6555,2025-04-08,Corporate Card,78252.8,COMPLETED
TXN-INV6556,INV6556,2025-04-09,NEFT/RTGS,64335.6,COMPLETED
TXN-INV6557,INV6557,2025-04-10,Bank Transfer,68778.08,COMPLETED
TXN-INV6558,INV6558,2025-04-11,UPI Business,72624.28,COMPLETED
TXN-INV6559,INV6559,2025-04-12,Corporate Card,78954.24,COMPLETED
TXN-INV6560,INV6560,2025-04-13,NEFT/RTGS,64911,COMPLETED
TXN-INV6561,INV6561,2025-04-14,Bank Transfer,69391.84,COMPLETED
TXN-INV6562,INV6562,2025-04-15,UPI Business,73270.92,COMPLETED
TXN-INV6563,INV6563,2025-04-16,Corporate Card,79655.68,COMPLETED
TXN-INV6564,INV6564,2025-04-17,NEFT/RTGS,65486.4,COMPLETED
TXN-INV6565,INV6565,2025-04-18,Bank Transfer,70005.6,COMPLETED
TXN-INV6566,INV6566,2025-04-19,UPI Business,73917.56,COMPLETED
TXN-INV6567,INV6567,2025-04-20,Corporate Card,80357.12,COMPLETED
TXN-INV6568,INV6568,2025-04-21,NEFT/RTGS,66061.8,COMPLETED
TXN-INV6569,INV6569,2025-04-22,Bank Transfer,70619.36,COMPLETED
TXN-INV6570,INV6570,2025-04-23,UPI Business,74564.2,COMPLETED
TXN-INV6571,INV6571,2025-04-24,Corporate Card,81058.56,COMPLETED
TXN-INV6572,INV6572,2025-04-25,NEFT/RTGS,66637.2,COMPLETED
TXN-INV6573,INV6573,2025-04-26,Bank Transfer,71233.12,COMPLETED
TXN-INV6574,INV6574,2025-04-27,UPI Business,75210.84,COMPLETED
TXN-INV6575,INV6575,2025-04-28,Corporate Card,81760,COMPLETED
TXN-INV6576,INV6576,2025-04-01,NEFT/RTGS,67212.6,COMPLETED
TXN-INV6577,INV6577,2025-04-02,Bank Transfer,71846.88,COMPLETED
TXN-INV6578,INV6578,2025-04-03,UPI Business,75857.48,COMPLETED
TXN-INV6579,INV6579,2025-04-04,Corporate Card,82461.44,COMPLETED
TXN-INV6580,INV6580,2025-04-05,NEFT/RTGS,67788,COMPLETED
TXN-INV6581,INV6581,2025-04-06,Bank Transfer,72460.64,COMPLETED
TXN-INV6582,INV6582,2025-04-07,UPI Business,76504.12,COMPLETED
TXN-INV6583,INV6583,2025-04-08,Corporate Card,83162.88,COMPLETED
TXN-INV6584,INV6584,2025-04-09,NEFT/RTGS,68363.4,COMPLETED
TXN-INV6585,INV6585,2025-04-10,Bank Transfer,73074.4,COMPLETED
TXN-INV6586,INV6586,2025-04-11,UPI Business,77150.76,COMPLETED
TXN-INV6587,INV6587,2025-04-12,Corporate Card,83864.32,COMPLETED
TXN-INV6588,INV6588,2025-04-13,NEFT/RTGS,68938.8,COMPLETED
TXN-INV6589,INV6589,2025-04-14,Bank Transfer,73688.16,COMPLETED
TXN-INV6590,INV6590,2025-04-15,UPI Business,77797.4,COMPLETED
TXN-INV6591,INV6591,2025-04-16,Corporate Card,84565.76,COMPLETED
TXN-INV6592,INV6592,2025-04-17,NEFT/RTGS,69514.2,COMPLETED
TXN-INV6593,INV6593,2025-04-18,Bank Transfer,74301.92,COMPLETED
TXN-INV6594,INV6594,2025-04-19,UPI Business,78444.04,COMPLETED
TXN-INV6595,INV6595,2025-04-20,Corporate Card,85267.2,COMPLETED
TXN-INV6596,INV6596,2025-04-21,NEFT/RTGS,70089.6,COMPLETED
TXN-INV6597,INV6597,2025-04-22,Bank Transfer,74915.68,COMPLETED
TXN-INV6598,INV6598,2025-04-23,UPI Business,79090.68,COMPLETED
TXN-INV6599,INV6599,2025-04-24,Corporate Card,85968.64,COMPLETED
TXN-INV6600,INV6600,2025-04-25,NEFT/RTGS,70665,COMPLETED
TXN-INV6601,INV6601,2025-04-26,Bank Transfer,75529.44,COMPLETED
TXN-INV6602,INV6602,2025-04-27,UPI Business,79737.32,COMPLETED
TXN-INV6603,INV6603,2025-04-28,Corporate Card,86670.08,COMPLETED
TXN-INV6604,INV6604,2025-04-01,NEFT/RTGS,71240.4,COMPLETED
TXN-INV6605,INV6605,2025-04-02,Bank Transfer,76143.2,COMPLETED
TXN-INV6606,INV6606,2025-04-03,UPI Business,80383.96,COMPLETED
TXN-INV6607,INV6607,2025-04-04,Corporate Card,87371.52,COMPLETED
TXN-INV6608,INV6608,2025-04-05,NEFT/RTGS,71815.8,COMPLETED
TXN-INV6609,INV6609,2025-04-06,Bank Transfer,76756.96,COMPLETED
TXN-INV6610,INV6610,2025-04-07,UPI Business,81030.6,COMPLETED
TXN-INV6611,INV6611,2025-04-08,Corporate Card,88072.96,COMPLETED
TXN-INV6612,INV6612,2025-04-09,NEFT/RTGS,72391.2,COMPLETED
TXN-INV6613,INV6613,2025-04-10,Bank Transfer,77370.72,COMPLETED
TXN-INV6614,INV6614,2025-04-11,UPI Business,81677.24,COMPLETED
TXN-INV6615,INV6615,2025-04-12,Corporate Card,88774.4,COMPLETED
TXN-INV6616,INV6616,2025-04-13,NEFT/RTGS,72966.6,COMPLETED
TXN-INV6617,INV6617,2025-04-14,Bank Transfer,77984.48,COMPLETED
TXN-INV6618,INV6618,2025-04-15,UPI Business,82323.88,COMPLETED
TXN-INV6619,INV6619,2025-04-16,Corporate Card,89475.84,COMPLETED
TXN-INV6620,INV6620,2025-04-17,NEFT/RTGS,73542,COMPLETED
TXN-INV6621,INV6621,2025-04-18,Bank Transfer,78598.24,COMPLETED
TXN-INV6622,INV6622,2025-04-19,UPI Business,82970.52,COMPLETED
TXN-INV6623,INV6623,2025-04-20,Corporate Card,90177.28,COMPLETED
TXN-INV6624,INV6624,2025-04-21,NEFT/RTGS,74117.4,COMPLETED
TXN-INV6625,INV6625,2025-04-22,Bank Transfer,79212,COMPLETED
TXN-INV6626,INV6626,2025-04-23,UPI Business,83617.16,COMPLETED
TXN-INV6627,INV6627,2025-04-24,Corporate Card,90878.72,COMPLETED
TXN-INV6628,INV6628,2025-04-25,NEFT/RTGS,74692.8,COMPLETED
TXN-INV6629,INV6629,2025-04-26,Bank Transfer,79825.76,COMPLETED
TXN-INV6630,INV6630,2025-04-27,UPI Business,84263.8,COMPLETED
TXN-INV6631,INV6631,2025-04-28,Corporate Card,91580.16,COMPLETED
TXN-INV6632,INV6632,2025-04-01,NEFT/RTGS,75268.2,COMPLETED
TXN-INV6633,INV6633,2025-04-02,Bank Transfer,80439.52,COMPLETED
TXN-INV6634,INV6634,2025-04-03,UPI Business,84910.44,COMPLETED
TXN-INV6635,INV6635,2025-04-04,Corporate Card,92281.6,COMPLETED
TXN-INV6636,INV6636,2025-04-05,NEFT/RTGS,75843.6,COMPLETED
TXN-INV6637,INV6637,2025-04-06,Bank Transfer,81053.28,COMPLETED
TXN-INV6638,INV6638,2025-04-07,UPI Business,85557.08,COMPLETED
TXN-INV6639,INV6639,2025-04-08,Corporate Card,92983.04,COMPLETED
TXN-INV6640,INV6640,2025-04-09,NEFT/RTGS,76419,COMPLETED
TXN-INV6641,INV6641,2025-04-10,Bank Transfer,81667.04,COMPLETED
TXN-INV6642,INV6642,2025-04-11,UPI Business,86203.72,COMPLETED
TXN-INV6643,INV6643,2025-04-12,Corporate Card,93684.48,COMPLETED
TXN-INV6644,INV6644,2025-04-13,NEFT/RTGS,76994.4,COMPLETED
TXN-INV6645,INV6645,2025-04-14,Bank Transfer,82280.8,COMPLETED
TXN-INV6646,INV6646,2025-04-15,UPI Business,86850.36,COMPLETED
TXN-INV6647,INV6647,2025-04-16,Corporate Card,94385.92,COMPLETED
TXN-INV6648,INV6648,2025-04-17,NEFT/RTGS,77569.8,COMPLETED
TXN-INV6649,INV6649,2025-04-18,Bank Transfer,82894.56,COMPLETED
TXN-INV6650,INV6650,2025-04-19,UPI Business,87497,COMPLETED
TXN-INV6651,INV6651,2025-04-20,Corporate Card,95087.36,COMPLETED
TXN-INV6652,INV6652,2025-04-21,NEFT/RTGS,78145.2,COMPLETED
TXN-INV6653,INV6653,2025-04-22,Bank Transfer,83508.32,COMPLETED
TXN-INV6654,INV6654,2025-04-23,UPI Business,88143.64,COMPLETED
TXN-INV6655,INV6655,2025-04-24,Corporate Card,95788.8,COMPLETED
TXN-INV6656,INV6656,2025-04-25,NEFT/RTGS,78720.6,COMPLETED
TXN-INV6657,INV6657,2025-04-26,Bank Transfer,84122.08,COMPLETED
TXN-INV6658,INV6658,2025-04-27,UPI Business,88790.28,COMPLETED
TXN-INV6659,INV6659,2025-04-28,Corporate Card,96490.24,COMPLETED
TXN-INV6660,INV6660,2025-04-01,NEFT/RTGS,79296,COMPLETED
TXN-INV6661,INV6661,2025-04-02,Bank Transfer,84735.84,COMPLETED
TXN-INV6662,INV6662,2025-04-03,UPI Business,89436.92,COMPLETED
TXN-INV6663,INV6663,2025-04-04,Corporate Card,97191.68,COMPLETED
TXN-INV6664,INV6664,2025-04-05,NEFT/RTGS,79871.4,COMPLETED
TXN-INV6665,INV6665,2025-04-06,Bank Transfer,85349.6,COMPLETED
TXN-INV6666,INV6666,2025-04-07,UPI Business,90083.56,COMPLETED
TXN-INV6667,INV6667,2025-04-08,Corporate Card,97893.12,COMPLETED
TXN-INV6668,INV6668,2025-04-09,NEFT/RTGS,80446.8,COMPLETED
TXN-INV6669,INV6669,2025-04-10,Bank Transfer,85963.36,COMPLETED
TXN-INV6670,INV6670,2025-04-11,UPI Business,90730.2,COMPLETED
TXN-INV6671,INV6671,2025-04-12,Corporate Card,98594.56,COMPLETED
TXN-INV6672,INV6672,2025-04-13,NEFT/RTGS,81022.2,COMPLETED
TXN-INV6673,INV6673,2025-04-14,Bank Transfer,86577.12,COMPLETED
TXN-INV6674,INV6674,2025-04-15,UPI Business,91376.84,COMPLETED
TXN-INV6675,INV6675,2025-04-16,Corporate Card,3296,COMPLETED
TXN-INV6676,INV6676,2025-04-17,NEFT/RTGS,2847.6,COMPLETED
TXN-INV6677,INV6677,2025-04-18,Bank Transfer,3190.88,COMPLETED
TXN-INV6678,INV6678,2025-04-19,UPI Business,3523.48,COMPLETED
TXN-INV6679,INV6679,2025-04-20,Corporate Card,3997.44,COMPLETED
TXN-INV6680,INV6680,2025-04-21,NEFT/RTGS,3423,COMPLETED
TXN-INV6681,INV6681,2025-04-22,Bank Transfer,3804.64,COMPLETED
TXN-INV6682,INV6682,2025-04-23,UPI Business,4170.12,COMPLETED
TXN-INV6683,INV6683,2025-04-24,Corporate Card,4698.88,COMPLETED
TXN-INV6684,INV6684,2025-04-25,NEFT/RTGS,3998.4,COMPLETED
TXN-INV6685,INV6685,2025-04-26,Bank Transfer,4418.4,COMPLETED
TXN-INV6686,INV6686,2025-04-27,UPI Business,4816.76,COMPLETED
TXN-INV6687,INV6687,2025-04-28,Corporate Card,5400.32,COMPLETED
TXN-INV6688,INV6688,2025-04-01,NEFT/RTGS,4573.8,COMPLETED
TXN-INV6689,INV6689,2025-04-02,Bank Transfer,5032.16,COMPLETED
TXN-INV6690,INV6690,2025-04-03,UPI Business,5463.4,COMPLETED
TXN-INV6691,INV6691,2025-04-04,Corporate Card,6101.76,COMPLETED
TXN-INV6692,INV6692,2025-04-05,NEFT/RTGS,5149.2,COMPLETED
TXN-INV6693,INV6693,2025-04-06,Bank Transfer,5645.92,COMPLETED
TXN-INV6694,INV6694,2025-04-07,UPI Business,6110.04,COMPLETED
TXN-INV6695,INV6695,2025-04-08,Corporate Card,6803.2,COMPLETED
TXN-INV6696,INV6696,2025-04-09,NEFT/RTGS,5724.6,COMPLETED
TXN-INV6697,INV6697,2025-04-10,Bank Transfer,6259.68,COMPLETED
TXN-INV6698,INV6698,2025-04-11,UPI Business,6756.68,COMPLETED
TXN-INV6699,INV6699,2025-04-12,Corporate Card,7504.64,COMPLETED
TXN-INV6700,INV6700,2025-04-13,NEFT/RTGS,1102500,COMPLETED
TXN-INV6701,INV6701,2025-04-14,Bank Transfer,6873.44,COMPLETED
TXN-INV6702,INV6702,2025-04-15,UPI Business,7403.32,COMPLETED
TXN-INV6703,INV6703,2025-04-16,Corporate Card,8206.08,COMPLETED
TXN-INV6704,INV6704,2025-04-17,NEFT/RTGS,6875.4,COMPLETED
TXN-INV6705,INV6705,2025-04-18,Bank Transfer,7487.2,COMPLETED
TXN-INV6706,INV6706,2025-04-19,UPI Business,8049.96,COMPLETED
TXN-INV6707,INV6707,2025-04-20,Corporate Card,8907.52,COMPLETED
TXN-INV6708,INV6708,2025-04-21,NEFT/RTGS,7450.8,COMPLETED
TXN-INV6709,INV6709,2025-04-22,Bank Transfer,8100.96,COMPLETED
TXN-INV6710,INV6710,2025-04-23,UPI Business,8696.6,COMPLETED
TXN-INV6711,INV6711,2025-04-24,Corporate Card,9608.96,COMPLETED
TXN-INV6712,INV6712,2025-04-25,NEFT/RTGS,8026.2,COMPLETED
TXN-INV6713,INV6713,2025-04-26,Bank Transfer,8714.72,COMPLETED
TXN-INV6714,INV6714,2025-04-27,UPI Business,9343.24,COMPLETED
TXN-INV6715,INV6715,2025-04-28,Corporate Card,10310.4,COMPLETED
TXN-INV6716,INV6716,2025-04-01,NEFT/RTGS,8601.6,COMPLETED
TXN-INV6717,INV6717,2025-04-02,Bank Transfer,9328.48,COMPLETED
TXN-INV6718,INV6718,2025-04-03,UPI Business,9989.88,COMPLETED
TXN-INV6719,INV6719,2025-04-04,Corporate Card,11011.84,COMPLETED
TXN-INV6720,INV6720,2025-04-05,NEFT/RTGS,9177,COMPLETED
TXN-INV6721,INV6721,2025-04-06,Bank Transfer,9942.24,COMPLETED
TXN-INV6722,INV6722,2025-04-07,UPI Business,10636.52,COMPLETED
TXN-INV6723,INV6723,2025-04-08,Corporate Card,11713.28,COMPLETED
TXN-INV6724,INV6724,2025-04-09,NEFT/RTGS,9752.4,COMPLETED
TXN-INV6725,INV6725,2025-04-10,Bank Transfer,10556,COMPLETED
TXN-INV6726,INV6726,2025-04-11,UPI Business,11283.16,COMPLETED
TXN-INV6727,INV6727,2025-04-12,Corporate Card,12414.72,COMPLETED
TXN-INV6728,INV6728,2025-04-13,NEFT/RTGS,10327.8,COMPLETED
TXN-INV6729,INV6729,2025-04-14,Bank Transfer,11169.76,COMPLETED
TXN-INV6730,INV6730,2025-04-15,UPI Business,11929.8,COMPLETED
TXN-INV6731,INV6731,2025-04-16,Corporate Card,13116.16,COMPLETED
TXN-INV6732,INV6732,2025-04-17,NEFT/RTGS,10903.2,COMPLETED
TXN-INV6733,INV6733,2025-04-18,Bank Transfer,11783.52,COMPLETED
TXN-INV6734,INV6734,2025-04-19,UPI Business,12576.44,COMPLETED
TXN-INV6735,INV6735,2025-04-20,Corporate Card,13817.6,COMPLETED
TXN-INV6736,INV6736,2025-04-21,NEFT/RTGS,11478.6,COMPLETED
TXN-INV6737,INV6737,2025-04-22,Bank Transfer,12397.28,COMPLETED
TXN-INV6738,INV6738,2025-04-23,UPI Business,13223.08,COMPLETED
TXN-INV6739,INV6739,2025-04-24,Corporate Card,14519.04,COMPLETED
TXN-INV6740,INV6740,2025-04-25,NEFT/RTGS,12054,COMPLETED
TXN-INV6741,INV6741,2025-04-26,Bank Transfer,13011.04,COMPLETED
TXN-INV6742,INV6742,2025-04-27,UPI Business,13869.72,COMPLETED
TXN-INV6743,INV6743,2025-04-28,Corporate Card,15220.48,COMPLETED
TXN-INV6744,INV6744,2025-04-01,NEFT/RTGS,12629.4,COMPLETED
TXN-INV6745,INV6745,2025-04-02,Bank Transfer,13624.8,COMPLETED
TXN-INV6746,INV6746,2025-04-03,UPI Business,14516.36,COMPLETED
TXN-INV6747,INV6747,2025-04-04,Corporate Card,15921.92,COMPLETED
TXN-INV6748,INV6748,2025-04-05,NEFT/RTGS,13204.8,COMPLETED
TXN-INV6749,INV6749,2025-04-06,Bank Transfer,14238.56,COMPLETED
TXN-INV6750,INV6750,2025-04-07,UPI Business,15163,COMPLETED
TXN-INV6751,INV6751,2025-04-08,Corporate Card,16623.36,COMPLETED
TXN-INV6752,INV6752,2025-04-09,NEFT/RTGS,13780.2,COMPLETED
TXN-INV6753,INV6753,2025-04-10,Bank Transfer,14852.32,COMPLETED
TXN-INV6754,INV6754,2025-04-11,UPI Business,15809.64,COMPLETED
TXN-INV6755,INV6755,2025-04-12,Corporate Card,17324.8,COMPLETED
TXN-INV6756,INV6756,2025-04-13,NEFT/RTGS,14355.6,COMPLETED
TXN-INV6757,INV6757,2025-04-14,Bank Transfer,15466.08,COMPLETED
TXN-INV6758,INV6758,2025-04-15,UPI Business,16456.28,COMPLETED
TXN-INV6759,INV6759,2025-04-16,Corporate Card,18026.24,COMPLETED
TXN-INV6760,INV6760,2025-04-17,NEFT/RTGS,14931,COMPLETED
TXN-INV6761,INV6761,2025-04-18,Bank Transfer,16079.84,COMPLETED
TXN-INV6762,INV6762,2025-04-19,UPI Business,17102.92,COMPLETED
TXN-INV6763,INV6763,2025-04-20,Corporate Card,18727.68,COMPLETED
TXN-INV6764,INV6764,2025-04-21,NEFT/RTGS,15506.4,COMPLETED
TXN-INV6765,INV6765,2025-04-22,Bank Transfer,16693.6,COMPLETED
TXN-INV6766,INV6766,2025-04-23,UPI Business,17749.56,COMPLETED
TXN-INV6767,INV6767,2025-04-24,Corporate Card,19429.12,COMPLETED
TXN-INV6768,INV6768,2025-04-25,NEFT/RTGS,16081.8,COMPLETED
TXN-INV6769,INV6769,2025-04-26,Bank Transfer,17307.36,COMPLETED
TXN-INV6770,INV6770,2025-04-27,UPI Business,18396.2,COMPLETED
TXN-INV6771,INV6771,2025-04-28,Corporate Card,20130.56,COMPLETED
TXN-INV6772,INV6772,2025-04-01,NEFT/RTGS,16657.2,COMPLETED
TXN-INV6773,INV6773,2025-04-02,Bank Transfer,17921.12,COMPLETED
TXN-INV6774,INV6774,2025-04-03,UPI Business,19042.84,COMPLETED
TXN-INV6775,INV6775,2025-04-04,Corporate Card,20832,COMPLETED
TXN-INV6776,INV6776,2025-04-05,NEFT/RTGS,17232.6,COMPLETED
TXN-INV6777,INV6777,2025-04-06,Bank Transfer,18534.88,COMPLETED
TXN-INV6778,INV6778,2025-04-07,UPI Business,19689.48,COMPLETED
TXN-INV6779,INV6779,2025-04-08,Corporate Card,21533.44,COMPLETED
TXN-INV6780,INV6780,2025-04-09,NEFT/RTGS,17808,COMPLETED
TXN-INV6781,INV6781,2025-04-10,Bank Transfer,19148.64,COMPLETED
TXN-INV6782,INV6782,2025-04-11,UPI Business,20336.12,COMPLETED
TXN-INV6783,INV6783,2025-04-12,Corporate Card,22234.88,COMPLETED
TXN-INV6784,INV6784,2025-04-13,NEFT/RTGS,18383.4,COMPLETED
TXN-INV6785,INV6785,2025-04-14,Bank Transfer,19762.4,COMPLETED
TXN-INV6786,INV6786,2025-04-15,UPI Business,20982.76,COMPLETED
TXN-INV6787,INV6787,2025-04-16,Corporate Card,22936.32,COMPLETED
TXN-INV6788,INV6788,2025-04-17,NEFT/RTGS,18958.8,COMPLETED
TXN-INV6789,INV6789,2025-04-18,Bank Transfer,20376.16,COMPLETED
TXN-INV6790,INV6790,2025-04-19,UPI Business,21629.4,COMPLETED
TXN-INV6791,INV6791,2025-04-20,Corporate Card,23637.76,COMPLETED
TXN-INV6792,INV6792,2025-04-21,NEFT/RTGS,19534.2,COMPLETED
TXN-INV6793,INV6793,2025-04-22,Bank Transfer,20989.92,COMPLETED
TXN-INV6794,INV6794,2025-04-23,UPI Business,22276.04,COMPLETED
TXN-INV6795,INV6795,2025-04-24,Corporate Card,24339.2,COMPLETED
TXN-INV6796,INV6796,2025-04-25,NEFT/RTGS,20109.6,COMPLETED
TXN-INV6797,INV6797,2025-04-26,Bank Transfer,21603.68,COMPLETED
TXN-INV6798,INV6798,2025-04-27,UPI Business,22922.68,COMPLETED
TXN-INV6799,INV6799,2025-04-28,Corporate Card,25040.64,COMPLETED
TXN-INV6800,INV6800,2025-04-01,NEFT/RTGS,20685,COMPLETED
TXN-INV6801,INV6801,2025-04-02,Bank Transfer,22217.44,COMPLETED
TXN-INV6802,INV6802,2025-04-03,UPI Business,23569.32,COMPLETED
TXN-INV6803,INV6803,2025-04-04,Corporate Card,25742.08,COMPLETED
TXN-INV6804,INV6804,2025-04-05,NEFT/RTGS,21260.4,COMPLETED
TXN-INV6805,INV6805,2025-04-06,Bank Transfer,22831.2,COMPLETED
TXN-INV6806,INV6806,2025-04-07,UPI Business,24215.96,COMPLETED
TXN-INV6807,INV6807,2025-04-08,Corporate Card,26443.52,COMPLETED
TXN-INV6808,INV6808,2025-04-09,NEFT/RTGS,21835.8,COMPLETED
TXN-INV6809,INV6809,2025-04-10,Bank Transfer,23444.96,COMPLETED
TXN-INV6810,INV6810,2025-04-11,UPI Business,24862.6,COMPLETED
TXN-INV6811,INV6811,2025-04-12,Corporate Card,27144.96,COMPLETED
TXN-INV6812,INV6812,2025-04-13,NEFT/RTGS,22411.2,COMPLETED
TXN-INV6813,INV6813,2025-04-14,Bank Transfer,24058.72,COMPLETED
TXN-INV6814,INV6814,2025-04-15,UPI Business,25509.24,COMPLETED
TXN-INV6815,INV6815,2025-04-16,Corporate Card,27846.4,COMPLETED
TXN-INV6816,INV6816,2025-04-17,NEFT/RTGS,22986.6,COMPLETED
TXN-INV6817,INV6817,2025-04-18,Bank Transfer,24672.48,COMPLETED
TXN-INV6818,INV6818,2025-04-19,UPI Business,26155.88,COMPLETED
TXN-INV6819,INV6819,2025-04-20,Corporate Card,28547.84,COMPLETED
TXN-INV6820,INV6820,2025-04-21,NEFT/RTGS,23562,COMPLETED
TXN-INV6821,INV6821,2025-04-22,Bank Transfer,25286.24,COMPLETED
TXN-INV6822,INV6822,2025-04-23,UPI Business,26802.52,COMPLETED
TXN-INV6823,INV6823,2025-04-24,Corporate Card,29249.28,COMPLETED
TXN-INV6824,INV6824,2025-04-25,NEFT/RTGS,24137.4,COMPLETED
TXN-INV6825,INV6825,2025-04-26,Bank Transfer,25900,COMPLETED
TXN-INV6826,INV6826,2025-04-27,UPI Business,27449.16,COMPLETED
TXN-INV6827,INV6827,2025-04-28,Corporate Card,29950.72,COMPLETED
TXN-INV6828,INV6828,2025-04-01,NEFT/RTGS,24712.8,COMPLETED
TXN-INV6829,INV6829,2025-04-02,Bank Transfer,26513.76,COMPLETED
TXN-INV6830,INV6830,2025-04-03,UPI Business,28095.8,COMPLETED
TXN-INV6831,INV6831,2025-04-04,Corporate Card,30652.16,COMPLETED
TXN-INV6832,INV6832,2025-04-05,NEFT/RTGS,25288.2,COMPLETED
TXN-INV6833,INV6833,2025-04-06,Bank Transfer,27127.52,COMPLETED
TXN-INV6834,INV6834,2025-04-07,UPI Business,28742.44,COMPLETED
TXN-INV6835,INV6835,2025-04-08,Corporate Card,31353.6,COMPLETED
TXN-INV6836,INV6836,2025-04-09,NEFT/RTGS,25863.6,COMPLETED
TXN-INV6837,INV6837,2025-04-10,Bank Transfer,27741.28,COMPLETED
TXN-INV6838,INV6838,2025-04-11,UPI Business,29389.08,COMPLETED
TXN-INV6839,INV6839,2025-04-12,Corporate Card,32055.04,COMPLETED
TXN-INV6840,INV6840,2025-04-13,NEFT/RTGS,26439,COMPLETED
TXN-INV6841,INV6841,2025-04-14,Bank Transfer,28355.04,COMPLETED
TXN-INV6842,INV6842,2025-04-15,UPI Business,30035.72,COMPLETED
TXN-INV6843,INV6843,2025-04-16,Corporate Card,32756.48,COMPLETED
TXN-INV6844,INV6844,2025-04-17,NEFT/RTGS,27014.4,COMPLETED
TXN-INV6845,INV6845,2025-04-18,Bank Transfer,28968.8,COMPLETED
TXN-INV6846,INV6846,2025-04-19,UPI Business,30682.36,COMPLETED
TXN-INV6847,INV6847,2025-04-20,Corporate Card,33457.92,COMPLETED
TXN-INV6848,INV6848,2025-04-21,NEFT/RTGS,27589.8,COMPLETED
TXN-INV6849,INV6849,2025-04-22,Bank Transfer,29582.56,COMPLETED
TXN-INV6850,INV6850,2025-04-23,UPI Business,31329,COMPLETED
TXN-INV6851,INV6851,2025-04-24,Corporate Card,34159.36,COMPLETED
TXN-INV6852,INV6852,2025-04-25,NEFT/RTGS,28165.2,COMPLETED
TXN-INV6853,INV6853,2025-04-26,Bank Transfer,30196.32,COMPLETED
TXN-INV6854,INV6854,2025-04-27,UPI Business,31975.64,COMPLETED
TXN-INV6855,INV6855,2025-04-28,Corporate Card,34860.8,COMPLETED
TXN-INV6856,INV6856,2025-04-01,NEFT/RTGS,28740.6,COMPLETED
TXN-INV6857,INV6857,2025-04-02,Bank Transfer,30810.08,COMPLETED
TXN-INV6858,INV6858,2025-04-03,UPI Business,32622.28,COMPLETED
TXN-INV6859,INV6859,2025-04-04,Corporate Card,35562.24,COMPLETED
TXN-INV6860,INV6860,2025-04-05,NEFT/RTGS,29316,COMPLETED
TXN-INV6861,INV6861,2025-04-06,Bank Transfer,31423.84,COMPLETED
TXN-INV6862,INV6862,2025-04-07,UPI Business,33268.92,COMPLETED
TXN-INV6863,INV6863,2025-04-08,Corporate Card,36263.68,COMPLETED
TXN-INV6864,INV6864,2025-04-09,NEFT/RTGS,29891.4,COMPLETED
TXN-INV6865,INV6865,2025-04-10,Bank Transfer,32037.6,COMPLETED
TXN-INV6866,INV6866,2025-04-11,UPI Business,33915.56,COMPLETED
TXN-INV6867,INV6867,2025-04-12,Corporate Card,36965.12,COMPLETED
TXN-INV6868,INV6868,2025-04-13,NEFT/RTGS,30466.8,COMPLETED
TXN-INV6869,INV6869,2025-04-14,Bank Transfer,32651.36,COMPLETED
TXN-INV6870,INV6870,2025-04-15,UPI Business,34562.2,COMPLETED
TXN-INV6871,INV6871,2025-04-16,Corporate Card,37666.56,COMPLETED
TXN-INV6872,INV6872,2025-04-17,NEFT/RTGS,31042.2,COMPLETED
TXN-INV6873,INV6873,2025-04-18,Bank Transfer,33265.12,COMPLETED
TXN-INV6874,INV6874,2025-04-19,UPI Business,35208.84,COMPLETED
TXN-INV6875,INV6875,2025-04-20,Corporate Card,38368,COMPLETED
TXN-INV6876,INV6876,2025-04-21,NEFT/RTGS,31617.6,COMPLETED
TXN-INV6877,INV6877,2025-04-22,Bank Transfer,33878.88,COMPLETED
TXN-INV6878,INV6878,2025-04-23,UPI Business,35855.48,COMPLETED
TXN-INV6879,INV6879,2025-04-24,Corporate Card,39069.44,COMPLETED
TXN-INV6880,INV6880,2025-04-25,NEFT/RTGS,32193,COMPLETED
TXN-INV6881,INV6881,2025-04-26,Bank Transfer,34492.64,COMPLETED
TXN-INV6882,INV6882,2025-04-27,UPI Business,36502.12,COMPLETED
TXN-INV6883,INV6883,2025-04-28,Corporate Card,39770.88,COMPLETED
TXN-INV6884,INV6884,2025-04-01,NEFT/RTGS,32768.4,COMPLETED
TXN-INV6885,INV6885,2025-04-02,Bank Transfer,35106.4,COMPLETED
TXN-INV6886,INV6886,2025-04-03,UPI Business,37148.76,COMPLETED
TXN-INV6887,INV6887,2025-04-04,Corporate Card,40472.32,COMPLETED
TXN-INV6888,INV6888,2025-04-05,NEFT/RTGS,33343.8,COMPLETED
TXN-INV6889,INV6889,2025-04-06,Bank Transfer,35720.16,COMPLETED
TXN-INV6890,INV6890,2025-04-07,UPI Business,37795.4,COMPLETED
TXN-INV6891,INV6891,2025-04-08,Corporate Card,41173.76,COMPLETED
TXN-INV6892,INV6892,2025-04-09,NEFT/RTGS,33919.2,COMPLETED
TXN-INV6893,INV6893,2025-04-10,Bank Transfer,36333.92,COMPLETED
TXN-INV6894,INV6894,2025-04-11,UPI Business,38442.04,COMPLETED
TXN-INV6895,INV6895,2025-04-12,Corporate Card,41875.2,COMPLETED
TXN-INV6896,INV6896,2025-04-13,NEFT/RTGS,34494.6,COMPLETED
TXN-INV6897,INV6897,2025-04-14,Bank Transfer,36947.68,COMPLETED
TXN-INV6898,INV6898,2025-04-15,UPI Business,39088.68,COMPLETED
TXN-INV6899,INV6899,2025-04-16,Corporate Card,42576.64,COMPLETED
TXN-INV6900,INV6900,2025-04-17,NEFT/RTGS,35070,COMPLETED
TXN-INV6901,INV6901,2025-04-18,Bank Transfer,37561.44,COMPLETED
TXN-INV6902,INV6902,2025-04-19,UPI Business,39735.32,COMPLETED
TXN-INV6903,INV6903,2025-04-20,Corporate Card,43278.08,COMPLETED
TXN-INV6904,INV6904,2025-04-21,NEFT/RTGS,35645.4,COMPLETED
TXN-INV6905,INV6905,2025-04-22,Bank Transfer,38175.2,COMPLETED
TXN-INV6906,INV6906,2025-04-23,UPI Business,40381.96,COMPLETED
TXN-INV6907,INV6907,2025-04-24,Corporate Card,43979.52,COMPLETED
TXN-INV6908,INV6908,2025-04-25,NEFT/RTGS,36220.8,COMPLETED
TXN-INV6909,INV6909,2025-04-26,Bank Transfer,38788.96,COMPLETED
TXN-INV6910,INV6910,2025-04-27,UPI Business,41028.6,COMPLETED
TXN-INV6911,INV6911,2025-04-28,Corporate Card,44680.96,COMPLETED
TXN-INV6912,INV6912,2025-04-01,NEFT/RTGS,36796.2,COMPLETED
TXN-INV6913,INV6913,2025-04-02,Bank Transfer,39402.72,COMPLETED
TXN-INV6914,INV6914,2025-04-03,UPI Business,41675.24,COMPLETED
TXN-INV6915,INV6915,2025-04-04,Corporate Card,45382.4,COMPLETED
TXN-INV6916,INV6916,2025-04-05,NEFT/RTGS,37371.6,COMPLETED
TXN-INV6917,INV6917,2025-04-06,Bank Transfer,40016.48,COMPLETED
TXN-INV6918,INV6918,2025-04-07,UPI Business,42321.88,COMPLETED
TXN-INV6919,INV6919,2025-04-08,Corporate Card,46083.84,COMPLETED
TXN-INV6920,INV6920,2025-04-09,NEFT/RTGS,37947,COMPLETED
TXN-INV6921,INV6921,2025-04-10,Bank Transfer,40630.24,COMPLETED
TXN-INV6922,INV6922,2025-04-11,UPI Business,42968.52,COMPLETED
TXN-INV6923,INV6923,2025-04-12,Corporate Card,46785.28,COMPLETED
TXN-INV6924,INV6924,2025-04-13,NEFT/RTGS,38522.4,COMPLETED
TXN-INV6925,INV6925,2025-04-14,Bank Transfer,41244,COMPLETED
TXN-INV6926,INV6926,2025-04-15,UPI Business,43615.16,COMPLETED
TXN-INV6927,INV6927,2025-04-16,Corporate Card,47486.72,COMPLETED
TXN-INV6928,INV6928,2025-04-17,NEFT/RTGS,39097.8,COMPLETED
TXN-INV6929,INV6929,2025-04-18,Bank Transfer,41857.76,COMPLETED
TXN-INV6930,INV6930,2025-04-19,UPI Business,44261.8,COMPLETED
TXN-INV6931,INV6931,2025-04-20,Corporate Card,48188.16,COMPLETED
TXN-INV6932,INV6932,2025-04-21,NEFT/RTGS,39673.2,COMPLETED
TXN-INV6933,INV6933,2025-04-22,Bank Transfer,42471.52,COMPLETED
TXN-INV6934,INV6934,2025-04-23,UPI Business,44908.44,COMPLETED
TXN-INV6935,INV6935,2025-04-24,Corporate Card,48889.6,COMPLETED
TXN-INV6936,INV6936,2025-04-25,NEFT/RTGS,40248.6,COMPLETED
TXN-INV6937,INV6937,2025-04-26,Bank Transfer,43085.28,COMPLETED
TXN-INV6938,INV6938,2025-04-27,UPI Business,45555.08,COMPLETED
TXN-INV6939,INV6939,2025-04-28,Corporate Card,49591.04,COMPLETED
TXN-INV6940,INV6940,2025-04-01,NEFT/RTGS,40824,COMPLETED
TXN-INV6941,INV6941,2025-04-02,Bank Transfer,43699.04,COMPLETED
TXN-INV6942,INV6942,2025-04-03,UPI Business,46201.72,COMPLETED
TXN-INV6943,INV6943,2025-04-04,Corporate Card,50292.48,COMPLETED
TXN-INV6944,INV6944,2025-04-05,NEFT/RTGS,41399.4,COMPLETED
TXN-INV6945,INV6945,2025-04-06,Bank Transfer,44312.8,COMPLETED
TXN-INV6946,INV6946,2025-04-07,UPI Business,46848.36,COMPLETED
TXN-INV6947,INV6947,2025-04-08,Corporate Card,50993.92,COMPLETED
TXN-INV6948,INV6948,2025-04-09,NEFT/RTGS,41974.8,COMPLETED
TXN-INV6949,INV6949,2025-04-10,Bank Transfer,44926.56,COMPLETED
TXN-INV6950,INV6950,2025-04-11,UPI Business,1121000,COMPLETED
TXN-INV6951,INV6951,2025-04-12,Corporate Card,51695.36,COMPLETED
TXN-INV6952,INV6952,2025-04-13,NEFT/RTGS,42550.2,COMPLETED
TXN-INV6953,INV6953,2025-04-14,Bank Transfer,45540.32,COMPLETED
TXN-INV6954,INV6954,2025-04-15,UPI Business,48141.64,COMPLETED
TXN-INV6955,INV6955,2025-04-16,Corporate Card,52396.8,COMPLETED
TXN-INV6956,INV6956,2025-04-17,NEFT/RTGS,43125.6,COMPLETED
TXN-INV6957,INV6957,2025-04-18,Bank Transfer,46154.08,COMPLETED
TXN-INV6958,INV6958,2025-04-19,UPI Business,48788.28,COMPLETED
TXN-INV6959,INV6959,2025-04-20,Corporate Card,53098.24,COMPLETED
TXN-INV6960,INV6960,2025-04-21,NEFT/RTGS,43701,COMPLETED
TXN-INV6961,INV6961,2025-04-22,Bank Transfer,46767.84,COMPLETED
TXN-INV6962,INV6962,2025-04-23,UPI Business,49434.92,COMPLETED
TXN-INV6963,INV6963,2025-04-24,Corporate Card,53799.68,COMPLETED
TXN-INV6964,INV6964,2025-04-25,NEFT/RTGS,44276.4,COMPLETED
TXN-INV6965,INV6965,2025-04-26,Bank Transfer,47381.6,COMPLETED
TXN-INV6966,INV6966,2025-04-27,UPI Business,50081.56,COMPLETED
TXN-INV6967,INV6967,2025-04-28,Corporate Card,54501.12,COMPLETED
TXN-INV6968,INV6968,2025-04-01,NEFT/RTGS,44851.8,COMPLETED
TXN-INV6969,INV6969,2025-04-02,Bank Transfer,47995.36,COMPLETED
TXN-INV6970,INV6970,2025-04-03,UPI Business,50728.2,COMPLETED
TXN-INV6971,INV6971,2025-04-04,Corporate Card,55202.56,COMPLETED
TXN-INV6972,INV6972,2025-04-05,NEFT/RTGS,45427.2,COMPLETED
TXN-INV6973,INV6973,2025-04-06,Bank Transfer,48609.12,COMPLETED
TXN-INV6974,INV6974,2025-04-07,UPI Business,51374.84,COMPLETED
TXN-INV6975,INV6975,2025-04-08,Corporate Card,55904,COMPLETED
TXN-INV6976,INV6976,2025-04-09,NEFT/RTGS,46002.6,COMPLETED
TXN-INV6977,INV6977,2025-04-10,Bank Transfer,49222.88,COMPLETED
TXN-INV6978,INV6978,2025-04-11,UPI Business,52021.48,COMPLETED
TXN-INV6979,INV6979,2025-04-12,Corporate Card,56605.44,COMPLETED
TXN-INV6980,INV6980,2025-04-13,NEFT/RTGS,46578,COMPLETED
TXN-INV6981,INV6981,2025-04-14,Bank Transfer,49836.64,COMPLETED
TXN-INV6982,INV6982,2025-04-15,UPI Business,52668.12,COMPLETED
TXN-INV6983,INV6983,2025-04-16,Corporate Card,57306.88,COMPLETED
TXN-INV6984,INV6984,2025-04-17,NEFT/RTGS,47153.4,COMPLETED
TXN-INV6985,INV6985,2025-04-18,Bank Transfer,50450.4,COMPLETED
TXN-INV6986,INV6986,2025-04-19,UPI Business,53314.76,COMPLETED
TXN-INV6987,INV6987,2025-04-20,Corporate Card,58008.32,COMPLETED
TXN-INV6988,INV6988,2025-04-21,NEFT/RTGS,47728.8,COMPLETED
TXN-INV6989,INV6989,2025-04-22,Bank Transfer,51064.16,COMPLETED
TXN-INV6990,INV6990,2025-04-23,UPI Business,53961.4,COMPLETED
TXN-INV6991,INV6991,2025-04-24,Corporate Card,58709.76,COMPLETED
TXN-INV6992,INV6992,2025-04-25,NEFT/RTGS,48304.2,COMPLETED
TXN-INV6993,INV6993,2025-04-26,Bank Transfer,51677.92,COMPLETED
TXN-INV6994,INV6994,2025-04-27,UPI Business,54608.04,COMPLETED
TXN-INV6995,INV6995,2025-04-28,Corporate Card,59411.2,COMPLETED
TXN-INV6996,INV6996,2025-04-01,NEFT/RTGS,48879.6,COMPLETED
TXN-INV6997,INV6997,2025-04-02,Bank Transfer,52291.68,COMPLETED
TXN-INV6998,INV6998,2025-04-03,UPI Business,55254.68,COMPLETED
TXN-INV6999,INV6999,2025-04-04,Corporate Card,60112.64,COMPLETED
TXN-INV7000,INV7000,2025-04-05,NEFT/RTGS,49455,COMPLETED
TXN-INV7001,INV7001,2025-04-06,Bank Transfer,52905.44,COMPLETED
TXN-INV7002,INV7002,2025-04-07,UPI Business,55901.32,COMPLETED
TXN-INV7003,INV7003,2025-04-08,Corporate Card,60814.08,COMPLETED
TXN-INV7004,INV7004,2025-04-09,NEFT/RTGS,50030.4,COMPLETED
TXN-INV7005,INV7005,2025-04-10,Bank Transfer,53519.2,COMPLETED
TXN-INV7006,INV7006,2025-04-11,UPI Business,56547.96,COMPLETED
TXN-INV7007,INV7007,2025-04-12,Corporate Card,61515.52,COMPLETED
TXN-INV7008,INV7008,2025-04-13,NEFT/RTGS,50605.8,COMPLETED
TXN-INV7009,INV7009,2025-04-14,Bank Transfer,54132.96,COMPLETED
TXN-INV7010,INV7010,2025-04-15,UPI Business,57194.6,COMPLETED
TXN-INV7011,INV7011,2025-04-16,Corporate Card,62216.96,COMPLETED
TXN-INV7012,INV7012,2025-04-17,NEFT/RTGS,51181.2,COMPLETED
TXN-INV7013,INV7013,2025-04-18,Bank Transfer,54746.72,COMPLETED
TXN-INV7014,INV7014,2025-04-19,UPI Business,57841.24,COMPLETED
TXN-INV7015,INV7015,2025-04-20,Corporate Card,62918.4,COMPLETED
TXN-INV7016,INV7016,2025-04-21,NEFT/RTGS,51756.6,COMPLETED
TXN-INV7017,INV7017,2025-04-22,Bank Transfer,55360.48,COMPLETED
TXN-INV7018,INV7018,2025-04-23,UPI Business,58487.88,COMPLETED
TXN-INV7019,INV7019,2025-04-24,Corporate Card,63619.84,COMPLETED
TXN-INV7020,INV7020,2025-04-25,NEFT/RTGS,52332,COMPLETED
TXN-INV7021,INV7021,2025-04-26,Bank Transfer,55974.24,COMPLETED
TXN-INV7022,INV7022,2025-04-27,UPI Business,59134.52,COMPLETED
TXN-INV7023,INV7023,2025-04-28,Corporate Card,64321.28,COMPLETED
TXN-INV7024,INV7024,2025-04-01,NEFT/RTGS,52907.4,COMPLETED
TXN-INV7025,INV7025,2025-04-02,Bank Transfer,56588,COMPLETED
TXN-INV7026,INV7026,2025-04-03,UPI Business,59781.16,COMPLETED
TXN-INV7027,INV7027,2025-04-04,Corporate Card,65022.72,COMPLETED
TXN-INV7028,INV7028,2025-04-05,NEFT/RTGS,53482.8,COMPLETED
TXN-INV7029,INV7029,2025-04-06,Bank Transfer,57201.76,COMPLETED
TXN-INV7030,INV7030,2025-04-07,UPI Business,60427.8,COMPLETED
TXN-INV7031,INV7031,2025-04-08,Corporate Card,65724.16,COMPLETED
TXN-INV7032,INV7032,2025-04-09,NEFT/RTGS,54058.2,COMPLETED
TXN-INV7033,INV7033,2025-04-10,Bank Transfer,57815.52,COMPLETED
TXN-INV7034,INV7034,2025-04-11,UPI Business,61074.44,COMPLETED
TXN-INV7035,INV7035,2025-04-12,Corporate Card,66425.6,COMPLETED
TXN-INV7036,INV7036,2025-04-13,NEFT/RTGS,54633.6,COMPLETED
TXN-INV7037,INV7037,2025-04-14,Bank Transfer,58429.28,COMPLETED
TXN-INV7038,INV7038,2025-04-15,UPI Business,61721.08,COMPLETED
TXN-INV7039,INV7039,2025-04-16,Corporate Card,67127.04,COMPLETED
TXN-INV7040,INV7040,2025-04-17,NEFT/RTGS,55209,COMPLETED
TXN-INV7041,INV7041,2025-04-18,Bank Transfer,59043.04,COMPLETED
TXN-INV7042,INV7042,2025-04-19,UPI Business,62367.72,COMPLETED
TXN-INV7043,INV7043,2025-04-20,Corporate Card,67828.48,COMPLETED
TXN-INV7044,INV7044,2025-04-21,NEFT/RTGS,55784.4,COMPLETED
TXN-INV7045,INV7045,2025-04-22,Bank Transfer,59656.8,COMPLETED
TXN-INV7046,INV7046,2025-04-23,UPI Business,63014.36,COMPLETED
TXN-INV7047,INV7047,2025-04-24,Corporate Card,68529.92,COMPLETED
TXN-INV7048,INV7048,2025-04-25,NEFT/RTGS,56359.8,COMPLETED
TXN-INV7049,INV7049,2025-04-26,Bank Transfer,60270.56,COMPLETED
TXN-INV7050,INV7050,2025-04-27,UPI Business,63661,COMPLETED
TXN-INV7051,INV7051,2025-04-28,Corporate Card,69231.36,COMPLETED
TXN-INV7052,INV7052,2025-04-01,NEFT/RTGS,56935.2,COMPLETED
TXN-INV7053,INV7053,2025-04-02,Bank Transfer,60884.32,COMPLETED
TXN-INV7054,INV7054,2025-04-03,UPI Business,64307.64,COMPLETED
TXN-INV7055,INV7055,2025-04-04,Corporate Card,69932.8,COMPLETED
TXN-INV7056,INV7056,2025-04-05,NEFT/RTGS,57510.6,COMPLETED
TXN-INV7057,INV7057,2025-04-06,Bank Transfer,61498.08,COMPLETED
TXN-INV7058,INV7058,2025-04-07,UPI Business,64954.28,COMPLETED
TXN-INV7059,INV7059,2025-04-08,Corporate Card,70634.24,COMPLETED
TXN-INV7060,INV7060,2025-04-09,NEFT/RTGS,58086,COMPLETED
TXN-INV7061,INV7061,2025-04-10,Bank Transfer,62111.84,COMPLETED
TXN-INV7062,INV7062,2025-04-11,UPI Business,65600.92,COMPLETED
TXN-INV7063,INV7063,2025-04-12,Corporate Card,71335.68,COMPLETED
TXN-INV7064,INV7064,2025-04-13,NEFT/RTGS,58661.4,COMPLETED
TXN-INV7065,INV7065,2025-04-14,Bank Transfer,62725.6,COMPLETED
TXN-INV7066,INV7066,2025-04-15,UPI Business,66247.56,COMPLETED
TXN-INV7067,INV7067,2025-04-16,Corporate Card,72037.12,COMPLETED
TXN-INV7068,INV7068,2025-04-17,NEFT/RTGS,59236.8,COMPLETED
TXN-INV7069,INV7069,2025-04-18,Bank Transfer,63339.36,COMPLETED
TXN-INV7070,INV7070,2025-04-19,UPI Business,66894.2,COMPLETED
TXN-INV7071,INV7071,2025-04-20,Corporate Card,72738.56,COMPLETED
TXN-INV7072,INV7072,2025-04-21,NEFT/RTGS,59812.2,COMPLETED
TXN-INV7073,INV7073,2025-04-22,Bank Transfer,63953.12,COMPLETED
TXN-INV7074,INV7074,2025-04-23,UPI Business,67540.84,COMPLETED
TXN-INV7075,INV7075,2025-04-24,Corporate Card,73440,COMPLETED
TXN-INV7076,INV7076,2025-04-25,NEFT/RTGS,60387.6,COMPLETED
TXN-INV7077,INV7077,2025-04-26,Bank Transfer,64566.88,COMPLETED
TXN-INV7078,INV7078,2025-04-27,UPI Business,68187.48,COMPLETED
TXN-INV7079,INV7079,2025-04-28,Corporate Card,74141.44,COMPLETED
TXN-INV7080,INV7080,2025-04-01,NEFT/RTGS,60963,COMPLETED
TXN-INV7081,INV7081,2025-04-02,Bank Transfer,65180.64,COMPLETED
TXN-INV7082,INV7082,2025-04-03,UPI Business,68834.12,COMPLETED
TXN-INV7083,INV7083,2025-04-04,Corporate Card,74842.88,COMPLETED
TXN-INV7084,INV7084,2025-04-05,NEFT/RTGS,61538.4,COMPLETED
TXN-INV7085,INV7085,2025-04-06,Bank Transfer,65794.4,COMPLETED
TXN-INV7086,INV7086,2025-04-07,UPI Business,69480.76,COMPLETED
TXN-INV7087,INV7087,2025-04-08,Corporate Card,75544.32,COMPLETED
TXN-INV7088,INV7088,2025-04-09,NEFT/RTGS,62113.8,COMPLETED
TXN-INV7089,INV7089,2025-04-10,Bank Transfer,66408.16,COMPLETED
TXN-INV7090,INV7090,2025-04-11,UPI Business,70127.4,COMPLETED
TXN-INV7091,INV7091,2025-04-12,Corporate Card,76245.76,COMPLETED
TXN-INV7092,INV7092,2025-04-13,NEFT/RTGS,62689.2,COMPLETED
TXN-INV7093,INV7093,2025-04-14,Bank Transfer,67021.92,COMPLETED
TXN-INV7094,INV7094,2025-04-15,UPI Business,70774.04,COMPLETED
TXN-INV7095,INV7095,2025-04-16,Corporate Card,76947.2,COMPLETED
TXN-INV7096,INV7096,2025-04-17,NEFT/RTGS,63264.6,COMPLETED
TXN-INV7097,INV7097,2025-04-18,Bank Transfer,67635.68,COMPLETED
TXN-INV7098,INV7098,2025-04-19,UPI Business,71420.68,COMPLETED
TXN-INV7099,INV7099,2025-04-20,Corporate Card,77648.64,COMPLETED
TXN-INV7100,INV7100,2025-04-21,NEFT/RTGS,63840,COMPLETED
TXN-INV7101,INV7101,2025-04-22,Bank Transfer,68249.44,COMPLETED
TXN-INV7102,INV7102,2025-04-23,UPI Business,72067.32,COMPLETED
TXN-INV7103,INV7103,2025-04-24,Corporate Card,78350.08,COMPLETED
TXN-INV7104,INV7104,2025-04-25,NEFT/RTGS,64415.4,COMPLETED
TXN-INV7105,INV7105,2025-04-26,Bank Transfer,68863.2,COMPLETED
TXN-INV7106,INV7106,2025-04-27,UPI Business,72713.96,COMPLETED
TXN-INV7107,INV7107,2025-04-28,Corporate Card,79051.52,COMPLETED
TXN-INV7108,INV7108,2025-04-01,NEFT/RTGS,64990.8,COMPLETED
TXN-INV7109,INV7109,2025-04-02,Bank Transfer,69476.96,COMPLETED
TXN-INV7110,INV7110,2025-04-03,UPI Business,73360.6,COMPLETED
TXN-INV7111,INV7111,2025-04-04,Corporate Card,79752.96,COMPLETED
TXN-INV7112,INV7112,2025-04-05,NEFT/RTGS,65566.2,COMPLETED
TXN-INV7113,INV7113,2025-04-06,Bank Transfer,70090.72,COMPLETED
TXN-INV7114,INV7114,2025-04-07,UPI Business,74007.24,COMPLETED
TXN-INV7115,INV7115,2025-04-08,Corporate Card,80454.4,COMPLETED
TXN-INV7116,INV7116,2025-04-09,NEFT/RTGS,66141.6,COMPLETED
TXN-INV7117,INV7117,2025-04-10,Bank Transfer,70704.48,COMPLETED
TXN-INV7118,INV7118,2025-04-11,UPI Business,74653.88,COMPLETED
TXN-INV7119,INV7119,2025-04-12,Corporate Card,81155.84,COMPLETED
TXN-INV7120,INV7120,2025-04-13,NEFT/RTGS,66717,COMPLETED
TXN-INV7121,INV7121,2025-04-14,Bank Transfer,71318.24,COMPLETED
TXN-INV7122,INV7122,2025-04-15,UPI Business,75300.52,COMPLETED
TXN-INV7123,INV7123,2025-04-16,Corporate Card,81857.28,COMPLETED
TXN-INV7124,INV7124,2025-04-17,NEFT/RTGS,67292.4,COMPLETED
TXN-INV7125,INV7125,2025-04-18,Bank Transfer,71932,COMPLETED
TXN-INV7126,INV7126,2025-04-19,UPI Business,75947.16,COMPLETED
TXN-INV7127,INV7127,2025-04-20,Corporate Card,82558.72,COMPLETED
TXN-INV7128,INV7128,2025-04-21,NEFT/RTGS,67867.8,COMPLETED
TXN-INV7129,INV7129,2025-04-22,Bank Transfer,72545.76,COMPLETED
TXN-INV7130,INV7130,2025-04-23,UPI Business,76593.8,COMPLETED
TXN-INV7131,INV7131,2025-04-24,Corporate Card,83260.16,COMPLETED
TXN-INV7132,INV7132,2025-04-25,NEFT/RTGS,68443.2,COMPLETED
TXN-INV7133,INV7133,2025-04-26,Bank Transfer,73159.52,COMPLETED
TXN-INV7134,INV7134,2025-04-27,UPI Business,77240.44,COMPLETED
TXN-INV7135,INV7135,2025-04-28,Corporate Card,83961.6,COMPLETED
TXN-INV7136,INV7136,2025-04-01,NEFT/RTGS,69018.6,COMPLETED
TXN-INV7137,INV7137,2025-04-02,Bank Transfer,73773.28,COMPLETED
TXN-INV7138,INV7138,2025-04-03,UPI Business,77887.08,COMPLETED
TXN-INV7139,INV7139,2025-04-04,Corporate Card,84663.04,COMPLETED
TXN-INV7140,INV7140,2025-04-05,NEFT/RTGS,69594,COMPLETED
TXN-INV7141,INV7141,2025-04-06,Bank Transfer,74387.04,COMPLETED
TXN-INV7142,INV7142,2025-04-07,UPI Business,78533.72,COMPLETED
TXN-INV7143,INV7143,2025-04-08,Corporate Card,85364.48,COMPLETED
TXN-INV7144,INV7144,2025-04-09,NEFT/RTGS,70169.4,COMPLETED
TXN-INV7145,INV7145,2025-04-10,Bank Transfer,75000.8,COMPLETED
TXN-INV7146,INV7146,2025-04-11,UPI Business,79180.36,COMPLETED
TXN-INV7147,INV7147,2025-04-12,Corporate Card,86065.92,COMPLETED
TXN-INV7148,INV7148,2025-04-13,NEFT/RTGS,70744.8,COMPLETED
TXN-INV7149,INV7149,2025-04-14,Bank Transfer,75614.56,COMPLETED
TXN-INV7150,INV7150,2025-04-15,UPI Business,79827,COMPLETED
TXN-INV7151,INV7151,2025-04-16,Corporate Card,86767.36,COMPLETED
TXN-INV7152,INV7152,2025-04-17,NEFT/RTGS,71320.2,COMPLETED
TXN-INV7153,INV7153,2025-04-18,Bank Transfer,76228.32,COMPLETED
TXN-INV7154,INV7154,2025-04-19,UPI Business,80473.64,COMPLETED
TXN-INV7155,INV7155,2025-04-20,Corporate Card,87468.8,COMPLETED
TXN-INV7156,INV7156,2025-04-21,NEFT/RTGS,71895.6,COMPLETED
TXN-INV7157,INV7157,2025-04-22,Bank Transfer,76842.08,COMPLETED
TXN-INV7158,INV7158,2025-04-23,UPI Business,81120.28,COMPLETED
TXN-INV7159,INV7159,2025-04-24,Corporate Card,88170.24,COMPLETED
TXN-INV7160,INV7160,2025-04-25,NEFT/RTGS,72471,COMPLETED
TXN-INV7161,INV7161,2025-04-26,Bank Transfer,77455.84,COMPLETED
TXN-INV7162,INV7162,2025-04-27,UPI Business,81766.92,COMPLETED
TXN-INV7163,INV7163,2025-04-28,Corporate Card,88871.68,COMPLETED
TXN-INV7164,INV7164,2025-04-01,NEFT/RTGS,73046.4,COMPLETED
TXN-INV7165,INV7165,2025-04-02,Bank Transfer,78069.6,COMPLETED
TXN-INV7166,INV7166,2025-04-03,UPI Business,82413.56,COMPLETED
TXN-INV7167,INV7167,2025-04-04,Corporate Card,89573.12,COMPLETED
TXN-INV7168,INV7168,2025-04-05,NEFT/RTGS,73621.8,COMPLETED
TXN-INV7169,INV7169,2025-04-06,Bank Transfer,78683.36,COMPLETED
TXN-INV7170,INV7170,2025-04-07,UPI Business,83060.2,COMPLETED
TXN-INV7171,INV7171,2025-04-08,Corporate Card,90274.56,COMPLETED
TXN-INV7172,INV7172,2025-04-09,NEFT/RTGS,74197.2,COMPLETED
TXN-INV7173,INV7173,2025-04-10,Bank Transfer,79297.12,COMPLETED
TXN-INV7174,INV7174,2025-04-11,UPI Business,83706.84,COMPLETED
TXN-INV7175,INV7175,2025-04-12,Corporate Card,90976,COMPLETED
TXN-INV7176,INV7176,2025-04-13,NEFT/RTGS,74772.6,COMPLETED
TXN-INV7177,INV7177,2025-04-14,Bank Transfer,79910.88,COMPLETED
TXN-INV7178,INV7178,2025-04-15,UPI Business,84353.48,COMPLETED
TXN-INV7179,INV7179,2025-04-16,Corporate Card,91677.44,COMPLETED
TXN-INV7180,INV7180,2025-04-17,NEFT/RTGS,75348,COMPLETED
TXN-INV7181,INV7181,2025-04-18,Bank Transfer,80524.64,COMPLETED
TXN-INV7182,INV7182,2025-04-19,UPI Business,85000.12,COMPLETED
TXN-INV7183,INV7183,2025-04-20,Corporate Card,92378.88,COMPLETED
TXN-INV7184,INV7184,2025-04-21,NEFT/RTGS,75923.4,COMPLETED
TXN-INV7185,INV7185,2025-04-22,Bank Transfer,81138.4,COMPLETED
TXN-INV7186,INV7186,2025-04-23,UPI Business,85646.76,COMPLETED
TXN-INV7187,INV7187,2025-04-24,Corporate Card,93080.32,COMPLETED
TXN-INV7188,INV7188,2025-04-25,NEFT/RTGS,76498.8,COMPLETED
TXN-INV7189,INV7189,2025-04-26,Bank Transfer,81752.16,COMPLETED
TXN-INV7190,INV7190,2025-04-27,UPI Business,86293.4,COMPLETED
TXN-INV7191,INV7191,2025-04-28,Corporate Card,93781.76,COMPLETED
TXN-INV7192,INV7192,2025-04-01,NEFT/RTGS,77074.2,COMPLETED
TXN-INV7193,INV7193,2025-04-02,Bank Transfer,82365.92,COMPLETED
TXN-INV7194,INV7194,2025-04-03,UPI Business,86940.04,COMPLETED
TXN-INV7195,INV7195,2025-04-04,Corporate Card,94483.2,COMPLETED
TXN-INV7196,INV7196,2025-04-05,NEFT/RTGS,77649.6,COMPLETED
TXN-INV7197,INV7197,2025-04-06,Bank Transfer,82979.68,COMPLETED
TXN-INV7198,INV7198,2025-04-07,UPI Business,87586.68,COMPLETED
TXN-INV7199,INV7199,2025-04-08,Corporate Card,95184.64,COMPLETED
TXN-INV7200,INV7200,2025-04-09,NEFT/RTGS,892500,COMPLETED
TXN-INV7201,INV7201,2025-04-10,Bank Transfer,83593.44,COMPLETED
TXN-INV7202,INV7202,2025-04-11,UPI Business,88233.32,COMPLETED
TXN-INV7203,INV7203,2025-04-12,Corporate Card,95886.08,COMPLETED
TXN-INV7204,INV7204,2025-04-13,NEFT/RTGS,78800.4,COMPLETED
TXN-INV7205,INV7205,2025-04-14,Bank Transfer,84207.2,COMPLETED
TXN-INV7206,INV7206,2025-04-15,UPI Business,88879.96,COMPLETED
TXN-INV7207,INV7207,2025-04-16,Corporate Card,96587.52,COMPLETED
TXN-INV7208,INV7208,2025-04-17,NEFT/RTGS,79375.8,COMPLETED
TXN-INV7209,INV7209,2025-04-18,Bank Transfer,84820.96,COMPLETED
TXN-INV7210,INV7210,2025-04-19,UPI Business,89526.6,COMPLETED
TXN-INV7211,INV7211,2025-04-20,Corporate Card,97288.96,COMPLETED
TXN-INV7212,INV7212,2025-04-21,NEFT/RTGS,79951.2,COMPLETED
TXN-INV7213,INV7213,2025-04-22,Bank Transfer,85434.72,COMPLETED
TXN-INV7214,INV7214,2025-04-23,UPI Business,90173.24,COMPLETED
TXN-INV7215,INV7215,2025-04-24,Corporate Card,97990.4,COMPLETED
TXN-INV7216,INV7216,2025-04-25,NEFT/RTGS,80526.6,COMPLETED
TXN-INV7217,INV7217,2025-04-26,Bank Transfer,86048.48,COMPLETED
TXN-INV7218,INV7218,2025-04-27,UPI Business,90819.88,COMPLETED
TXN-INV7219,INV7219,2025-04-28,Corporate Card,98691.84,COMPLETED
TXN-INV7220,INV7220,2025-04-01,NEFT/RTGS,81102,COMPLETED
TXN-INV7221,INV7221,2025-04-02,Bank Transfer,86662.24,COMPLETED
TXN-INV7222,INV7222,2025-04-03,UPI Business,2966.52,COMPLETED
TXN-INV7223,INV7223,2025-04-04,Corporate Card,3393.28,COMPLETED
TXN-INV7224,INV7224,2025-04-05,NEFT/RTGS,2927.4,COMPLETED
TXN-INV7225,INV7225,2025-04-06,Bank Transfer,3276,COMPLETED
TXN-INV7226,INV7226,2025-04-07,UPI Business,3613.16,COMPLETED
TXN-INV7227,INV7227,2025-04-08,Corporate Card,4094.72,COMPLETED
TXN-INV7228,INV7228,2025-04-09,NEFT/RTGS,3502.8,COMPLETED
TXN-INV7229,INV7229,2025-04-10,Bank Transfer,3889.76,COMPLETED
TXN-INV7230,INV7230,2025-04-11,UPI Business,4259.8,COMPLETED
TXN-INV7231,INV7231,2025-04-12,Corporate Card,4796.16,COMPLETED
TXN-INV7232,INV7232,2025-04-13,NEFT/RTGS,4078.2,COMPLETED
TXN-INV7233,INV7233,2025-04-14,Bank Transfer,4503.52,COMPLETED
TXN-INV7234,INV7234,2025-04-15,UPI Business,4906.44,COMPLETED
TXN-INV7235,INV7235,2025-04-16,Corporate Card,5497.6,COMPLETED
TXN-INV7236,INV7236,2025-04-17,NEFT/RTGS,4653.6,COMPLETED
TXN-INV7237,INV7237,2025-04-18,Bank Transfer,5117.28,COMPLETED
TXN-INV7238,INV7238,2025-04-19,UPI Business,5553.08,COMPLETED
TXN-INV7239,INV7239,2025-04-20,Corporate Card,6199.04,COMPLETED
TXN-INV7240,INV7240,2025-04-21,NEFT/RTGS,5229,COMPLETED
TXN-INV7241,INV7241,2025-04-22,Bank Transfer,5731.04,COMPLETED
TXN-INV7242,INV7242,2025-04-23,UPI Business,6199.72,COMPLETED
TXN-INV7243,INV7243,2025-04-24,Corporate Card,6900.48,COMPLETED
TXN-INV7244,INV7244,2025-04-25,NEFT/RTGS,5804.4,COMPLETED
TXN-INV7245,INV7245,2025-04-26,Bank Transfer,6344.8,COMPLETED
TXN-INV7246,INV7246,2025-04-27,UPI Business,6846.36,COMPLETED
TXN-INV7247,INV7247,2025-04-28,Corporate Card,7601.92,COMPLETED
TXN-INV7248,INV7248,2025-04-01,NEFT/RTGS,6379.8,COMPLETED
TXN-INV7249,INV7249,2025-04-02,Bank Transfer,6958.56,COMPLETED
TXN-INV7250,INV7250,2025-04-03,UPI Business,7493,COMPLETED
TXN-INV7251,INV7251,2025-04-04,Corporate Card,8303.36,COMPLETED
TXN-INV7252,INV7252,2025-04-05,NEFT/RTGS,6955.2,COMPLETED
TXN-INV7253,INV7253,2025-04-06,Bank Transfer,7572.32,COMPLETED
TXN-INV7254,INV7254,2025-04-07,UPI Business,8139.64,COMPLETED
TXN-INV7255,INV7255,2025-04-08,Corporate Card,9004.8,COMPLETED
TXN-INV7256,INV7256,2025-04-09,NEFT/RTGS,7530.6,COMPLETED
TXN-INV7257,INV7257,2025-04-10,Bank Transfer,8186.08,COMPLETED
TXN-INV7258,INV7258,2025-04-11,UPI Business,8786.28,COMPLETED
TXN-INV7259,INV7259,2025-04-12,Corporate Card,9706.24,COMPLETED
TXN-INV7260,INV7260,2025-04-13,NEFT/RTGS,8106,COMPLETED
TXN-INV7261,INV7261,2025-04-14,Bank Transfer,8799.84,COMPLETED
TXN-INV7262,INV7262,2025-04-15,UPI Business,9432.92,COMPLETED
TXN-INV7263,INV7263,2025-04-16,Corporate Card,10407.68,COMPLETED
TXN-INV7264,INV7264,2025-04-17,NEFT/RTGS,8681.4,COMPLETED
TXN-INV7265,INV7265,2025-04-18,Bank Transfer,9413.6,COMPLETED
TXN-INV7266,INV7266,2025-04-19,UPI Business,10079.56,COMPLETED
TXN-INV7267,INV7267,2025-04-20,Corporate Card,11109.12,COMPLETED
TXN-INV7268,INV7268,2025-04-21,NEFT/RTGS,9256.8,COMPLETED
TXN-INV7269,INV7269,2025-04-22,Bank Transfer,10027.36,COMPLETED
TXN-INV7270,INV7270,2025-04-23,UPI Business,10726.2,COMPLETED
TXN-INV7271,INV7271,2025-04-24,Corporate Card,11810.56,COMPLETED
TXN-INV7272,INV7272,2025-04-25,NEFT/RTGS,9832.2,COMPLETED
TXN-INV7273,INV7273,2025-04-26,Bank Transfer,10641.12,COMPLETED
TXN-INV7274,INV7274,2025-04-27,UPI Business,11372.84,COMPLETED
TXN-INV7275,INV7275,2025-04-28,Corporate Card,12512,COMPLETED
TXN-INV7276,INV7276,2025-04-01,NEFT/RTGS,10407.6,COMPLETED
TXN-INV7277,INV7277,2025-04-02,Bank Transfer,11254.88,COMPLETED
TXN-INV7278,INV7278,2025-04-03,UPI Business,12019.48,COMPLETED
TXN-INV7279,INV7279,2025-04-04,Corporate Card,13213.44,COMPLETED
TXN-INV7280,INV7280,2025-04-05,NEFT/RTGS,10983,COMPLETED
TXN-INV7281,INV7281,2025-04-06,Bank Transfer,11868.64,COMPLETED
TXN-INV7282,INV7282,2025-04-07,UPI Business,12666.12,COMPLETED
TXN-INV7283,INV7283,2025-04-08,Corporate Card,13914.88,COMPLETED
TXN-INV7284,INV7284,2025-04-09,NEFT/RTGS,11558.4,COMPLETED
TXN-INV7285,INV7285,2025-04-10,Bank Transfer,12482.4,COMPLETED
TXN-INV7286,INV7286,2025-04-11,UPI Business,13312.76,COMPLETED
TXN-INV7287,INV7287,2025-04-12,Corporate Card,14616.32,COMPLETED
TXN-INV7288,INV7288,2025-04-13,NEFT/RTGS,12133.8,COMPLETED
TXN-INV7289,INV7289,2025-04-14,Bank Transfer,13096.16,COMPLETED
TXN-INV7290,INV7290,2025-04-15,UPI Business,13959.4,COMPLETED
TXN-INV7291,INV7291,2025-04-16,Corporate Card,15317.76,COMPLETED
TXN-INV7292,INV7292,2025-04-17,NEFT/RTGS,12709.2,COMPLETED
TXN-INV7293,INV7293,2025-04-18,Bank Transfer,13709.92,COMPLETED
TXN-INV7294,INV7294,2025-04-19,UPI Business,14606.04,COMPLETED
TXN-INV7295,INV7295,2025-04-20,Corporate Card,16019.2,COMPLETED
TXN-INV7296,INV7296,2025-04-21,NEFT/RTGS,13284.6,COMPLETED
TXN-INV7297,INV7297,2025-04-22,Bank Transfer,14323.68,COMPLETED
TXN-INV7298,INV7298,2025-04-23,UPI Business,15252.68,COMPLETED
TXN-INV7299,INV7299,2025-04-24,Corporate Card,16720.64,COMPLETED
TXN-INV7300,INV7300,2025-04-25,NEFT/RTGS,13860,COMPLETED
TXN-INV7301,INV7301,2025-04-26,Bank Transfer,14937.44,COMPLETED
TXN-INV7302,INV7302,2025-04-27,UPI Business,15899.32,COMPLETED
TXN-INV7303,INV7303,2025-04-28,Corporate Card,17422.08,COMPLETED
TXN-INV7304,INV7304,2025-04-01,NEFT/RTGS,14435.4,COMPLETED
TXN-INV7305,INV7305,2025-04-02,Bank Transfer,15551.2,COMPLETED
TXN-INV7306,INV7306,2025-04-03,UPI Business,16545.96,COMPLETED
TXN-INV7307,INV7307,2025-04-04,Corporate Card,18123.52,COMPLETED
TXN-INV7308,INV7308,2025-04-05,NEFT/RTGS,15010.8,COMPLETED
TXN-INV7309,INV7309,2025-04-06,Bank Transfer,16164.96,COMPLETED
TXN-INV7310,INV7310,2025-04-07,UPI Business,17192.6,COMPLETED
TXN-INV7311,INV7311,2025-04-08,Corporate Card,18824.96,COMPLETED
TXN-INV7312,INV7312,2025-04-09,NEFT/RTGS,15586.2,COMPLETED
TXN-INV7313,INV7313,2025-04-10,Bank Transfer,16778.72,COMPLETED
TXN-INV7314,INV7314,2025-04-11,UPI Business,17839.24,COMPLETED
TXN-INV7315,INV7315,2025-04-12,Corporate Card,19526.4,COMPLETED
TXN-INV7316,INV7316,2025-04-13,NEFT/RTGS,16161.6,COMPLETED
TXN-INV7317,INV7317,2025-04-14,Bank Transfer,17392.48,COMPLETED
TXN-INV7318,INV7318,2025-04-15,UPI Business,18485.88,COMPLETED
TXN-INV7319,INV7319,2025-04-16,Corporate Card,20227.84,COMPLETED
TXN-INV7320,INV7320,2025-04-17,NEFT/RTGS,16737,COMPLETED
TXN-INV7321,INV7321,2025-04-18,Bank Transfer,18006.24,COMPLETED
TXN-INV7322,INV7322,2025-04-19,UPI Business,19132.52,COMPLETED
TXN-INV7323,INV7323,2025-04-20,Corporate Card,20929.28,COMPLETED
TXN-INV7324,INV7324,2025-04-21,NEFT/RTGS,17312.4,COMPLETED
TXN-INV7325,INV7325,2025-04-22,Bank Transfer,18620,COMPLETED
TXN-INV7326,INV7326,2025-04-23,UPI Business,19779.16,COMPLETED
TXN-INV7327,INV7327,2025-04-24,Corporate Card,21630.72,COMPLETED
TXN-INV7328,INV7328,2025-04-25,NEFT/RTGS,17887.8,COMPLETED
TXN-INV7329,INV7329,2025-04-26,Bank Transfer,19233.76,COMPLETED
TXN-INV7330,INV7330,2025-04-27,UPI Business,20425.8,COMPLETED
TXN-INV7331,INV7331,2025-04-28,Corporate Card,22332.16,COMPLETED
TXN-INV7332,INV7332,2025-04-01,NEFT/RTGS,18463.2,COMPLETED
TXN-INV7333,INV7333,2025-04-02,Bank Transfer,19847.52,COMPLETED
TXN-INV7334,INV7334,2025-04-03,UPI Business,21072.44,COMPLETED
TXN-INV7335,INV7335,2025-04-04,Corporate Card,23033.6,COMPLETED
TXN-INV7336,INV7336,2025-04-05,NEFT/RTGS,19038.6,COMPLETED
TXN-INV7337,INV7337,2025-04-06,Bank Transfer,20461.28,COMPLETED
TXN-INV7338,INV7338,2025-04-07,UPI Business,21719.08,COMPLETED
TXN-INV7339,INV7339,2025-04-08,Corporate Card,23735.04,COMPLETED
TXN-INV7340,INV7340,2025-04-09,NEFT/RTGS,19614,COMPLETED
TXN-INV7341,INV7341,2025-04-10,Bank Transfer,21075.04,COMPLETED
TXN-INV7342,INV7342,2025-04-11,UPI Business,22365.72,COMPLETED
TXN-INV7343,INV7343,2025-04-12,Corporate Card,24436.48,COMPLETED
TXN-INV7344,INV7344,2025-04-13,NEFT/RTGS,20189.4,COMPLETED
TXN-INV7345,INV7345,2025-04-14,Bank Transfer,21688.8,COMPLETED
TXN-INV7346,INV7346,2025-04-15,UPI Business,23012.36,COMPLETED
TXN-INV7347,INV7347,2025-04-16,Corporate Card,25137.92,COMPLETED
TXN-INV7348,INV7348,2025-04-17,NEFT/RTGS,20764.8,COMPLETED
TXN-INV7349,INV7349,2025-04-18,Bank Transfer,22302.56,COMPLETED
TXN-INV7350,INV7350,2025-04-19,UPI Business,23659,COMPLETED
TXN-INV7351,INV7351,2025-04-20,Corporate Card,25839.36,COMPLETED
TXN-INV7352,INV7352,2025-04-21,NEFT/RTGS,21340.2,COMPLETED
TXN-INV7353,INV7353,2025-04-22,Bank Transfer,22916.32,COMPLETED
TXN-INV7354,INV7354,2025-04-23,UPI Business,24305.64,COMPLETED
TXN-INV7355,INV7355,2025-04-24,Corporate Card,26540.8,COMPLETED
TXN-INV7356,INV7356,2025-04-25,NEFT/RTGS,21915.6,COMPLETED
TXN-INV7357,INV7357,2025-04-26,Bank Transfer,23530.08,COMPLETED
TXN-INV7358,INV7358,2025-04-27,UPI Business,24952.28,COMPLETED
TXN-INV7359,INV7359,2025-04-28,Corporate Card,27242.24,COMPLETED
TXN-INV7360,INV7360,2025-04-01,NEFT/RTGS,22491,COMPLETED
TXN-INV7361,INV7361,2025-04-02,Bank Transfer,24143.84,COMPLETED
TXN-INV7362,INV7362,2025-04-03,UPI Business,25598.92,COMPLETED
TXN-INV7363,INV7363,2025-04-04,Corporate Card,27943.68,COMPLETED
TXN-INV7364,INV7364,2025-04-05,NEFT/RTGS,23066.4,COMPLETED
TXN-INV7365,INV7365,2025-04-06,Bank Transfer,24757.6,COMPLETED
TXN-INV7366,INV7366,2025-04-07,UPI Business,26245.56,COMPLETED
TXN-INV7367,INV7367,2025-04-08,Corporate Card,28645.12,COMPLETED
TXN-INV7368,INV7368,2025-04-09,NEFT/RTGS,23641.8,COMPLETED
TXN-INV7369,INV7369,2025-04-10,Bank Transfer,25371.36,COMPLETED
TXN-INV7370,INV7370,2025-04-11,UPI Business,26892.2,COMPLETED
TXN-INV7371,INV7371,2025-04-12,Corporate Card,29346.56,COMPLETED
TXN-INV7372,INV7372,2025-04-13,NEFT/RTGS,24217.2,COMPLETED
TXN-INV7373,INV7373,2025-04-14,Bank Transfer,25985.12,COMPLETED
TXN-INV7374,INV7374,2025-04-15,UPI Business,27538.84,COMPLETED
TXN-INV7375,INV7375,2025-04-16,Corporate Card,30048,COMPLETED
TXN-INV7376,INV7376,2025-04-17,NEFT/RTGS,24792.6,COMPLETED
TXN-INV7377,INV7377,2025-04-18,Bank Transfer,26598.88,COMPLETED
TXN-INV7378,INV7378,2025-04-19,UPI Business,28185.48,COMPLETED
TXN-INV7379,INV7379,2025-04-20,Corporate Card,30749.44,COMPLETED
TXN-INV7380,INV7380,2025-04-21,NEFT/RTGS,25368,COMPLETED
TXN-INV7381,INV7381,2025-04-22,Bank Transfer,27212.64,COMPLETED
TXN-INV7382,INV7382,2025-04-23,UPI Business,28832.12,COMPLETED
TXN-INV7383,INV7383,2025-04-24,Corporate Card,31450.88,COMPLETED
TXN-INV7384,INV7384,2025-04-25,NEFT/RTGS,25943.4,COMPLETED
TXN-INV7385,INV7385,2025-04-26,Bank Transfer,27826.4,COMPLETED
TXN-INV7386,INV7386,2025-04-27,UPI Business,29478.76,COMPLETED
TXN-INV7387,INV7387,2025-04-28,Corporate Card,32152.32,COMPLETED
TXN-INV7388,INV7388,2025-04-01,NEFT/RTGS,26518.8,COMPLETED
TXN-INV7389,INV7389,2025-04-02,Bank Transfer,28440.16,COMPLETED
TXN-INV7390,INV7390,2025-04-03,UPI Business,30125.4,COMPLETED
TXN-INV7391,INV7391,2025-04-04,Corporate Card,32853.76,COMPLETED
TXN-INV7392,INV7392,2025-04-05,NEFT/RTGS,27094.2,COMPLETED
TXN-INV7393,INV7393,2025-04-06,Bank Transfer,29053.92,COMPLETED
TXN-INV7394,INV7394,2025-04-07,UPI Business,30772.04,COMPLETED
TXN-INV7395,INV7395,2025-04-08,Corporate Card,33555.2,COMPLETED
TXN-INV7396,INV7396,2025-04-09,NEFT/RTGS,27669.6,COMPLETED
TXN-INV7397,INV7397,2025-04-10,Bank Transfer,29667.68,COMPLETED
TXN-INV7398,INV7398,2025-04-11,UPI Business,31418.68,COMPLETED
TXN-INV7399,INV7399,2025-04-12,Corporate Card,34256.64,COMPLETED
TXN-INV7400,INV7400,2025-04-13,NEFT/RTGS,28245,COMPLETED
TXN-INV7401,INV7401,2025-04-14,Bank Transfer,30281.44,COMPLETED
TXN-INV7402,INV7402,2025-04-15,UPI Business,32065.32,COMPLETED
TXN-INV7403,INV7403,2025-04-16,Corporate Card,34958.08,COMPLETED
TXN-INV7404,INV7404,2025-04-17,NEFT/RTGS,28820.4,COMPLETED
TXN-INV7405,INV7405,2025-04-18,Bank Transfer,30895.2,COMPLETED
TXN-INV7406,INV7406,2025-04-19,UPI Business,32711.96,COMPLETED
TXN-INV7407,INV7407,2025-04-20,Corporate Card,35659.52,COMPLETED
TXN-INV7408,INV7408,2025-04-21,NEFT/RTGS,29395.8,COMPLETED
TXN-INV7409,INV7409,2025-04-22,Bank Transfer,31508.96,COMPLETED
TXN-INV7410,INV7410,2025-04-23,UPI Business,33358.6,COMPLETED
TXN-INV7411,INV7411,2025-04-24,Corporate Card,36360.96,COMPLETED
TXN-INV7412,INV7412,2025-04-25,NEFT/RTGS,29971.2,COMPLETED
TXN-INV7413,INV7413,2025-04-26,Bank Transfer,32122.72,COMPLETED
TXN-INV7414,INV7414,2025-04-27,UPI Business,34005.24,COMPLETED
TXN-INV7415,INV7415,2025-04-28,Corporate Card,37062.4,COMPLETED
TXN-INV7416,INV7416,2025-04-01,NEFT/RTGS,30546.6,COMPLETED
TXN-INV7417,INV7417,2025-04-02,Bank Transfer,32736.48,COMPLETED
TXN-INV7418,INV7418,2025-04-03,UPI Business,34651.88,COMPLETED
TXN-INV7419,INV7419,2025-04-04,Corporate Card,37763.84,COMPLETED
TXN-INV7420,INV7420,2025-04-05,NEFT/RTGS,31122,COMPLETED
TXN-INV7421,INV7421,2025-04-06,Bank Transfer,33350.24,COMPLETED
TXN-INV7422,INV7422,2025-04-07,UPI Business,35298.52,COMPLETED
TXN-INV7423,INV7423,2025-04-08,Corporate Card,38465.28,COMPLETED
TXN-INV7424,INV7424,2025-04-09,NEFT/RTGS,31697.4,COMPLETED
TXN-INV7425,INV7425,2025-04-10,Bank Transfer,33964,COMPLETED
TXN-INV7426,INV7426,2025-04-11,UPI Business,35945.16,COMPLETED
TXN-INV7427,INV7427,2025-04-12,Corporate Card,39166.72,COMPLETED
TXN-INV7428,INV7428,2025-04-13,NEFT/RTGS,32272.8,COMPLETED
TXN-INV7429,INV7429,2025-04-14,Bank Transfer,34577.76,COMPLETED
TXN-INV7430,INV7430,2025-04-15,UPI Business,36591.8,COMPLETED
TXN-INV7431,INV7431,2025-04-16,Corporate Card,39868.16,COMPLETED
TXN-INV7432,INV7432,2025-04-17,NEFT/RTGS,32848.2,COMPLETED
TXN-INV7433,INV7433,2025-04-18,Bank Transfer,35191.52,COMPLETED
TXN-INV7434,INV7434,2025-04-19,UPI Business,37238.44,COMPLETED
TXN-INV7435,INV7435,2025-04-20,Corporate Card,40569.6,COMPLETED
TXN-INV7436,INV7436,2025-04-21,NEFT/RTGS,33423.6,COMPLETED
TXN-INV7437,INV7437,2025-04-22,Bank Transfer,35805.28,COMPLETED
TXN-INV7438,INV7438,2025-04-23,UPI Business,37885.08,COMPLETED
TXN-INV7439,INV7439,2025-04-24,Corporate Card,41271.04,COMPLETED
TXN-INV7440,INV7440,2025-04-25,NEFT/RTGS,33999,COMPLETED
TXN-INV7441,INV7441,2025-04-26,Bank Transfer,36419.04,COMPLETED
TXN-INV7442,INV7442,2025-04-27,UPI Business,38531.72,COMPLETED
TXN-INV7443,INV7443,2025-04-28,Corporate Card,41972.48,COMPLETED
TXN-INV7444,INV7444,2025-04-01,NEFT/RTGS,34574.4,COMPLETED
TXN-INV7445,INV7445,2025-04-02,Bank Transfer,37032.8,COMPLETED
TXN-INV7446,INV7446,2025-04-03,UPI Business,39178.36,COMPLETED
TXN-INV7447,INV7447,2025-04-04,Corporate Card,42673.92,COMPLETED
TXN-INV7448,INV7448,2025-04-05,NEFT/RTGS,35149.8,COMPLETED
TXN-INV7449,INV7449,2025-04-06,Bank Transfer,37646.56,COMPLETED
TXN-INV7450,INV7450,2025-04-07,UPI Business,1239000,COMPLETED
TXN-INV7451,INV7451,2025-04-08,Corporate Card,43375.36,COMPLETED
TXN-INV7452,INV7452,2025-04-09,NEFT/RTGS,35725.2,COMPLETED
TXN-INV7453,INV7453,2025-04-10,Bank Transfer,38260.32,COMPLETED
TXN-INV7454,INV7454,2025-04-11,UPI Business,40471.64,COMPLETED
TXN-INV7455,INV7455,2025-04-12,Corporate Card,44076.8,COMPLETED
TXN-INV7456,INV7456,2025-04-13,NEFT/RTGS,36300.6,COMPLETED
TXN-INV7457,INV7457,2025-04-14,Bank Transfer,38874.08,COMPLETED
TXN-INV7458,INV7458,2025-04-15,UPI Business,41118.28,COMPLETED
TXN-INV7459,INV7459,2025-04-16,Corporate Card,44778.24,COMPLETED
TXN-INV7460,INV7460,2025-04-17,NEFT/RTGS,36876,COMPLETED
TXN-INV7461,INV7461,2025-04-18,Bank Transfer,39487.84,COMPLETED
TXN-INV7462,INV7462,2025-04-19,UPI Business,41764.92,COMPLETED
TXN-INV7463,INV7463,2025-04-20,Corporate Card,45479.68,COMPLETED
TXN-INV7464,INV7464,2025-04-21,NEFT/RTGS,37451.4,COMPLETED
TXN-INV7465,INV7465,2025-04-22,Bank Transfer,40101.6,COMPLETED
TXN-INV7466,INV7466,2025-04-23,UPI Business,42411.56,COMPLETED
TXN-INV7467,INV7467,2025-04-24,Corporate Card,46181.12,COMPLETED
TXN-INV7468,INV7468,2025-04-25,NEFT/RTGS,38026.8,COMPLETED
TXN-INV7469,INV7469,2025-04-26,Bank Transfer,40715.36,COMPLETED
TXN-INV7470,INV7470,2025-04-27,UPI Business,43058.2,COMPLETED
TXN-INV7471,INV7471,2025-04-28,Corporate Card,46882.56,COMPLETED
TXN-INV7472,INV7472,2025-04-01,NEFT/RTGS,38602.2,COMPLETED
TXN-INV7473,INV7473,2025-04-02,Bank Transfer,41329.12,COMPLETED
TXN-INV7474,INV7474,2025-04-03,UPI Business,43704.84,COMPLETED
TXN-INV7475,INV7475,2025-04-04,Corporate Card,47584,COMPLETED
TXN-INV7476,INV7476,2025-04-05,NEFT/RTGS,39177.6,COMPLETED
TXN-INV7477,INV7477,2025-04-06,Bank Transfer,41942.88,COMPLETED
TXN-INV7478,INV7478,2025-04-07,UPI Business,44351.48,COMPLETED
TXN-INV7479,INV7479,2025-04-08,Corporate Card,48285.44,COMPLETED
TXN-INV7480,INV7480,2025-04-09,NEFT/RTGS,39753,COMPLETED
TXN-INV7481,INV7481,2025-04-10,Bank Transfer,42556.64,COMPLETED
TXN-INV7482,INV7482,2025-04-11,UPI Business,44998.12,COMPLETED
TXN-INV7483,INV7483,2025-04-12,Corporate Card,48986.88,COMPLETED
TXN-INV7484,INV7484,2025-04-13,NEFT/RTGS,40328.4,COMPLETED
TXN-INV7485,INV7485,2025-04-14,Bank Transfer,43170.4,COMPLETED
TXN-INV7486,INV7486,2025-04-15,UPI Business,45644.76,COMPLETED
TXN-INV7487,INV7487,2025-04-16,Corporate Card,49688.32,COMPLETED
TXN-INV7488,INV7488,2025-04-17,NEFT/RTGS,40903.8,COMPLETED
TXN-INV7489,INV7489,2025-04-18,Bank Transfer,43784.16,COMPLETED
TXN-INV7490,INV7490,2025-04-19,UPI Business,46291.4,COMPLETED
TXN-INV7491,INV7491,2025-04-20,Corporate Card,50389.76,COMPLETED
TXN-INV7492,INV7492,2025-04-21,NEFT/RTGS,41479.2,COMPLETED
TXN-INV7493,INV7493,2025-04-22,Bank Transfer,44397.92,COMPLETED
TXN-INV7494,INV7494,2025-04-23,UPI Business,46938.04,COMPLETED
TXN-INV7495,INV7495,2025-04-24,Corporate Card,51091.2,COMPLETED
TXN-INV7496,INV7496,2025-04-25,NEFT/RTGS,42054.6,COMPLETED
TXN-INV7497,INV7497,2025-04-26,Bank Transfer,45011.68,COMPLETED
TXN-INV7498,INV7498,2025-04-27,UPI Business,47584.68,COMPLETED
TXN-INV7499,INV7499,2025-04-28,Corporate Card,51792.64,COMPLETED
TXN-INV7500,INV7500,2025-04-01,NEFT/RTGS,42630,COMPLETED
TXN-INV7501,INV7501,2025-04-02,Bank Transfer,45625.44,COMPLETED
TXN-INV7502,INV7502,2025-04-03,UPI Business,48231.32,COMPLETED
TXN-INV7503,INV7503,2025-04-04,Corporate Card,52494.08,COMPLETED
TXN-INV7504,INV7504,2025-04-05,NEFT/RTGS,43205.4,COMPLETED
TXN-INV7505,INV7505,2025-04-06,Bank Transfer,46239.2,COMPLETED
TXN-INV7506,INV7506,2025-04-07,UPI Business,48877.96,COMPLETED
TXN-INV7507,INV7507,2025-04-08,Corporate Card,53195.52,COMPLETED
TXN-INV7508,INV7508,2025-04-09,NEFT/RTGS,43780.8,COMPLETED
TXN-INV7509,INV7509,2025-04-10,Bank Transfer,46852.96,COMPLETED
TXN-INV7510,INV7510,2025-04-11,UPI Business,49524.6,COMPLETED
TXN-INV7511,INV7511,2025-04-12,Corporate Card,53896.96,COMPLETED
TXN-INV7512,INV7512,2025-04-13,NEFT/RTGS,44356.2,COMPLETED
TXN-INV7513,INV7513,2025-04-14,Bank Transfer,47466.72,COMPLETED
TXN-INV7514,INV7514,2025-04-15,UPI Business,50171.24,COMPLETED
TXN-INV7515,INV7515,2025-04-16,Corporate Card,54598.4,COMPLETED
TXN-INV7516,INV7516,2025-04-17,NEFT/RTGS,44931.6,COMPLETED
TXN-INV7517,INV7517,2025-04-18,Bank Transfer,48080.48,COMPLETED
TXN-INV7518,INV7518,2025-04-19,UPI Business,50817.88,COMPLETED
TXN-INV7519,INV7519,2025-04-20,Corporate Card,55299.84,COMPLETED
TXN-INV7520,INV7520,2025-04-21,NEFT/RTGS,45507,COMPLETED
TXN-INV7521,INV7521,2025-04-22,Bank Transfer,48694.24,COMPLETED
TXN-INV7522,INV7522,2025-04-23,UPI Business,51464.52,COMPLETED
TXN-INV7523,INV7523,2025-04-24,Corporate Card,56001.28,COMPLETED
TXN-INV7524,INV7524,2025-04-25,NEFT/RTGS,46082.4,COMPLETED
TXN-INV7525,INV7525,2025-04-26,Bank Transfer,49308,COMPLETED
TXN-INV7526,INV7526,2025-04-27,UPI Business,52111.16,COMPLETED
TXN-INV7527,INV7527,2025-04-28,Corporate Card,56702.72,COMPLETED
TXN-INV7528,INV7528,2025-04-01,NEFT/RTGS,46657.8,COMPLETED
TXN-INV7529,INV7529,2025-04-02,Bank Transfer,49921.76,COMPLETED
TXN-INV7530,INV7530,2025-04-03,UPI Business,52757.8,COMPLETED
TXN-INV7531,INV7531,2025-04-04,Corporate Card,57404.16,COMPLETED
TXN-INV7532,INV7532,2025-04-05,NEFT/RTGS,47233.2,COMPLETED
TXN-INV7533,INV7533,2025-04-06,Bank Transfer,50535.52,COMPLETED
TXN-INV7534,INV7534,2025-04-07,UPI Business,53404.44,COMPLETED
TXN-INV7535,INV7535,2025-04-08,Corporate Card,58105.6,COMPLETED
TXN-INV7536,INV7536,2025-04-09,NEFT/RTGS,47808.6,COMPLETED
TXN-INV7537,INV7537,2025-04-10,Bank Transfer,51149.28,COMPLETED
TXN-INV7538,INV7538,2025-04-11,UPI Business,54051.08,COMPLETED
TXN-INV7539,INV7539,2025-04-12,Corporate Card,58807.04,COMPLETED
TXN-INV7540,INV7540,2025-04-13,NEFT/RTGS,48384,COMPLETED
TXN-INV7541,INV7541,2025-04-14,Bank Transfer,51763.04,COMPLETED
TXN-INV7542,INV7542,2025-04-15,UPI Business,54697.72,COMPLETED
TXN-INV7543,INV7543,2025-04-16,Corporate Card,59508.48,COMPLETED
TXN-INV7544,INV7544,2025-04-17,NEFT/RTGS,48959.4,COMPLETED
TXN-INV7545,INV7545,2025-04-18,Bank Transfer,52376.8,COMPLETED
TXN-INV7546,INV7546,2025-04-19,UPI Business,55344.36,COMPLETED
TXN-INV7547,INV7547,2025-04-20,Corporate Card,60209.92,COMPLETED
TXN-INV7548,INV7548,2025-04-21,NEFT/RTGS,49534.8,COMPLETED
TXN-INV7549,INV7549,2025-04-22,Bank Transfer,52990.56,COMPLETED
TXN-INV7550,INV7550,2025-04-23,UPI Business,55991,COMPLETED
TXN-INV7551,INV7551,2025-04-24,Corporate Card,60911.36,COMPLETED
TXN-INV7552,INV7552,2025-04-25,NEFT/RTGS,50110.2,COMPLETED
TXN-INV7553,INV7553,2025-04-26,Bank Transfer,53604.32,COMPLETED
TXN-INV7554,INV7554,2025-04-27,UPI Business,56637.64,COMPLETED
TXN-INV7555,INV7555,2025-04-28,Corporate Card,61612.8,COMPLETED
TXN-INV7556,INV7556,2025-04-01,NEFT/RTGS,50685.6,COMPLETED
TXN-INV7557,INV7557,2025-04-02,Bank Transfer,54218.08,COMPLETED
TXN-INV7558,INV7558,2025-04-03,UPI Business,57284.28,COMPLETED
TXN-INV7559,INV7559,2025-04-04,Corporate Card,62314.24,COMPLETED
TXN-INV7560,INV7560,2025-04-05,NEFT/RTGS,51261,COMPLETED
TXN-INV7561,INV7561,2025-04-06,Bank Transfer,54831.84,COMPLETED
TXN-INV7562,INV7562,2025-04-07,UPI Business,57930.92,COMPLETED
TXN-INV7563,INV7563,2025-04-08,Corporate Card,63015.68,COMPLETED
TXN-INV7564,INV7564,2025-04-09,NEFT/RTGS,51836.4,COMPLETED
TXN-INV7565,INV7565,2025-04-10,Bank Transfer,55445.6,COMPLETED
TXN-INV7566,INV7566,2025-04-11,UPI Business,58577.56,COMPLETED
TXN-INV7567,INV7567,2025-04-12,Corporate Card,63717.12,COMPLETED
TXN-INV7568,INV7568,2025-04-13,NEFT/RTGS,52411.8,COMPLETED
TXN-INV7569,INV7569,2025-04-14,Bank Transfer,56059.36,COMPLETED
TXN-INV7570,INV7570,2025-04-15,UPI Business,59224.2,COMPLETED
TXN-INV7571,INV7571,2025-04-16,Corporate Card,64418.56,COMPLETED
TXN-INV7572,INV7572,2025-04-17,NEFT/RTGS,52987.2,COMPLETED
TXN-INV7573,INV7573,2025-04-18,Bank Transfer,56673.12,COMPLETED
TXN-INV7574,INV7574,2025-04-19,UPI Business,59870.84,COMPLETED
TXN-INV7575,INV7575,2025-04-20,Corporate Card,65120,COMPLETED
TXN-INV7576,INV7576,2025-04-21,NEFT/RTGS,53562.6,COMPLETED
TXN-INV7577,INV7577,2025-04-22,Bank Transfer,57286.88,COMPLETED
TXN-INV7578,INV7578,2025-04-23,UPI Business,60517.48,COMPLETED
TXN-INV7579,INV7579,2025-04-24,Corporate Card,65821.44,COMPLETED
TXN-INV7580,INV7580,2025-04-25,NEFT/RTGS,54138,COMPLETED
TXN-INV7581,INV7581,2025-04-26,Bank Transfer,57900.64,COMPLETED
TXN-INV7582,INV7582,2025-04-27,UPI Business,61164.12,COMPLETED
TXN-INV7583,INV7583,2025-04-28,Corporate Card,66522.88,COMPLETED
TXN-INV7584,INV7584,2025-04-01,NEFT/RTGS,54713.4,COMPLETED
TXN-INV7585,INV7585,2025-04-02,Bank Transfer,58514.4,COMPLETED
TXN-INV7586,INV7586,2025-04-03,UPI Business,61810.76,COMPLETED
TXN-INV7587,INV7587,2025-04-04,Corporate Card,67224.32,COMPLETED
TXN-INV7588,INV7588,2025-04-05,NEFT/RTGS,55288.8,COMPLETED
TXN-INV7589,INV7589,2025-04-06,Bank Transfer,59128.16,COMPLETED
TXN-INV7590,INV7590,2025-04-07,UPI Business,62457.4,COMPLETED
TXN-INV7591,INV7591,2025-04-08,Corporate Card,67925.76,COMPLETED
TXN-INV7592,INV7592,2025-04-09,NEFT/RTGS,55864.2,COMPLETED
TXN-INV7593,INV7593,2025-04-10,Bank Transfer,59741.92,COMPLETED
TXN-INV7594,INV7594,2025-04-11,UPI Business,63104.04,COMPLETED
TXN-INV7595,INV7595,2025-04-12,Corporate Card,68627.2,COMPLETED
TXN-INV7596,INV7596,2025-04-13,NEFT/RTGS,56439.6,COMPLETED
TXN-INV7597,INV7597,2025-04-14,Bank Transfer,60355.68,COMPLETED
TXN-INV7598,INV7598,2025-04-15,UPI Business,63750.68,COMPLETED
TXN-INV7599,INV7599,2025-04-16,Corporate Card,69328.64,COMPLETED
TXN-INV7600,INV7600,2025-04-17,NEFT/RTGS,57015,COMPLETED
TXN-INV7601,INV7601,2025-04-18,Bank Transfer,60969.44,COMPLETED
TXN-INV7602,INV7602,2025-04-19,UPI Business,64397.32,COMPLETED
TXN-INV7603,INV7603,2025-04-20,Corporate Card,70030.08,COMPLETED
TXN-INV7604,INV7604,2025-04-21,NEFT/RTGS,57590.4,COMPLETED
TXN-INV7605,INV7605,2025-04-22,Bank Transfer,61583.2,COMPLETED
TXN-INV7606,INV7606,2025-04-23,UPI Business,65043.96,COMPLETED
TXN-INV7607,INV7607,2025-04-24,Corporate Card,70731.52,COMPLETED
TXN-INV7608,INV7608,2025-04-25,NEFT/RTGS,58165.8,COMPLETED
TXN-INV7609,INV7609,2025-04-26,Bank Transfer,62196.96,COMPLETED
TXN-INV7610,INV7610,2025-04-27,UPI Business,65690.6,COMPLETED
TXN-INV7611,INV7611,2025-04-28,Corporate Card,71432.96,COMPLETED
TXN-INV7612,INV7612,2025-04-01,NEFT/RTGS,58741.2,COMPLETED
TXN-INV7613,INV7613,2025-04-02,Bank Transfer,62810.72,COMPLETED
TXN-INV7614,INV7614,2025-04-03,UPI Business,66337.24,COMPLETED
TXN-INV7615,INV7615,2025-04-04,Corporate Card,72134.4,COMPLETED
TXN-INV7616,INV7616,2025-04-05,NEFT/RTGS,59316.6,COMPLETED
TXN-INV7617,INV7617,2025-04-06,Bank Transfer,63424.48,COMPLETED
TXN-INV7618,INV7618,2025-04-07,UPI Business,66983.88,COMPLETED
TXN-INV7619,INV7619,2025-04-08,Corporate Card,72835.84,COMPLETED
TXN-INV7620,INV7620,2025-04-09,NEFT/RTGS,59892,COMPLETED
TXN-INV7621,INV7621,2025-04-10,Bank Transfer,64038.24,COMPLETED
TXN-INV7622,INV7622,2025-04-11,UPI Business,67630.52,COMPLETED
TXN-INV7623,INV7623,2025-04-12,Corporate Card,73537.28,COMPLETED
TXN-INV7624,INV7624,2025-04-13,NEFT/RTGS,60467.4,COMPLETED
TXN-INV7625,INV7625,2025-04-14,Bank Transfer,64652,COMPLETED
TXN-INV7626,INV7626,2025-04-15,UPI Business,68277.16,COMPLETED
TXN-INV7627,INV7627,2025-04-16,Corporate Card,74238.72,COMPLETED
TXN-INV7628,INV7628,2025-04-17,NEFT/RTGS,61042.8,COMPLETED
TXN-INV7629,INV7629,2025-04-18,Bank Transfer,65265.76,COMPLETED
TXN-INV7630,INV7630,2025-04-19,UPI Business,68923.8,COMPLETED
TXN-INV7631,INV7631,2025-04-20,Corporate Card,74940.16,COMPLETED
TXN-INV7632,INV7632,2025-04-21,NEFT/RTGS,61618.2,COMPLETED
TXN-INV7633,INV7633,2025-04-22,Bank Transfer,65879.52,COMPLETED
TXN-INV7634,INV7634,2025-04-23,UPI Business,69570.44,COMPLETED
TXN-INV7635,INV7635,2025-04-24,Corporate Card,75641.6,COMPLETED
TXN-INV7636,INV7636,2025-04-25,NEFT/RTGS,62193.6,COMPLETED
TXN-INV7637,INV7637,2025-04-26,Bank Transfer,66493.28,COMPLETED
TXN-INV7638,INV7638,2025-04-27,UPI Business,70217.08,COMPLETED
TXN-INV7639,INV7639,2025-04-28,Corporate Card,76343.04,COMPLETED
TXN-INV7640,INV7640,2025-04-01,NEFT/RTGS,62769,COMPLETED
TXN-INV7641,INV7641,2025-04-02,Bank Transfer,67107.04,COMPLETED
TXN-INV7642,INV7642,2025-04-03,UPI Business,70863.72,COMPLETED
TXN-INV7643,INV7643,2025-04-04,Corporate Card,77044.48,COMPLETED
TXN-INV7644,INV7644,2025-04-05,NEFT/RTGS,63344.4,COMPLETED
TXN-INV7645,INV7645,2025-04-06,Bank Transfer,67720.8,COMPLETED
TXN-INV7646,INV7646,2025-04-07,UPI Business,71510.36,COMPLETED
TXN-INV7647,INV7647,2025-04-08,Corporate Card,77745.92,COMPLETED
TXN-INV7648,INV7648,2025-04-09,NEFT/RTGS,63919.8,COMPLETED
TXN-INV7649,INV7649,2025-04-10,Bank Transfer,68334.56,COMPLETED
TXN-INV7650,INV7650,2025-04-11,UPI Business,72157,COMPLETED
TXN-INV7651,INV7651,2025-04-12,Corporate Card,78447.36,COMPLETED
TXN-INV7652,INV7652,2025-04-13,NEFT/RTGS,64495.2,COMPLETED
TXN-INV7653,INV7653,2025-04-14,Bank Transfer,68948.32,COMPLETED
TXN-INV7654,INV7654,2025-04-15,UPI Business,72803.64,COMPLETED
TXN-INV7655,INV7655,2025-04-16,Corporate Card,79148.8,COMPLETED
TXN-INV7656,INV7656,2025-04-17,NEFT/RTGS,65070.6,COMPLETED
TXN-INV7657,INV7657,2025-04-18,Bank Transfer,69562.08,COMPLETED
TXN-INV7658,INV7658,2025-04-19,UPI Business,73450.28,COMPLETED
TXN-INV7659,INV7659,2025-04-20,Corporate Card,79850.24,COMPLETED
TXN-INV7660,INV7660,2025-04-21,NEFT/RTGS,65646,COMPLETED
TXN-INV7661,INV7661,2025-04-22,Bank Transfer,70175.84,COMPLETED
TXN-INV7662,INV7662,2025-04-23,UPI Business,74096.92,COMPLETED
TXN-INV7663,INV7663,2025-04-24,Corporate Card,80551.68,COMPLETED
TXN-INV7664,INV7664,2025-04-25,NEFT/RTGS,66221.4,COMPLETED
TXN-INV7665,INV7665,2025-04-26,Bank Transfer,70789.6,COMPLETED
TXN-INV7666,INV7666,2025-04-27,UPI Business,74743.56,COMPLETED
TXN-INV7667,INV7667,2025-04-28,Corporate Card,81253.12,COMPLETED
TXN-INV7668,INV7668,2025-04-01,NEFT/RTGS,66796.8,COMPLETED
TXN-INV7669,INV7669,2025-04-02,Bank Transfer,71403.36,COMPLETED
TXN-INV7670,INV7670,2025-04-03,UPI Business,75390.2,COMPLETED
TXN-INV7671,INV7671,2025-04-04,Corporate Card,81954.56,COMPLETED
TXN-INV7672,INV7672,2025-04-05,NEFT/RTGS,67372.2,COMPLETED
TXN-INV7673,INV7673,2025-04-06,Bank Transfer,72017.12,COMPLETED
TXN-INV7674,INV7674,2025-04-07,UPI Business,76036.84,COMPLETED
TXN-INV7675,INV7675,2025-04-08,Corporate Card,82656,COMPLETED
TXN-INV7676,INV7676,2025-04-09,NEFT/RTGS,67947.6,COMPLETED
TXN-INV7677,INV7677,2025-04-10,Bank Transfer,72630.88,COMPLETED
TXN-INV7678,INV7678,2025-04-11,UPI Business,76683.48,COMPLETED
TXN-INV7679,INV7679,2025-04-12,Corporate Card,83357.44,COMPLETED
TXN-INV7680,INV7680,2025-04-13,NEFT/RTGS,68523,COMPLETED
TXN-INV7681,INV7681,2025-04-14,Bank Transfer,73244.64,COMPLETED
TXN-INV7682,INV7682,2025-04-15,UPI Business,77330.12,COMPLETED
TXN-INV7683,INV7683,2025-04-16,Corporate Card,84058.88,COMPLETED
TXN-INV7684,INV7684,2025-04-17,NEFT/RTGS,69098.4,COMPLETED
TXN-INV7685,INV7685,2025-04-18,Bank Transfer,73858.4,COMPLETED
TXN-INV7686,INV7686,2025-04-19,UPI Business,77976.76,COMPLETED
TXN-INV7687,INV7687,2025-04-20,Corporate Card,84760.32,COMPLETED
TXN-INV7688,INV7688,2025-04-21,NEFT/RTGS,69673.8,COMPLETED
TXN-INV7689,INV7689,2025-04-22,Bank Transfer,74472.16,COMPLETED
TXN-INV7690,INV7690,2025-04-23,UPI Business,78623.4,COMPLETED
TXN-INV7691,INV7691,2025-04-24,Corporate Card,85461.76,COMPLETED
TXN-INV7692,INV7692,2025-04-25,NEFT/RTGS,70249.2,COMPLETED
TXN-INV7693,INV7693,2025-04-26,Bank Transfer,75085.92,COMPLETED
TXN-INV7694,INV7694,2025-04-27,UPI Business,79270.04,COMPLETED
TXN-INV7695,INV7695,2025-04-28,Corporate Card,86163.2,COMPLETED
TXN-INV7696,INV7696,2025-04-01,NEFT/RTGS,70824.6,COMPLETED
TXN-INV7697,INV7697,2025-04-02,Bank Transfer,75699.68,COMPLETED
TXN-INV7698,INV7698,2025-04-03,UPI Business,79916.68,COMPLETED
TXN-INV7699,INV7699,2025-04-04,Corporate Card,86864.64,COMPLETED
TXN-INV7700,INV7700,2025-04-05,NEFT/RTGS,997500,COMPLETED
TXN-INV7701,INV7701,2025-04-06,Bank Transfer,76313.44,COMPLETED
TXN-INV7702,INV7702,2025-04-07,UPI Business,80563.32,COMPLETED
TXN-INV7703,INV7703,2025-04-08,Corporate Card,87566.08,COMPLETED
TXN-INV7704,INV7704,2025-04-09,NEFT/RTGS,71975.4,COMPLETED
TXN-INV7705,INV7705,2025-04-10,Bank Transfer,76927.2,COMPLETED
TXN-INV7706,INV7706,2025-04-11,UPI Business,81209.96,COMPLETED
TXN-INV7707,INV7707,2025-04-12,Corporate Card,88267.52,COMPLETED
TXN-INV7708,INV7708,2025-04-13,NEFT/RTGS,72550.8,COMPLETED
TXN-INV7709,INV7709,2025-04-14,Bank Transfer,77540.96,COMPLETED
TXN-INV7710,INV7710,2025-04-15,UPI Business,81856.6,COMPLETED
TXN-INV7711,INV7711,2025-04-16,Corporate Card,88968.96,COMPLETED
TXN-INV7712,INV7712,2025-04-17,NEFT/RTGS,73126.2,COMPLETED
TXN-INV7713,INV7713,2025-04-18,Bank Transfer,78154.72,COMPLETED
TXN-INV7714,INV7714,2025-04-19,UPI Business,82503.24,COMPLETED
TXN-INV7715,INV7715,2025-04-20,Corporate Card,89670.4,COMPLETED
TXN-INV7716,INV7716,2025-04-21,NEFT/RTGS,73701.6,COMPLETED
TXN-INV7717,INV7717,2025-04-22,Bank Transfer,78768.48,COMPLETED
TXN-INV7718,INV7718,2025-04-23,UPI Business,83149.88,COMPLETED
TXN-INV7719,INV7719,2025-04-24,Corporate Card,90371.84,COMPLETED
TXN-INV7720,INV7720,2025-04-25,NEFT/RTGS,74277,COMPLETED
TXN-INV7721,INV7721,2025-04-26,Bank Transfer,79382.24,COMPLETED
TXN-INV7722,INV7722,2025-04-27,UPI Business,83796.52,COMPLETED
TXN-INV7723,INV7723,2025-04-28,Corporate Card,91073.28,COMPLETED
TXN-INV7724,INV7724,2025-04-01,NEFT/RTGS,74852.4,COMPLETED
TXN-INV7725,INV7725,2025-04-02,Bank Transfer,79996,COMPLETED
TXN-INV7726,INV7726,2025-04-03,UPI Business,84443.16,COMPLETED
TXN-INV7727,INV7727,2025-04-04,Corporate Card,91774.72,COMPLETED
TXN-INV7728,INV7728,2025-04-05,NEFT/RTGS,75427.8,COMPLETED
TXN-INV7729,INV7729,2025-04-06,Bank Transfer,80609.76,COMPLETED
TXN-INV7730,INV7730,2025-04-07,UPI Business,85089.8,COMPLETED
TXN-INV7731,INV7731,2025-04-08,Corporate Card,92476.16,COMPLETED
TXN-INV7732,INV7732,2025-04-09,NEFT/RTGS,76003.2,COMPLETED
TXN-INV7733,INV7733,2025-04-10,Bank Transfer,81223.52,COMPLETED
TXN-INV7734,INV7734,2025-04-11,UPI Business,85736.44,COMPLETED
TXN-INV7735,INV7735,2025-04-12,Corporate Card,93177.6,COMPLETED
TXN-INV7736,INV7736,2025-04-13,NEFT/RTGS,76578.6,COMPLETED
TXN-INV7737,INV7737,2025-04-14,Bank Transfer,81837.28,COMPLETED
TXN-INV7738,INV7738,2025-04-15,UPI Business,86383.08,COMPLETED
TXN-INV7739,INV7739,2025-04-16,Corporate Card,93879.04,COMPLETED
TXN-INV7740,INV7740,2025-04-17,NEFT/RTGS,77154,COMPLETED
TXN-INV7741,INV7741,2025-04-18,Bank Transfer,82451.04,COMPLETED
TXN-INV7742,INV7742,2025-04-19,UPI Business,87029.72,COMPLETED
TXN-INV7743,INV7743,2025-04-20,Corporate Card,94580.48,COMPLETED
TXN-INV7744,INV7744,2025-04-21,NEFT/RTGS,77729.4,COMPLETED
TXN-INV7745,INV7745,2025-04-22,Bank Transfer,83064.8,COMPLETED
TXN-INV7746,INV7746,2025-04-23,UPI Business,87676.36,COMPLETED
TXN-INV7747,INV7747,2025-04-24,Corporate Card,95281.92,COMPLETED
TXN-INV7748,INV7748,2025-04-25,NEFT/RTGS,78304.8,COMPLETED
TXN-INV7749,INV7749,2025-04-26,Bank Transfer,83678.56,COMPLETED
TXN-INV7750,INV7750,2025-04-27,UPI Business,88323,COMPLETED
TXN-INV7751,INV7751,2025-04-28,Corporate Card,95983.36,COMPLETED
TXN-INV7752,INV7752,2025-04-01,NEFT/RTGS,78880.2,COMPLETED
TXN-INV7753,INV7753,2025-04-02,Bank Transfer,84292.32,COMPLETED
TXN-INV7754,INV7754,2025-04-03,UPI Business,88969.64,COMPLETED
TXN-INV7755,INV7755,2025-04-04,Corporate Card,96684.8,COMPLETED
TXN-INV7756,INV7756,2025-04-05,NEFT/RTGS,79455.6,COMPLETED
TXN-INV7757,INV7757,2025-04-06,Bank Transfer,84906.08,COMPLETED
TXN-INV7758,INV7758,2025-04-07,UPI Business,89616.28,COMPLETED
TXN-INV7759,INV7759,2025-04-08,Corporate Card,97386.24,COMPLETED
TXN-INV7760,INV7760,2025-04-09,NEFT/RTGS,80031,COMPLETED
TXN-INV7761,INV7761,2025-04-10,Bank Transfer,85519.84,COMPLETED
TXN-INV7762,INV7762,2025-04-11,UPI Business,90262.92,COMPLETED
TXN-INV7763,INV7763,2025-04-12,Corporate Card,98087.68,COMPLETED
TXN-INV7764,INV7764,2025-04-13,NEFT/RTGS,80606.4,COMPLETED
TXN-INV7765,INV7765,2025-04-14,Bank Transfer,86133.6,COMPLETED
TXN-INV7766,INV7766,2025-04-15,UPI Business,90909.56,COMPLETED
TXN-INV7767,INV7767,2025-04-16,Corporate Card,98789.12,COMPLETED
TXN-INV7768,INV7768,2025-04-17,NEFT/RTGS,81181.8,COMPLETED
TXN-INV7769,INV7769,2025-04-18,Bank Transfer,86747.36,COMPLETED
TXN-INV7770,INV7770,2025-04-19,UPI Business,3056.2,COMPLETED
TXN-INV7771,INV7771,2025-04-20,Corporate Card,3490.56,COMPLETED
TXN-INV7772,INV7772,2025-04-21,NEFT/RTGS,3007.2,COMPLETED
TXN-INV7773,INV7773,2025-04-22,Bank Transfer,3361.12,COMPLETED
TXN-INV7774,INV7774,2025-04-23,UPI Business,3702.84,COMPLETED
TXN-INV7775,INV7775,2025-04-24,Corporate Card,4192,COMPLETED
TXN-INV7776,INV7776,2025-04-25,NEFT/RTGS,3582.6,COMPLETED
TXN-INV7777,INV7777,2025-04-26,Bank Transfer,3974.88,COMPLETED
TXN-INV7778,INV7778,2025-04-27,UPI Business,4349.48,COMPLETED
TXN-INV7779,INV7779,2025-04-28,Corporate Card,4893.44,COMPLETED
TXN-INV7780,INV7780,2025-04-01,NEFT/RTGS,4158,COMPLETED
TXN-INV7781,INV7781,2025-04-02,Bank Transfer,4588.64,COMPLETED
TXN-INV7782,INV7782,2025-04-03,UPI Business,4996.12,COMPLETED
TXN-INV7783,INV7783,2025-04-04,Corporate Card,5594.88,COMPLETED
TXN-INV7784,INV7784,2025-04-05,NEFT/RTGS,4733.4,COMPLETED
TXN-INV7785,INV7785,2025-04-06,Bank Transfer,5202.4,COMPLETED
TXN-INV7786,INV7786,2025-04-07,UPI Business,5642.76,COMPLETED
TXN-INV7787,INV7787,2025-04-08,Corporate Card,6296.32,COMPLETED
TXN-INV7788,INV7788,2025-04-09,NEFT/RTGS,5308.8,COMPLETED
TXN-INV7789,INV7789,2025-04-10,Bank Transfer,5816.16,COMPLETED
TXN-INV7790,INV7790,2025-04-11,UPI Business,6289.4,COMPLETED
TXN-INV7791,INV7791,2025-04-12,Corporate Card,6997.76,COMPLETED
TXN-INV7792,INV7792,2025-04-13,NEFT/RTGS,5884.2,COMPLETED
TXN-INV7793,INV7793,2025-04-14,Bank Transfer,6429.92,COMPLETED
TXN-INV7794,INV7794,2025-04-15,UPI Business,6936.04,COMPLETED
TXN-INV7795,INV7795,2025-04-16,Corporate Card,7699.2,COMPLETED
TXN-INV7796,INV7796,2025-04-17,NEFT/RTGS,6459.6,COMPLETED
TXN-INV7797,INV7797,2025-04-18,Bank Transfer,7043.68,COMPLETED
TXN-INV7798,INV7798,2025-04-19,UPI Business,7582.68,COMPLETED
TXN-INV7799,INV7799,2025-04-20,Corporate Card,8400.64,COMPLETED
TXN-INV7800,INV7800,2025-04-21,NEFT/RTGS,7035,COMPLETED
TXN-INV7801,INV7801,2025-04-22,Bank Transfer,7657.44,COMPLETED
TXN-INV7802,INV7802,2025-04-23,UPI Business,8229.32,COMPLETED
TXN-INV7803,INV7803,2025-04-24,Corporate Card,9102.08,COMPLETED
TXN-INV7804,INV7804,2025-04-25,NEFT/RTGS,7610.4,COMPLETED
TXN-INV7805,INV7805,2025-04-26,Bank Transfer,8271.2,COMPLETED
TXN-INV7806,INV7806,2025-04-27,UPI Business,8875.96,COMPLETED
TXN-INV7807,INV7807,2025-04-28,Corporate Card,9803.52,COMPLETED
TXN-INV7808,INV7808,2025-04-01,NEFT/RTGS,8185.8,COMPLETED
TXN-INV7809,INV7809,2025-04-02,Bank Transfer,8884.96,COMPLETED
TXN-INV7810,INV7810,2025-04-03,UPI Business,9522.6,COMPLETED
TXN-INV7811,INV7811,2025-04-04,Corporate Card,10504.96,COMPLETED
TXN-INV7812,INV7812,2025-04-05,NEFT/RTGS,8761.2,COMPLETED
TXN-INV7813,INV7813,2025-04-06,Bank Transfer,9498.72,COMPLETED
TXN-INV7814,INV7814,2025-04-07,UPI Business,10169.24,COMPLETED
TXN-INV7815,INV7815,2025-04-08,Corporate Card,11206.4,COMPLETED
TXN-INV7816,INV7816,2025-04-09,NEFT/RTGS,9336.6,COMPLETED
TXN-INV7817,INV7817,2025-04-10,Bank Transfer,10112.48,COMPLETED
TXN-INV7818,INV7818,2025-04-11,UPI Business,10815.88,COMPLETED
TXN-INV7819,INV7819,2025-04-12,Corporate Card,11907.84,COMPLETED
TXN-INV7820,INV7820,2025-04-13,NEFT/RTGS,9912,COMPLETED
TXN-INV7821,INV7821,2025-04-14,Bank Transfer,10726.24,COMPLETED
TXN-INV7822,INV7822,2025-04-15,UPI Business,11462.52,COMPLETED
TXN-INV7823,INV7823,2025-04-16,Corporate Card,12609.28,COMPLETED
TXN-INV7824,INV7824,2025-04-17,NEFT/RTGS,10487.4,COMPLETED
TXN-INV7825,INV7825,2025-04-18,Bank Transfer,11340,COMPLETED
TXN-INV7826,INV7826,2025-04-19,UPI Business,12109.16,COMPLETED
TXN-INV7827,INV7827,2025-04-20,Corporate Card,13310.72,COMPLETED
TXN-INV7828,INV7828,2025-04-21,NEFT/RTGS,11062.8,COMPLETED
TXN-INV7829,INV7829,2025-04-22,Bank Transfer,11953.76,COMPLETED
TXN-INV7830,INV7830,2025-04-23,UPI Business,12755.8,COMPLETED
TXN-INV7831,INV7831,2025-04-24,Corporate Card,14012.16,COMPLETED
TXN-INV7832,INV7832,2025-04-25,NEFT/RTGS,11638.2,COMPLETED
TXN-INV7833,INV7833,2025-04-26,Bank Transfer,12567.52,COMPLETED
TXN-INV7834,INV7834,2025-04-27,UPI Business,13402.44,COMPLETED
TXN-INV7835,INV7835,2025-04-28,Corporate Card,14713.6,COMPLETED
TXN-INV7836,INV7836,2025-04-01,NEFT/RTGS,12213.6,COMPLETED
TXN-INV7837,INV7837,2025-04-02,Bank Transfer,13181.28,COMPLETED
TXN-INV7838,INV7838,2025-04-03,UPI Business,14049.08,COMPLETED
TXN-INV7839,INV7839,2025-04-04,Corporate Card,15415.04,COMPLETED
TXN-INV7840,INV7840,2025-04-05,NEFT/RTGS,12789,COMPLETED
TXN-INV7841,INV7841,2025-04-06,Bank Transfer,13795.04,COMPLETED
TXN-INV7842,INV7842,2025-04-07,UPI Business,14695.72,COMPLETED
TXN-INV7843,INV7843,2025-04-08,Corporate Card,16116.48,COMPLETED
TXN-INV7844,INV7844,2025-04-09,NEFT/RTGS,13364.4,COMPLETED
TXN-INV7845,INV7845,2025-04-10,Bank Transfer,14408.8,COMPLETED
TXN-INV7846,INV7846,2025-04-11,UPI Business,15342.36,COMPLETED
TXN-INV7847,INV7847,2025-04-12,Corporate Card,16817.92,COMPLETED
TXN-INV7848,INV7848,2025-04-13,NEFT/RTGS,13939.8,COMPLETED
TXN-INV7849,INV7849,2025-04-14,Bank Transfer,15022.56,COMPLETED
TXN-INV7850,INV7850,2025-04-15,UPI Business,15989,COMPLETED
TXN-INV7851,INV7851,2025-04-16,Corporate Card,17519.36,COMPLETED
TXN-INV7852,INV7852,2025-04-17,NEFT/RTGS,14515.2,COMPLETED
TXN-INV7853,INV7853,2025-04-18,Bank Transfer,15636.32,COMPLETED
TXN-INV7854,INV7854,2025-04-19,UPI Business,16635.64,COMPLETED
TXN-INV7855,INV7855,2025-04-20,Corporate Card,18220.8,COMPLETED
TXN-INV7856,INV7856,2025-04-21,NEFT/RTGS,15090.6,COMPLETED
TXN-INV7857,INV7857,2025-04-22,Bank Transfer,16250.08,COMPLETED
TXN-INV7858,INV7858,2025-04-23,UPI Business,17282.28,COMPLETED
TXN-INV7859,INV7859,2025-04-24,Corporate Card,18922.24,COMPLETED
TXN-INV7860,INV7860,2025-04-25,NEFT/RTGS,15666,COMPLETED
TXN-INV7861,INV7861,2025-04-26,Bank Transfer,16863.84,COMPLETED
TXN-INV7862,INV7862,2025-04-27,UPI Business,17928.92,COMPLETED
TXN-INV7863,INV7863,2025-04-28,Corporate Card,19623.68,COMPLETED
TXN-INV7864,INV7864,2025-04-01,NEFT/RTGS,16241.4,COMPLETED
TXN-INV7865,INV7865,2025-04-02,Bank Transfer,17477.6,COMPLETED
TXN-INV7866,INV7866,2025-04-03,UPI Business,18575.56,COMPLETED
TXN-INV7867,INV7867,2025-04-04,Corporate Card,20325.12,COMPLETED
TXN-INV7868,INV7868,2025-04-05,NEFT/RTGS,16816.8,COMPLETED
TXN-INV7869,INV7869,2025-04-06,Bank Transfer,18091.36,COMPLETED
TXN-INV7870,INV7870,2025-04-07,UPI Business,19222.2,COMPLETED
TXN-INV7871,INV7871,2025-04-08,Corporate Card,21026.56,COMPLETED
TXN-INV7872,INV7872,2025-04-09,NEFT/RTGS,17392.2,COMPLETED
TXN-INV7873,INV7873,2025-04-10,Bank Transfer,18705.12,COMPLETED
TXN-INV7874,INV7874,2025-04-11,UPI Business,19868.84,COMPLETED
TXN-INV7875,INV7875,2025-04-12,Corporate Card,21728,COMPLETED
TXN-INV7876,INV7876,2025-04-13,NEFT/RTGS,17967.6,COMPLETED
TXN-INV7877,INV7877,2025-04-14,Bank Transfer,19318.88,COMPLETED
TXN-INV7878,INV7878,2025-04-15,UPI Business,20515.48,COMPLETED
TXN-INV7879,INV7879,2025-04-16,Corporate Card,22429.44,COMPLETED
TXN-INV7880,INV7880,2025-04-17,NEFT/RTGS,18543,COMPLETED
TXN-INV7881,INV7881,2025-04-18,Bank Transfer,19932.64,COMPLETED
TXN-INV7882,INV7882,2025-04-19,UPI Business,21162.12,COMPLETED
TXN-INV7883,INV7883,2025-04-20,Corporate Card,23130.88,COMPLETED
TXN-INV7884,INV7884,2025-04-21,NEFT/RTGS,19118.4,COMPLETED
TXN-INV7885,INV7885,2025-04-22,Bank Transfer,20546.4,COMPLETED
TXN-INV7886,INV7886,2025-04-23,UPI Business,21808.76,COMPLETED
TXN-INV7887,INV7887,2025-04-24,Corporate Card,23832.32,COMPLETED
TXN-INV7888,INV7888,2025-04-25,NEFT/RTGS,19693.8,COMPLETED
TXN-INV7889,INV7889,2025-04-26,Bank Transfer,21160.16,COMPLETED
TXN-INV7890,INV7890,2025-04-27,UPI Business,22455.4,COMPLETED
TXN-INV7891,INV7891,2025-04-28,Corporate Card,24533.76,COMPLETED
TXN-INV7892,INV7892,2025-04-01,NEFT/RTGS,20269.2,COMPLETED
TXN-INV7893,INV7893,2025-04-02,Bank Transfer,21773.92,COMPLETED
TXN-INV7894,INV7894,2025-04-03,UPI Business,23102.04,COMPLETED
TXN-INV7895,INV7895,2025-04-04,Corporate Card,25235.2,COMPLETED
TXN-INV7896,INV7896,2025-04-05,NEFT/RTGS,20844.6,COMPLETED
TXN-INV7897,INV7897,2025-04-06,Bank Transfer,22387.68,COMPLETED
TXN-INV7898,INV7898,2025-04-07,UPI Business,23748.68,COMPLETED
TXN-INV7899,INV7899,2025-04-08,Corporate Card,25936.64,COMPLETED
TXN-INV7900,INV7900,2025-04-09,NEFT/RTGS,21420,COMPLETED
TXN-INV7901,INV7901,2025-04-10,Bank Transfer,23001.44,COMPLETED
TXN-INV7902,INV7902,2025-04-11,UPI Business,24395.32,COMPLETED
TXN-INV7903,INV7903,2025-04-12,Corporate Card,26638.08,COMPLETED
TXN-INV7904,INV7904,2025-04-13,NEFT/RTGS,21995.4,COMPLETED
TXN-INV7905,INV7905,2025-04-14,Bank Transfer,23615.2,COMPLETED
TXN-INV7906,INV7906,2025-04-15,UPI Business,25041.96,COMPLETED
TXN-INV7907,INV7907,2025-04-16,Corporate Card,27339.52,COMPLETED
TXN-INV7908,INV7908,2025-04-17,NEFT/RTGS,22570.8,COMPLETED
TXN-INV7909,INV7909,2025-04-18,Bank Transfer,24228.96,COMPLETED
TXN-INV7910,INV7910,2025-04-19,UPI Business,25688.6,COMPLETED
TXN-INV7911,INV7911,2025-04-20,Corporate Card,28040.96,COMPLETED
TXN-INV7912,INV7912,2025-04-21,NEFT/RTGS,23146.2,COMPLETED
TXN-INV7913,INV7913,2025-04-22,Bank Transfer,24842.72,COMPLETED
TXN-INV7914,INV7914,2025-04-23,UPI Business,26335.24,COMPLETED
TXN-INV7915,INV7915,2025-04-24,Corporate Card,28742.4,COMPLETED
TXN-INV7916,INV7916,2025-04-25,NEFT/RTGS,23721.6,COMPLETED
TXN-INV7917,INV7917,2025-04-26,Bank Transfer,25456.48,COMPLETED
TXN-INV7918,INV7918,2025-04-27,UPI Business,26981.88,COMPLETED
TXN-INV7919,INV7919,2025-04-28,Corporate Card,29443.84,COMPLETED
TXN-INV7920,INV7920,2025-04-01,NEFT/RTGS,24297,COMPLETED
TXN-INV7921,INV7921,2025-04-02,Bank Transfer,26070.24,COMPLETED
TXN-INV7922,INV7922,2025-04-03,UPI Business,27628.52,COMPLETED
TXN-INV7923,INV7923,2025-04-04,Corporate Card,30145.28,COMPLETED
TXN-INV7924,INV7924,2025-04-05,NEFT/RTGS,24872.4,COMPLETED
TXN-INV7925,INV7925,2025-04-06,Bank Transfer,26684,COMPLETED
TXN-INV7926,INV7926,2025-04-07,UPI Business,28275.16,COMPLETED
TXN-INV7927,INV7927,2025-04-08,Corporate Card,30846.72,COMPLETED
TXN-INV7928,INV7928,2025-04-09,NEFT/RTGS,25447.8,COMPLETED
TXN-INV7929,INV7929,2025-04-10,Bank Transfer,27297.76,COMPLETED
TXN-INV7930,INV7930,2025-04-11,UPI Business,28921.8,COMPLETED
TXN-INV7931,INV7931,2025-04-12,Corporate Card,31548.16,COMPLETED
TXN-INV7932,INV7932,2025-04-13,NEFT/RTGS,26023.2,COMPLETED
TXN-INV7933,INV7933,2025-04-14,Bank Transfer,27911.52,COMPLETED
TXN-INV7934,INV7934,2025-04-15,UPI Business,29568.44,COMPLETED
TXN-INV7935,INV7935,2025-04-16,Corporate Card,32249.6,COMPLETED
TXN-INV7936,INV7936,2025-04-17,NEFT/RTGS,26598.6,COMPLETED
TXN-INV7937,INV7937,2025-04-18,Bank Transfer,28525.28,COMPLETED
TXN-INV7938,INV7938,2025-04-19,UPI Business,30215.08,COMPLETED
TXN-INV7939,INV7939,2025-04-20,Corporate Card,32951.04,COMPLETED
TXN-INV7940,INV7940,2025-04-21,NEFT/RTGS,27174,COMPLETED
TXN-INV7941,INV7941,2025-04-22,Bank Transfer,29139.04,COMPLETED
TXN-INV7942,INV7942,2025-04-23,UPI Business,30861.72,COMPLETED
TXN-INV7943,INV7943,2025-04-24,Corporate Card,33652.48,COMPLETED
TXN-INV7944,INV7944,2025-04-25,NEFT/RTGS,27749.4,COMPLETED
TXN-INV7945,INV7945,2025-04-26,Bank Transfer,29752.8,COMPLETED
TXN-INV7946,INV7946,2025-04-27,UPI Business,31508.36,COMPLETED
TXN-INV7947,INV7947,2025-04-28,Corporate Card,34353.92,COMPLETED
TXN-INV7948,INV7948,2025-04-01,NEFT/RTGS,28324.8,COMPLETED
TXN-INV7949,INV7949,2025-04-02,Bank Transfer,30366.56,COMPLETED
TXN-INV7950,INV7950,2025-04-03,UPI Business,1003000,COMPLETED
TXN-INV7951,INV7951,2025-04-04,Corporate Card,35055.36,COMPLETED
TXN-INV7952,INV7952,2025-04-05,NEFT/RTGS,28900.2,COMPLETED
TXN-INV7953,INV7953,2025-04-06,Bank Transfer,30980.32,COMPLETED
TXN-INV7954,INV7954,2025-04-07,UPI Business,32801.64,COMPLETED
TXN-INV7955,INV7955,2025-04-08,Corporate Card,35756.8,COMPLETED
TXN-INV7956,INV7956,2025-04-09,NEFT/RTGS,29475.6,COMPLETED
TXN-INV7957,INV7957,2025-04-10,Bank Transfer,31594.08,COMPLETED
TXN-INV7958,INV7958,2025-04-11,UPI Business,33448.28,COMPLETED
TXN-INV7959,INV7959,2025-04-12,Corporate Card,36458.24,COMPLETED
TXN-INV7960,INV7960,2025-04-13,NEFT/RTGS,30051,COMPLETED
TXN-INV7961,INV7961,2025-04-14,Bank Transfer,32207.84,COMPLETED
TXN-INV7962,INV7962,2025-04-15,UPI Business,34094.92,COMPLETED
TXN-INV7963,INV7963,2025-04-16,Corporate Card,37159.68,COMPLETED
TXN-INV7964,INV7964,2025-04-17,NEFT/RTGS,30626.4,COMPLETED
TXN-INV7965,INV7965,2025-04-18,Bank Transfer,32821.6,COMPLETED
TXN-INV7966,INV7966,2025-04-19,UPI Business,34741.56,COMPLETED
TXN-INV7967,INV7967,2025-04-20,Corporate Card,37861.12,COMPLETED
TXN-INV7968,INV7968,2025-04-21,NEFT/RTGS,31201.8,COMPLETED
TXN-INV7969,INV7969,2025-04-22,Bank Transfer,33435.36,COMPLETED
TXN-INV7970,INV7970,2025-04-23,UPI Business,35388.2,COMPLETED
TXN-INV7971,INV7971,2025-04-24,Corporate Card,38562.56,COMPLETED
TXN-INV7972,INV7972,2025-04-25,NEFT/RTGS,31777.2,COMPLETED
TXN-INV7973,INV7973,2025-04-26,Bank Transfer,34049.12,COMPLETED
TXN-INV7974,INV7974,2025-04-27,UPI Business,36034.84,COMPLETED
TXN-INV7975,INV7975,2025-04-28,Corporate Card,39264,COMPLETED
TXN-INV7976,INV7976,2025-04-01,NEFT/RTGS,32352.6,COMPLETED
TXN-INV7977,INV7977,2025-04-02,Bank Transfer,34662.88,COMPLETED
TXN-INV7978,INV7978,2025-04-03,UPI Business,36681.48,COMPLETED
TXN-INV7979,INV7979,2025-04-04,Corporate Card,39965.44,COMPLETED
TXN-INV7980,INV7980,2025-04-05,NEFT/RTGS,32928,COMPLETED
TXN-INV7981,INV7981,2025-04-06,Bank Transfer,35276.64,COMPLETED
TXN-INV7982,INV7982,2025-04-07,UPI Business,37328.12,COMPLETED
TXN-INV7983,INV7983,2025-04-08,Corporate Card,40666.88,COMPLETED
TXN-INV7984,INV7984,2025-04-09,NEFT/RTGS,33503.4,COMPLETED
TXN-INV7985,INV7985,2025-04-10,Bank Transfer,35890.4,COMPLETED
TXN-INV7986,INV7986,2025-04-11,UPI Business,37974.76,COMPLETED
TXN-INV7987,INV7987,2025-04-12,Corporate Card,41368.32,COMPLETED
TXN-INV7988,INV7988,2025-04-13,NEFT/RTGS,34078.8,COMPLETED
TXN-INV7989,INV7989,2025-04-14,Bank Transfer,36504.16,COMPLETED
TXN-INV7990,INV7990,2025-04-15,UPI Business,38621.4,COMPLETED
TXN-INV7991,INV7991,2025-04-16,Corporate Card,42069.76,COMPLETED
TXN-INV7992,INV7992,2025-04-17,NEFT/RTGS,34654.2,COMPLETED
TXN-INV7993,INV7993,2025-04-18,Bank Transfer,37117.92,COMPLETED
TXN-INV7994,INV7994,2025-04-19,UPI Business,39268.04,COMPLETED
TXN-INV7995,INV7995,2025-04-20,Corporate Card,42771.2,COMPLETED
TXN-INV7996,INV7996,2025-04-21,NEFT/RTGS,35229.6,COMPLETED
TXN-INV7997,INV7997,2025-04-22,Bank Transfer,37731.68,COMPLETED
TXN-INV7998,INV7998,2025-04-23,UPI Business,39914.68,COMPLETED
TXN-INV7999,INV7999,2025-04-24,Corporate Card,43472.64,COMPLETED
TXN-INV8000,INV8000,2025-04-25,NEFT/RTGS,35805,COMPLETED
TXN-INV8001,INV8001,2025-04-26,Bank Transfer,38345.44,COMPLETED
TXN-INV8002,INV8002,2025-04-27,UPI Business,40561.32,COMPLETED
TXN-INV8003,INV8003,2025-04-28,Corporate Card,44174.08,COMPLETED
TXN-INV8004,INV8004,2025-04-01,NEFT/RTGS,36380.4,COMPLETED
TXN-INV8005,INV8005,2025-04-02,Bank Transfer,38959.2,COMPLETED
TXN-INV8006,INV8006,2025-04-03,UPI Business,41207.96,COMPLETED
TXN-INV8007,INV8007,2025-04-04,Corporate Card,44875.52,COMPLETED
TXN-INV8008,INV8008,2025-04-05,NEFT/RTGS,36955.8,COMPLETED
TXN-INV8009,INV8009,2025-04-06,Bank Transfer,39572.96,COMPLETED
TXN-INV8010,INV8010,2025-04-07,UPI Business,41854.6,COMPLETED
TXN-INV8011,INV8011,2025-04-08,Corporate Card,45576.96,COMPLETED
TXN-INV8012,INV8012,2025-04-09,NEFT/RTGS,37531.2,COMPLETED
TXN-INV8013,INV8013,2025-04-10,Bank Transfer,40186.72,COMPLETED
TXN-INV8014,INV8014,2025-04-11,UPI Business,42501.24,COMPLETED
TXN-INV8015,INV8015,2025-04-12,Corporate Card,46278.4,COMPLETED
TXN-INV8016,INV8016,2025-04-13,NEFT/RTGS,38106.6,COMPLETED
TXN-INV8017,INV8017,2025-04-14,Bank Transfer,40800.48,COMPLETED
TXN-INV8018,INV8018,2025-04-15,UPI Business,43147.88,COMPLETED
TXN-INV8019,INV8019,2025-04-16,Corporate Card,46979.84,COMPLETED
TXN-INV8020,INV8020,2025-04-17,NEFT/RTGS,38682,COMPLETED
TXN-INV8021,INV8021,2025-04-18,Bank Transfer,41414.24,COMPLETED
TXN-INV8022,INV8022,2025-04-19,UPI Business,43794.52,COMPLETED
TXN-INV8023,INV8023,2025-04-20,Corporate Card,47681.28,COMPLETED
TXN-INV8024,INV8024,2025-04-21,NEFT/RTGS,39257.4,COMPLETED
TXN-INV8025,INV8025,2025-04-22,Bank Transfer,42028,COMPLETED
TXN-INV8026,INV8026,2025-04-23,UPI Business,44441.16,COMPLETED
TXN-INV8027,INV8027,2025-04-24,Corporate Card,48382.72,COMPLETED
TXN-INV8028,INV8028,2025-04-25,NEFT/RTGS,39832.8,COMPLETED
TXN-INV8029,INV8029,2025-04-26,Bank Transfer,42641.76,COMPLETED
TXN-INV8030,INV8030,2025-04-27,UPI Business,45087.8,COMPLETED
TXN-INV8031,INV8031,2025-04-28,Corporate Card,49084.16,COMPLETED
TXN-INV8032,INV8032,2025-04-01,NEFT/RTGS,40408.2,COMPLETED
TXN-INV8033,INV8033,2025-04-02,Bank Transfer,43255.52,COMPLETED
TXN-INV8034,INV8034,2025-04-03,UPI Business,45734.44,COMPLETED
TXN-INV8035,INV8035,2025-04-04,Corporate Card,49785.6,COMPLETED
TXN-INV8036,INV8036,2025-04-05,NEFT/RTGS,40983.6,COMPLETED
TXN-INV8037,INV8037,2025-04-06,Bank Transfer,43869.28,COMPLETED
TXN-INV8038,INV8038,2025-04-07,UPI Business,46381.08,COMPLETED
TXN-INV8039,INV8039,2025-04-08,Corporate Card,50487.04,COMPLETED
TXN-INV8040,INV8040,2025-04-09,NEFT/RTGS,41559,COMPLETED
TXN-INV8041,INV8041,2025-04-10,Bank Transfer,44483.04,COMPLETED
TXN-INV8042,INV8042,2025-04-11,UPI Business,47027.72,COMPLETED
TXN-INV8043,INV8043,2025-04-12,Corporate Card,51188.48,COMPLETED
TXN-INV8044,INV8044,2025-04-13,NEFT/RTGS,42134.4,COMPLETED
TXN-INV8045,INV8045,2025-04-14,Bank Transfer,45096.8,COMPLETED
TXN-INV8046,INV8046,2025-04-15,UPI Business,47674.36,COMPLETED
TXN-INV8047,INV8047,2025-04-16,Corporate Card,51889.92,COMPLETED
TXN-INV8048,INV8048,2025-04-17,NEFT/RTGS,42709.8,COMPLETED
TXN-INV8049,INV8049,2025-04-18,Bank Transfer,45710.56,COMPLETED
TXN-INV8050,INV8050,2025-04-19,UPI Business,48321,COMPLETED
TXN-INV8051,INV8051,2025-04-20,Corporate Card,52591.36,COMPLETED
TXN-INV8052,INV8052,2025-04-21,NEFT/RTGS,43285.2,COMPLETED
TXN-INV8053,INV8053,2025-04-22,Bank Transfer,46324.32,COMPLETED
TXN-INV8054,INV8054,2025-04-23,UPI Business,48967.64,COMPLETED
TXN-INV8055,INV8055,2025-04-24,Corporate Card,53292.8,COMPLETED
TXN-INV8056,INV8056,2025-04-25,NEFT/RTGS,43860.6,COMPLETED
TXN-INV8057,INV8057,2025-04-26,Bank Transfer,46938.08,COMPLETED
TXN-INV8058,INV8058,2025-04-27,UPI Business,49614.28,COMPLETED
TXN-INV8059,INV8059,2025-04-28,Corporate Card,53994.24,COMPLETED
TXN-INV8060,INV8060,2025-04-01,NEFT/RTGS,44436,COMPLETED
TXN-INV8061,INV8061,2025-04-02,Bank Transfer,47551.84,COMPLETED
TXN-INV8062,INV8062,2025-04-03,UPI Business,50260.92,COMPLETED
TXN-INV8063,INV8063,2025-04-04,Corporate Card,54695.68,COMPLETED
TXN-INV8064,INV8064,2025-04-05,NEFT/RTGS,45011.4,COMPLETED
TXN-INV8065,INV8065,2025-04-06,Bank Transfer,48165.6,COMPLETED
TXN-INV8066,INV8066,2025-04-07,UPI Business,50907.56,COMPLETED
TXN-INV8067,INV8067,2025-04-08,Corporate Card,55397.12,COMPLETED
TXN-INV8068,INV8068,2025-04-09,NEFT/RTGS,45586.8,COMPLETED
TXN-INV8069,INV8069,2025-04-10,Bank Transfer,48779.36,COMPLETED
TXN-INV8070,INV8070,2025-04-11,UPI Business,51554.2,COMPLETED
TXN-INV8071,INV8071,2025-04-12,Corporate Card,56098.56,COMPLETED
TXN-INV8072,INV8072,2025-04-13,NEFT/RTGS,46162.2,COMPLETED
TXN-INV8073,INV8073,2025-04-14,Bank Transfer,49393.12,COMPLETED
TXN-INV8074,INV8074,2025-04-15,UPI Business,52200.84,COMPLETED
TXN-INV8075,INV8075,2025-04-16,Corporate Card,56800,COMPLETED
TXN-INV8076,INV8076,2025-04-17,NEFT/RTGS,46737.6,COMPLETED
TXN-INV8077,INV8077,2025-04-18,Bank Transfer,50006.88,COMPLETED
TXN-INV8078,INV8078,2025-04-19,UPI Business,52847.48,COMPLETED
TXN-INV8079,INV8079,2025-04-20,Corporate Card,57501.44,COMPLETED
TXN-INV8080,INV8080,2025-04-21,NEFT/RTGS,47313,COMPLETED
TXN-INV8081,INV8081,2025-04-22,Bank Transfer,50620.64,COMPLETED
TXN-INV8082,INV8082,2025-04-23,UPI Business,53494.12,COMPLETED
TXN-INV8083,INV8083,2025-04-24,Corporate Card,58202.88,COMPLETED
TXN-INV8084,INV8084,2025-04-25,NEFT/RTGS,47888.4,COMPLETED
TXN-INV8085,INV8085,2025-04-26,Bank Transfer,51234.4,COMPLETED
TXN-INV8086,INV8086,2025-04-27,UPI Business,54140.76,COMPLETED
TXN-INV8087,INV8087,2025-04-28,Corporate Card,58904.32,COMPLETED
TXN-INV8088,INV8088,2025-04-01,NEFT/RTGS,48463.8,COMPLETED
TXN-INV8089,INV8089,2025-04-02,Bank Transfer,51848.16,COMPLETED
TXN-INV8090,INV8090,2025-04-03,UPI Business,54787.4,COMPLETED
TXN-INV8091,INV8091,2025-04-04,Corporate Card,59605.76,COMPLETED
TXN-INV8092,INV8092,2025-04-05,NEFT/RTGS,49039.2,COMPLETED
TXN-INV8093,INV8093,2025-04-06,Bank Transfer,52461.92,COMPLETED
TXN-INV8094,INV8094,2025-04-07,UPI Business,55434.04,COMPLETED
TXN-INV8095,INV8095,2025-04-08,Corporate Card,60307.2,COMPLETED
TXN-INV8096,INV8096,2025-04-09,NEFT/RTGS,49614.6,COMPLETED
TXN-INV8097,INV8097,2025-04-10,Bank Transfer,53075.68,COMPLETED
TXN-INV8098,INV8098,2025-04-11,UPI Business,56080.68,COMPLETED
TXN-INV8099,INV8099,2025-04-12,Corporate Card,61008.64,COMPLETED
TXN-INV8100,INV8100,2025-04-13,NEFT/RTGS,50190,COMPLETED
TXN-INV8101,INV8101,2025-04-14,Bank Transfer,53689.44,COMPLETED
TXN-INV8102,INV8102,2025-04-15,UPI Business,56727.32,COMPLETED
TXN-INV8103,INV8103,2025-04-16,Corporate Card,61710.08,COMPLETED
TXN-INV8104,INV8104,2025-04-17,NEFT/RTGS,50765.4,COMPLETED
TXN-INV8105,INV8105,2025-04-18,Bank Transfer,54303.2,COMPLETED
TXN-INV8106,INV8106,2025-04-19,UPI Business,57373.96,COMPLETED
TXN-INV8107,INV8107,2025-04-20,Corporate Card,62411.52,COMPLETED
TXN-INV8108,INV8108,2025-04-21,NEFT/RTGS,51340.8,COMPLETED
TXN-INV8109,INV8109,2025-04-22,Bank Transfer,54916.96,COMPLETED
TXN-INV8110,INV8110,2025-04-23,UPI Business,58020.6,COMPLETED
TXN-INV8111,INV8111,2025-04-24,Corporate Card,63112.96,COMPLETED
TXN-INV8112,INV8112,2025-04-25,NEFT/RTGS,51916.2,COMPLETED
TXN-INV8113,INV8113,2025-04-26,Bank Transfer,55530.72,COMPLETED
TXN-INV8114,INV8114,2025-04-27,UPI Business,58667.24,COMPLETED
TXN-INV8115,INV8115,2025-04-28,Corporate Card,63814.4,COMPLETED
TXN-INV8116,INV8116,2025-04-01,NEFT/RTGS,52491.6,COMPLETED
TXN-INV8117,INV8117,2025-04-02,Bank Transfer,56144.48,COMPLETED
TXN-INV8118,INV8118,2025-04-03,UPI Business,59313.88,COMPLETED
TXN-INV8119,INV8119,2025-04-04,Corporate Card,64515.84,COMPLETED
TXN-INV8120,INV8120,2025-04-05,NEFT/RTGS,53067,COMPLETED
TXN-INV8121,INV8121,2025-04-06,Bank Transfer,56758.24,COMPLETED
TXN-INV8122,INV8122,2025-04-07,UPI Business,59960.52,COMPLETED
TXN-INV8123,INV8123,2025-04-08,Corporate Card,65217.28,COMPLETED
TXN-INV8124,INV8124,2025-04-09,NEFT/RTGS,53642.4,COMPLETED
TXN-INV8125,INV8125,2025-04-10,Bank Transfer,57372,COMPLETED
TXN-INV8126,INV8126,2025-04-11,UPI Business,60607.16,COMPLETED
TXN-INV8127,INV8127,2025-04-12,Corporate Card,65918.72,COMPLETED
TXN-INV8128,INV8128,2025-04-13,NEFT/RTGS,54217.8,COMPLETED
TXN-INV8129,INV8129,2025-04-14,Bank Transfer,57985.76,COMPLETED
TXN-INV8130,INV8130,2025-04-15,UPI Business,61253.8,COMPLETED
TXN-INV8131,INV8131,2025-04-16,Corporate Card,66620.16,COMPLETED
TXN-INV8132,INV8132,2025-04-17,NEFT/RTGS,54793.2,COMPLETED
TXN-INV8133,INV8133,2025-04-18,Bank Transfer,58599.52,COMPLETED
TXN-INV8134,INV8134,2025-04-19,UPI Business,61900.44,COMPLETED
TXN-INV8135,INV8135,2025-04-20,Corporate Card,67321.6,COMPLETED
TXN-INV8136,INV8136,2025-04-21,NEFT/RTGS,55368.6,COMPLETED
TXN-INV8137,INV8137,2025-04-22,Bank Transfer,59213.28,COMPLETED
TXN-INV8138,INV8138,2025-04-23,UPI Business,62547.08,COMPLETED
TXN-INV8139,INV8139,2025-04-24,Corporate Card,68023.04,COMPLETED
TXN-INV8140,INV8140,2025-04-25,NEFT/RTGS,55944,COMPLETED
TXN-INV8141,INV8141,2025-04-26,Bank Transfer,59827.04,COMPLETED
TXN-INV8142,INV8142,2025-04-27,UPI Business,63193.72,COMPLETED
TXN-INV8143,INV8143,2025-04-28,Corporate Card,68724.48,COMPLETED
TXN-INV8144,INV8144,2025-04-01,NEFT/RTGS,56519.4,COMPLETED
TXN-INV8145,INV8145,2025-04-02,Bank Transfer,60440.8,COMPLETED
TXN-INV8146,INV8146,2025-04-03,UPI Business,63840.36,COMPLETED
TXN-INV8147,INV8147,2025-04-04,Corporate Card,69425.92,COMPLETED
TXN-INV8148,INV8148,2025-04-05,NEFT/RTGS,57094.8,COMPLETED
TXN-INV8149,INV8149,2025-04-06,Bank Transfer,61054.56,COMPLETED
TXN-INV8150,INV8150,2025-04-07,UPI Business,64487,COMPLETED
TXN-INV8151,INV8151,2025-04-08,Corporate Card,70127.36,COMPLETED
TXN-INV8152,INV8152,2025-04-09,NEFT/RTGS,57670.2,COMPLETED
TXN-INV8153,INV8153,2025-04-10,Bank Transfer,61668.32,COMPLETED
TXN-INV8154,INV8154,2025-04-11,UPI Business,65133.64,COMPLETED
TXN-INV8155,INV8155,2025-04-12,Corporate Card,70828.8,COMPLETED
TXN-INV8156,INV8156,2025-04-13,NEFT/RTGS,58245.6,COMPLETED
TXN-INV8157,INV8157,2025-04-14,Bank Transfer,62282.08,COMPLETED
TXN-INV8158,INV8158,2025-04-15,UPI Business,65780.28,COMPLETED
TXN-INV8159,INV8159,2025-04-16,Corporate Card,71530.24,COMPLETED
TXN-INV8160,INV8160,2025-04-17,NEFT/RTGS,58821,COMPLETED
TXN-INV8161,INV8161,2025-04-18,Bank Transfer,62895.84,COMPLETED
TXN-INV8162,INV8162,2025-04-19,UPI Business,66426.92,COMPLETED
TXN-INV8163,INV8163,2025-04-20,Corporate Card,72231.68,COMPLETED
TXN-INV8164,INV8164,2025-04-21,NEFT/RTGS,59396.4,COMPLETED
TXN-INV8165,INV8165,2025-04-22,Bank Transfer,63509.6,COMPLETED
TXN-INV8166,INV8166,2025-04-23,UPI Business,67073.56,COMPLETED
TXN-INV8167,INV8167,2025-04-24,Corporate Card,72933.12,COMPLETED
TXN-INV8168,INV8168,2025-04-25,NEFT/RTGS,59971.8,COMPLETED
TXN-INV8169,INV8169,2025-04-26,Bank Transfer,64123.36,COMPLETED
TXN-INV8170,INV8170,2025-04-27,UPI Business,67720.2,COMPLETED
TXN-INV8171,INV8171,2025-04-28,Corporate Card,73634.56,COMPLETED
TXN-INV8172,INV8172,2025-04-01,NEFT/RTGS,60547.2,COMPLETED
TXN-INV8173,INV8173,2025-04-02,Bank Transfer,64737.12,COMPLETED
TXN-INV8174,INV8174,2025-04-03,UPI Business,68366.84,COMPLETED
TXN-INV8175,INV8175,2025-04-04,Corporate Card,74336,COMPLETED
TXN-INV8176,INV8176,2025-04-05,NEFT/RTGS,61122.6,COMPLETED
TXN-INV8177,INV8177,2025-04-06,Bank Transfer,65350.88,COMPLETED
TXN-INV8178,INV8178,2025-04-07,UPI Business,69013.48,COMPLETED
TXN-INV8179,INV8179,2025-04-08,Corporate Card,75037.44,COMPLETED
TXN-INV8180,INV8180,2025-04-09,NEFT/RTGS,61698,COMPLETED
TXN-INV8181,INV8181,2025-04-10,Bank Transfer,65964.64,COMPLETED
TXN-INV8182,INV8182,2025-04-11,UPI Business,69660.12,COMPLETED
TXN-INV8183,INV8183,2025-04-12,Corporate Card,75738.88,COMPLETED
TXN-INV8184,INV8184,2025-04-13,NEFT/RTGS,62273.4,COMPLETED
TXN-INV8185,INV8185,2025-04-14,Bank Transfer,66578.4,COMPLETED
TXN-INV8186,INV8186,2025-04-15,UPI Business,70306.76,COMPLETED
TXN-INV8187,INV8187,2025-04-16,Corporate Card,76440.32,COMPLETED
TXN-INV8188,INV8188,2025-04-17,NEFT/RTGS,62848.8,COMPLETED
TXN-INV8189,INV8189,2025-04-18,Bank Transfer,67192.16,COMPLETED
TXN-INV8190,INV8190,2025-04-19,UPI Business,70953.4,COMPLETED
TXN-INV8191,INV8191,2025-04-20,Corporate Card,77141.76,COMPLETED
TXN-INV8192,INV8192,2025-04-21,NEFT/RTGS,63424.2,COMPLETED
TXN-INV8193,INV8193,2025-04-22,Bank Transfer,67805.92,COMPLETED
TXN-INV8194,INV8194,2025-04-23,UPI Business,71600.04,COMPLETED
TXN-INV8195,INV8195,2025-04-24,Corporate Card,77843.2,COMPLETED
TXN-INV8196,INV8196,2025-04-25,NEFT/RTGS,63999.6,COMPLETED
TXN-INV8197,INV8197,2025-04-26,Bank Transfer,68419.68,COMPLETED
TXN-INV8198,INV8198,2025-04-27,UPI Business,72246.68,COMPLETED
TXN-INV8199,INV8199,2025-04-28,Corporate Card,78544.64,COMPLETED
TXN-INV8200,INV8200,2025-04-01,NEFT/RTGS,1102500,COMPLETED
TXN-INV8201,INV8201,2025-04-02,Bank Transfer,69033.44,COMPLETED
TXN-INV8202,INV8202,2025-04-03,UPI Business,72893.32,COMPLETED
TXN-INV8203,INV8203,2025-04-04,Corporate Card,79246.08,COMPLETED
TXN-INV8204,INV8204,2025-04-05,NEFT/RTGS,65150.4,COMPLETED
TXN-INV8205,INV8205,2025-04-06,Bank Transfer,69647.2,COMPLETED
TXN-INV8206,INV8206,2025-04-07,UPI Business,73539.96,COMPLETED
TXN-INV8207,INV8207,2025-04-08,Corporate Card,79947.52,COMPLETED
TXN-INV8208,INV8208,2025-04-09,NEFT/RTGS,65725.8,COMPLETED
TXN-INV8209,INV8209,2025-04-10,Bank Transfer,70260.96,COMPLETED
TXN-INV8210,INV8210,2025-04-11,UPI Business,74186.6,COMPLETED
TXN-INV8211,INV8211,2025-04-12,Corporate Card,80648.96,COMPLETED
TXN-INV8212,INV8212,2025-04-13,NEFT/RTGS,66301.2,COMPLETED
TXN-INV8213,INV8213,2025-04-14,Bank Transfer,70874.72,COMPLETED
TXN-INV8214,INV8214,2025-04-15,UPI Business,74833.24,COMPLETED
TXN-INV8215,INV8215,2025-04-16,Corporate Card,81350.4,COMPLETED
TXN-INV8216,INV8216,2025-04-17,NEFT/RTGS,66876.6,COMPLETED
TXN-INV8217,INV8217,2025-04-18,Bank Transfer,71488.48,COMPLETED
TXN-INV8218,INV8218,2025-04-19,UPI Business,75479.88,COMPLETED
TXN-INV8219,INV8219,2025-04-20,Corporate Card,82051.84,COMPLETED
TXN-INV8220,INV8220,2025-04-21,NEFT/RTGS,67452,COMPLETED
TXN-INV8221,INV8221,2025-04-22,Bank Transfer,72102.24,COMPLETED
TXN-INV8222,INV8222,2025-04-23,UPI Business,76126.52,COMPLETED
TXN-INV8223,INV8223,2025-04-24,Corporate Card,82753.28,COMPLETED
TXN-INV8224,INV8224,2025-04-25,NEFT/RTGS,68027.4,COMPLETED
TXN-INV8225,INV8225,2025-04-26,Bank Transfer,72716,COMPLETED
TXN-INV8226,INV8226,2025-04-27,UPI Business,76773.16,COMPLETED
TXN-INV8227,INV8227,2025-04-28,Corporate Card,83454.72,COMPLETED
TXN-INV8228,INV8228,2025-04-01,NEFT/RTGS,68602.8,COMPLETED
TXN-INV8229,INV8229,2025-04-02,Bank Transfer,73329.76,COMPLETED
TXN-INV8230,INV8230,2025-04-03,UPI Business,77419.8,COMPLETED
TXN-INV8231,INV8231,2025-04-04,Corporate Card,84156.16,COMPLETED
TXN-INV8232,INV8232,2025-04-05,NEFT/RTGS,69178.2,COMPLETED
TXN-INV8233,INV8233,2025-04-06,Bank Transfer,73943.52,COMPLETED
TXN-INV8234,INV8234,2025-04-07,UPI Business,78066.44,COMPLETED
TXN-INV8235,INV8235,2025-04-08,Corporate Card,84857.6,COMPLETED
TXN-INV8236,INV8236,2025-04-09,NEFT/RTGS,69753.6,COMPLETED
TXN-INV8237,INV8237,2025-04-10,Bank Transfer,74557.28,COMPLETED
TXN-INV8238,INV8238,2025-04-11,UPI Business,78713.08,COMPLETED
TXN-INV8239,INV8239,2025-04-12,Corporate Card,85559.04,COMPLETED
TXN-INV8240,INV8240,2025-04-13,NEFT/RTGS,70329,COMPLETED
TXN-INV8241,INV8241,2025-04-14,Bank Transfer,75171.04,COMPLETED
TXN-INV8242,INV8242,2025-04-15,UPI Business,79359.72,COMPLETED
TXN-INV8243,INV8243,2025-04-16,Corporate Card,86260.48,COMPLETED
TXN-INV8244,INV8244,2025-04-17,NEFT/RTGS,70904.4,COMPLETED
TXN-INV8245,INV8245,2025-04-18,Bank Transfer,75784.8,COMPLETED
TXN-INV8246,INV8246,2025-04-19,UPI Business,80006.36,COMPLETED
TXN-INV8247,INV8247,2025-04-20,Corporate Card,86961.92,COMPLETED
TXN-INV8248,INV8248,2025-04-21,NEFT/RTGS,71479.8,COMPLETED
TXN-INV8249,INV8249,2025-04-22,Bank Transfer,76398.56,COMPLETED
TXN-INV8250,INV8250,2025-04-23,UPI Business,80653,COMPLETED
TXN-INV8251,INV8251,2025-04-24,Corporate Card,87663.36,COMPLETED
TXN-INV8252,INV8252,2025-04-25,NEFT/RTGS,72055.2,COMPLETED
TXN-INV8253,INV8253,2025-04-26,Bank Transfer,77012.32,COMPLETED
TXN-INV8254,INV8254,2025-04-27,UPI Business,81299.64,COMPLETED
TXN-INV8255,INV8255,2025-04-28,Corporate Card,88364.8,COMPLETED
TXN-INV8256,INV8256,2025-04-01,NEFT/RTGS,72630.6,COMPLETED
TXN-INV8257,INV8257,2025-04-02,Bank Transfer,77626.08,COMPLETED
TXN-INV8258,INV8258,2025-04-03,UPI Business,81946.28,COMPLETED
TXN-INV8259,INV8259,2025-04-04,Corporate Card,89066.24,COMPLETED
TXN-INV8260,INV8260,2025-04-05,NEFT/RTGS,73206,COMPLETED
TXN-INV8261,INV8261,2025-04-06,Bank Transfer,78239.84,COMPLETED
TXN-INV8262,INV8262,2025-04-07,UPI Business,82592.92,COMPLETED
TXN-INV8263,INV8263,2025-04-08,Corporate Card,89767.68,COMPLETED
TXN-INV8264,INV8264,2025-04-09,NEFT/RTGS,73781.4,COMPLETED
TXN-INV8265,INV8265,2025-04-10,Bank Transfer,78853.6,COMPLETED
TXN-INV8266,INV8266,2025-04-11,UPI Business,83239.56,COMPLETED
TXN-INV8267,INV8267,2025-04-12,Corporate Card,90469.12,COMPLETED
TXN-INV8268,INV8268,2025-04-13,NEFT/RTGS,74356.8,COMPLETED
TXN-INV8269,INV8269,2025-04-14,Bank Transfer,79467.36,COMPLETED
TXN-INV8270,INV8270,2025-04-15,UPI Business,83886.2,COMPLETED
TXN-INV8271,INV8271,2025-04-16,Corporate Card,91170.56,COMPLETED
TXN-INV8272,INV8272,2025-04-17,NEFT/RTGS,74932.2,COMPLETED
TXN-INV8273,INV8273,2025-04-18,Bank Transfer,80081.12,COMPLETED
TXN-INV8274,INV8274,2025-04-19,UPI Business,84532.84,COMPLETED
TXN-INV8275,INV8275,2025-04-20,Corporate Card,91872,COMPLETED
TXN-INV8276,INV8276,2025-04-21,NEFT/RTGS,75507.6,COMPLETED
TXN-INV8277,INV8277,2025-04-22,Bank Transfer,80694.88,COMPLETED
TXN-INV8278,INV8278,2025-04-23,UPI Business,85179.48,COMPLETED
TXN-INV8279,INV8279,2025-04-24,Corporate Card,92573.44,COMPLETED
TXN-INV8280,INV8280,2025-04-25,NEFT/RTGS,76083,COMPLETED
TXN-INV8281,INV8281,2025-04-26,Bank Transfer,81308.64,COMPLETED
TXN-INV8282,INV8282,2025-04-27,UPI Business,85826.12,COMPLETED
TXN-INV8283,INV8283,2025-04-28,Corporate Card,93274.88,COMPLETED
TXN-INV8284,INV8284,2025-04-01,NEFT/RTGS,76658.4,COMPLETED
TXN-INV8285,INV8285,2025-04-02,Bank Transfer,81922.4,COMPLETED
TXN-INV8286,INV8286,2025-04-03,UPI Business,86472.76,COMPLETED
TXN-INV8287,INV8287,2025-04-04,Corporate Card,93976.32,COMPLETED
TXN-INV8288,INV8288,2025-04-05,NEFT/RTGS,77233.8,COMPLETED
TXN-INV8289,INV8289,2025-04-06,Bank Transfer,82536.16,COMPLETED
TXN-INV8290,INV8290,2025-04-07,UPI Business,87119.4,COMPLETED
TXN-INV8291,INV8291,2025-04-08,Corporate Card,94677.76,COMPLETED
TXN-INV8292,INV8292,2025-04-09,NEFT/RTGS,77809.2,COMPLETED
TXN-INV8293,INV8293,2025-04-10,Bank Transfer,83149.92,COMPLETED
TXN-INV8294,INV8294,2025-04-11,UPI Business,87766.04,COMPLETED
TXN-INV8295,INV8295,2025-04-12,Corporate Card,95379.2,COMPLETED
TXN-INV8296,INV8296,2025-04-13,NEFT/RTGS,78384.6,COMPLETED
TXN-INV8297,INV8297,2025-04-14,Bank Transfer,83763.68,COMPLETED
TXN-INV8298,INV8298,2025-04-15,UPI Business,88412.68,COMPLETED
TXN-INV8299,INV8299,2025-04-16,Corporate Card,96080.64,COMPLETED
TXN-INV8300,INV8300,2025-04-17,NEFT/RTGS,78960,COMPLETED
TXN-INV8301,INV8301,2025-04-18,Bank Transfer,84377.44,COMPLETED
TXN-INV8302,INV8302,2025-04-19,UPI Business,89059.32,COMPLETED
TXN-INV8303,INV8303,2025-04-20,Corporate Card,96782.08,COMPLETED
TXN-INV8304,INV8304,2025-04-21,NEFT/RTGS,79535.4,COMPLETED
TXN-INV8305,INV8305,2025-04-22,Bank Transfer,84991.2,COMPLETED
TXN-INV8306,INV8306,2025-04-23,UPI Business,89705.96,COMPLETED
TXN-INV8307,INV8307,2025-04-24,Corporate Card,97483.52,COMPLETED
TXN-INV8308,INV8308,2025-04-25,NEFT/RTGS,80110.8,COMPLETED
TXN-INV8309,INV8309,2025-04-26,Bank Transfer,85604.96,COMPLETED
TXN-INV8310,INV8310,2025-04-27,UPI Business,90352.6,COMPLETED
TXN-INV8311,INV8311,2025-04-28,Corporate Card,98184.96,COMPLETED
TXN-INV8312,INV8312,2025-04-01,NEFT/RTGS,80686.2,COMPLETED
TXN-INV8313,INV8313,2025-04-02,Bank Transfer,86218.72,COMPLETED
TXN-INV8314,INV8314,2025-04-03,UPI Business,90999.24,COMPLETED
TXN-INV8315,INV8315,2025-04-04,Corporate Card,98886.4,COMPLETED
TXN-INV8316,INV8316,2025-04-05,NEFT/RTGS,81261.6,COMPLETED
TXN-INV8317,INV8317,2025-04-06,Bank Transfer,2832.48,COMPLETED
TXN-INV8318,INV8318,2025-04-07,UPI Business,3145.88,COMPLETED
TXN-INV8319,INV8319,2025-04-08,Corporate Card,3587.84,COMPLETED
TXN-INV8320,INV8320,2025-04-09,NEFT/RTGS,3087,COMPLETED
TXN-INV8321,INV8321,2025-04-10,Bank Transfer,3446.24,COMPLETED
TXN-INV8322,INV8322,2025-04-11,UPI Business,3792.52,COMPLETED
TXN-INV8323,INV8323,2025-04-12,Corporate Card,4289.28,COMPLETED
TXN-INV8324,INV8324,2025-04-13,NEFT/RTGS,3662.4,COMPLETED
TXN-INV8325,INV8325,2025-04-14,Bank Transfer,4060,COMPLETED
TXN-INV8326,INV8326,2025-04-15,UPI Business,4439.16,COMPLETED
TXN-INV8327,INV8327,2025-04-16,Corporate Card,4990.72,COMPLETED
TXN-INV8328,INV8328,2025-04-17,NEFT/RTGS,4237.8,COMPLETED
TXN-INV8329,INV8329,2025-04-18,Bank Transfer,4673.76,COMPLETED
TXN-INV8330,INV8330,2025-04-19,UPI Business,5085.8,COMPLETED
TXN-INV8331,INV8331,2025-04-20,Corporate Card,5692.16,COMPLETED
TXN-INV8332,INV8332,2025-04-21,NEFT/RTGS,4813.2,COMPLETED
TXN-INV8333,INV8333,2025-04-22,Bank Transfer,5287.52,COMPLETED
TXN-INV8334,INV8334,2025-04-23,UPI Business,5732.44,COMPLETED
TXN-INV8335,INV8335,2025-04-24,Corporate Card,6393.6,COMPLETED
TXN-INV8336,INV8336,2025-04-25,NEFT/RTGS,5388.6,COMPLETED
TXN-INV8337,INV8337,2025-04-26,Bank Transfer,5901.28,COMPLETED
TXN-INV8338,INV8338,2025-04-27,UPI Business,6379.08,COMPLETED
TXN-INV8339,INV8339,2025-04-28,Corporate Card,7095.04,COMPLETED
TXN-INV8340,INV8340,2025-04-01,NEFT/RTGS,5964,COMPLETED
TXN-INV8341,INV8341,2025-04-02,Bank Transfer,6515.04,COMPLETED
TXN-INV8342,INV8342,2025-04-03,UPI Business,7025.72,COMPLETED
TXN-INV8343,INV8343,2025-04-04,Corporate Card,7796.48,COMPLETED
TXN-INV8344,INV8344,2025-04-05,NEFT/RTGS,6539.4,COMPLETED
TXN-INV8345,INV8345,2025-04-06,Bank Transfer,7128.8,COMPLETED
TXN-INV8346,INV8346,2025-04-07,UPI Business,7672.36,COMPLETED
TXN-INV8347,INV8347,2025-04-08,Corporate Card,8497.92,COMPLETED
TXN-INV8348,INV8348,2025-04-09,NEFT/RTGS,7114.8,COMPLETED
TXN-INV8349,INV8349,2025-04-10,Bank Transfer,7742.56,COMPLETED
TXN-INV8350,INV8350,2025-04-11,UPI Business,8319,COMPLETED
TXN-INV8351,INV8351,2025-04-12,Corporate Card,9199.36,COMPLETED
TXN-INV8352,INV8352,2025-04-13,NEFT/RTGS,7690.2,COMPLETED
TXN-INV8353,INV8353,2025-04-14,Bank Transfer,8356.32,COMPLETED
TXN-INV8354,INV8354,2025-04-15,UPI Business,8965.64,COMPLETED
TXN-INV8355,INV8355,2025-04-16,Corporate Card,9900.8,COMPLETED
TXN-INV8356,INV8356,2025-04-17,NEFT/RTGS,8265.6,COMPLETED
TXN-INV8357,INV8357,2025-04-18,Bank Transfer,8970.08,COMPLETED
TXN-INV8358,INV8358,2025-04-19,UPI Business,9612.28,COMPLETED
TXN-INV8359,INV8359,2025-04-20,Corporate Card,10602.24,COMPLETED
TXN-INV8360,INV8360,2025-04-21,NEFT/RTGS,8841,COMPLETED
TXN-INV8361,INV8361,2025-04-22,Bank Transfer,9583.84,COMPLETED
TXN-INV8362,INV8362,2025-04-23,UPI Business,10258.92,COMPLETED
TXN-INV8363,INV8363,2025-04-24,Corporate Card,11303.68,COMPLETED
TXN-INV8364,INV8364,2025-04-25,NEFT/RTGS,9416.4,COMPLETED
TXN-INV8365,INV8365,2025-04-26,Bank Transfer,10197.6,COMPLETED
TXN-INV8366,INV8366,2025-04-27,UPI Business,10905.56,COMPLETED
TXN-INV8367,INV8367,2025-04-28,Corporate Card,12005.12,COMPLETED
TXN-INV8368,INV8368,2025-04-01,NEFT/RTGS,9991.8,COMPLETED
TXN-INV8369,INV8369,2025-04-02,Bank Transfer,10811.36,COMPLETED
TXN-INV8370,INV8370,2025-04-03,UPI Business,11552.2,COMPLETED
TXN-INV8371,INV8371,2025-04-04,Corporate Card,12706.56,COMPLETED
TXN-INV8372,INV8372,2025-04-05,NEFT/RTGS,10567.2,COMPLETED
TXN-INV8373,INV8373,2025-04-06,Bank Transfer,11425.12,COMPLETED
TXN-INV8374,INV8374,2025-04-07,UPI Business,12198.84,COMPLETED
TXN-INV8375,INV8375,2025-04-08,Corporate Card,13408,COMPLETED
TXN-INV8376,INV8376,2025-04-09,NEFT/RTGS,11142.6,COMPLETED
TXN-INV8377,INV8377,2025-04-10,Bank Transfer,12038.88,COMPLETED
TXN-INV8378,INV8378,2025-04-11,UPI Business,12845.48,COMPLETED
TXN-INV8379,INV8379,2025-04-12,Corporate Card,14109.44,COMPLETED
TXN-INV8380,INV8380,2025-04-13,NEFT/RTGS,11718,COMPLETED
TXN-INV8381,INV8381,2025-04-14,Bank Transfer,12652.64,COMPLETED
TXN-INV8382,INV8382,2025-04-15,UPI Business,13492.12,COMPLETED
TXN-INV8383,INV8383,2025-04-16,Corporate Card,14810.88,COMPLETED
TXN-INV8384,INV8384,2025-04-17,NEFT/RTGS,12293.4,COMPLETED
TXN-INV8385,INV8385,2025-04-18,Bank Transfer,13266.4,COMPLETED
TXN-INV8386,INV8386,2025-04-19,UPI Business,14138.76,COMPLETED
TXN-INV8387,INV8387,2025-04-20,Corporate Card,15512.32,COMPLETED
TXN-INV8388,INV8388,2025-04-21,NEFT/RTGS,12868.8,COMPLETED
TXN-INV8389,INV8389,2025-04-22,Bank Transfer,13880.16,COMPLETED
TXN-INV8390,INV8390,2025-04-23,UPI Business,14785.4,COMPLETED
TXN-INV8391,INV8391,2025-04-24,Corporate Card,16213.76,COMPLETED
TXN-INV8392,INV8392,2025-04-25,NEFT/RTGS,13444.2,COMPLETED
TXN-INV8393,INV8393,2025-04-26,Bank Transfer,14493.92,COMPLETED
TXN-INV8394,INV8394,2025-04-27,UPI Business,15432.04,COMPLETED
TXN-INV8395,INV8395,2025-04-28,Corporate Card,16915.2,COMPLETED
TXN-INV8396,INV8396,2025-04-01,NEFT/RTGS,14019.6,COMPLETED
TXN-INV8397,INV8397,2025-04-02,Bank Transfer,15107.68,COMPLETED
TXN-INV8398,INV8398,2025-04-03,UPI Business,16078.68,COMPLETED
TXN-INV8399,INV8399,2025-04-04,Corporate Card,17616.64,COMPLETED
TXN-INV8400,INV8400,2025-04-05,NEFT/RTGS,14595,COMPLETED
TXN-INV8401,INV8401,2025-04-06,Bank Transfer,15721.44,COMPLETED
TXN-INV8402,INV8402,2025-04-07,UPI Business,16725.32,COMPLETED
TXN-INV8403,INV8403,2025-04-08,Corporate Card,18318.08,COMPLETED
TXN-INV8404,INV8404,2025-04-09,NEFT/RTGS,15170.4,COMPLETED
TXN-INV8405,INV8405,2025-04-10,Bank Transfer,16335.2,COMPLETED
TXN-INV8406,INV8406,2025-04-11,UPI Business,17371.96,COMPLETED
TXN-INV8407,INV8407,2025-04-12,Corporate Card,19019.52,COMPLETED
TXN-INV8408,INV8408,2025-04-13,NEFT/RTGS,15745.8,COMPLETED
TXN-INV8409,INV8409,2025-04-14,Bank Transfer,16948.96,COMPLETED
TXN-INV8410,INV8410,2025-04-15,UPI Business,18018.6,COMPLETED
TXN-INV8411,INV8411,2025-04-16,Corporate Card,19720.96,COMPLETED
TXN-INV8412,INV8412,2025-04-17,NEFT/RTGS,16321.2,COMPLETED
TXN-INV8413,INV8413,2025-04-18,Bank Transfer,17562.72,COMPLETED
TXN-INV8414,INV8414,2025-04-19,UPI Business,18665.24,COMPLETED
TXN-INV8415,INV8415,2025-04-20,Corporate Card,20422.4,COMPLETED
TXN-INV8416,INV8416,2025-04-21,NEFT/RTGS,16896.6,COMPLETED
TXN-INV8417,INV8417,2025-04-22,Bank Transfer,18176.48,COMPLETED
TXN-INV8418,INV8418,2025-04-23,UPI Business,19311.88,COMPLETED
TXN-INV8419,INV8419,2025-04-24,Corporate Card,21123.84,COMPLETED
TXN-INV8420,INV8420,2025-04-25,NEFT/RTGS,17472,COMPLETED
TXN-INV8421,INV8421,2025-04-26,Bank Transfer,18790.24,COMPLETED
TXN-INV8422,INV8422,2025-04-27,UPI Business,19958.52,COMPLETED
TXN-INV8423,INV8423,2025-04-28,Corporate Card,21825.28,COMPLETED
TXN-INV8424,INV8424,2025-04-01,NEFT/RTGS,18047.4,COMPLETED
TXN-INV8425,INV8425,2025-04-02,Bank Transfer,19404,COMPLETED
TXN-INV8426,INV8426,2025-04-03,UPI Business,20605.16,COMPLETED
TXN-INV8427,INV8427,2025-04-04,Corporate Card,22526.72,COMPLETED
TXN-INV8428,INV8428,2025-04-05,NEFT/RTGS,18622.8,COMPLETED
TXN-INV8429,INV8429,2025-04-06,Bank Transfer,20017.76,COMPLETED
TXN-INV8430,INV8430,2025-04-07,UPI Business,21251.8,COMPLETED
TXN-INV8431,INV8431,2025-04-08,Corporate Card,23228.16,COMPLETED
TXN-INV8432,INV8432,2025-04-09,NEFT/RTGS,19198.2,COMPLETED
TXN-INV8433,INV8433,2025-04-10,Bank Transfer,20631.52,COMPLETED
TXN-INV8434,INV8434,2025-04-11,UPI Business,21898.44,COMPLETED
TXN-INV8435,INV8435,2025-04-12,Corporate Card,23929.6,COMPLETED
TXN-INV8436,INV8436,2025-04-13,NEFT/RTGS,19773.6,COMPLETED
TXN-INV8437,INV8437,2025-04-14,Bank Transfer,21245.28,COMPLETED
TXN-INV8438,INV8438,2025-04-15,UPI Business,22545.08,COMPLETED
TXN-INV8439,INV8439,2025-04-16,Corporate Card,24631.04,COMPLETED
TXN-INV8440,INV8440,2025-04-17,NEFT/RTGS,20349,COMPLETED
TXN-INV8441,INV8441,2025-04-18,Bank Transfer,21859.04,COMPLETED
TXN-INV8442,INV8442,2025-04-19,UPI Business,23191.72,COMPLETED
TXN-INV8443,INV8443,2025-04-20,Corporate Card,25332.48,COMPLETED
TXN-INV8444,INV8444,2025-04-21,NEFT/RTGS,20924.4,COMPLETED
TXN-INV8445,INV8445,2025-04-22,Bank Transfer,22472.8,COMPLETED
TXN-INV8446,INV8446,2025-04-23,UPI Business,23838.36,COMPLETED
TXN-INV8447,INV8447,2025-04-24,Corporate Card,26033.92,COMPLETED
TXN-INV8448,INV8448,2025-04-25,NEFT/RTGS,21499.8,COMPLETED
TXN-INV8449,INV8449,2025-04-26,Bank Transfer,23086.56,COMPLETED
TXN-INV8450,INV8450,2025-04-27,UPI Business,1121000,COMPLETED
TXN-INV8451,INV8451,2025-04-28,Corporate Card,26735.36,COMPLETED
TXN-INV8452,INV8452,2025-04-01,NEFT/RTGS,22075.2,COMPLETED
TXN-INV8453,INV8453,2025-04-02,Bank Transfer,23700.32,COMPLETED
TXN-INV8454,INV8454,2025-04-03,UPI Business,25131.64,COMPLETED
TXN-INV8455,INV8455,2025-04-04,Corporate Card,27436.8,COMPLETED
TXN-INV8456,INV8456,2025-04-05,NEFT/RTGS,22650.6,COMPLETED
TXN-INV8457,INV8457,2025-04-06,Bank Transfer,24314.08,COMPLETED
TXN-INV8458,INV8458,2025-04-07,UPI Business,25778.28,COMPLETED
TXN-INV8459,INV8459,2025-04-08,Corporate Card,28138.24,COMPLETED
TXN-INV8460,INV8460,2025-04-09,NEFT/RTGS,23226,COMPLETED
TXN-INV8461,INV8461,2025-04-10,Bank Transfer,24927.84,COMPLETED
TXN-INV8462,INV8462,2025-04-11,UPI Business,26424.92,COMPLETED
TXN-INV8463,INV8463,2025-04-12,Corporate Card,28839.68,COMPLETED
TXN-INV8464,INV8464,2025-04-13,NEFT/RTGS,23801.4,COMPLETED
TXN-INV8465,INV8465,2025-04-14,Bank Transfer,25541.6,COMPLETED
TXN-INV8466,INV8466,2025-04-15,UPI Business,27071.56,COMPLETED
TXN-INV8467,INV8467,2025-04-16,Corporate Card,29541.12,COMPLETED
TXN-INV8468,INV8468,2025-04-17,NEFT/RTGS,24376.8,COMPLETED
TXN-INV8469,INV8469,2025-04-18,Bank Transfer,26155.36,COMPLETED
TXN-INV8470,INV8470,2025-04-19,UPI Business,27718.2,COMPLETED
TXN-INV8471,INV8471,2025-04-20,Corporate Card,30242.56,COMPLETED
TXN-INV8472,INV8472,2025-04-21,NEFT/RTGS,24952.2,COMPLETED
TXN-INV8473,INV8473,2025-04-22,Bank Transfer,26769.12,COMPLETED
TXN-INV8474,INV8474,2025-04-23,UPI Business,28364.84,COMPLETED
TXN-INV8475,INV8475,2025-04-24,Corporate Card,30944,COMPLETED
TXN-INV8476,INV8476,2025-04-25,NEFT/RTGS,25527.6,COMPLETED
TXN-INV8477,INV8477,2025-04-26,Bank Transfer,27382.88,COMPLETED
TXN-INV8478,INV8478,2025-04-27,UPI Business,29011.48,COMPLETED
TXN-INV8479,INV8479,2025-04-28,Corporate Card,31645.44,COMPLETED
TXN-INV8480,INV8480,2025-04-01,NEFT/RTGS,26103,COMPLETED
TXN-INV8481,INV8481,2025-04-02,Bank Transfer,27996.64,COMPLETED
TXN-INV8482,INV8482,2025-04-03,UPI Business,29658.12,COMPLETED
TXN-INV8483,INV8483,2025-04-04,Corporate Card,32346.88,COMPLETED
TXN-INV8484,INV8484,2025-04-05,NEFT/RTGS,26678.4,COMPLETED
TXN-INV8485,INV8485,2025-04-06,Bank Transfer,28610.4,COMPLETED
TXN-INV8486,INV8486,2025-04-07,UPI Business,30304.76,COMPLETED
TXN-INV8487,INV8487,2025-04-08,Corporate Card,33048.32,COMPLETED
TXN-INV8488,INV8488,2025-04-09,NEFT/RTGS,27253.8,COMPLETED
TXN-INV8489,INV8489,2025-04-10,Bank Transfer,29224.16,COMPLETED
TXN-INV8490,INV8490,2025-04-11,UPI Business,30951.4,COMPLETED
TXN-INV8491,INV8491,2025-04-12,Corporate Card,33749.76,COMPLETED
TXN-INV8492,INV8492,2025-04-13,NEFT/RTGS,27829.2,COMPLETED
TXN-INV8493,INV8493,2025-04-14,Bank Transfer,29837.92,COMPLETED
TXN-INV8494,INV8494,2025-04-15,UPI Business,31598.04,COMPLETED
TXN-INV8495,INV8495,2025-04-16,Corporate Card,34451.2,COMPLETED
TXN-INV8496,INV8496,2025-04-17,NEFT/RTGS,28404.6,COMPLETED
TXN-INV8497,INV8497,2025-04-18,Bank Transfer,30451.68,COMPLETED
TXN-INV8498,INV8498,2025-04-19,UPI Business,32244.68,COMPLETED
TXN-INV8499,INV8499,2025-04-20,Corporate Card,35152.64,COMPLETED
TXN-INV8500,INV8500,2025-04-21,NEFT/RTGS,28980,COMPLETED
TXN-INV8501,INV8501,2025-04-22,Bank Transfer,31065.44,COMPLETED
TXN-INV8502,INV8502,2025-04-23,UPI Business,32891.32,COMPLETED
TXN-INV8503,INV8503,2025-04-24,Corporate Card,35854.08,COMPLETED
TXN-INV8504,INV8504,2025-04-25,NEFT/RTGS,29555.4,COMPLETED
TXN-INV8505,INV8505,2025-04-26,Bank Transfer,31679.2,COMPLETED
TXN-INV8506,INV8506,2025-04-27,UPI Business,33537.96,COMPLETED
TXN-INV8507,INV8507,2025-04-28,Corporate Card,36555.52,COMPLETED
TXN-INV8508,INV8508,2025-04-01,NEFT/RTGS,30130.8,COMPLETED
TXN-INV8509,INV8509,2025-04-02,Bank Transfer,32292.96,COMPLETED
TXN-INV8510,INV8510,2025-04-03,UPI Business,34184.6,COMPLETED
TXN-INV8511,INV8511,2025-04-04,Corporate Card,37256.96,COMPLETED
TXN-INV8512,INV8512,2025-04-05,NEFT/RTGS,30706.2,COMPLETED
TXN-INV8513,INV8513,2025-04-06,Bank Transfer,32906.72,COMPLETED
TXN-INV8514,INV8514,2025-04-07,UPI Business,34831.24,COMPLETED
TXN-INV8515,INV8515,2025-04-08,Corporate Card,37958.4,COMPLETED
TXN-INV8516,INV8516,2025-04-09,NEFT/RTGS,31281.6,COMPLETED
TXN-INV8517,INV8517,2025-04-10,Bank Transfer,33520.48,COMPLETED
TXN-INV8518,INV8518,2025-04-11,UPI Business,35477.88,COMPLETED
TXN-INV8519,INV8519,2025-04-12,Corporate Card,38659.84,COMPLETED
TXN-INV8520,INV8520,2025-04-13,NEFT/RTGS,31857,COMPLETED
TXN-INV8521,INV8521,2025-04-14,Bank Transfer,34134.24,COMPLETED
TXN-INV8522,INV8522,2025-04-15,UPI Business,36124.52,COMPLETED
TXN-INV8523,INV8523,2025-04-16,Corporate Card,39361.28,COMPLETED
TXN-INV8524,INV8524,2025-04-17,NEFT/RTGS,32432.4,COMPLETED
TXN-INV8525,INV8525,2025-04-18,Bank Transfer,34748,COMPLETED
TXN-INV8526,INV8526,2025-04-19,UPI Business,36771.16,COMPLETED
TXN-INV8527,INV8527,2025-04-20,Corporate Card,40062.72,COMPLETED
TXN-INV8528,INV8528,2025-04-21,NEFT/RTGS,33007.8,COMPLETED
TXN-INV8529,INV8529,2025-04-22,Bank Transfer,35361.76,COMPLETED
TXN-INV8530,INV8530,2025-04-23,UPI Business,37417.8,COMPLETED
TXN-INV8531,INV8531,2025-04-24,Corporate Card,40764.16,COMPLETED
TXN-INV8532,INV8532,2025-04-25,NEFT/RTGS,33583.2,COMPLETED
TXN-INV8533,INV8533,2025-04-26,Bank Transfer,35975.52,COMPLETED
TXN-INV8534,INV8534,2025-04-27,UPI Business,38064.44,COMPLETED
TXN-INV8535,INV8535,2025-04-28,Corporate Card,41465.6,COMPLETED
TXN-INV8536,INV8536,2025-04-01,NEFT/RTGS,34158.6,COMPLETED
TXN-INV8537,INV8537,2025-04-02,Bank Transfer,36589.28,COMPLETED
TXN-INV8538,INV8538,2025-04-03,UPI Business,38711.08,COMPLETED
TXN-INV8539,INV8539,2025-04-04,Corporate Card,42167.04,COMPLETED
TXN-INV8540,INV8540,2025-04-05,NEFT/RTGS,34734,COMPLETED
TXN-INV8541,INV8541,2025-04-06,Bank Transfer,37203.04,COMPLETED
TXN-INV8542,INV8542,2025-04-07,UPI Business,39357.72,COMPLETED
TXN-INV8543,INV8543,2025-04-08,Corporate Card,42868.48,COMPLETED
TXN-INV8544,INV8544,2025-04-09,NEFT/RTGS,35309.4,COMPLETED
TXN-INV8545,INV8545,2025-04-10,Bank Transfer,37816.8,COMPLETED
TXN-INV8546,INV8546,2025-04-11,UPI Business,40004.36,COMPLETED
TXN-INV8547,INV8547,2025-04-12,Corporate Card,43569.92,COMPLETED
TXN-INV8548,INV8548,2025-04-13,NEFT/RTGS,35884.8,COMPLETED
TXN-INV8549,INV8549,2025-04-14,Bank Transfer,38430.56,COMPLETED
TXN-INV8550,INV8550,2025-04-15,UPI Business,40651,COMPLETED
TXN-INV8551,INV8551,2025-04-16,Corporate Card,44271.36,COMPLETED
TXN-INV8552,INV8552,2025-04-17,NEFT/RTGS,36460.2,COMPLETED
TXN-INV8553,INV8553,2025-04-18,Bank Transfer,39044.32,COMPLETED
TXN-INV8554,INV8554,2025-04-19,UPI Business,41297.64,COMPLETED
TXN-INV8555,INV8555,2025-04-20,Corporate Card,44972.8,COMPLETED
TXN-INV8556,INV8556,2025-04-21,NEFT/RTGS,37035.6,COMPLETED
TXN-INV8557,INV8557,2025-04-22,Bank Transfer,39658.08,COMPLETED
TXN-INV8558,INV8558,2025-04-23,UPI Business,41944.28,COMPLETED
TXN-INV8559,INV8559,2025-04-24,Corporate Card,45674.24,COMPLETED
TXN-INV8560,INV8560,2025-04-25,NEFT/RTGS,37611,COMPLETED
TXN-INV8561,INV8561,2025-04-26,Bank Transfer,40271.84,COMPLETED
TXN-INV8562,INV8562,2025-04-27,UPI Business,42590.92,COMPLETED
TXN-INV8563,INV8563,2025-04-28,Corporate Card,46375.68,COMPLETED
TXN-INV8564,INV8564,2025-04-01,NEFT/RTGS,38186.4,COMPLETED
TXN-INV8565,INV8565,2025-04-02,Bank Transfer,40885.6,COMPLETED
TXN-INV8566,INV8566,2025-04-03,UPI Business,43237.56,COMPLETED
TXN-INV8567,INV8567,2025-04-04,Corporate Card,47077.12,COMPLETED
TXN-INV8568,INV8568,2025-04-05,NEFT/RTGS,38761.8,COMPLETED
TXN-INV8569,INV8569,2025-04-06,Bank Transfer,41499.36,COMPLETED
TXN-INV8570,INV8570,2025-04-07,UPI Business,43884.2,COMPLETED
TXN-INV8571,INV8571,2025-04-08,Corporate Card,47778.56,COMPLETED
TXN-INV8572,INV8572,2025-04-09,NEFT/RTGS,39337.2,COMPLETED
TXN-INV8573,INV8573,2025-04-10,Bank Transfer,42113.12,COMPLETED
TXN-INV8574,INV8574,2025-04-11,UPI Business,44530.84,COMPLETED
TXN-INV8575,INV8575,2025-04-12,Corporate Card,48480,COMPLETED
TXN-INV8576,INV8576,2025-04-13,NEFT/RTGS,39912.6,COMPLETED
TXN-INV8577,INV8577,2025-04-14,Bank Transfer,42726.88,COMPLETED
TXN-INV8578,INV8578,2025-04-15,UPI Business,45177.48,COMPLETED
TXN-INV8579,INV8579,2025-04-16,Corporate Card,49181.44,COMPLETED
TXN-INV8580,INV8580,2025-04-17,NEFT/RTGS,40488,COMPLETED
TXN-INV8581,INV8581,2025-04-18,Bank Transfer,43340.64,COMPLETED
TXN-INV8582,INV8582,2025-04-19,UPI Business,45824.12,COMPLETED
TXN-INV8583,INV8583,2025-04-20,Corporate Card,49882.88,COMPLETED
TXN-INV8584,INV8584,2025-04-21,NEFT/RTGS,41063.4,COMPLETED
TXN-INV8585,INV8585,2025-04-22,Bank Transfer,43954.4,COMPLETED
TXN-INV8586,INV8586,2025-04-23,UPI Business,46470.76,COMPLETED
TXN-INV8587,INV8587,2025-04-24,Corporate Card,50584.32,COMPLETED
TXN-INV8588,INV8588,2025-04-25,NEFT/RTGS,41638.8,COMPLETED
TXN-INV8589,INV8589,2025-04-26,Bank Transfer,44568.16,COMPLETED
TXN-INV8590,INV8590,2025-04-27,UPI Business,47117.4,COMPLETED
TXN-INV8591,INV8591,2025-04-28,Corporate Card,51285.76,COMPLETED
TXN-INV8592,INV8592,2025-04-01,NEFT/RTGS,42214.2,COMPLETED
TXN-INV8593,INV8593,2025-04-02,Bank Transfer,45181.92,COMPLETED
TXN-INV8594,INV8594,2025-04-03,UPI Business,47764.04,COMPLETED
TXN-INV8595,INV8595,2025-04-04,Corporate Card,51987.2,COMPLETED
TXN-INV8596,INV8596,2025-04-05,NEFT/RTGS,42789.6,COMPLETED
TXN-INV8597,INV8597,2025-04-06,Bank Transfer,45795.68,COMPLETED
TXN-INV8598,INV8598,2025-04-07,UPI Business,48410.68,COMPLETED
TXN-INV8599,INV8599,2025-04-08,Corporate Card,52688.64,COMPLETED
TXN-INV8600,INV8600,2025-04-09,NEFT/RTGS,43365,COMPLETED
TXN-INV8601,INV8601,2025-04-10,Bank Transfer,46409.44,COMPLETED
TXN-INV8602,INV8602,2025-04-11,UPI Business,49057.32,COMPLETED
TXN-INV8603,INV8603,2025-04-12,Corporate Card,53390.08,COMPLETED
TXN-INV8604,INV8604,2025-04-13,NEFT/RTGS,43940.4,COMPLETED
TXN-INV8605,INV8605,2025-04-14,Bank Transfer,47023.2,COMPLETED
TXN-INV8606,INV8606,2025-04-15,UPI Business,49703.96,COMPLETED
TXN-INV8607,INV8607,2025-04-16,Corporate Card,54091.52,COMPLETED
TXN-INV8608,INV8608,2025-04-17,NEFT/RTGS,44515.8,COMPLETED
TXN-INV8609,INV8609,2025-04-18,Bank Transfer,47636.96,COMPLETED
TXN-INV8610,INV8610,2025-04-19,UPI Business,50350.6,COMPLETED
TXN-INV8611,INV8611,2025-04-20,Corporate Card,54792.96,COMPLETED
TXN-INV8612,INV8612,2025-04-21,NEFT/RTGS,45091.2,COMPLETED
TXN-INV8613,INV8613,2025-04-22,Bank Transfer,48250.72,COMPLETED
TXN-INV8614,INV8614,2025-04-23,UPI Business,50997.24,COMPLETED
TXN-INV8615,INV8615,2025-04-24,Corporate Card,55494.4,COMPLETED
TXN-INV8616,INV8616,2025-04-25,NEFT/RTGS,45666.6,COMPLETED
TXN-INV8617,INV8617,2025-04-26,Bank Transfer,48864.48,COMPLETED
TXN-INV8618,INV8618,2025-04-27,UPI Business,51643.88,COMPLETED
TXN-INV8619,INV8619,2025-04-28,Corporate Card,56195.84,COMPLETED
TXN-INV8620,INV8620,2025-04-01,NEFT/RTGS,46242,COMPLETED
TXN-INV8621,INV8621,2025-04-02,Bank Transfer,49478.24,COMPLETED
TXN-INV8622,INV8622,2025-04-03,UPI Business,52290.52,COMPLETED
TXN-INV8623,INV8623,2025-04-04,Corporate Card,56897.28,COMPLETED
TXN-INV8624,INV8624,2025-04-05,NEFT/RTGS,46817.4,COMPLETED
TXN-INV8625,INV8625,2025-04-06,Bank Transfer,50092,COMPLETED
TXN-INV8626,INV8626,2025-04-07,UPI Business,52937.16,COMPLETED
TXN-INV8627,INV8627,2025-04-08,Corporate Card,57598.72,COMPLETED
TXN-INV8628,INV8628,2025-04-09,NEFT/RTGS,47392.8,COMPLETED
TXN-INV8629,INV8629,2025-04-10,Bank Transfer,50705.76,COMPLETED
TXN-INV8630,INV8630,2025-04-11,UPI Business,53583.8,COMPLETED
TXN-INV8631,INV8631,2025-04-12,Corporate Card,58300.16,COMPLETED
TXN-INV8632,INV8632,2025-04-13,NEFT/RTGS,47968.2,COMPLETED
TXN-INV8633,INV8633,2025-04-14,Bank Transfer,51319.52,COMPLETED
TXN-INV8634,INV8634,2025-04-15,UPI Business,54230.44,COMPLETED
TXN-INV8635,INV8635,2025-04-16,Corporate Card,59001.6,COMPLETED
TXN-INV8636,INV8636,2025-04-17,NEFT/RTGS,48543.6,COMPLETED
TXN-INV8637,INV8637,2025-04-18,Bank Transfer,51933.28,COMPLETED
TXN-INV8638,INV8638,2025-04-19,UPI Business,54877.08,COMPLETED
TXN-INV8639,INV8639,2025-04-20,Corporate Card,59703.04,COMPLETED
TXN-INV8640,INV8640,2025-04-21,NEFT/RTGS,49119,COMPLETED
TXN-INV8641,INV8641,2025-04-22,Bank Transfer,52547.04,COMPLETED
TXN-INV8642,INV8642,2025-04-23,UPI Business,55523.72,COMPLETED
TXN-INV8643,INV8643,2025-04-24,Corporate Card,60404.48,COMPLETED
TXN-INV8644,INV8644,2025-04-25,NEFT/RTGS,49694.4,COMPLETED
TXN-INV8645,INV8645,2025-04-26,Bank Transfer,53160.8,COMPLETED
TXN-INV8646,INV8646,2025-04-27,UPI Business,56170.36,COMPLETED
TXN-INV8647,INV8647,2025-04-28,Corporate Card,61105.92,COMPLETED
TXN-INV8648,INV8648,2025-04-01,NEFT/RTGS,50269.8,COMPLETED
TXN-INV8649,INV8649,2025-04-02,Bank Transfer,53774.56,COMPLETED
TXN-INV8650,INV8650,2025-04-03,UPI Business,56817,COMPLETED
TXN-INV8651,INV8651,2025-04-04,Corporate Card,61807.36,COMPLETED
TXN-INV8652,INV8652,2025-04-05,NEFT/RTGS,50845.2,COMPLETED
TXN-INV8653,INV8653,2025-04-06,Bank Transfer,54388.32,COMPLETED
TXN-INV8654,INV8654,2025-04-07,UPI Business,57463.64,COMPLETED
TXN-INV8655,INV8655,2025-04-08,Corporate Card,62508.8,COMPLETED
TXN-INV8656,INV8656,2025-04-09,NEFT/RTGS,51420.6,COMPLETED
TXN-INV8657,INV8657,2025-04-10,Bank Transfer,55002.08,COMPLETED
TXN-INV8658,INV8658,2025-04-11,UPI Business,58110.28,COMPLETED
TXN-INV8659,INV8659,2025-04-12,Corporate Card,63210.24,COMPLETED
TXN-INV8660,INV8660,2025-04-13,NEFT/RTGS,51996,COMPLETED
TXN-INV8661,INV8661,2025-04-14,Bank Transfer,55615.84,COMPLETED
TXN-INV8662,INV8662,2025-04-15,UPI Business,58756.92,COMPLETED
TXN-INV8663,INV8663,2025-04-16,Corporate Card,63911.68,COMPLETED
TXN-INV8664,INV8664,2025-04-17,NEFT/RTGS,52571.4,COMPLETED
TXN-INV8665,INV8665,2025-04-18,Bank Transfer,56229.6,COMPLETED
TXN-INV8666,INV8666,2025-04-19,UPI Business,59403.56,COMPLETED
TXN-INV8667,INV8667,2025-04-20,Corporate Card,64613.12,COMPLETED
TXN-INV8668,INV8668,2025-04-21,NEFT/RTGS,53146.8,COMPLETED
TXN-INV8669,INV8669,2025-04-22,Bank Transfer,56843.36,COMPLETED
TXN-INV8670,INV8670,2025-04-23,UPI Business,60050.2,COMPLETED
TXN-INV8671,INV8671,2025-04-24,Corporate Card,65314.56,COMPLETED
TXN-INV8672,INV8672,2025-04-25,NEFT/RTGS,53722.2,COMPLETED
TXN-INV8673,INV8673,2025-04-26,Bank Transfer,57457.12,COMPLETED
TXN-INV8674,INV8674,2025-04-27,UPI Business,60696.84,COMPLETED
TXN-INV8675,INV8675,2025-04-28,Corporate Card,66016,COMPLETED
TXN-INV8676,INV8676,2025-04-01,NEFT/RTGS,54297.6,COMPLETED
TXN-INV8677,INV8677,2025-04-02,Bank Transfer,58070.88,COMPLETED
TXN-INV8678,INV8678,2025-04-03,UPI Business,61343.48,COMPLETED
TXN-INV8679,INV8679,2025-04-04,Corporate Card,66717.44,COMPLETED
TXN-INV8680,INV8680,2025-04-05,NEFT/RTGS,54873,COMPLETED
TXN-INV8681,INV8681,2025-04-06,Bank Transfer,58684.64,COMPLETED
TXN-INV8682,INV8682,2025-04-07,UPI Business,61990.12,COMPLETED
TXN-INV8683,INV8683,2025-04-08,Corporate Card,67418.88,COMPLETED
TXN-INV8684,INV8684,2025-04-09,NEFT/RTGS,55448.4,COMPLETED
TXN-INV8685,INV8685,2025-04-10,Bank Transfer,59298.4,COMPLETED
TXN-INV8686,INV8686,2025-04-11,UPI Business,62636.76,COMPLETED
TXN-INV8687,INV8687,2025-04-12,Corporate Card,68120.32,COMPLETED
TXN-INV8688,INV8688,2025-04-13,NEFT/RTGS,56023.8,COMPLETED
TXN-INV8689,INV8689,2025-04-14,Bank Transfer,59912.16,COMPLETED
TXN-INV8690,INV8690,2025-04-15,UPI Business,63283.4,COMPLETED
TXN-INV8691,INV8691,2025-04-16,Corporate Card,68821.76,COMPLETED
TXN-INV8692,INV8692,2025-04-17,NEFT/RTGS,56599.2,COMPLETED
TXN-INV8693,INV8693,2025-04-18,Bank Transfer,60525.92,COMPLETED
TXN-INV8694,INV8694,2025-04-19,UPI Business,63930.04,COMPLETED
TXN-INV8695,INV8695,2025-04-20,Corporate Card,69523.2,COMPLETED
TXN-INV8696,INV8696,2025-04-21,NEFT/RTGS,57174.6,COMPLETED
TXN-INV8697,INV8697,2025-04-22,Bank Transfer,61139.68,COMPLETED
TXN-INV8698,INV8698,2025-04-23,UPI Business,64576.68,COMPLETED
TXN-INV8699,INV8699,2025-04-24,Corporate Card,70224.64,COMPLETED
TXN-INV8700,INV8700,2025-04-25,NEFT/RTGS,892500,COMPLETED
TXN-INV8701,INV8701,2025-04-26,Bank Transfer,61753.44,COMPLETED
TXN-INV8702,INV8702,2025-04-27,UPI Business,65223.32,COMPLETED
TXN-INV8703,INV8703,2025-04-28,Corporate Card,70926.08,COMPLETED
TXN-INV8704,INV8704,2025-04-01,NEFT/RTGS,58325.4,COMPLETED
TXN-INV8705,INV8705,2025-04-02,Bank Transfer,62367.2,COMPLETED
TXN-INV8706,INV8706,2025-04-03,UPI Business,65869.96,COMPLETED
TXN-INV8707,INV8707,2025-04-04,Corporate Card,71627.52,COMPLETED
TXN-INV8708,INV8708,2025-04-05,NEFT/RTGS,58900.8,COMPLETED
TXN-INV8709,INV8709,2025-04-06,Bank Transfer,62980.96,COMPLETED
TXN-INV8710,INV8710,2025-04-07,UPI Business,66516.6,COMPLETED
TXN-INV8711,INV8711,2025-04-08,Corporate Card,72328.96,COMPLETED
TXN-INV8712,INV8712,2025-04-09,NEFT/RTGS,59476.2,COMPLETED
TXN-INV8713,INV8713,2025-04-10,Bank Transfer,63594.72,COMPLETED
TXN-INV8714,INV8714,2025-04-11,UPI Business,67163.24,COMPLETED
TXN-INV8715,INV8715,2025-04-12,Corporate Card,73030.4,COMPLETED
TXN-INV8716,INV8716,2025-04-13,NEFT/RTGS,60051.6,COMPLETED
TXN-INV8717,INV8717,2025-04-14,Bank Transfer,64208.48,COMPLETED
TXN-INV8718,INV8718,2025-04-15,UPI Business,67809.88,COMPLETED
TXN-INV8719,INV8719,2025-04-16,Corporate Card,73731.84,COMPLETED
TXN-INV8720,INV8720,2025-04-17,NEFT/RTGS,60627,COMPLETED
TXN-INV8721,INV8721,2025-04-18,Bank Transfer,64822.24,COMPLETED
TXN-INV8722,INV8722,2025-04-19,UPI Business,68456.52,COMPLETED
TXN-INV8723,INV8723,2025-04-20,Corporate Card,74433.28,COMPLETED
TXN-INV8724,INV8724,2025-04-21,NEFT/RTGS,61202.4,COMPLETED
TXN-INV8725,INV8725,2025-04-22,Bank Transfer,65436,COMPLETED
TXN-INV8726,INV8726,2025-04-23,UPI Business,69103.16,COMPLETED
TXN-INV8727,INV8727,2025-04-24,Corporate Card,75134.72,COMPLETED
TXN-INV8728,INV8728,2025-04-25,NEFT/RTGS,61777.8,COMPLETED
TXN-INV8729,INV8729,2025-04-26,Bank Transfer,66049.76,COMPLETED
TXN-INV8730,INV8730,2025-04-27,UPI Business,69749.8,COMPLETED
TXN-INV8731,INV8731,2025-04-28,Corporate Card,75836.16,COMPLETED
TXN-INV8732,INV8732,2025-04-01,NEFT/RTGS,62353.2,COMPLETED
TXN-INV8733,INV8733,2025-04-02,Bank Transfer,66663.52,COMPLETED
TXN-INV8734,INV8734,2025-04-03,UPI Business,70396.44,COMPLETED
TXN-INV8735,INV8735,2025-04-04,Corporate Card,76537.6,COMPLETED
TXN-INV8736,INV8736,2025-04-05,NEFT/RTGS,62928.6,COMPLETED
TXN-INV8737,INV8737,2025-04-06,Bank Transfer,67277.28,COMPLETED
TXN-INV8738,INV8738,2025-04-07,UPI Business,71043.08,COMPLETED
TXN-INV8739,INV8739,2025-04-08,Corporate Card,77239.04,COMPLETED
TXN-INV8740,INV8740,2025-04-09,NEFT/RTGS,63504,COMPLETED
TXN-INV8741,INV8741,2025-04-10,Bank Transfer,67891.04,COMPLETED
TXN-INV8742,INV8742,2025-04-11,UPI Business,71689.72,COMPLETED
TXN-INV8743,INV8743,2025-04-12,Corporate Card,77940.48,COMPLETED
TXN-INV8744,INV8744,2025-04-13,NEFT/RTGS,64079.4,COMPLETED
TXN-INV8745,INV8745,2025-04-14,Bank Transfer,68504.8,COMPLETED
TXN-INV8746,INV8746,2025-04-15,UPI Business,72336.36,COMPLETED
TXN-INV8747,INV8747,2025-04-16,Corporate Card,78641.92,COMPLETED
TXN-INV8748,INV8748,2025-04-17,NEFT/RTGS,64654.8,COMPLETED
TXN-INV8749,INV8749,2025-04-18,Bank Transfer,69118.56,COMPLETED
TXN-INV8750,INV8750,2025-04-19,UPI Business,72983,COMPLETED
TXN-INV8751,INV8751,2025-04-20,Corporate Card,79343.36,COMPLETED
TXN-INV8752,INV8752,2025-04-21,NEFT/RTGS,65230.2,COMPLETED
TXN-INV8753,INV8753,2025-04-22,Bank Transfer,69732.32,COMPLETED
TXN-INV8754,INV8754,2025-04-23,UPI Business,73629.64,COMPLETED
TXN-INV8755,INV8755,2025-04-24,Corporate Card,80044.8,COMPLETED
TXN-INV8756,INV8756,2025-04-25,NEFT/RTGS,65805.6,COMPLETED
TXN-INV8757,INV8757,2025-04-26,Bank Transfer,70346.08,COMPLETED
TXN-INV8758,INV8758,2025-04-27,UPI Business,74276.28,COMPLETED
TXN-INV8759,INV8759,2025-04-28,Corporate Card,80746.24,COMPLETED
TXN-INV8760,INV8760,2025-04-01,NEFT/RTGS,66381,COMPLETED
TXN-INV8761,INV8761,2025-04-02,Bank Transfer,70959.84,COMPLETED
TXN-INV8762,INV8762,2025-04-03,UPI Business,74922.92,COMPLETED
TXN-INV8763,INV8763,2025-04-04,Corporate Card,81447.68,COMPLETED
TXN-INV8764,INV8764,2025-04-05,NEFT/RTGS,66956.4,COMPLETED
TXN-INV8765,INV8765,2025-04-06,Bank Transfer,71573.6,COMPLETED
TXN-INV8766,INV8766,2025-04-07,UPI Business,75569.56,COMPLETED
TXN-INV8767,INV8767,2025-04-08,Corporate Card,82149.12,COMPLETED
TXN-INV8768,INV8768,2025-04-09,NEFT/RTGS,67531.8,COMPLETED
TXN-INV8769,INV8769,2025-04-10,Bank Transfer,72187.36,COMPLETED
TXN-INV8770,INV8770,2025-04-11,UPI Business,76216.2,COMPLETED
TXN-INV8771,INV8771,2025-04-12,Corporate Card,82850.56,COMPLETED
TXN-INV8772,INV8772,2025-04-13,NEFT/RTGS,68107.2,COMPLETED
TXN-INV8773,INV8773,2025-04-14,Bank Transfer,72801.12,COMPLETED
TXN-INV8774,INV8774,2025-04-15,UPI Business,76862.84,COMPLETED
TXN-INV8775,INV8775,2025-04-16,Corporate Card,83552,COMPLETED
TXN-INV8776,INV8776,2025-04-17,NEFT/RTGS,68682.6,COMPLETED
TXN-INV8777,INV8777,2025-04-18,Bank Transfer,73414.88,COMPLETED
TXN-INV8778,INV8778,2025-04-19,UPI Business,77509.48,COMPLETED
TXN-INV8779,INV8779,2025-04-20,Corporate Card,84253.44,COMPLETED
TXN-INV8780,INV8780,2025-04-21,NEFT/RTGS,69258,COMPLETED
TXN-INV8781,INV8781,2025-04-22,Bank Transfer,74028.64,COMPLETED
TXN-INV8782,INV8782,2025-04-23,UPI Business,78156.12,COMPLETED
TXN-INV8783,INV8783,2025-04-24,Corporate Card,84954.88,COMPLETED
TXN-INV8784,INV8784,2025-04-25,NEFT/RTGS,69833.4,COMPLETED
TXN-INV8785,INV8785,2025-04-26,Bank Transfer,74642.4,COMPLETED
TXN-INV8786,INV8786,2025-04-27,UPI Business,78802.76,COMPLETED
TXN-INV8787,INV8787,2025-04-28,Corporate Card,85656.32,COMPLETED
TXN-INV8788,INV8788,2025-04-01,NEFT/RTGS,70408.8,COMPLETED
TXN-INV8789,INV8789,2025-04-02,Bank Transfer,75256.16,COMPLETED
TXN-INV8790,INV8790,2025-04-03,UPI Business,79449.4,COMPLETED
TXN-INV8791,INV8791,2025-04-04,Corporate Card,86357.76,COMPLETED
TXN-INV8792,INV8792,2025-04-05,NEFT/RTGS,70984.2,COMPLETED
TXN-INV8793,INV8793,2025-04-06,Bank Transfer,75869.92,COMPLETED
TXN-INV8794,INV8794,2025-04-07,UPI Business,80096.04,COMPLETED
TXN-INV8795,INV8795,2025-04-08,Corporate Card,87059.2,COMPLETED
TXN-INV8796,INV8796,2025-04-09,NEFT/RTGS,71559.6,COMPLETED
TXN-INV8797,INV8797,2025-04-10,Bank Transfer,76483.68,COMPLETED
TXN-INV8798,INV8798,2025-04-11,UPI Business,80742.68,COMPLETED
TXN-INV8799,INV8799,2025-04-12,Corporate Card,87760.64,COMPLETED
TXN-INV8800,INV8800,2025-04-13,NEFT/RTGS,72135,COMPLETED
TXN-INV8801,INV8801,2025-04-14,Bank Transfer,77097.44,COMPLETED
TXN-INV8802,INV8802,2025-04-15,UPI Business,81389.32,COMPLETED
TXN-INV8803,INV8803,2025-04-16,Corporate Card,88462.08,COMPLETED
TXN-INV8804,INV8804,2025-04-17,NEFT/RTGS,72710.4,COMPLETED
TXN-INV8805,INV8805,2025-04-18,Bank Transfer,77711.2,COMPLETED
TXN-INV8806,INV8806,2025-04-19,UPI Business,82035.96,COMPLETED
TXN-INV8807,INV8807,2025-04-20,Corporate Card,89163.52,COMPLETED
TXN-INV8808,INV8808,2025-04-21,NEFT/RTGS,73285.8,COMPLETED
TXN-INV8809,INV8809,2025-04-22,Bank Transfer,78324.96,COMPLETED
TXN-INV8810,INV8810,2025-04-23,UPI Business,82682.6,COMPLETED
TXN-INV8811,INV8811,2025-04-24,Corporate Card,89864.96,COMPLETED
TXN-INV8812,INV8812,2025-04-25,NEFT/RTGS,73861.2,COMPLETED
TXN-INV8813,INV8813,2025-04-26,Bank Transfer,78938.72,COMPLETED
TXN-INV8814,INV8814,2025-04-27,UPI Business,83329.24,COMPLETED
TXN-INV8815,INV8815,2025-04-28,Corporate Card,90566.4,COMPLETED
TXN-INV8816,INV8816,2025-04-01,NEFT/RTGS,74436.6,COMPLETED
TXN-INV8817,INV8817,2025-04-02,Bank Transfer,79552.48,COMPLETED
TXN-INV8818,INV8818,2025-04-03,UPI Business,83975.88,COMPLETED
TXN-INV8819,INV8819,2025-04-04,Corporate Card,91267.84,COMPLETED
TXN-INV8820,INV8820,2025-04-05,NEFT/RTGS,75012,COMPLETED
TXN-INV8821,INV8821,2025-04-06,Bank Transfer,80166.24,COMPLETED
TXN-INV8822,INV8822,2025-04-07,UPI Business,84622.52,COMPLETED
TXN-INV8823,INV8823,2025-04-08,Corporate Card,91969.28,COMPLETED
TXN-INV8824,INV8824,2025-04-09,NEFT/RTGS,75587.4,COMPLETED
TXN-INV8825,INV8825,2025-04-10,Bank Transfer,80780,COMPLETED
TXN-INV8826,INV8826,2025-04-11,UPI Business,85269.16,COMPLETED
TXN-INV8827,INV8827,2025-04-12,Corporate Card,92670.72,COMPLETED
TXN-INV8828,INV8828,2025-04-13,NEFT/RTGS,76162.8,COMPLETED
TXN-INV8829,INV8829,2025-04-14,Bank Transfer,81393.76,COMPLETED
TXN-INV8830,INV8830,2025-04-15,UPI Business,85915.8,COMPLETED
TXN-INV8831,INV8831,2025-04-16,Corporate Card,93372.16,COMPLETED
TXN-INV8832,INV8832,2025-04-17,NEFT/RTGS,76738.2,COMPLETED
TXN-INV8833,INV8833,2025-04-18,Bank Transfer,82007.52,COMPLETED
TXN-INV8834,INV8834,2025-04-19,UPI Business,86562.44,COMPLETED
TXN-INV8835,INV8835,2025-04-20,Corporate Card,94073.6,COMPLETED
TXN-INV8836,INV8836,2025-04-21,NEFT/RTGS,77313.6,COMPLETED
TXN-INV8837,INV8837,2025-04-22,Bank Transfer,82621.28,COMPLETED
TXN-INV8838,INV8838,2025-04-23,UPI Business,87209.08,COMPLETED
TXN-INV8839,INV8839,2025-04-24,Corporate Card,94775.04,COMPLETED
TXN-INV8840,INV8840,2025-04-25,NEFT/RTGS,77889,COMPLETED
TXN-INV8841,INV8841,2025-04-26,Bank Transfer,83235.04,COMPLETED
TXN-INV8842,INV8842,2025-04-27,UPI Business,87855.72,COMPLETED
TXN-INV8843,INV8843,2025-04-28,Corporate Card,95476.48,COMPLETED
TXN-INV8844,INV8844,2025-04-01,NEFT/RTGS,78464.4,COMPLETED
TXN-INV8845,INV8845,2025-04-02,Bank Transfer,83848.8,COMPLETED
TXN-INV8846,INV8846,2025-04-03,UPI Business,88502.36,COMPLETED
TXN-INV8847,INV8847,2025-04-04,Corporate Card,96177.92,COMPLETED
TXN-INV8848,INV8848,2025-04-05,NEFT/RTGS,79039.8,COMPLETED
TXN-INV8849,INV8849,2025-04-06,Bank Transfer,84462.56,COMPLETED
TXN-INV8850,INV8850,2025-04-07,UPI Business,89149,COMPLETED
TXN-INV8851,INV8851,2025-04-08,Corporate Card,96879.36,COMPLETED
TXN-INV8852,INV8852,2025-04-09,NEFT/RTGS,79615.2,COMPLETED
TXN-INV8853,INV8853,2025-04-10,Bank Transfer,85076.32,COMPLETED
TXN-INV8854,INV8854,2025-04-11,UPI Business,89795.64,COMPLETED
TXN-INV8855,INV8855,2025-04-12,Corporate Card,97580.8,COMPLETED
TXN-INV8856,INV8856,2025-04-13,NEFT/RTGS,80190.6,COMPLETED
TXN-INV8857,INV8857,2025-04-14,Bank Transfer,85690.08,COMPLETED
TXN-INV8858,INV8858,2025-04-15,UPI Business,90442.28,COMPLETED
TXN-INV8859,INV8859,2025-04-16,Corporate Card,98282.24,COMPLETED
TXN-INV8860,INV8860,2025-04-17,NEFT/RTGS,80766,COMPLETED
TXN-INV8861,INV8861,2025-04-18,Bank Transfer,86303.84,COMPLETED
TXN-INV8862,INV8862,2025-04-19,UPI Business,91088.92,COMPLETED
TXN-INV8863,INV8863,2025-04-20,Corporate Card,98983.68,COMPLETED
TXN-INV8864,INV8864,2025-04-21,NEFT/RTGS,81341.4,COMPLETED
TXN-INV8865,INV8865,2025-04-22,Bank Transfer,2917.6,COMPLETED
TXN-INV8866,INV8866,2025-04-23,UPI Business,3235.56,COMPLETED
TXN-INV8867,INV8867,2025-04-24,Corporate Card,3685.12,COMPLETED
TXN-INV8868,INV8868,2025-04-25,NEFT/RTGS,3166.8,COMPLETED
TXN-INV8869,INV8869,2025-04-26,Bank Transfer,3531.36,COMPLETED
TXN-INV8870,INV8870,2025-04-27,UPI Business,3882.2,COMPLETED
TXN-INV8871,INV8871,2025-04-28,Corporate Card,4386.56,COMPLETED
TXN-INV8872,INV8872,2025-04-01,NEFT/RTGS,3742.2,COMPLETED
TXN-INV8873,INV8873,2025-04-02,Bank Transfer,4145.12,COMPLETED
TXN-INV8874,INV8874,2025-04-03,UPI Business,4528.84,COMPLETED
TXN-INV8875,INV8875,2025-04-04,Corporate Card,5088,COMPLETED
TXN-INV8876,INV8876,2025-04-05,NEFT/RTGS,4317.6,COMPLETED
TXN-INV8877,INV8877,2025-04-06,Bank Transfer,4758.88,COMPLETED
TXN-INV8878,INV8878,2025-04-07,UPI Business,5175.48,COMPLETED
TXN-INV8879,INV8879,2025-04-08,Corporate Card,5789.44,COMPLETED
TXN-INV8880,INV8880,2025-04-09,NEFT/RTGS,4893,COMPLETED
TXN-INV8881,INV8881,2025-04-10,Bank Transfer,5372.64,COMPLETED
TXN-INV8882,INV8882,2025-04-11,UPI Business,5822.12,COMPLETED
TXN-INV8883,INV8883,2025-04-12,Corporate Card,6490.88,COMPLETED
TXN-INV8884,INV8884,2025-04-13,NEFT/RTGS,5468.4,COMPLETED
TXN-INV8885,INV8885,2025-04-14,Bank Transfer,5986.4,COMPLETED
TXN-INV8886,INV8886,2025-04-15,UPI Business,6468.76,COMPLETED
TXN-INV8887,INV8887,2025-04-16,Corporate Card,7192.32,COMPLETED
TXN-INV8888,INV8888,2025-04-17,NEFT/RTGS,6043.8,COMPLETED
TXN-INV8889,INV8889,2025-04-18,Bank Transfer,6600.16,COMPLETED
TXN-INV8890,INV8890,2025-04-19,UPI Business,7115.4,COMPLETED
TXN-INV8891,INV8891,2025-04-20,Corporate Card,7893.76,COMPLETED
TXN-INV8892,INV8892,2025-04-21,NEFT/RTGS,6619.2,COMPLETED
TXN-INV8893,INV8893,2025-04-22,Bank Transfer,7213.92,COMPLETED
TXN-INV8894,INV8894,2025-04-23,UPI Business,7762.04,COMPLETED
TXN-INV8895,INV8895,2025-04-24,Corporate Card,8595.2,COMPLETED
TXN-INV8896,INV8896,2025-04-25,NEFT/RTGS,7194.6,COMPLETED
TXN-INV8897,INV8897,2025-04-26,Bank Transfer,7827.68,COMPLETED
TXN-INV8898,INV8898,2025-04-27,UPI Business,8408.68,COMPLETED
TXN-INV8899,INV8899,2025-04-28,Corporate Card,9296.64,COMPLETED
TXN-INV8900,INV8900,2025-04-01,NEFT/RTGS,7770,COMPLETED
TXN-INV8901,INV8901,2025-04-02,Bank Transfer,8441.44,COMPLETED
TXN-INV8902,INV8902,2025-04-03,UPI Business,9055.32,COMPLETED
TXN-INV8903,INV8903,2025-04-04,Corporate Card,9998.08,COMPLETED
TXN-INV8904,INV8904,2025-04-05,NEFT/RTGS,8345.4,COMPLETED
TXN-INV8905,INV8905,2025-04-06,Bank Transfer,9055.2,COMPLETED
TXN-INV8906,INV8906,2025-04-07,UPI Business,9701.96,COMPLETED
TXN-INV8907,INV8907,2025-04-08,Corporate Card,10699.52,COMPLETED
TXN-INV8908,INV8908,2025-04-09,NEFT/RTGS,8920.8,COMPLETED
TXN-INV8909,INV8909,2025-04-10,Bank Transfer,9668.96,COMPLETED
TXN-INV8910,INV8910,2025-04-11,UPI Business,10348.6,COMPLETED
TXN-INV8911,INV8911,2025-04-12,Corporate Card,11400.96,COMPLETED
TXN-INV8912,INV8912,2025-04-13,NEFT/RTGS,9496.2,COMPLETED
TXN-INV8913,INV8913,2025-04-14,Bank Transfer,10282.72,COMPLETED
TXN-INV8914,INV8914,2025-04-15,UPI Business,10995.24,COMPLETED
TXN-INV8915,INV8915,2025-04-16,Corporate Card,12102.4,COMPLETED
TXN-INV8916,INV8916,2025-04-17,NEFT/RTGS,10071.6,COMPLETED
TXN-INV8917,INV8917,2025-04-18,Bank Transfer,10896.48,COMPLETED
TXN-INV8918,INV8918,2025-04-19,UPI Business,11641.88,COMPLETED
TXN-INV8919,INV8919,2025-04-20,Corporate Card,12803.84,COMPLETED
TXN-INV8920,INV8920,2025-04-21,NEFT/RTGS,10647,COMPLETED
TXN-INV8921,INV8921,2025-04-22,Bank Transfer,11510.24,COMPLETED
TXN-INV8922,INV8922,2025-04-23,UPI Business,12288.52,COMPLETED
TXN-INV8923,INV8923,2025-04-24,Corporate Card,13505.28,COMPLETED
TXN-INV8924,INV8924,2025-04-25,NEFT/RTGS,11222.4,COMPLETED
TXN-INV8925,INV8925,2025-04-26,Bank Transfer,12124,COMPLETED
TXN-INV8926,INV8926,2025-04-27,UPI Business,12935.16,COMPLETED
TXN-INV8927,INV8927,2025-04-28,Corporate Card,14206.72,COMPLETED
TXN-INV8928,INV8928,2025-04-01,NEFT/RTGS,11797.8,COMPLETED
TXN-INV8929,INV8929,2025-04-02,Bank Transfer,12737.76,COMPLETED
TXN-INV8930,INV8930,2025-04-03,UPI Business,13581.8,COMPLETED
TXN-INV8931,INV8931,2025-04-04,Corporate Card,14908.16,COMPLETED
TXN-INV8932,INV8932,2025-04-05,NEFT/RTGS,12373.2,COMPLETED
TXN-INV8933,INV8933,2025-04-06,Bank Transfer,13351.52,COMPLETED
TXN-INV8934,INV8934,2025-04-07,UPI Business,14228.44,COMPLETED
TXN-INV8935,INV8935,2025-04-08,Corporate Card,15609.6,COMPLETED
TXN-INV8936,INV8936,2025-04-09,NEFT/RTGS,12948.6,COMPLETED
TXN-INV8937,INV8937,2025-04-10,Bank Transfer,13965.28,COMPLETED
TXN-INV8938,INV8938,2025-04-11,UPI Business,14875.08,COMPLETED
TXN-INV8939,INV8939,2025-04-12,Corporate Card,16311.04,COMPLETED
TXN-INV8940,INV8940,2025-04-13,NEFT/RTGS,13524,COMPLETED
TXN-INV8941,INV8941,2025-04-14,Bank Transfer,14579.04,COMPLETED
TXN-INV8942,INV8942,2025-04-15,UPI Business,15521.72,COMPLETED
TXN-INV8943,INV8943,2025-04-16,Corporate Card,17012.48,COMPLETED
TXN-INV8944,INV8944,2025-04-17,NEFT/RTGS,14099.4,COMPLETED
TXN-INV8945,INV8945,2025-04-18,Bank Transfer,15192.8,COMPLETED
TXN-INV8946,INV8946,2025-04-19,UPI Business,16168.36,COMPLETED
TXN-INV8947,INV8947,2025-04-20,Corporate Card,17713.92,COMPLETED
TXN-INV8948,INV8948,2025-04-21,NEFT/RTGS,14674.8,COMPLETED
TXN-INV8949,INV8949,2025-04-22,Bank Transfer,15806.56,COMPLETED
TXN-INV8950,INV8950,2025-04-23,UPI Business,1239000,COMPLETED
TXN-INV8951,INV8951,2025-04-24,Corporate Card,18415.36,COMPLETED
TXN-INV8952,INV8952,2025-04-25,NEFT/RTGS,15250.2,COMPLETED
TXN-INV8953,INV8953,2025-04-26,Bank Transfer,16420.32,COMPLETED
TXN-INV8954,INV8954,2025-04-27,UPI Business,17461.64,COMPLETED
TXN-INV8955,INV8955,2025-04-28,Corporate Card,19116.8,COMPLETED
TXN-INV8956,INV8956,2025-04-01,NEFT/RTGS,15825.6,COMPLETED
TXN-INV8957,INV8957,2025-04-02,Bank Transfer,17034.08,COMPLETED
TXN-INV8958,INV8958,2025-04-03,UPI Business,18108.28,COMPLETED
TXN-INV8959,INV8959,2025-04-04,Corporate Card,19818.24,COMPLETED
TXN-INV8960,INV8960,2025-04-05,NEFT/RTGS,16401,COMPLETED
TXN-INV8961,INV8961,2025-04-06,Bank Transfer,17647.84,COMPLETED
TXN-INV8962,INV8962,2025-04-07,UPI Business,18754.92,COMPLETED
TXN-INV8963,INV8963,2025-04-08,Corporate Card,20519.68,COMPLETED
TXN-INV8964,INV8964,2025-04-09,NEFT/RTGS,16976.4,COMPLETED
TXN-INV8965,INV8965,2025-04-10,Bank Transfer,18261.6,COMPLETED
TXN-INV8966,INV8966,2025-04-11,UPI Business,19401.56,COMPLETED
TXN-INV8967,INV8967,2025-04-12,Corporate Card,21221.12,COMPLETED
TXN-INV8968,INV8968,2025-04-13,NEFT/RTGS,17551.8,COMPLETED
TXN-INV8969,INV8969,2025-04-14,Bank Transfer,18875.36,COMPLETED
TXN-INV8970,INV8970,2025-04-15,UPI Business,20048.2,COMPLETED
TXN-INV8971,INV8971,2025-04-16,Corporate Card,21922.56,COMPLETED
TXN-INV8972,INV8972,2025-04-17,NEFT/RTGS,18127.2,COMPLETED
TXN-INV8973,INV8973,2025-04-18,Bank Transfer,19489.12,COMPLETED
TXN-INV8974,INV8974,2025-04-19,UPI Business,20694.84,COMPLETED
TXN-INV8975,INV8975,2025-04-20,Corporate Card,22624,COMPLETED
TXN-INV8976,INV8976,2025-04-21,NEFT/RTGS,18702.6,COMPLETED
TXN-INV8977,INV8977,2025-04-22,Bank Transfer,20102.88,COMPLETED
TXN-INV8978,INV8978,2025-04-23,UPI Business,21341.48,COMPLETED
TXN-INV8979,INV8979,2025-04-24,Corporate Card,23325.44,COMPLETED
TXN-INV8980,INV8980,2025-04-25,NEFT/RTGS,19278,COMPLETED
TXN-INV8981,INV8981,2025-04-26,Bank Transfer,20716.64,COMPLETED
TXN-INV8982,INV8982,2025-04-27,UPI Business,21988.12,COMPLETED
TXN-INV8983,INV8983,2025-04-28,Corporate Card,24026.88,COMPLETED
TXN-INV8984,INV8984,2025-04-01,NEFT/RTGS,19853.4,COMPLETED
TXN-INV8985,INV8985,2025-04-02,Bank Transfer,21330.4,COMPLETED
TXN-INV8986,INV8986,2025-04-03,UPI Business,22634.76,COMPLETED
TXN-INV8987,INV8987,2025-04-04,Corporate Card,24728.32,COMPLETED
TXN-INV8988,INV8988,2025-04-05,NEFT/RTGS,20428.8,COMPLETED
TXN-INV8989,INV8989,2025-04-06,Bank Transfer,21944.16,COMPLETED
TXN-INV8990,INV8990,2025-04-07,UPI Business,23281.4,COMPLETED
TXN-INV8991,INV8991,2025-04-08,Corporate Card,25429.76,COMPLETED
TXN-INV8992,INV8992,2025-04-09,NEFT/RTGS,21004.2,COMPLETED
TXN-INV8993,INV8993,2025-04-10,Bank Transfer,22557.92,COMPLETED
TXN-INV8994,INV8994,2025-04-11,UPI Business,23928.04,COMPLETED
TXN-INV8995,INV8995,2025-04-12,Corporate Card,26131.2,COMPLETED
TXN-INV8996,INV8996,2025-04-13,NEFT/RTGS,21579.6,COMPLETED
TXN-INV8997,INV8997,2025-04-14,Bank Transfer,23171.68,COMPLETED
TXN-INV8998,INV8998,2025-04-15,UPI Business,24574.68,COMPLETED
TXN-INV8999,INV8999,2025-04-16,Corporate Card,26832.64,COMPLETED
TXN-INV9000,INV9000,2025-04-17,NEFT/RTGS,22155,COMPLETED
TXN-INV9001,INV9001,2025-04-18,Bank Transfer,23785.44,COMPLETED
TXN-INV9002,INV9002,2025-04-19,UPI Business,25221.32,COMPLETED
TXN-INV9003,INV9003,2025-04-20,Corporate Card,27534.08,COMPLETED
TXN-INV9004,INV9004,2025-04-21,NEFT/RTGS,22730.4,COMPLETED
TXN-INV9005,INV9005,2025-04-22,Bank Transfer,24399.2,COMPLETED
TXN-INV9006,INV9006,2025-04-23,UPI Business,25867.96,COMPLETED
TXN-INV9007,INV9007,2025-04-24,Corporate Card,28235.52,COMPLETED
TXN-INV9008,INV9008,2025-04-25,NEFT/RTGS,23305.8,COMPLETED
TXN-INV9009,INV9009,2025-04-26,Bank Transfer,25012.96,COMPLETED
TXN-INV9010,INV9010,2025-04-27,UPI Business,26514.6,COMPLETED
TXN-INV9011,INV9011,2025-04-28,Corporate Card,28936.96,COMPLETED
TXN-INV9012,INV9012,2025-04-01,NEFT/RTGS,23881.2,COMPLETED
TXN-INV9013,INV9013,2025-04-02,Bank Transfer,25626.72,COMPLETED
TXN-INV9014,INV9014,2025-04-03,UPI Business,27161.24,COMPLETED
TXN-INV9015,INV9015,2025-04-04,Corporate Card,29638.4,COMPLETED
TXN-INV9016,INV9016,2025-04-05,NEFT/RTGS,24456.6,COMPLETED
TXN-INV9017,INV9017,2025-04-06,Bank Transfer,26240.48,COMPLETED
TXN-INV9018,INV9018,2025-04-07,UPI Business,27807.88,COMPLETED
TXN-INV9019,INV9019,2025-04-08,Corporate Card,30339.84,COMPLETED
TXN-INV9020,INV9020,2025-04-09,NEFT/RTGS,25032,COMPLETED
TXN-INV9021,INV9021,2025-04-10,Bank Transfer,26854.24,COMPLETED
TXN-INV9022,INV9022,2025-04-11,UPI Business,28454.52,COMPLETED
TXN-INV9023,INV9023,2025-04-12,Corporate Card,31041.28,COMPLETED
TXN-INV9024,INV9024,2025-04-13,NEFT/RTGS,25607.4,COMPLETED
TXN-INV9025,INV9025,2025-04-14,Bank Transfer,27468,COMPLETED
TXN-INV9026,INV9026,2025-04-15,UPI Business,29101.16,COMPLETED
TXN-INV9027,INV9027,2025-04-16,Corporate Card,31742.72,COMPLETED
TXN-INV9028,INV9028,2025-04-17,NEFT/RTGS,26182.8,COMPLETED
TXN-INV9029,INV9029,2025-04-18,Bank Transfer,28081.76,COMPLETED
TXN-INV9030,INV9030,2025-04-19,UPI Business,29747.8,COMPLETED
TXN-INV9031,INV9031,2025-04-20,Corporate Card,32444.16,COMPLETED
TXN-INV9032,INV9032,2025-04-21,NEFT/RTGS,26758.2,COMPLETED
TXN-INV9033,INV9033,2025-04-22,Bank Transfer,28695.52,COMPLETED
TXN-INV9034,INV9034,2025-04-23,UPI Business,30394.44,COMPLETED
TXN-INV9035,INV9035,2025-04-24,Corporate Card,33145.6,COMPLETED
TXN-INV9036,INV9036,2025-04-25,NEFT/RTGS,27333.6,COMPLETED
TXN-INV9037,INV9037,2025-04-26,Bank Transfer,29309.28,COMPLETED
TXN-INV9038,INV9038,2025-04-27,UPI Business,31041.08,COMPLETED
TXN-INV9039,INV9039,2025-04-28,Corporate Card,33847.04,COMPLETED
TXN-INV9040,INV9040,2025-04-01,NEFT/RTGS,27909,COMPLETED
TXN-INV9041,INV9041,2025-04-02,Bank Transfer,29923.04,COMPLETED
TXN-INV9042,INV9042,2025-04-03,UPI Business,31687.72,COMPLETED
TXN-INV9043,INV9043,2025-04-04,Corporate Card,34548.48,COMPLETED
TXN-INV9044,INV9044,2025-04-05,NEFT/RTGS,28484.4,COMPLETED
TXN-INV9045,INV9045,2025-04-06,Bank Transfer,30536.8,COMPLETED
TXN-INV9046,INV9046,2025-04-07,UPI Business,32334.36,COMPLETED
TXN-INV9047,INV9047,2025-04-08,Corporate Card,35249.92,COMPLETED
TXN-INV9048,INV9048,2025-04-09,NEFT/RTGS,29059.8,COMPLETED
TXN-INV9049,INV9049,2025-04-10,Bank Transfer,31150.56,COMPLETED
TXN-INV9050,INV9050,2025-04-11,UPI Business,32981,COMPLETED
TXN-INV9051,INV9051,2025-04-12,Corporate Card,35951.36,COMPLETED
TXN-INV9052,INV9052,2025-04-13,NEFT/RTGS,29635.2,COMPLETED
TXN-INV9053,INV9053,2025-04-14,Bank Transfer,31764.32,COMPLETED
TXN-INV9054,INV9054,2025-04-15,UPI Business,33627.64,COMPLETED
TXN-INV9055,INV9055,2025-04-16,Corporate Card,36652.8,COMPLETED
TXN-INV9056,INV9056,2025-04-17,NEFT/RTGS,30210.6,COMPLETED
TXN-INV9057,INV9057,2025-04-18,Bank Transfer,32378.08,COMPLETED
TXN-INV9058,INV9058,2025-04-19,UPI Business,34274.28,COMPLETED
TXN-INV9059,INV9059,2025-04-20,Corporate Card,37354.24,COMPLETED
TXN-INV9060,INV9060,2025-04-21,NEFT/RTGS,30786,COMPLETED
TXN-INV9061,INV9061,2025-04-22,Bank Transfer,32991.84,COMPLETED
TXN-INV9062,INV9062,2025-04-23,UPI Business,34920.92,COMPLETED
TXN-INV9063,INV9063,2025-04-24,Corporate Card,38055.68,COMPLETED
TXN-INV9064,INV9064,2025-04-25,NEFT/RTGS,31361.4,COMPLETED
TXN-INV9065,INV9065,2025-04-26,Bank Transfer,33605.6,COMPLETED
TXN-INV9066,INV9066,2025-04-27,UPI Business,35567.56,COMPLETED
TXN-INV9067,INV9067,2025-04-28,Corporate Card,38757.12,COMPLETED
TXN-INV9068,INV9068,2025-04-01,NEFT/RTGS,31936.8,COMPLETED
TXN-INV9069,INV9069,2025-04-02,Bank Transfer,34219.36,COMPLETED
TXN-INV9070,INV9070,2025-04-03,UPI Business,36214.2,COMPLETED
TXN-INV9071,INV9071,2025-04-04,Corporate Card,39458.56,COMPLETED
TXN-INV9072,INV9072,2025-04-05,NEFT/RTGS,32512.2,COMPLETED
TXN-INV9073,INV9073,2025-04-06,Bank Transfer,34833.12,COMPLETED
TXN-INV9074,INV9074,2025-04-07,UPI Business,36860.84,COMPLETED
TXN-INV9075,INV9075,2025-04-08,Corporate Card,40160,COMPLETED
TXN-INV9076,INV9076,2025-04-09,NEFT/RTGS,33087.6,COMPLETED
TXN-INV9077,INV9077,2025-04-10,Bank Transfer,35446.88,COMPLETED
TXN-INV9078,INV9078,2025-04-11,UPI Business,37507.48,COMPLETED
TXN-INV9079,INV9079,2025-04-12,Corporate Card,40861.44,COMPLETED
TXN-INV9080,INV9080,2025-04-13,NEFT/RTGS,33663,COMPLETED
TXN-INV9081,INV9081,2025-04-14,Bank Transfer,36060.64,COMPLETED
TXN-INV9082,INV9082,2025-04-15,UPI Business,38154.12,COMPLETED
TXN-INV9083,INV9083,2025-04-16,Corporate Card,41562.88,COMPLETED
TXN-INV9084,INV9084,2025-04-17,NEFT/RTGS,34238.4,COMPLETED
TXN-INV9085,INV9085,2025-04-18,Bank Transfer,36674.4,COMPLETED
TXN-INV9086,INV9086,2025-04-19,UPI Business,38800.76,COMPLETED
TXN-INV9087,INV9087,2025-04-20,Corporate Card,42264.32,COMPLETED
TXN-INV9088,INV9088,2025-04-21,NEFT/RTGS,34813.8,COMPLETED
TXN-INV9089,INV9089,2025-04-22,Bank Transfer,37288.16,COMPLETED
TXN-INV9090,INV9090,2025-04-23,UPI Business,39447.4,COMPLETED
TXN-INV9091,INV9091,2025-04-24,Corporate Card,42965.76,COMPLETED
TXN-INV9092,INV9092,2025-04-25,NEFT/RTGS,35389.2,COMPLETED
TXN-INV9093,INV9093,2025-04-26,Bank Transfer,37901.92,COMPLETED
TXN-INV9094,INV9094,2025-04-27,UPI Business,40094.04,COMPLETED
TXN-INV9095,INV9095,2025-04-28,Corporate Card,43667.2,COMPLETED
TXN-INV9096,INV9096,2025-04-01,NEFT/RTGS,35964.6,COMPLETED
TXN-INV9097,INV9097,2025-04-02,Bank Transfer,38515.68,COMPLETED
TXN-INV9098,INV9098,2025-04-03,UPI Business,40740.68,COMPLETED
TXN-INV9099,INV9099,2025-04-04,Corporate Card,44368.64,COMPLETED
TXN-INV9100,INV9100,2025-04-05,NEFT/RTGS,36540,COMPLETED
TXN-INV9101,INV9101,2025-04-06,Bank Transfer,39129.44,COMPLETED
TXN-INV9102,INV9102,2025-04-07,UPI Business,41387.32,COMPLETED
TXN-INV9103,INV9103,2025-04-08,Corporate Card,45070.08,COMPLETED
TXN-INV9104,INV9104,2025-04-09,NEFT/RTGS,37115.4,COMPLETED
TXN-INV9105,INV9105,2025-04-10,Bank Transfer,39743.2,COMPLETED
TXN-INV9106,INV9106,2025-04-11,UPI Business,42033.96,COMPLETED
TXN-INV9107,INV9107,2025-04-12,Corporate Card,45771.52,COMPLETED
TXN-INV9108,INV9108,2025-04-13,NEFT/RTGS,37690.8,COMPLETED
TXN-INV9109,INV9109,2025-04-14,Bank Transfer,40356.96,COMPLETED
TXN-INV9110,INV9110,2025-04-15,UPI Business,42680.6,COMPLETED
TXN-INV9111,INV9111,2025-04-16,Corporate Card,46472.96,COMPLETED
TXN-INV9112,INV9112,2025-04-17,NEFT/RTGS,38266.2,COMPLETED
TXN-INV9113,INV9113,2025-04-18,Bank Transfer,40970.72,COMPLETED
TXN-INV9114,INV9114,2025-04-19,UPI Business,43327.24,COMPLETED
TXN-INV9115,INV9115,2025-04-20,Corporate Card,47174.4,COMPLETED
TXN-INV9116,INV9116,2025-04-21,NEFT/RTGS,38841.6,COMPLETED
TXN-INV9117,INV9117,2025-04-22,Bank Transfer,41584.48,COMPLETED
TXN-INV9118,INV9118,2025-04-23,UPI Business,43973.88,COMPLETED
TXN-INV9119,INV9119,2025-04-24,Corporate Card,47875.84,COMPLETED
TXN-INV9120,INV9120,2025-04-25,NEFT/RTGS,39417,COMPLETED
TXN-INV9121,INV9121,2025-04-26,Bank Transfer,42198.24,COMPLETED
TXN-INV9122,INV9122,2025-04-27,UPI Business,44620.52,COMPLETED
TXN-INV9123,INV9123,2025-04-28,Corporate Card,48577.28,COMPLETED
TXN-INV9124,INV9124,2025-04-01,NEFT/RTGS,39992.4,COMPLETED
TXN-INV9125,INV9125,2025-04-02,Bank Transfer,42812,COMPLETED
TXN-INV9126,INV9126,2025-04-03,UPI Business,45267.16,COMPLETED
TXN-INV9127,INV9127,2025-04-04,Corporate Card,49278.72,COMPLETED
TXN-INV9128,INV9128,2025-04-05,NEFT/RTGS,40567.8,COMPLETED
TXN-INV9129,INV9129,2025-04-06,Bank Transfer,43425.76,COMPLETED
TXN-INV9130,INV9130,2025-04-07,UPI Business,45913.8,COMPLETED
TXN-INV9131,INV9131,2025-04-08,Corporate Card,49980.16,COMPLETED
TXN-INV9132,INV9132,2025-04-09,NEFT/RTGS,41143.2,COMPLETED
TXN-INV9133,INV9133,2025-04-10,Bank Transfer,44039.52,COMPLETED
TXN-INV9134,INV9134,2025-04-11,UPI Business,46560.44,COMPLETED
TXN-INV9135,INV9135,2025-04-12,Corporate Card,50681.6,COMPLETED
TXN-INV9136,INV9136,2025-04-13,NEFT/RTGS,41718.6,COMPLETED
TXN-INV9137,INV9137,2025-04-14,Bank Transfer,44653.28,COMPLETED
TXN-INV9138,INV9138,2025-04-15,UPI Business,47207.08,COMPLETED
TXN-INV9139,INV9139,2025-04-16,Corporate Card,51383.04,COMPLETED
TXN-INV9140,INV9140,2025-04-17,NEFT/RTGS,42294,COMPLETED
TXN-INV9141,INV9141,2025-04-18,Bank Transfer,45267.04,COMPLETED
TXN-INV9142,INV9142,2025-04-19,UPI Business,47853.72,COMPLETED
TXN-INV9143,INV9143,2025-04-20,Corporate Card,52084.48,COMPLETED
TXN-INV9144,INV9144,2025-04-21,NEFT/RTGS,42869.4,COMPLETED
TXN-INV9145,INV9145,2025-04-22,Bank Transfer,45880.8,COMPLETED
TXN-INV9146,INV9146,2025-04-23,UPI Business,48500.36,COMPLETED
TXN-INV9147,INV9147,2025-04-24,Corporate Card,52785.92,COMPLETED
TXN-INV9148,INV9148,2025-04-25,NEFT/RTGS,43444.8,COMPLETED
TXN-INV9149,INV9149,2025-04-26,Bank Transfer,46494.56,COMPLETED
TXN-INV9150,INV9150,2025-04-27,UPI Business,49147,COMPLETED
TXN-INV9151,INV9151,2025-04-28,Corporate Card,53487.36,COMPLETED
TXN-INV9152,INV9152,2025-04-01,NEFT/RTGS,44020.2,COMPLETED
TXN-INV9153,INV9153,2025-04-02,Bank Transfer,47108.32,COMPLETED
TXN-INV9154,INV9154,2025-04-03,UPI Business,49793.64,COMPLETED
TXN-INV9155,INV9155,2025-04-04,Corporate Card,54188.8,COMPLETED
TXN-INV9156,INV9156,2025-04-05,NEFT/RTGS,44595.6,COMPLETED
TXN-INV9157,INV9157,2025-04-06,Bank Transfer,47722.08,COMPLETED
TXN-INV9158,INV9158,2025-04-07,UPI Business,50440.28,COMPLETED
TXN-INV9159,INV9159,2025-04-08,Corporate Card,54890.24,COMPLETED
TXN-INV9160,INV9160,2025-04-09,NEFT/RTGS,45171,COMPLETED
TXN-INV9161,INV9161,2025-04-10,Bank Transfer,48335.84,COMPLETED
TXN-INV9162,INV9162,2025-04-11,UPI Business,51086.92,COMPLETED
TXN-INV9163,INV9163,2025-04-12,Corporate Card,55591.68,COMPLETED
TXN-INV9164,INV9164,2025-04-13,NEFT/RTGS,45746.4,COMPLETED
TXN-INV9165,INV9165,2025-04-14,Bank Transfer,48949.6,COMPLETED
TXN-INV9166,INV9166,2025-04-15,UPI Business,51733.56,COMPLETED
TXN-INV9167,INV9167,2025-04-16,Corporate Card,56293.12,COMPLETED
TXN-INV9168,INV9168,2025-04-17,NEFT/RTGS,46321.8,COMPLETED
TXN-INV9169,INV9169,2025-04-18,Bank Transfer,49563.36,COMPLETED
TXN-INV9170,INV9170,2025-04-19,UPI Business,52380.2,COMPLETED
TXN-INV9171,INV9171,2025-04-20,Corporate Card,56994.56,COMPLETED
TXN-INV9172,INV9172,2025-04-21,NEFT/RTGS,46897.2,COMPLETED
TXN-INV9173,INV9173,2025-04-22,Bank Transfer,50177.12,COMPLETED
TXN-INV9174,INV9174,2025-04-23,UPI Business,53026.84,COMPLETED
TXN-INV9175,INV9175,2025-04-24,Corporate Card,57696,COMPLETED
TXN-INV9176,INV9176,2025-04-25,NEFT/RTGS,47472.6,COMPLETED
TXN-INV9177,INV9177,2025-04-26,Bank Transfer,50790.88,COMPLETED
TXN-INV9178,INV9178,2025-04-27,UPI Business,53673.48,COMPLETED
TXN-INV9179,INV9179,2025-04-28,Corporate Card,58397.44,COMPLETED
TXN-INV9180,INV9180,2025-04-01,NEFT/RTGS,48048,COMPLETED
TXN-INV9181,INV9181,2025-04-02,Bank Transfer,51404.64,COMPLETED
TXN-INV9182,INV9182,2025-04-03,UPI Business,54320.12,COMPLETED
TXN-INV9183,INV9183,2025-04-04,Corporate Card,59098.88,COMPLETED
TXN-INV9184,INV9184,2025-04-05,NEFT/RTGS,48623.4,COMPLETED
TXN-INV9185,INV9185,2025-04-06,Bank Transfer,52018.4,COMPLETED
TXN-INV9186,INV9186,2025-04-07,UPI Business,54966.76,COMPLETED
TXN-INV9187,INV9187,2025-04-08,Corporate Card,59800.32,COMPLETED
TXN-INV9188,INV9188,2025-04-09,NEFT/RTGS,49198.8,COMPLETED
TXN-INV9189,INV9189,2025-04-10,Bank Transfer,52632.16,COMPLETED
TXN-INV9190,INV9190,2025-04-11,UPI Business,55613.4,COMPLETED
TXN-INV9191,INV9191,2025-04-12,Corporate Card,60501.76,COMPLETED
TXN-INV9192,INV9192,2025-04-13,NEFT/RTGS,49774.2,COMPLETED
TXN-INV9193,INV9193,2025-04-14,Bank Transfer,53245.92,COMPLETED
TXN-INV9194,INV9194,2025-04-15,UPI Business,56260.04,COMPLETED
TXN-INV9195,INV9195,2025-04-16,Corporate Card,61203.2,COMPLETED
TXN-INV9196,INV9196,2025-04-17,NEFT/RTGS,50349.6,COMPLETED
TXN-INV9197,INV9197,2025-04-18,Bank Transfer,53859.68,COMPLETED
TXN-INV9198,INV9198,2025-04-19,UPI Business,56906.68,COMPLETED
TXN-INV9199,INV9199,2025-04-20,Corporate Card,61904.64,COMPLETED
TXN-INV9200,INV9200,2025-04-21,NEFT/RTGS,997500,COMPLETED
TXN-INV9201,INV9201,2025-04-22,Bank Transfer,54473.44,COMPLETED
TXN-INV9202,INV9202,2025-04-23,UPI Business,57553.32,COMPLETED
TXN-INV9203,INV9203,2025-04-24,Corporate Card,62606.08,COMPLETED
TXN-INV9204,INV9204,2025-04-25,NEFT/RTGS,51500.4,COMPLETED
TXN-INV9205,INV9205,2025-04-26,Bank Transfer,55087.2,COMPLETED
TXN-INV9206,INV9206,2025-04-27,UPI Business,58199.96,COMPLETED
TXN-INV9207,INV9207,2025-04-28,Corporate Card,63307.52,COMPLETED
TXN-INV9208,INV9208,2025-04-01,NEFT/RTGS,52075.8,COMPLETED
TXN-INV9209,INV9209,2025-04-02,Bank Transfer,55700.96,COMPLETED
TXN-INV9210,INV9210,2025-04-03,UPI Business,58846.6,COMPLETED
TXN-INV9211,INV9211,2025-04-04,Corporate Card,64008.96,COMPLETED
TXN-INV9212,INV9212,2025-04-05,NEFT/RTGS,52651.2,COMPLETED
TXN-INV9213,INV9213,2025-04-06,Bank Transfer,56314.72,COMPLETED
TXN-INV9214,INV9214,2025-04-07,UPI Business,59493.24,COMPLETED
TXN-INV9215,INV9215,2025-04-08,Corporate Card,64710.4,COMPLETED
TXN-INV9216,INV9216,2025-04-09,NEFT/RTGS,53226.6,COMPLETED
TXN-INV9217,INV9217,2025-04-10,Bank Transfer,56928.48,COMPLETED
TXN-INV9218,INV9218,2025-04-11,UPI Business,60139.88,COMPLETED
TXN-INV9219,INV9219,2025-04-12,Corporate Card,65411.84,COMPLETED
TXN-INV9220,INV9220,2025-04-13,NEFT/RTGS,53802,COMPLETED
TXN-INV9221,INV9221,2025-04-14,Bank Transfer,57542.24,COMPLETED
TXN-INV9222,INV9222,2025-04-15,UPI Business,60786.52,COMPLETED
TXN-INV9223,INV9223,2025-04-16,Corporate Card,66113.28,COMPLETED
TXN-INV9224,INV9224,2025-04-17,NEFT/RTGS,54377.4,COMPLETED
TXN-INV9225,INV9225,2025-04-18,Bank Transfer,58156,COMPLETED
TXN-INV9226,INV9226,2025-04-19,UPI Business,61433.16,COMPLETED
TXN-INV9227,INV9227,2025-04-20,Corporate Card,66814.72,COMPLETED
TXN-INV9228,INV9228,2025-04-21,NEFT/RTGS,54952.8,COMPLETED
TXN-INV9229,INV9229,2025-04-22,Bank Transfer,58769.76,COMPLETED
TXN-INV9230,INV9230,2025-04-23,UPI Business,62079.8,COMPLETED
TXN-INV9231,INV9231,2025-04-24,Corporate Card,67516.16,COMPLETED
TXN-INV9232,INV9232,2025-04-25,NEFT/RTGS,55528.2,COMPLETED
TXN-INV9233,INV9233,2025-04-26,Bank Transfer,59383.52,COMPLETED
TXN-INV9234,INV9234,2025-04-27,UPI Business,62726.44,COMPLETED
TXN-INV9235,INV9235,2025-04-28,Corporate Card,68217.6,COMPLETED
TXN-INV9236,INV9236,2025-04-01,NEFT/RTGS,56103.6,COMPLETED
TXN-INV9237,INV9237,2025-04-02,Bank Transfer,59997.28,COMPLETED
TXN-INV9238,INV9238,2025-04-03,UPI Business,63373.08,COMPLETED
TXN-INV9239,INV9239,2025-04-04,Corporate Card,68919.04,COMPLETED
TXN-INV9240,INV9240,2025-04-05,NEFT/RTGS,56679,COMPLETED
TXN-INV9241,INV9241,2025-04-06,Bank Transfer,60611.04,COMPLETED
TXN-INV9242,INV9242,2025-04-07,UPI Business,64019.72,COMPLETED
TXN-INV9243,INV9243,2025-04-08,Corporate Card,69620.48,COMPLETED
TXN-INV9244,INV9244,2025-04-09,NEFT/RTGS,57254.4,COMPLETED
TXN-INV9245,INV9245,2025-04-10,Bank Transfer,61224.8,COMPLETED
TXN-INV9246,INV9246,2025-04-11,UPI Business,64666.36,COMPLETED
TXN-INV9247,INV9247,2025-04-12,Corporate Card,70321.92,COMPLETED
TXN-INV9248,INV9248,2025-04-13,NEFT/RTGS,57829.8,COMPLETED
TXN-INV9249,INV9249,2025-04-14,Bank Transfer,61838.56,COMPLETED
TXN-INV9250,INV9250,2025-04-15,UPI Business,65313,COMPLETED
TXN-INV9251,INV9251,2025-04-16,Corporate Card,71023.36,COMPLETED
TXN-INV9252,INV9252,2025-04-17,NEFT/RTGS,58405.2,COMPLETED
TXN-INV9253,INV9253,2025-04-18,Bank Transfer,62452.32,COMPLETED
TXN-INV9254,INV9254,2025-04-19,UPI Business,65959.64,COMPLETED
TXN-INV9255,INV9255,2025-04-20,Corporate Card,71724.8,COMPLETED
TXN-INV9256,INV9256,2025-04-21,NEFT/RTGS,58980.6,COMPLETED
TXN-INV9257,INV9257,2025-04-22,Bank Transfer,63066.08,COMPLETED
TXN-INV9258,INV9258,2025-04-23,UPI Business,66606.28,COMPLETED
TXN-INV9259,INV9259,2025-04-24,Corporate Card,72426.24,COMPLETED
TXN-INV9260,INV9260,2025-04-25,NEFT/RTGS,59556,COMPLETED
TXN-INV9261,INV9261,2025-04-26,Bank Transfer,63679.84,COMPLETED
TXN-INV9262,INV9262,2025-04-27,UPI Business,67252.92,COMPLETED
TXN-INV9263,INV9263,2025-04-28,Corporate Card,73127.68,COMPLETED
TXN-INV9264,INV9264,2025-04-01,NEFT/RTGS,60131.4,COMPLETED
TXN-INV9265,INV9265,2025-04-02,Bank Transfer,64293.6,COMPLETED
TXN-INV9266,INV9266,2025-04-03,UPI Business,67899.56,COMPLETED
TXN-INV9267,INV9267,2025-04-04,Corporate Card,73829.12,COMPLETED
TXN-INV9268,INV9268,2025-04-05,NEFT/RTGS,60706.8,COMPLETED
TXN-INV9269,INV9269,2025-04-06,Bank Transfer,64907.36,COMPLETED
TXN-INV9270,INV9270,2025-04-07,UPI Business,68546.2,COMPLETED
TXN-INV9271,INV9271,2025-04-08,Corporate Card,74530.56,COMPLETED
TXN-INV9272,INV9272,2025-04-09,NEFT/RTGS,61282.2,COMPLETED
TXN-INV9273,INV9273,2025-04-10,Bank Transfer,65521.12,COMPLETED
TXN-INV9274,INV9274,2025-04-11,UPI Business,69192.84,COMPLETED
TXN-INV9275,INV9275,2025-04-12,Corporate Card,75232,COMPLETED
TXN-INV9276,INV9276,2025-04-13,NEFT/RTGS,61857.6,COMPLETED
TXN-INV9277,INV9277,2025-04-14,Bank Transfer,66134.88,COMPLETED
TXN-INV9278,INV9278,2025-04-15,UPI Business,69839.48,COMPLETED
TXN-INV9279,INV9279,2025-04-16,Corporate Card,75933.44,COMPLETED
TXN-INV9280,INV9280,2025-04-17,NEFT/RTGS,62433,COMPLETED
TXN-INV9281,INV9281,2025-04-18,Bank Transfer,66748.64,COMPLETED
TXN-INV9282,INV9282,2025-04-19,UPI Business,70486.12,COMPLETED
TXN-INV9283,INV9283,2025-04-20,Corporate Card,76634.88,COMPLETED
TXN-INV9284,INV9284,2025-04-21,NEFT/RTGS,63008.4,COMPLETED
TXN-INV9285,INV9285,2025-04-22,Bank Transfer,67362.4,COMPLETED
TXN-INV9286,INV9286,2025-04-23,UPI Business,71132.76,COMPLETED
TXN-INV9287,INV9287,2025-04-24,Corporate Card,77336.32,COMPLETED
TXN-INV9288,INV9288,2025-04-25,NEFT/RTGS,63583.8,COMPLETED
TXN-INV9289,INV9289,2025-04-26,Bank Transfer,67976.16,COMPLETED
TXN-INV9290,INV9290,2025-04-27,UPI Business,71779.4,COMPLETED
TXN-INV9291,INV9291,2025-04-28,Corporate Card,78037.76,COMPLETED
TXN-INV9292,INV9292,2025-04-01,NEFT/RTGS,64159.2,COMPLETED
TXN-INV9293,INV9293,2025-04-02,Bank Transfer,68589.92,COMPLETED
TXN-INV9294,INV9294,2025-04-03,UPI Business,72426.04,COMPLETED
TXN-INV9295,INV9295,2025-04-04,Corporate Card,78739.2,COMPLETED
TXN-INV9296,INV9296,2025-04-05,NEFT/RTGS,64734.6,COMPLETED
TXN-INV9297,INV9297,2025-04-06,Bank Transfer,69203.68,COMPLETED
TXN-INV9298,INV9298,2025-04-07,UPI Business,73072.68,COMPLETED
TXN-INV9299,INV9299,2025-04-08,Corporate Card,79440.64,COMPLETED
TXN-INV9300,INV9300,2025-04-09,NEFT/RTGS,65310,COMPLETED
TXN-INV9301,INV9301,2025-04-10,Bank Transfer,69817.44,COMPLETED
TXN-INV9302,INV9302,2025-04-11,UPI Business,73719.32,COMPLETED
TXN-INV9303,INV9303,2025-04-12,Corporate Card,80142.08,COMPLETED
TXN-INV9304,INV9304,2025-04-13,NEFT/RTGS,65885.4,COMPLETED
TXN-INV9305,INV9305,2025-04-14,Bank Transfer,70431.2,COMPLETED
TXN-INV9306,INV9306,2025-04-15,UPI Business,74365.96,COMPLETED
TXN-INV9307,INV9307,2025-04-16,Corporate Card,80843.52,COMPLETED
TXN-INV9308,INV9308,2025-04-17,NEFT/RTGS,66460.8,COMPLETED
TXN-INV9309,INV9309,2025-04-18,Bank Transfer,71044.96,COMPLETED
TXN-INV9310,INV9310,2025-04-19,UPI Business,75012.6,COMPLETED
TXN-INV9311,INV9311,2025-04-20,Corporate Card,81544.96,COMPLETED
TXN-INV9312,INV9312,2025-04-21,NEFT/RTGS,67036.2,COMPLETED
TXN-INV9313,INV9313,2025-04-22,Bank Transfer,71658.72,COMPLETED
TXN-INV9314,INV9314,2025-04-23,UPI Business,75659.24,COMPLETED
TXN-INV9315,INV9315,2025-04-24,Corporate Card,82246.4,COMPLETED
TXN-INV9316,INV9316,2025-04-25,NEFT/RTGS,67611.6,COMPLETED
TXN-INV9317,INV9317,2025-04-26,Bank Transfer,72272.48,COMPLETED
TXN-INV9318,INV9318,2025-04-27,UPI Business,76305.88,COMPLETED
TXN-INV9319,INV9319,2025-04-28,Corporate Card,82947.84,COMPLETED
TXN-INV9320,INV9320,2025-04-01,NEFT/RTGS,68187,COMPLETED
TXN-INV9321,INV9321,2025-04-02,Bank Transfer,72886.24,COMPLETED
TXN-INV9322,INV9322,2025-04-03,UPI Business,76952.52,COMPLETED
TXN-INV9323,INV9323,2025-04-04,Corporate Card,83649.28,COMPLETED
TXN-INV9324,INV9324,2025-04-05,NEFT/RTGS,68762.4,COMPLETED
TXN-INV9325,INV9325,2025-04-06,Bank Transfer,73500,COMPLETED
TXN-INV9326,INV9326,2025-04-07,UPI Business,77599.16,COMPLETED
TXN-INV9327,INV9327,2025-04-08,Corporate Card,84350.72,COMPLETED
TXN-INV9328,INV9328,2025-04-09,NEFT/RTGS,69337.8,COMPLETED
TXN-INV9329,INV9329,2025-04-10,Bank Transfer,74113.76,COMPLETED
TXN-INV9330,INV9330,2025-04-11,UPI Business,78245.8,COMPLETED
TXN-INV9331,INV9331,2025-04-12,Corporate Card,85052.16,COMPLETED
TXN-INV9332,INV9332,2025-04-13,NEFT/RTGS,69913.2,COMPLETED
TXN-INV9333,INV9333,2025-04-14,Bank Transfer,74727.52,COMPLETED
TXN-INV9334,INV9334,2025-04-15,UPI Business,78892.44,COMPLETED
TXN-INV9335,INV9335,2025-04-16,Corporate Card,85753.6,COMPLETED
TXN-INV9336,INV9336,2025-04-17,NEFT/RTGS,70488.6,COMPLETED
TXN-INV9337,INV9337,2025-04-18,Bank Transfer,75341.28,COMPLETED
TXN-INV9338,INV9338,2025-04-19,UPI Business,79539.08,COMPLETED
TXN-INV9339,INV9339,2025-04-20,Corporate Card,86455.04,COMPLETED
TXN-INV9340,INV9340,2025-04-21,NEFT/RTGS,71064,COMPLETED
TXN-INV9341,INV9341,2025-04-22,Bank Transfer,75955.04,COMPLETED
TXN-INV9342,INV9342,2025-04-23,UPI Business,80185.72,COMPLETED
TXN-INV9343,INV9343,2025-04-24,Corporate Card,87156.48,COMPLETED
TXN-INV9344,INV9344,2025-04-25,NEFT/RTGS,71639.4,COMPLETED
TXN-INV9345,INV9345,2025-04-26,Bank Transfer,76568.8,COMPLETED
TXN-INV9346,INV9346,2025-04-27,UPI Business,80832.36,COMPLETED
TXN-INV9347,INV9347,2025-04-28,Corporate Card,87857.92,COMPLETED
TXN-INV9348,INV9348,2025-04-01,NEFT/RTGS,72214.8,COMPLETED
TXN-INV9349,INV9349,2025-04-02,Bank Transfer,77182.56,COMPLETED
TXN-INV9350,INV9350,2025-04-03,UPI Business,81479,COMPLETED
TXN-INV9351,INV9351,2025-04-04,Corporate Card,88559.36,COMPLETED
TXN-INV9352,INV9352,2025-04-05,NEFT/RTGS,72790.2,COMPLETED
TXN-INV9353,INV9353,2025-04-06,Bank Transfer,77796.32,COMPLETED
TXN-INV9354,INV9354,2025-04-07,UPI Business,82125.64,COMPLETED
TXN-INV9355,INV9355,2025-04-08,Corporate Card,89260.8,COMPLETED
TXN-INV9356,INV9356,2025-04-09,NEFT/RTGS,73365.6,COMPLETED
TXN-INV9357,INV9357,2025-04-10,Bank Transfer,78410.08,COMPLETED
TXN-INV9358,INV9358,2025-04-11,UPI Business,82772.28,COMPLETED
TXN-INV9359,INV9359,2025-04-12,Corporate Card,89962.24,COMPLETED
TXN-INV9360,INV9360,2025-04-13,NEFT/RTGS,73941,COMPLETED
TXN-INV9361,INV9361,2025-04-14,Bank Transfer,79023.84,COMPLETED
TXN-INV9362,INV9362,2025-04-15,UPI Business,83418.92,COMPLETED
TXN-INV9363,INV9363,2025-04-16,Corporate Card,90663.68,COMPLETED
TXN-INV9364,INV9364,2025-04-17,NEFT/RTGS,74516.4,COMPLETED
TXN-INV9365,INV9365,2025-04-18,Bank Transfer,79637.6,COMPLETED
TXN-INV9366,INV9366,2025-04-19,UPI Business,84065.56,COMPLETED
TXN-INV9367,INV9367,2025-04-20,Corporate Card,91365.12,COMPLETED
TXN-INV9368,INV9368,2025-04-21,NEFT/RTGS,75091.8,COMPLETED
TXN-INV9369,INV9369,2025-04-22,Bank Transfer,80251.36,COMPLETED
TXN-INV9370,INV9370,2025-04-23,UPI Business,84712.2,COMPLETED
TXN-INV9371,INV9371,2025-04-24,Corporate Card,92066.56,COMPLETED
TXN-INV9372,INV9372,2025-04-25,NEFT/RTGS,75667.2,COMPLETED
TXN-INV9373,INV9373,2025-04-26,Bank Transfer,80865.12,COMPLETED
TXN-INV9374,INV9374,2025-04-27,UPI Business,85358.84,COMPLETED
TXN-INV9375,INV9375,2025-04-28,Corporate Card,92768,COMPLETED
TXN-INV9376,INV9376,2025-04-01,NEFT/RTGS,76242.6,COMPLETED
TXN-INV9377,INV9377,2025-04-02,Bank Transfer,81478.88,COMPLETED
TXN-INV9378,INV9378,2025-04-03,UPI Business,86005.48,COMPLETED
TXN-INV9379,INV9379,2025-04-04,Corporate Card,93469.44,COMPLETED
TXN-INV9380,INV9380,2025-04-05,NEFT/RTGS,76818,COMPLETED
TXN-INV9381,INV9381,2025-04-06,Bank Transfer,82092.64,COMPLETED
TXN-INV9382,INV9382,2025-04-07,UPI Business,86652.12,COMPLETED
TXN-INV9383,INV9383,2025-04-08,Corporate Card,94170.88,COMPLETED
TXN-INV9384,INV9384,2025-04-09,NEFT/RTGS,77393.4,COMPLETED
TXN-INV9385,INV9385,2025-04-10,Bank Transfer,82706.4,COMPLETED
TXN-INV9386,INV9386,2025-04-11,UPI Business,87298.76,COMPLETED
TXN-INV9387,INV9387,2025-04-12,Corporate Card,94872.32,COMPLETED
TXN-INV9388,INV9388,2025-04-13,NEFT/RTGS,77968.8,COMPLETED
TXN-INV9389,INV9389,2025-04-14,Bank Transfer,83320.16,COMPLETED
TXN-INV9390,INV9390,2025-04-15,UPI Business,87945.4,COMPLETED
TXN-INV9391,INV9391,2025-04-16,Corporate Card,95573.76,COMPLETED
TXN-INV9392,INV9392,2025-04-17,NEFT/RTGS,78544.2,COMPLETED
TXN-INV9393,INV9393,2025-04-18,Bank Transfer,83933.92,COMPLETED
TXN-INV9394,INV9394,2025-04-19,UPI Business,88592.04,COMPLETED
TXN-INV9395,INV9395,2025-04-20,Corporate Card,96275.2,COMPLETED
TXN-INV9396,INV9396,2025-04-21,NEFT/RTGS,79119.6,COMPLETED
TXN-INV9397,INV9397,2025-04-22,Bank Transfer,84547.68,COMPLETED
TXN-INV9398,INV9398,2025-04-23,UPI Business,89238.68,COMPLETED
TXN-INV9399,INV9399,2025-04-24,Corporate Card,96976.64,COMPLETED
TXN-INV9400,INV9400,2025-04-25,NEFT/RTGS,79695,COMPLETED
TXN-INV9401,INV9401,2025-04-26,Bank Transfer,85161.44,COMPLETED
TXN-INV9402,INV9402,2025-04-27,UPI Business,89885.32,COMPLETED
TXN-INV9403,INV9403,2025-04-28,Corporate Card,97678.08,COMPLETED
TXN-INV9404,INV9404,2025-04-01,NEFT/RTGS,80270.4,COMPLETED
TXN-INV9405,INV9405,2025-04-02,Bank Transfer,85775.2,COMPLETED
TXN-INV9406,INV9406,2025-04-03,UPI Business,90531.96,COMPLETED
TXN-INV9407,INV9407,2025-04-04,Corporate Card,98379.52,COMPLETED
TXN-INV9408,INV9408,2025-04-05,NEFT/RTGS,80845.8,COMPLETED
TXN-INV9409,INV9409,2025-04-06,Bank Transfer,86388.96,COMPLETED
TXN-INV9410,INV9410,2025-04-07,UPI Business,91178.6,COMPLETED
TXN-INV9411,INV9411,2025-04-08,Corporate Card,99080.96,COMPLETED
TXN-INV9412,INV9412,2025-04-09,NEFT/RTGS,2671.2,COMPLETED
TXN-INV9413,INV9413,2025-04-10,Bank Transfer,3002.72,COMPLETED
TXN-INV9414,INV9414,2025-04-11,UPI Business,3325.24,COMPLETED
TXN-INV9415,INV9415,2025-04-12,Corporate Card,3782.4,COMPLETED
TXN-INV9416,INV9416,2025-04-13,NEFT/RTGS,3246.6,COMPLETED
TXN-INV9417,INV9417,2025-04-14,Bank Transfer,3616.48,COMPLETED
TXN-INV9418,INV9418,2025-04-15,UPI Business,3971.88,COMPLETED
TXN-INV9419,INV9419,2025-04-16,Corporate Card,4483.84,COMPLETED
TXN-INV9420,INV9420,2025-04-17,NEFT/RTGS,3822,COMPLETED
TXN-INV9421,INV9421,2025-04-18,Bank Transfer,4230.24,COMPLETED
TXN-INV9422,INV9422,2025-04-19,UPI Business,4618.52,COMPLETED
TXN-INV9423,INV9423,2025-04-20,Corporate Card,5185.28,COMPLETED
TXN-INV9424,INV9424,2025-04-21,NEFT/RTGS,4397.4,COMPLETED
TXN-INV9425,INV9425,2025-04-22,Bank Transfer,4844,COMPLETED
TXN-INV9426,INV9426,2025-04-23,UPI Business,5265.16,COMPLETED
TXN-INV9427,INV9427,2025-04-24,Corporate Card,5886.72,COMPLETED
TXN-INV9428,INV9428,2025-04-25,NEFT/RTGS,4972.8,COMPLETED
TXN-INV9429,INV9429,2025-04-26,Bank Transfer,5457.76,COMPLETED
TXN-INV9430,INV9430,2025-04-27,UPI Business,5911.8,COMPLETED
TXN-INV9431,INV9431,2025-04-28,Corporate Card,6588.16,COMPLETED
TXN-INV9432,INV9432,2025-04-01,NEFT/RTGS,5548.2,COMPLETED
TXN-INV9433,INV9433,2025-04-02,Bank Transfer,6071.52,COMPLETED
TXN-INV9434,INV9434,2025-04-03,UPI Business,6558.44,COMPLETED
TXN-INV9435,INV9435,2025-04-04,Corporate Card,7289.6,COMPLETED
TXN-INV9436,INV9436,2025-04-05,NEFT/RTGS,6123.6,COMPLETED
TXN-INV9437,INV9437,2025-04-06,Bank Transfer,6685.28,COMPLETED
TXN-INV9438,INV9438,2025-04-07,UPI Business,7205.08,COMPLETED
TXN-INV9439,INV9439,2025-04-08,Corporate Card,7991.04,COMPLETED
TXN-INV9440,INV9440,2025-04-09,NEFT/RTGS,6699,COMPLETED
TXN-INV9441,INV9441,2025-04-10,Bank Transfer,7299.04,COMPLETED
TXN-INV9442,INV9442,2025-04-11,UPI Business,7851.72,COMPLETED
TXN-INV9443,INV9443,2025-04-12,Corporate Card,8692.48,COMPLETED
TXN-INV9444,INV9444,2025-04-13,NEFT/RTGS,7274.4,COMPLETED
TXN-INV9445,INV9445,2025-04-14,Bank Transfer,7912.8,COMPLETED
TXN-INV9446,INV9446,2025-04-15,UPI Business,8498.36,COMPLETED
TXN-INV9447,INV9447,2025-04-16,Corporate Card,9393.92,COMPLETED
TXN-INV9448,INV9448,2025-04-17,NEFT/RTGS,7849.8,COMPLETED
TXN-INV9449,INV9449,2025-04-18,Bank Transfer,8526.56,COMPLETED
TXN-INV9450,INV9450,2025-04-19,UPI Business,1003000,COMPLETED
TXN-INV9451,INV9451,2025-04-20,Corporate Card,10095.36,COMPLETED
TXN-INV9452,INV9452,2025-04-21,NEFT/RTGS,8425.2,COMPLETED
TXN-INV9453,INV9453,2025-04-22,Bank Transfer,9140.32,COMPLETED
TXN-INV9454,INV9454,2025-04-23,UPI Business,9791.64,COMPLETED
TXN-INV9455,INV9455,2025-04-24,Corporate Card,10796.8,COMPLETED
TXN-INV9456,INV9456,2025-04-25,NEFT/RTGS,9000.6,COMPLETED
TXN-INV9457,INV9457,2025-04-26,Bank Transfer,9754.08,COMPLETED
TXN-INV9458,INV9458,2025-04-27,UPI Business,10438.28,COMPLETED
TXN-INV9459,INV9459,2025-04-28,Corporate Card,11498.24,COMPLETED
TXN-INV9460,INV9460,2025-04-01,NEFT/RTGS,9576,COMPLETED
TXN-INV9461,INV9461,2025-04-02,Bank Transfer,10367.84,COMPLETED
TXN-INV9462,INV9462,2025-04-03,UPI Business,11084.92,COMPLETED
TXN-INV9463,INV9463,2025-04-04,Corporate Card,12199.68,COMPLETED
TXN-INV9464,INV9464,2025-04-05,NEFT/RTGS,10151.4,COMPLETED
TXN-INV9465,INV9465,2025-04-06,Bank Transfer,10981.6,COMPLETED
TXN-INV9466,INV9466,2025-04-07,UPI Business,11731.56,COMPLETED
TXN-INV9467,INV9467,2025-04-08,Corporate Card,12901.12,COMPLETED
TXN-INV9468,INV9468,2025-04-09,NEFT/RTGS,10726.8,COMPLETED
TXN-INV9469,INV9469,2025-04-10,Bank Transfer,11595.36,COMPLETED
TXN-INV9470,INV9470,2025-04-11,UPI Business,12378.2,COMPLETED
TXN-INV9471,INV9471,2025-04-12,Corporate Card,13602.56,COMPLETED
TXN-INV9472,INV9472,2025-04-13,NEFT/RTGS,11302.2,COMPLETED
TXN-INV9473,INV9473,2025-04-14,Bank Transfer,12209.12,COMPLETED
TXN-INV9474,INV9474,2025-04-15,UPI Business,13024.84,COMPLETED
TXN-INV9475,INV9475,2025-04-16,Corporate Card,14304,COMPLETED
TXN-INV9476,INV9476,2025-04-17,NEFT/RTGS,11877.6,COMPLETED
TXN-INV9477,INV9477,2025-04-18,Bank Transfer,12822.88,COMPLETED
TXN-INV9478,INV9478,2025-04-19,UPI Business,13671.48,COMPLETED
TXN-INV9479,INV9479,2025-04-20,Corporate Card,15005.44,COMPLETED
TXN-INV9480,INV9480,2025-04-21,NEFT/RTGS,12453,COMPLETED
TXN-INV9481,INV9481,2025-04-22,Bank Transfer,13436.64,COMPLETED
TXN-INV9482,INV9482,2025-04-23,UPI Business,14318.12,COMPLETED
TXN-INV9483,INV9483,2025-04-24,Corporate Card,15706.88,COMPLETED
TXN-INV9484,INV9484,2025-04-25,NEFT/RTGS,13028.4,COMPLETED
TXN-INV9485,INV9485,2025-04-26,Bank Transfer,14050.4,COMPLETED
TXN-INV9486,INV9486,2025-04-27,UPI Business,14964.76,COMPLETED
TXN-INV9487,INV9487,2025-04-28,Corporate Card,16408.32,COMPLETED
TXN-INV9488,INV9488,2025-04-01,NEFT/RTGS,13603.8,COMPLETED
TXN-INV9489,INV9489,2025-04-02,Bank Transfer,14664.16,COMPLETED
TXN-INV9490,INV9490,2025-04-03,UPI Business,15611.4,COMPLETED
TXN-INV9491,INV9491,2025-04-04,Corporate Card,17109.76,COMPLETED
TXN-INV9492,INV9492,2025-04-05,NEFT/RTGS,14179.2,COMPLETED
TXN-INV9493,INV9493,2025-04-06,Bank Transfer,15277.92,COMPLETED
TXN-INV9494,INV9494,2025-04-07,UPI Business,16258.04,COMPLETED
TXN-INV9495,INV9495,2025-04-08,Corporate Card,17811.2,COMPLETED
TXN-INV9496,INV9496,2025-04-09,NEFT/RTGS,14754.6,COMPLETED
TXN-INV9497,INV9497,2025-04-10,Bank Transfer,15891.68,COMPLETED
TXN-INV9498,INV9498,2025-04-11,UPI Business,16904.68,COMPLETED
TXN-INV9499,INV9499,2025-04-12,Corporate Card,18512.64,COMPLETED
TXN-INV9500,INV9500,2025-04-13,NEFT/RTGS,15330,COMPLETED
TXN-INV9501,INV9501,2025-04-14,Bank Transfer,16505.44,COMPLETED
TXN-INV9502,INV9502,2025-04-15,UPI Business,17551.32,COMPLETED
TXN-INV9503,INV9503,2025-04-16,Corporate Card,19214.08,COMPLETED
TXN-INV9504,INV9504,2025-04-17,NEFT/RTGS,15905.4,COMPLETED
TXN-INV9505,INV9505,2025-04-18,Bank Transfer,17119.2,COMPLETED
TXN-INV9506,INV9506,2025-04-19,UPI Business,18197.96,COMPLETED
TXN-INV9507,INV9507,2025-04-20,Corporate Card,19915.52,COMPLETED
TXN-INV9508,INV9508,2025-04-21,NEFT/RTGS,16480.8,COMPLETED
TXN-INV9509,INV9509,2025-04-22,Bank Transfer,17732.96,COMPLETED
TXN-INV9510,INV9510,2025-04-23,UPI Business,18844.6,COMPLETED
TXN-INV9511,INV9511,2025-04-24,Corporate Card,20616.96,COMPLETED
TXN-INV9512,INV9512,2025-04-25,NEFT/RTGS,17056.2,COMPLETED
TXN-INV9513,INV9513,2025-04-26,Bank Transfer,18346.72,COMPLETED
TXN-INV9514,INV9514,2025-04-27,UPI Business,19491.24,COMPLETED
TXN-INV9515,INV9515,2025-04-28,Corporate Card,21318.4,COMPLETED
TXN-INV9516,INV9516,2025-04-01,NEFT/RTGS,17631.6,COMPLETED
TXN-INV9517,INV9517,2025-04-02,Bank Transfer,18960.48,COMPLETED
TXN-INV9518,INV9518,2025-04-03,UPI Business,20137.88,COMPLETED
TXN-INV9519,INV9519,2025-04-04,Corporate Card,22019.84,COMPLETED
TXN-INV9520,INV9520,2025-04-05,NEFT/RTGS,18207,COMPLETED
TXN-INV9521,INV9521,2025-04-06,Bank Transfer,19574.24,COMPLETED
TXN-INV9522,INV9522,2025-04-07,UPI Business,20784.52,COMPLETED
TXN-INV9523,INV9523,2025-04-08,Corporate Card,22721.28,COMPLETED
TXN-INV9524,INV9524,2025-04-09,NEFT/RTGS,18782.4,COMPLETED
TXN-INV9525,INV9525,2025-04-10,Bank Transfer,20188,COMPLETED
TXN-INV9526,INV9526,2025-04-11,UPI Business,21431.16,COMPLETED
TXN-INV9527,INV9527,2025-04-12,Corporate Card,23422.72,COMPLETED
TXN-INV9528,INV9528,2025-04-13,NEFT/RTGS,19357.8,COMPLETED
TXN-INV9529,INV9529,2025-04-14,Bank Transfer,20801.76,COMPLETED
TXN-INV9530,INV9530,2025-04-15,UPI Business,22077.8,COMPLETED
TXN-INV9531,INV9531,2025-04-16,Corporate Card,24124.16,COMPLETED
TXN-INV9532,INV9532,2025-04-17,NEFT/RTGS,19933.2,COMPLETED
TXN-INV9533,INV9533,2025-04-18,Bank Transfer,21415.52,COMPLETED
TXN-INV9534,INV9534,2025-04-19,UPI Business,22724.44,COMPLETED
TXN-INV9535,INV9535,2025-04-20,Corporate Card,24825.6,COMPLETED
TXN-INV9536,INV9536,2025-04-21,NEFT/RTGS,20508.6,COMPLETED
TXN-INV9537,INV9537,2025-04-22,Bank Transfer,22029.28,COMPLETED
TXN-INV9538,INV9538,2025-04-23,UPI Business,23371.08,COMPLETED
TXN-INV9539,INV9539,2025-04-24,Corporate Card,25527.04,COMPLETED
TXN-INV9540,INV9540,2025-04-25,NEFT/RTGS,21084,COMPLETED
TXN-INV9541,INV9541,2025-04-26,Bank Transfer,22643.04,COMPLETED
TXN-INV9542,INV9542,2025-04-27,UPI Business,24017.72,COMPLETED
TXN-INV9543,INV9543,2025-04-28,Corporate Card,26228.48,COMPLETED
TXN-INV9544,INV9544,2025-04-01,NEFT/RTGS,21659.4,COMPLETED
TXN-INV9545,INV9545,2025-04-02,Bank Transfer,23256.8,COMPLETED
TXN-INV9546,INV9546,2025-04-03,UPI Business,24664.36,COMPLETED
TXN-INV9547,INV9547,2025-04-04,Corporate Card,26929.92,COMPLETED
TXN-INV9548,INV9548,2025-04-05,NEFT/RTGS,22234.8,COMPLETED
TXN-INV9549,INV9549,2025-04-06,Bank Transfer,23870.56,COMPLETED
TXN-INV9550,INV9550,2025-04-07,UPI Business,25311,COMPLETED
TXN-INV9551,INV9551,2025-04-08,Corporate Card,27631.36,COMPLETED
TXN-INV9552,INV9552,2025-04-09,NEFT/RTGS,22810.2,COMPLETED
TXN-INV9553,INV9553,2025-04-10,Bank Transfer,24484.32,COMPLETED
TXN-INV9554,INV9554,2025-04-11,UPI Business,25957.64,COMPLETED
TXN-INV9555,INV9555,2025-04-12,Corporate Card,28332.8,COMPLETED
TXN-INV9556,INV9556,2025-04-13,NEFT/RTGS,23385.6,COMPLETED
TXN-INV9557,INV9557,2025-04-14,Bank Transfer,25098.08,COMPLETED
TXN-INV9558,INV9558,2025-04-15,UPI Business,26604.28,COMPLETED
TXN-INV9559,INV9559,2025-04-16,Corporate Card,29034.24,COMPLETED
TXN-INV9560,INV9560,2025-04-17,NEFT/RTGS,23961,COMPLETED
TXN-INV9561,INV9561,2025-04-18,Bank Transfer,25711.84,COMPLETED
TXN-INV9562,INV9562,2025-04-19,UPI Business,27250.92,COMPLETED
TXN-INV9563,INV9563,2025-04-20,Corporate Card,29735.68,COMPLETED
TXN-INV9564,INV9564,2025-04-21,NEFT/RTGS,24536.4,COMPLETED
TXN-INV9565,INV9565,2025-04-22,Bank Transfer,26325.6,COMPLETED
TXN-INV9566,INV9566,2025-04-23,UPI Business,27897.56,COMPLETED
TXN-INV9567,INV9567,2025-04-24,Corporate Card,30437.12,COMPLETED
TXN-INV9568,INV9568,2025-04-25,NEFT/RTGS,25111.8,COMPLETED
TXN-INV9569,INV9569,2025-04-26,Bank Transfer,26939.36,COMPLETED
TXN-INV9570,INV9570,2025-04-27,UPI Business,28544.2,COMPLETED
TXN-INV9571,INV9571,2025-04-28,Corporate Card,31138.56,COMPLETED
TXN-INV9572,INV9572,2025-04-01,NEFT/RTGS,25687.2,COMPLETED
TXN-INV9573,INV9573,2025-04-02,Bank Transfer,27553.12,COMPLETED
TXN-INV9574,INV9574,2025-04-03,UPI Business,29190.84,COMPLETED
TXN-INV9575,INV9575,2025-04-04,Corporate Card,31840,COMPLETED
TXN-INV9576,INV9576,2025-04-05,NEFT/RTGS,26262.6,COMPLETED
TXN-INV9577,INV9577,2025-04-06,Bank Transfer,28166.88,COMPLETED
TXN-INV9578,INV9578,2025-04-07,UPI Business,29837.48,COMPLETED
TXN-INV9579,INV9579,2025-04-08,Corporate Card,32541.44,COMPLETED
TXN-INV9580,INV9580,2025-04-09,NEFT/RTGS,26838,COMPLETED
TXN-INV9581,INV9581,2025-04-10,Bank Transfer,28780.64,COMPLETED
TXN-INV9582,INV9582,2025-04-11,UPI Business,30484.12,COMPLETED
TXN-INV9583,INV9583,2025-04-12,Corporate Card,33242.88,COMPLETED
TXN-INV9584,INV9584,2025-04-13,NEFT/RTGS,27413.4,COMPLETED
TXN-INV9585,INV9585,2025-04-14,Bank Transfer,29394.4,COMPLETED
TXN-INV9586,INV9586,2025-04-15,UPI Business,31130.76,COMPLETED
TXN-INV9587,INV9587,2025-04-16,Corporate Card,33944.32,COMPLETED
TXN-INV9588,INV9588,2025-04-17,NEFT/RTGS,27988.8,COMPLETED
TXN-INV9589,INV9589,2025-04-18,Bank Transfer,30008.16,COMPLETED
TXN-INV9590,INV9590,2025-04-19,UPI Business,31777.4,COMPLETED
TXN-INV9591,INV9591,2025-04-20,Corporate Card,34645.76,COMPLETED
TXN-INV9592,INV9592,2025-04-21,NEFT/RTGS,28564.2,COMPLETED
TXN-INV9593,INV9593,2025-04-22,Bank Transfer,30621.92,COMPLETED
TXN-INV9594,INV9594,2025-04-23,UPI Business,32424.04,COMPLETED
TXN-INV9595,INV9595,2025-04-24,Corporate Card,35347.2,COMPLETED
TXN-INV9596,INV9596,2025-04-25,NEFT/RTGS,29139.6,COMPLETED
TXN-INV9597,INV9597,2025-04-26,Bank Transfer,31235.68,COMPLETED
TXN-INV9598,INV9598,2025-04-27,UPI Business,33070.68,COMPLETED
TXN-INV9599,INV9599,2025-04-28,Corporate Card,36048.64,COMPLETED
TXN-INV9600,INV9600,2025-04-01,NEFT/RTGS,29715,COMPLETED
TXN-INV9601,INV9601,2025-04-02,Bank Transfer,31849.44,COMPLETED
TXN-INV9602,INV9602,2025-04-03,UPI Business,33717.32,COMPLETED
TXN-INV9603,INV9603,2025-04-04,Corporate Card,36750.08,COMPLETED
TXN-INV9604,INV9604,2025-04-05,NEFT/RTGS,30290.4,COMPLETED
TXN-INV9605,INV9605,2025-04-06,Bank Transfer,32463.2,COMPLETED
TXN-INV9606,INV9606,2025-04-07,UPI Business,34363.96,COMPLETED
TXN-INV9607,INV9607,2025-04-08,Corporate Card,37451.52,COMPLETED
TXN-INV9608,INV9608,2025-04-09,NEFT/RTGS,30865.8,COMPLETED
TXN-INV9609,INV9609,2025-04-10,Bank Transfer,33076.96,COMPLETED
TXN-INV9610,INV9610,2025-04-11,UPI Business,35010.6,COMPLETED
TXN-INV9611,INV9611,2025-04-12,Corporate Card,38152.96,COMPLETED
TXN-INV9612,INV9612,2025-04-13,NEFT/RTGS,31441.2,COMPLETED
TXN-INV9613,INV9613,2025-04-14,Bank Transfer,33690.72,COMPLETED
TXN-INV9614,INV9614,2025-04-15,UPI Business,35657.24,COMPLETED
TXN-INV9615,INV9615,2025-04-16,Corporate Card,38854.4,COMPLETED
TXN-INV9616,INV9616,2025-04-17,NEFT/RTGS,32016.6,COMPLETED
TXN-INV9617,INV9617,2025-04-18,Bank Transfer,34304.48,COMPLETED
TXN-INV9618,INV9618,2025-04-19,UPI Business,36303.88,COMPLETED
TXN-INV9619,INV9619,2025-04-20,Corporate Card,39555.84,COMPLETED
TXN-INV9620,INV9620,2025-04-21,NEFT/RTGS,32592,COMPLETED
TXN-INV9621,INV9621,2025-04-22,Bank Transfer,34918.24,COMPLETED
TXN-INV9622,INV9622,2025-04-23,UPI Business,36950.52,COMPLETED
TXN-INV9623,INV9623,2025-04-24,Corporate Card,40257.28,COMPLETED
TXN-INV9624,INV9624,2025-04-25,NEFT/RTGS,33167.4,COMPLETED
TXN-INV9625,INV9625,2025-04-26,Bank Transfer,35532,COMPLETED
TXN-INV9626,INV9626,2025-04-27,UPI Business,37597.16,COMPLETED
TXN-INV9627,INV9627,2025-04-28,Corporate Card,40958.72,COMPLETED
TXN-INV9628,INV9628,2025-04-01,NEFT/RTGS,33742.8,COMPLETED
TXN-INV9629,INV9629,2025-04-02,Bank Transfer,36145.76,COMPLETED
TXN-INV9630,INV9630,2025-04-03,UPI Business,38243.8,COMPLETED
TXN-INV9631,INV9631,2025-04-04,Corporate Card,41660.16,COMPLETED
TXN-INV9632,INV9632,2025-04-05,NEFT/RTGS,34318.2,COMPLETED
TXN-INV9633,INV9633,2025-04-06,Bank Transfer,36759.52,COMPLETED
TXN-INV9634,INV9634,2025-04-07,UPI Business,38890.44,COMPLETED
TXN-INV9635,INV9635,2025-04-08,Corporate Card,42361.6,COMPLETED
TXN-INV9636,INV9636,2025-04-09,NEFT/RTGS,34893.6,COMPLETED
TXN-INV9637,INV9637,2025-04-10,Bank Transfer,37373.28,COMPLETED
TXN-INV9638,INV9638,2025-04-11,UPI Business,39537.08,COMPLETED
TXN-INV9639,INV9639,2025-04-12,Corporate Card,43063.04,COMPLETED
TXN-INV9640,INV9640,2025-04-13,NEFT/RTGS,35469,COMPLETED
TXN-INV9641,INV9641,2025-04-14,Bank Transfer,37987.04,COMPLETED
TXN-INV9642,INV9642,2025-04-15,UPI Business,40183.72,COMPLETED
TXN-INV9643,INV9643,2025-04-16,Corporate Card,43764.48,COMPLETED
TXN-INV9644,INV9644,2025-04-17,NEFT/RTGS,36044.4,COMPLETED
TXN-INV9645,INV9645,2025-04-18,Bank Transfer,38600.8,COMPLETED
TXN-INV9646,INV9646,2025-04-19,UPI Business,40830.36,COMPLETED
TXN-INV9647,INV9647,2025-04-20,Corporate Card,44465.92,COMPLETED
TXN-INV9648,INV9648,2025-04-21,NEFT/RTGS,36619.8,COMPLETED
TXN-INV9649,INV9649,2025-04-22,Bank Transfer,39214.56,COMPLETED
TXN-INV9650,INV9650,2025-04-23,UPI Business,41477,COMPLETED
TXN-INV9651,INV9651,2025-04-24,Corporate Card,45167.36,COMPLETED
TXN-INV9652,INV9652,2025-04-25,NEFT/RTGS,37195.2,COMPLETED
TXN-INV9653,INV9653,2025-04-26,Bank Transfer,39828.32,COMPLETED
TXN-INV9654,INV9654,2025-04-27,UPI Business,42123.64,COMPLETED
TXN-INV9655,INV9655,2025-04-28,Corporate Card,45868.8,COMPLETED
TXN-INV9656,INV9656,2025-04-01,NEFT/RTGS,37770.6,COMPLETED
TXN-INV9657,INV9657,2025-04-02,Bank Transfer,40442.08,COMPLETED
TXN-INV9658,INV9658,2025-04-03,UPI Business,42770.28,COMPLETED
TXN-INV9659,INV9659,2025-04-04,Corporate Card,46570.24,COMPLETED
TXN-INV9660,INV9660,2025-04-05,NEFT/RTGS,38346,COMPLETED
TXN-INV9661,INV9661,2025-04-06,Bank Transfer,41055.84,COMPLETED
TXN-INV9662,INV9662,2025-04-07,UPI Business,43416.92,COMPLETED
TXN-INV9663,INV9663,2025-04-08,Corporate Card,47271.68,COMPLETED
TXN-INV9664,INV9664,2025-04-09,NEFT/RTGS,38921.4,COMPLETED
TXN-INV9665,INV9665,2025-04-10,Bank Transfer,41669.6,COMPLETED
TXN-INV9666,INV9666,2025-04-11,UPI Business,44063.56,COMPLETED
TXN-INV9667,INV9667,2025-04-12,Corporate Card,47973.12,COMPLETED
TXN-INV9668,INV9668,2025-04-13,NEFT/RTGS,39496.8,COMPLETED
TXN-INV9669,INV9669,2025-04-14,Bank Transfer,42283.36,COMPLETED
TXN-INV9670,INV9670,2025-04-15,UPI Business,44710.2,COMPLETED
TXN-INV9671,INV9671,2025-04-16,Corporate Card,48674.56,COMPLETED
TXN-INV9672,INV9672,2025-04-17,NEFT/RTGS,40072.2,COMPLETED
TXN-INV9673,INV9673,2025-04-18,Bank Transfer,42897.12,COMPLETED
TXN-INV9674,INV9674,2025-04-19,UPI Business,45356.84,COMPLETED
TXN-INV9675,INV9675,2025-04-20,Corporate Card,49376,COMPLETED
TXN-INV9676,INV9676,2025-04-21,NEFT/RTGS,40647.6,COMPLETED
TXN-INV9677,INV9677,2025-04-22,Bank Transfer,43510.88,COMPLETED
TXN-INV9678,INV9678,2025-04-23,UPI Business,46003.48,COMPLETED
TXN-INV9679,INV9679,2025-04-24,Corporate Card,50077.44,COMPLETED
TXN-INV9680,INV9680,2025-04-25,NEFT/RTGS,41223,COMPLETED
TXN-INV9681,INV9681,2025-04-26,Bank Transfer,44124.64,COMPLETED
TXN-INV9682,INV9682,2025-04-27,UPI Business,46650.12,COMPLETED
TXN-INV9683,INV9683,2025-04-28,Corporate Card,50778.88,COMPLETED
TXN-INV9684,INV9684,2025-04-01,NEFT/RTGS,41798.4,COMPLETED
TXN-INV9685,INV9685,2025-04-02,Bank Transfer,44738.4,COMPLETED
TXN-INV9686,INV9686,2025-04-03,UPI Business,47296.76,COMPLETED
TXN-INV9687,INV9687,2025-04-04,Corporate Card,51480.32,COMPLETED
TXN-INV9688,INV9688,2025-04-05,NEFT/RTGS,42373.8,COMPLETED
TXN-INV9689,INV9689,2025-04-06,Bank Transfer,45352.16,COMPLETED
TXN-INV9690,INV9690,2025-04-07,UPI Business,47943.4,COMPLETED
TXN-INV9691,INV9691,2025-04-08,Corporate Card,52181.76,COMPLETED
TXN-INV9692,INV9692,2025-04-09,NEFT/RTGS,42949.2,COMPLETED
TXN-INV9693,INV9693,2025-04-10,Bank Transfer,45965.92,COMPLETED
TXN-INV9694,INV9694,2025-04-11,UPI Business,48590.04,COMPLETED
TXN-INV9695,INV9695,2025-04-12,Corporate Card,52883.2,COMPLETED
TXN-INV9696,INV9696,2025-04-13,NEFT/RTGS,43524.6,COMPLETED
TXN-INV9697,INV9697,2025-04-14,Bank Transfer,46579.68,COMPLETED
TXN-INV9698,INV9698,2025-04-15,UPI Business,49236.68,COMPLETED
TXN-INV9699,INV9699,2025-04-16,Corporate Card,53584.64,COMPLETED
TXN-INV9700,INV9700,2025-04-17,NEFT/RTGS,1102500,COMPLETED
TXN-INV9701,INV9701,2025-04-18,Bank Transfer,47193.44,COMPLETED
TXN-INV9702,INV9702,2025-04-19,UPI Business,49883.32,COMPLETED
TXN-INV9703,INV9703,2025-04-20,Corporate Card,54286.08,COMPLETED
TXN-INV9704,INV9704,2025-04-21,NEFT/RTGS,44675.4,COMPLETED
TXN-INV9705,INV9705,2025-04-22,Bank Transfer,47807.2,COMPLETED
TXN-INV9706,INV9706,2025-04-23,UPI Business,50529.96,COMPLETED
TXN-INV9707,INV9707,2025-04-24,Corporate Card,54987.52,COMPLETED
TXN-INV9708,INV9708,2025-04-25,NEFT/RTGS,45250.8,COMPLETED
TXN-INV9709,INV9709,2025-04-26,Bank Transfer,48420.96,COMPLETED
TXN-INV9710,INV9710,2025-04-27,UPI Business,51176.6,COMPLETED
TXN-INV9711,INV9711,2025-04-28,Corporate Card,55688.96,COMPLETED
TXN-INV9712,INV9712,2025-04-01,NEFT/RTGS,45826.2,COMPLETED
TXN-INV9713,INV9713,2025-04-02,Bank Transfer,49034.72,COMPLETED
TXN-INV9714,INV9714,2025-04-03,UPI Business,51823.24,COMPLETED
TXN-INV9715,INV9715,2025-04-04,Corporate Card,56390.4,COMPLETED
TXN-INV9716,INV9716,2025-04-05,NEFT/RTGS,46401.6,COMPLETED
TXN-INV9717,INV9717,2025-04-06,Bank Transfer,49648.48,COMPLETED
TXN-INV9718,INV9718,2025-04-07,UPI Business,52469.88,COMPLETED
TXN-INV9719,INV9719,2025-04-08,Corporate Card,57091.84,COMPLETED
TXN-INV9720,INV9720,2025-04-09,NEFT/RTGS,46977,COMPLETED
TXN-INV9721,INV9721,2025-04-10,Bank Transfer,50262.24,COMPLETED
TXN-INV9722,INV9722,2025-04-11,UPI Business,53116.52,COMPLETED
TXN-INV9723,INV9723,2025-04-12,Corporate Card,57793.28,COMPLETED
TXN-INV9724,INV9724,2025-04-13,NEFT/RTGS,47552.4,COMPLETED
TXN-INV9725,INV9725,2025-04-14,Bank Transfer,50876,COMPLETED
TXN-INV9726,INV9726,2025-04-15,UPI Business,53763.16,COMPLETED
TXN-INV9727,INV9727,2025-04-16,Corporate Card,58494.72,COMPLETED
TXN-INV9728,INV9728,2025-04-17,NEFT/RTGS,48127.8,COMPLETED
TXN-INV9729,INV9729,2025-04-18,Bank Transfer,51489.76,COMPLETED
TXN-INV9730,INV9730,2025-04-19,UPI Business,54409.8,COMPLETED
TXN-INV9731,INV9731,2025-04-20,Corporate Card,59196.16,COMPLETED
TXN-INV9732,INV9732,2025-04-21,NEFT/RTGS,48703.2,COMPLETED
TXN-INV9733,INV9733,2025-04-22,Bank Transfer,52103.52,COMPLETED
TXN-INV9734,INV9734,2025-04-23,UPI Business,55056.44,COMPLETED
TXN-INV9735,INV9735,2025-04-24,Corporate Card,59897.6,COMPLETED
TXN-INV9736,INV9736,2025-04-25,NEFT/RTGS,49278.6,COMPLETED
TXN-INV9737,INV9737,2025-04-26,Bank Transfer,52717.28,COMPLETED
TXN-INV9738,INV9738,2025-04-27,UPI Business,55703.08,COMPLETED
TXN-INV9739,INV9739,2025-04-28,Corporate Card,60599.04,COMPLETED
TXN-INV9740,INV9740,2025-04-01,NEFT/RTGS,49854,COMPLETED
TXN-INV9741,INV9741,2025-04-02,Bank Transfer,53331.04,COMPLETED
TXN-INV9742,INV9742,2025-04-03,UPI Business,56349.72,COMPLETED
TXN-INV9743,INV9743,2025-04-04,Corporate Card,61300.48,COMPLETED
TXN-INV9744,INV9744,2025-04-05,NEFT/RTGS,50429.4,COMPLETED
TXN-INV9745,INV9745,2025-04-06,Bank Transfer,53944.8,COMPLETED
TXN-INV9746,INV9746,2025-04-07,UPI Business,56996.36,COMPLETED
TXN-INV9747,INV9747,2025-04-08,Corporate Card,62001.92,COMPLETED
TXN-INV9748,INV9748,2025-04-09,NEFT/RTGS,51004.8,COMPLETED
TXN-INV9749,INV9749,2025-04-10,Bank Transfer,54558.56,COMPLETED
TXN-INV9750,INV9750,2025-04-11,UPI Business,57643,COMPLETED
TXN-INV9751,INV9751,2025-04-12,Corporate Card,62703.36,COMPLETED
TXN-INV9752,INV9752,2025-04-13,NEFT/RTGS,51580.2,COMPLETED
TXN-INV9753,INV9753,2025-04-14,Bank Transfer,55172.32,COMPLETED
TXN-INV9754,INV9754,2025-04-15,UPI Business,58289.64,COMPLETED
TXN-INV9755,INV9755,2025-04-16,Corporate Card,63404.8,COMPLETED
TXN-INV9756,INV9756,2025-04-17,NEFT/RTGS,52155.6,COMPLETED
TXN-INV9757,INV9757,2025-04-18,Bank Transfer,55786.08,COMPLETED
TXN-INV9758,INV9758,2025-04-19,UPI Business,58936.28,COMPLETED
TXN-INV9759,INV9759,2025-04-20,Corporate Card,64106.24,COMPLETED
TXN-INV9760,INV9760,2025-04-21,NEFT/RTGS,52731,COMPLETED
TXN-INV9761,INV9761,2025-04-22,Bank Transfer,56399.84,COMPLETED
TXN-INV9762,INV9762,2025-04-23,UPI Business,59582.92,COMPLETED
TXN-INV9763,INV9763,2025-04-24,Corporate Card,64807.68,COMPLETED
TXN-INV9764,INV9764,2025-04-25,NEFT/RTGS,53306.4,COMPLETED
TXN-INV9765,INV9765,2025-04-26,Bank Transfer,57013.6,COMPLETED
TXN-INV9766,INV9766,2025-04-27,UPI Business,60229.56,COMPLETED
TXN-INV9767,INV9767,2025-04-28,Corporate Card,65509.12,COMPLETED
TXN-INV9768,INV9768,2025-04-01,NEFT/RTGS,53881.8,COMPLETED
TXN-INV9769,INV9769,2025-04-02,Bank Transfer,57627.36,COMPLETED
TXN-INV9770,INV9770,2025-04-03,UPI Business,60876.2,COMPLETED
TXN-INV9771,INV9771,2025-04-04,Corporate Card,66210.56,COMPLETED
TXN-INV9772,INV9772,2025-04-05,NEFT/RTGS,54457.2,COMPLETED
TXN-INV9773,INV9773,2025-04-06,Bank Transfer,58241.12,COMPLETED
TXN-INV9774,INV9774,2025-04-07,UPI Business,61522.84,COMPLETED
TXN-INV9775,INV9775,2025-04-08,Corporate Card,66912,COMPLETED
TXN-INV9776,INV9776,2025-04-09,NEFT/RTGS,55032.6,COMPLETED
TXN-INV9777,INV9777,2025-04-10,Bank Transfer,58854.88,COMPLETED
TXN-INV9778,INV9778,2025-04-11,UPI Business,62169.48,COMPLETED
TXN-INV9779,INV9779,2025-04-12,Corporate Card,67613.44,COMPLETED
TXN-INV9780,INV9780,2025-04-13,NEFT/RTGS,55608,COMPLETED
TXN-INV9781,INV9781,2025-04-14,Bank Transfer,59468.64,COMPLETED
TXN-INV9782,INV9782,2025-04-15,UPI Business,62816.12,COMPLETED
TXN-INV9783,INV9783,2025-04-16,Corporate Card,68314.88,COMPLETED
TXN-INV9784,INV9784,2025-04-17,NEFT/RTGS,56183.4,COMPLETED
TXN-INV9785,INV9785,2025-04-18,Bank Transfer,60082.4,COMPLETED
TXN-INV9786,INV9786,2025-04-19,UPI Business,63462.76,COMPLETED
TXN-INV9787,INV9787,2025-04-20,Corporate Card,69016.32,COMPLETED
TXN-INV9788,INV9788,2025-04-21,NEFT/RTGS,56758.8,COMPLETED
TXN-INV9789,INV9789,2025-04-22,Bank Transfer,60696.16,COMPLETED
TXN-INV9790,INV9790,2025-04-23,UPI Business,64109.4,COMPLETED
TXN-INV9791,INV9791,2025-04-24,Corporate Card,69717.76,COMPLETED
TXN-INV9792,INV9792,2025-04-25,NEFT/RTGS,57334.2,COMPLETED
TXN-INV9793,INV9793,2025-04-26,Bank Transfer,61309.92,COMPLETED
TXN-INV9794,INV9794,2025-04-27,UPI Business,64756.04,COMPLETED
TXN-INV9795,INV9795,2025-04-28,Corporate Card,70419.2,COMPLETED
TXN-INV9796,INV9796,2025-04-01,NEFT/RTGS,57909.6,COMPLETED
TXN-INV9797,INV9797,2025-04-02,Bank Transfer,61923.68,COMPLETED
TXN-INV9798,INV9798,2025-04-03,UPI Business,65402.68,COMPLETED
TXN-INV9799,INV9799,2025-04-04,Corporate Card,71120.64,COMPLETED
TXN-INV9800,INV9800,2025-04-05,NEFT/RTGS,58485,COMPLETED
TXN-INV9801,INV9801,2025-04-06,Bank Transfer,62537.44,COMPLETED
TXN-INV9802,INV9802,2025-04-07,UPI Business,66049.32,COMPLETED
TXN-INV9803,INV9803,2025-04-08,Corporate Card,71822.08,COMPLETED
TXN-INV9804,INV9804,2025-04-09,NEFT/RTGS,59060.4,COMPLETED
TXN-INV9805,INV9805,2025-04-10,Bank Transfer,63151.2,COMPLETED
TXN-INV9806,INV9806,2025-04-11,UPI Business,66695.96,COMPLETED
TXN-INV9807,INV9807,2025-04-12,Corporate Card,72523.52,COMPLETED
TXN-INV9808,INV9808,2025-04-13,NEFT/RTGS,59635.8,COMPLETED
TXN-INV9809,INV9809,2025-04-14,Bank Transfer,63764.96,COMPLETED
TXN-INV9810,INV9810,2025-04-15,UPI Business,67342.6,COMPLETED
TXN-INV9811,INV9811,2025-04-16,Corporate Card,73224.96,COMPLETED
TXN-INV9812,INV9812,2025-04-17,NEFT/RTGS,60211.2,COMPLETED
TXN-INV9813,INV9813,2025-04-18,Bank Transfer,64378.72,COMPLETED
TXN-INV9814,INV9814,2025-04-19,UPI Business,67989.24,COMPLETED
TXN-INV9815,INV9815,2025-04-20,Corporate Card,73926.4,COMPLETED
TXN-INV9816,INV9816,2025-04-21,NEFT/RTGS,60786.6,COMPLETED
TXN-INV9817,INV9817,2025-04-22,Bank Transfer,64992.48,COMPLETED
TXN-INV9818,INV9818,2025-04-23,UPI Business,68635.88,COMPLETED
TXN-INV9819,INV9819,2025-04-24,Corporate Card,74627.84,COMPLETED
TXN-INV9820,INV9820,2025-04-25,NEFT/RTGS,61362,COMPLETED
TXN-INV9821,INV9821,2025-04-26,Bank Transfer,65606.24,COMPLETED
TXN-INV9822,INV9822,2025-04-27,UPI Business,69282.52,COMPLETED
TXN-INV9823,INV9823,2025-04-28,Corporate Card,75329.28,COMPLETED
TXN-INV9824,INV9824,2025-04-01,NEFT/RTGS,61937.4,COMPLETED
TXN-INV9825,INV9825,2025-04-02,Bank Transfer,66220,COMPLETED
TXN-INV9826,INV9826,2025-04-03,UPI Business,69929.16,COMPLETED
TXN-INV9827,INV9827,2025-04-04,Corporate Card,76030.72,COMPLETED
TXN-INV9828,INV9828,2025-04-05,NEFT/RTGS,62512.8,COMPLETED
TXN-INV9829,INV9829,2025-04-06,Bank Transfer,66833.76,COMPLETED
TXN-INV9830,INV9830,2025-04-07,UPI Business,70575.8,COMPLETED
TXN-INV9831,INV9831,2025-04-08,Corporate Card,76732.16,COMPLETED
TXN-INV9832,INV9832,2025-04-09,NEFT/RTGS,63088.2,COMPLETED
TXN-INV9833,INV9833,2025-04-10,Bank Transfer,67447.52,COMPLETED
TXN-INV9834,INV9834,2025-04-11,UPI Business,71222.44,COMPLETED
TXN-INV9835,INV9835,2025-04-12,Corporate Card,77433.6,COMPLETED
TXN-INV9836,INV9836,2025-04-13,NEFT/RTGS,63663.6,COMPLETED
TXN-INV9837,INV9837,2025-04-14,Bank Transfer,68061.28,COMPLETED
TXN-INV9838,INV9838,2025-04-15,UPI Business,71869.08,COMPLETED
TXN-INV9839,INV9839,2025-04-16,Corporate Card,78135.04,COMPLETED
TXN-INV9840,INV9840,2025-04-17,NEFT/RTGS,64239,COMPLETED
TXN-INV9841,INV9841,2025-04-18,Bank Transfer,68675.04,COMPLETED
TXN-INV9842,INV9842,2025-04-19,UPI Business,72515.72,COMPLETED
TXN-INV9843,INV9843,2025-04-20,Corporate Card,78836.48,COMPLETED
TXN-INV9844,INV9844,2025-04-21,NEFT/RTGS,64814.4,COMPLETED
TXN-INV9845,INV9845,2025-04-22,Bank Transfer,69288.8,COMPLETED
TXN-INV9846,INV9846,2025-04-23,UPI Business,73162.36,COMPLETED
TXN-INV9847,INV9847,2025-04-24,Corporate Card,79537.92,COMPLETED
TXN-INV9848,INV9848,2025-04-25,NEFT/RTGS,65389.8,COMPLETED
TXN-INV9849,INV9849,2025-04-26,Bank Transfer,69902.56,COMPLETED
TXN-INV9850,INV9850,2025-04-27,UPI Business,73809,COMPLETED
TXN-INV9851,INV9851,2025-04-28,Corporate Card,80239.36,COMPLETED
TXN-INV9852,INV9852,2025-04-01,NEFT/RTGS,65965.2,COMPLETED
TXN-INV9853,INV9853,2025-04-02,Bank Transfer,70516.32,COMPLETED
TXN-INV9854,INV9854,2025-04-03,UPI Business,74455.64,COMPLETED
TXN-INV9855,INV9855,2025-04-04,Corporate Card,80940.8,COMPLETED
TXN-INV9856,INV9856,2025-04-05,NEFT/RTGS,66540.6,COMPLETED
TXN-INV9857,INV9857,2025-04-06,Bank Transfer,71130.08,COMPLETED
TXN-INV9858,INV9858,2025-04-07,UPI Business,75102.28,COMPLETED
TXN-INV9859,INV9859,2025-04-08,Corporate Card,81642.24,COMPLETED
TXN-INV9860,INV9860,2025-04-09,NEFT/RTGS,67116,COMPLETED
TXN-INV9861,INV9861,2025-04-10,Bank Transfer,71743.84,COMPLETED
TXN-INV9862,INV9862,2025-04-11,UPI Business,75748.92,COMPLETED
TXN-INV9863,INV9863,2025-04-12,Corporate Card,82343.68,COMPLETED
TXN-INV9864,INV9864,2025-04-13,NEFT/RTGS,67691.4,COMPLETED
TXN-INV9865,INV9865,2025-04-14,Bank Transfer,72357.6,COMPLETED
TXN-INV9866,INV9866,2025-04-15,UPI Business,76395.56,COMPLETED
TXN-INV9867,INV9867,2025-04-16,Corporate Card,83045.12,COMPLETED
TXN-INV9868,INV9868,2025-04-17,NEFT/RTGS,68266.8,COMPLETED
TXN-INV9869,INV9869,2025-04-18,Bank Transfer,72971.36,COMPLETED
TXN-INV9870,INV9870,2025-04-19,UPI Business,77042.2,COMPLETED
TXN-INV9871,INV9871,2025-04-20,Corporate Card,83746.56,COMPLETED
TXN-INV9872,INV9872,2025-04-21,NEFT/RTGS,68842.2,COMPLETED
TXN-INV9873,INV9873,2025-04-22,Bank Transfer,73585.12,COMPLETED
TXN-INV9874,INV9874,2025-04-23,UPI Business,77688.84,COMPLETED
TXN-INV9875,INV9875,2025-04-24,Corporate Card,84448,COMPLETED
TXN-INV9876,INV9876,2025-04-25,NEFT/RTGS,69417.6,COMPLETED
TXN-INV9877,INV9877,2025-04-26,Bank Transfer,74198.88,COMPLETED
TXN-INV9878,INV9878,2025-04-27,UPI Business,78335.48,COMPLETED
TXN-INV9879,INV9879,2025-04-28,Corporate Card,85149.44,COMPLETED
TXN-INV9880,INV9880,2025-04-01,NEFT/RTGS,69993,COMPLETED
TXN-INV9881,INV9881,2025-04-02,Bank Transfer,74812.64,COMPLETED
TXN-INV9882,INV9882,2025-04-03,UPI Business,78982.12,COMPLETED
TXN-INV9883,INV9883,2025-04-04,Corporate Card,85850.88,COMPLETED
TXN-INV9884,INV9884,2025-04-05,NEFT/RTGS,70568.4,COMPLETED
TXN-INV9885,INV9885,2025-04-06,Bank Transfer,75426.4,COMPLETED
TXN-INV9886,INV9886,2025-04-07,UPI Business,79628.76,COMPLETED
TXN-INV9887,INV9887,2025-04-08,Corporate Card,86552.32,COMPLETED
TXN-INV9888,INV9888,2025-04-09,NEFT/RTGS,71143.8,COMPLETED
TXN-INV9889,INV9889,2025-04-10,Bank Transfer,76040.16,COMPLETED
TXN-INV9890,INV9890,2025-04-11,UPI Business,80275.4,COMPLETED
TXN-INV9891,INV9891,2025-04-12,Corporate Card,87253.76,COMPLETED
TXN-INV9892,INV9892,2025-04-13,NEFT/RTGS,71719.2,COMPLETED
TXN-INV9893,INV9893,2025-04-14,Bank Transfer,76653.92,COMPLETED
TXN-INV9894,INV9894,2025-04-15,UPI Business,80922.04,COMPLETED
TXN-INV9895,INV9895,2025-04-16,Corporate Card,87955.2,COMPLETED
TXN-INV9896,INV9896,2025-04-17,NEFT/RTGS,72294.6,COMPLETED
TXN-INV9897,INV9897,2025-04-18,Bank Transfer,77267.68,COMPLETED
TXN-INV9898,INV9898,2025-04-19,UPI Business,81568.68,COMPLETED
TXN-INV9899,INV9899,2025-04-20,Corporate Card,88656.64,COMPLETED
TXN-INV9900,INV9900,2025-04-21,NEFT/RTGS,72870,COMPLETED
TXN-INV9901,INV9901,2025-04-22,Bank Transfer,77881.44,COMPLETED
TXN-INV9902,INV9902,2025-04-23,UPI Business,82215.32,COMPLETED
TXN-INV9903,INV9903,2025-04-24,Corporate Card,89358.08,COMPLETED
TXN-INV9904,INV9904,2025-04-25,NEFT/RTGS,73445.4,COMPLETED
TXN-INV9905,INV9905,2025-04-26,Bank Transfer,78495.2,COMPLETED
TXN-INV9906,INV9906,2025-04-27,UPI Business,82861.96,COMPLETED
TXN-INV9907,INV9907,2025-04-28,Corporate Card,90059.52,COMPLETED
TXN-INV9908,INV9908,2025-04-01,NEFT/RTGS,74020.8,COMPLETED
TXN-INV9909,INV9909,2025-04-02,Bank Transfer,79108.96,COMPLETED
TXN-INV9910,INV9910,2025-04-03,UPI Business,83508.6,COMPLETED
TXN-INV9911,INV9911,2025-04-04,Corporate Card,90760.96,COMPLETED
TXN-INV9912,INV9912,2025-04-05,NEFT/RTGS,74596.2,COMPLETED
TXN-INV9913,INV9913,2025-04-06,Bank Transfer,79722.72,COMPLETED
TXN-INV9914,INV9914,2025-04-07,UPI Business,84155.24,COMPLETED
TXN-INV9915,INV9915,2025-04-08,Corporate Card,91462.4,COMPLETED
TXN-INV9916,INV9916,2025-04-09,NEFT/RTGS,75171.6,COMPLETED
TXN-INV9917,INV9917,2025-04-10,Bank Transfer,80336.48,COMPLETED
TXN-INV9918,INV9918,2025-04-11,UPI Business,84801.88,COMPLETED
TXN-INV9919,INV9919,2025-04-12,Corporate Card,92163.84,COMPLETED
TXN-INV9920,INV9920,2025-04-13,NEFT/RTGS,75747,COMPLETED
TXN-INV9921,INV9921,2025-04-14,Bank Transfer,80950.24,COMPLETED
TXN-INV9922,INV9922,2025-04-15,UPI Business,85448.52,COMPLETED
TXN-INV9923,INV9923,2025-04-16,Corporate Card,92865.28,COMPLETED
TXN-INV9924,INV9924,2025-04-17,NEFT/RTGS,76322.4,COMPLETED
TXN-INV9925,INV9925,2025-04-18,Bank Transfer,81564,COMPLETED
TXN-INV9926,INV9926,2025-04-19,UPI Business,86095.16,COMPLETED
TXN-INV9927,INV9927,2025-04-20,Corporate Card,93566.72,COMPLETED
TXN-INV9928,INV9928,2025-04-21,NEFT/RTGS,76897.8,COMPLETED
TXN-INV9929,INV9929,2025-04-22,Bank Transfer,82177.76,COMPLETED
TXN-INV9930,INV9930,2025-04-23,UPI Business,86741.8,COMPLETED
TXN-INV9931,INV9931,2025-04-24,Corporate Card,94268.16,COMPLETED
TXN-INV9932,INV9932,2025-04-25,NEFT/RTGS,77473.2,COMPLETED
TXN-INV9933,INV9933,2025-04-26,Bank Transfer,82791.52,COMPLETED
TXN-INV9934,INV9934,2025-04-27,UPI Business,87388.44,COMPLETED
TXN-INV9935,INV9935,2025-04-28,Corporate Card,94969.6,COMPLETED
TXN-INV9936,INV9936,2025-04-01,NEFT/RTGS,78048.6,COMPLETED
TXN-INV9937,INV9937,2025-04-02,Bank Transfer,83405.28,COMPLETED
TXN-INV9938,INV9938,2025-04-03,UPI Business,88035.08,COMPLETED
TXN-INV9939,INV9939,2025-04-04,Corporate Card,95671.04,COMPLETED
TXN-INV9940,INV9940,2025-04-05,NEFT/RTGS,78624,COMPLETED
TXN-INV9941,INV9941,2025-04-06,Bank Transfer,84019.04,COMPLETED
TXN-INV9942,INV9942,2025-04-07,UPI Business,88681.72,COMPLETED
TXN-INV9943,INV9943,2025-04-08,Corporate Card,96372.48,COMPLETED
TXN-INV9944,INV9944,2025-04-09,NEFT/RTGS,79199.4,COMPLETED
TXN-INV9945,INV9945,2025-04-10,Bank Transfer,84632.8,COMPLETED
TXN-INV9946,INV9946,2025-04-11,UPI Business,89328.36,COMPLETED
TXN-INV9947,INV9947,2025-04-12,Corporate Card,97073.92,COMPLETED
TXN-INV9948,INV9948,2025-04-13,NEFT/RTGS,79774.8,COMPLETED
TXN-INV9949,INV9949,2025-04-14,Bank Transfer,85246.56,COMPLETED
TXN-INV9950,INV9950,2025-04-15,UPI Business,1121000,COMPLETED
TXN-INV9951,INV9951,2025-04-16,Corporate Card,97775.36,COMPLETED
TXN-INV9952,INV9952,2025-04-17,NEFT/RTGS,80350.2,COMPLETED
TXN-INV9953,INV9953,2025-04-18,Bank Transfer,85860.32,COMPLETED
TXN-INV9954,INV9954,2025-04-19,UPI Business,90621.64,COMPLETED
TXN-INV9955,INV9955,2025-04-20,Corporate Card,98476.8,COMPLETED
TXN-INV9956,INV9956,2025-04-21,NEFT/RTGS,80925.6,COMPLETED
TXN-INV9957,INV9957,2025-04-22,Bank Transfer,86474.08,COMPLETED
TXN-INV9958,INV9958,2025-04-23,UPI Business,91268.28,COMPLETED
TXN-INV9959,INV9959,2025-04-24,Corporate Card,99178.24,COMPLETED
TXN-INV9960,INV9960,2025-04-25,NEFT/RTGS,2751,COMPLETED
TXN-INV9961,INV9961,2025-04-26,Bank Transfer,3087.84,COMPLETED
TXN-INV9962,INV9962,2025-04-27,UPI Business,3414.92,COMPLETED
TXN-INV9963,INV9963,2025-04-28,Corporate Card,3879.68,COMPLETED
TXN-INV9964,INV9964,2025-04-01,NEFT/RTGS,3326.4,COMPLETED
TXN-INV9965,INV9965,2025-04-02,Bank Transfer,3701.6,COMPLETED
TXN-INV9966,INV9966,2025-04-03,UPI Business,4061.56,COMPLETED
TXN-INV9967,INV9967,2025-04-04,Corporate Card,4581.12,COMPLETED
TXN-INV9968,INV9968,2025-04-05,NEFT/RTGS,3901.8,COMPLETED
TXN-INV9969,INV9969,2025-04-06,Bank Transfer,4315.36,COMPLETED
TXN-INV9970,INV9970,2025-04-07,UPI Business,4708.2,COMPLETED
TXN-INV9971,INV9971,2025-04-08,Corporate Card,5282.56,COMPLETED
TXN-INV9972,INV9972,2025-04-09,NEFT/RTGS,4477.2,COMPLETED
TXN-INV9973,INV9973,2025-04-10,Bank Transfer,4929.12,COMPLETED
TXN-INV9974,INV9974,2025-04-11,UPI Business,5354.84,COMPLETED
TXN-INV9975,INV9975,2025-04-12,Corporate Card,5984,COMPLETED
TXN-INV9976,INV9976,2025-04-13,NEFT/RTGS,5052.6,COMPLETED
TXN-INV9977,INV9977,2025-04-14,Bank Transfer,5542.88,COMPLETED
TXN-INV9978,INV9978,2025-04-15,UPI Business,6001.48,COMPLETED
TXN-INV9979,INV9979,2025-04-16,Corporate Card,6685.44,COMPLETED
TXN-INV9980,INV9980,2025-04-17,NEFT/RTGS,5628,COMPLETED
TXN-INV9981,INV9981,2025-04-18,Bank Transfer,6156.64,COMPLETED
TXN-INV9982,INV9982,2025-04-19,UPI Business,6648.12,COMPLETED
TXN-INV9983,INV9983,2025-04-20,Corporate Card,7386.88,COMPLETED
TXN-INV9984,INV9984,2025-04-21,NEFT/RTGS,6203.4,COMPLETED
TXN-INV9985,INV9985,2025-04-22,Bank Transfer,6770.4,COMPLETED
TXN-INV9986,INV9986,2025-04-23,UPI Business,7294.76,COMPLETED
TXN-INV9987,INV9987,2025-04-24,Corporate Card,8088.32,COMPLETED
TXN-INV9988,INV9988,2025-04-25,NEFT/RTGS,6778.8,COMPLETED
TXN-INV9989,INV9989,2025-04-26,Bank Transfer,7384.16,COMPLETED
TXN-INV9990,INV9990,2025-04-27,UPI Business,7941.4,COMPLETED
TXN-INV9991,INV9991,2025-04-28,Corporate Card,8789.76,COMPLETED
TXN-INV9992,INV9992,2025-04-01,NEFT/RTGS,7354.2,COMPLETED
TXN-INV9993,INV9993,2025-04-02,Bank Transfer,7997.92,COMPLETED
TXN-INV9994,INV9994,2025-04-03,UPI Business,8588.04,COMPLETED
TXN-INV9995,INV9995,2025-04-04,Corporate Card,9491.2,COMPLETED
TXN-INV9996,INV9996,2025-04-05,NEFT/RTGS,7929.6,COMPLETED
TXN-INV9997,INV9997,2025-04-06,Bank Transfer,8611.68,COMPLETED
TXN-INV9998,INV9998,2025-04-07,UPI Business,9234.68,COMPLETED
TXN-INV9999,INV9999,2025-04-08,Corporate Card,10192.64,COMPLETED
TXN-INV10000,INV10000,2025-04-09,NEFT/RTGS,8505,COMPLETED
TXN-INV10001,INV10001,2025-04-10,Bank Transfer,9225.44,COMPLETED
TXN-INV10002,INV10002,2025-04-11,UPI Business,9881.32,COMPLETED
TXN-INV10003,INV10003,2025-04-12,Corporate Card,10894.08,COMPLETED
TXN-INV10004,INV10004,2025-04-13,NEFT/RTGS,9080.4,COMPLETED
TXN-INV10005,INV10005,2025-04-14,Bank Transfer,9839.2,COMPLETED
TXN-INV10006,INV10006,2025-04-15,UPI Business,10527.96,COMPLETED
TXN-INV10007,INV10007,2025-04-16,Corporate Card,11595.52,COMPLETED
TXN-INV10008,INV10008,2025-04-17,NEFT/RTGS,9655.8,COMPLETED
TXN-INV10009,INV10009,2025-04-18,Bank Transfer,10452.96,COMPLETED
TXN-INV10010,INV10010,2025-04-19,UPI Business,11174.6,COMPLETED
TXN-INV10011,INV10011,2025-04-20,Corporate Card,12296.96,COMPLETED
TXN-INV10012,INV10012,2025-04-21,NEFT/RTGS,10231.2,COMPLETED
TXN-INV10013,INV10013,2025-04-22,Bank Transfer,11066.72,COMPLETED
TXN-INV10014,INV10014,2025-04-23,UPI Business,11821.24,COMPLETED
TXN-INV10015,INV10015,2025-04-24,Corporate Card,12998.4,COMPLETED
TXN-INV10016,INV10016,2025-04-25,NEFT/RTGS,10806.6,COMPLETED
TXN-INV10017,INV10017,2025-04-26,Bank Transfer,11680.48,COMPLETED
TXN-INV10018,INV10018,2025-04-27,UPI Business,12467.88,COMPLETED
TXN-INV10019,INV10019,2025-04-28,Corporate Card,13699.84,COMPLETED
TXN-INV10020,INV10020,2025-04-01,NEFT/RTGS,11382,COMPLETED
TXN-INV10021,INV10021,2025-04-02,Bank Transfer,12294.24,COMPLETED
TXN-INV10022,INV10022,2025-04-03,UPI Business,13114.52,COMPLETED
TXN-INV10023,INV10023,2025-04-04,Corporate Card,14401.28,COMPLETED
TXN-INV10024,INV10024,2025-04-05,NEFT/RTGS,11957.4,COMPLETED
TXN-INV10025,INV10025,2025-04-06,Bank Transfer,12908,COMPLETED
TXN-INV10026,INV10026,2025-04-07,UPI Business,13761.16,COMPLETED
TXN-INV10027,INV10027,2025-04-08,Corporate Card,15102.72,COMPLETED
TXN-INV10028,INV10028,2025-04-09,NEFT/RTGS,12532.8,COMPLETED
TXN-INV10029,INV10029,2025-04-10,Bank Transfer,13521.76,COMPLETED
TXN-INV10030,INV10030,2025-04-11,UPI Business,14407.8,COMPLETED
TXN-INV10031,INV10031,2025-04-12,Corporate Card,15804.16,COMPLETED
TXN-INV10032,INV10032,2025-04-13,NEFT/RTGS,13108.2,COMPLETED
TXN-INV10033,INV10033,2025-04-14,Bank Transfer,14135.52,COMPLETED
TXN-INV10034,INV10034,2025-04-15,UPI Business,15054.44,COMPLETED
TXN-INV10035,INV10035,2025-04-16,Corporate Card,16505.6,COMPLETED
TXN-INV10036,INV10036,2025-04-17,NEFT/RTGS,13683.6,COMPLETED
TXN-INV10037,INV10037,2025-04-18,Bank Transfer,14749.28,COMPLETED
TXN-INV10038,INV10038,2025-04-19,UPI Business,15701.08,COMPLETED
TXN-INV10039,INV10039,2025-04-20,Corporate Card,17207.04,COMPLETED
TXN-INV10040,INV10040,2025-04-21,NEFT/RTGS,14259,COMPLETED
TXN-INV10041,INV10041,2025-04-22,Bank Transfer,15363.04,COMPLETED
TXN-INV10042,INV10042,2025-04-23,UPI Business,16347.72,COMPLETED
TXN-INV10043,INV10043,2025-04-24,Corporate Card,17908.48,COMPLETED
TXN-INV10044,INV10044,2025-04-25,NEFT/RTGS,14834.4,COMPLETED
TXN-INV10045,INV10045,2025-04-26,Bank Transfer,15976.8,COMPLETED
TXN-INV10046,INV10046,2025-04-27,UPI Business,16994.36,COMPLETED
TXN-INV10047,INV10047,2025-04-28,Corporate Card,18609.92,COMPLETED
TXN-INV10048,INV10048,2025-04-01,NEFT/RTGS,15409.8,COMPLETED
TXN-INV10049,INV10049,2025-04-02,Bank Transfer,16590.56,COMPLETED
TXN-INV10050,INV10050,2025-04-03,UPI Business,17641,COMPLETED
TXN-INV10051,INV10051,2025-04-04,Corporate Card,19311.36,COMPLETED
TXN-INV10052,INV10052,2025-04-05,NEFT/RTGS,15985.2,COMPLETED
TXN-INV10053,INV10053,2025-04-06,Bank Transfer,17204.32,COMPLETED
TXN-INV10054,INV10054,2025-04-07,UPI Business,18287.64,COMPLETED
TXN-INV10055,INV10055,2025-04-08,Corporate Card,20012.8,COMPLETED
TXN-INV10056,INV10056,2025-04-09,NEFT/RTGS,16560.6,COMPLETED
TXN-INV10057,INV10057,2025-04-10,Bank Transfer,17818.08,COMPLETED
TXN-INV10058,INV10058,2025-04-11,UPI Business,18934.28,COMPLETED
TXN-INV10059,INV10059,2025-04-12,Corporate Card,20714.24,COMPLETED
TXN-INV10060,INV10060,2025-04-13,NEFT/RTGS,17136,COMPLETED
TXN-INV10061,INV10061,2025-04-14,Bank Transfer,18431.84,COMPLETED
TXN-INV10062,INV10062,2025-04-15,UPI Business,19580.92,COMPLETED
TXN-INV10063,INV10063,2025-04-16,Corporate Card,21415.68,COMPLETED
TXN-INV10064,INV10064,2025-04-17,NEFT/RTGS,17711.4,COMPLETED
TXN-INV10065,INV10065,2025-04-18,Bank Transfer,19045.6,COMPLETED
TXN-INV10066,INV10066,2025-04-19,UPI Business,20227.56,COMPLETED
TXN-INV10067,INV10067,2025-04-20,Corporate Card,22117.12,COMPLETED
TXN-INV10068,INV10068,2025-04-21,NEFT/RTGS,18286.8,COMPLETED
TXN-INV10069,INV10069,2025-04-22,Bank Transfer,19659.36,COMPLETED
TXN-INV10070,INV10070,2025-04-23,UPI Business,20874.2,COMPLETED
TXN-INV10071,INV10071,2025-04-24,Corporate Card,22818.56,COMPLETED
TXN-INV10072,INV10072,2025-04-25,NEFT/RTGS,18862.2,COMPLETED
TXN-INV10073,INV10073,2025-04-26,Bank Transfer,20273.12,COMPLETED
TXN-INV10074,INV10074,2025-04-27,UPI Business,21520.84,COMPLETED
TXN-INV10075,INV10075,2025-04-28,Corporate Card,23520,COMPLETED
TXN-INV10076,INV10076,2025-04-01,NEFT/RTGS,19437.6,COMPLETED
TXN-INV10077,INV10077,2025-04-02,Bank Transfer,20886.88,COMPLETED
TXN-INV10078,INV10078,2025-04-03,UPI Business,22167.48,COMPLETED
TXN-INV10079,INV10079,2025-04-04,Corporate Card,24221.44,COMPLETED
TXN-INV10080,INV10080,2025-04-05,NEFT/RTGS,20013,COMPLETED
TXN-INV10081,INV10081,2025-04-06,Bank Transfer,21500.64,COMPLETED
TXN-INV10082,INV10082,2025-04-07,UPI Business,22814.12,COMPLETED
TXN-INV10083,INV10083,2025-04-08,Corporate Card,24922.88,COMPLETED
TXN-INV10084,INV10084,2025-04-09,NEFT/RTGS,20588.4,COMPLETED
TXN-INV10085,INV10085,2025-04-10,Bank Transfer,22114.4,COMPLETED
TXN-INV10086,INV10086,2025-04-11,UPI Business,23460.76,COMPLETED
TXN-INV10087,INV10087,2025-04-12,Corporate Card,25624.32,COMPLETED
TXN-INV10088,INV10088,2025-04-13,NEFT/RTGS,21163.8,COMPLETED
TXN-INV10089,INV10089,2025-04-14,Bank Transfer,22728.16,COMPLETED
TXN-INV10090,INV10090,2025-04-15,UPI Business,24107.4,COMPLETED
TXN-INV10091,INV10091,2025-04-16,Corporate Card,26325.76,COMPLETED
TXN-INV10092,INV10092,2025-04-17,NEFT/RTGS,21739.2,COMPLETED
TXN-INV10093,INV10093,2025-04-18,Bank Transfer,23341.92,COMPLETED
TXN-INV10094,INV10094,2025-04-19,UPI Business,24754.04,COMPLETED
TXN-INV10095,INV10095,2025-04-20,Corporate Card,27027.2,COMPLETED
TXN-INV10096,INV10096,2025-04-21,NEFT/RTGS,22314.6,COMPLETED
TXN-INV10097,INV10097,2025-04-22,Bank Transfer,23955.68,COMPLETED
TXN-INV10098,INV10098,2025-04-23,UPI Business,25400.68,COMPLETED
TXN-INV10099,INV10099,2025-04-24,Corporate Card,27728.64,COMPLETED
TXN-INV10100,INV10100,2025-04-25,NEFT/RTGS,22890,COMPLETED
TXN-INV10101,INV10101,2025-04-26,Bank Transfer,24569.44,COMPLETED
TXN-INV10102,INV10102,2025-04-27,UPI Business,26047.32,COMPLETED
TXN-INV10103,INV10103,2025-04-28,Corporate Card,28430.08,COMPLETED
TXN-INV10104,INV10104,2025-04-01,NEFT/RTGS,23465.4,COMPLETED
TXN-INV10105,INV10105,2025-04-02,Bank Transfer,25183.2,COMPLETED
TXN-INV10106,INV10106,2025-04-03,UPI Business,26693.96,COMPLETED
TXN-INV10107,INV10107,2025-04-04,Corporate Card,29131.52,COMPLETED
TXN-INV10108,INV10108,2025-04-05,NEFT/RTGS,24040.8,COMPLETED
TXN-INV10109,INV10109,2025-04-06,Bank Transfer,25796.96,COMPLETED
TXN-INV10110,INV10110,2025-04-07,UPI Business,27340.6,COMPLETED
TXN-INV10111,INV10111,2025-04-08,Corporate Card,29832.96,COMPLETED
TXN-INV10112,INV10112,2025-04-09,NEFT/RTGS,24616.2,COMPLETED
TXN-INV10113,INV10113,2025-04-10,Bank Transfer,26410.72,COMPLETED
TXN-INV10114,INV10114,2025-04-11,UPI Business,27987.24,COMPLETED
TXN-INV10115,INV10115,2025-04-12,Corporate Card,30534.4,COMPLETED
TXN-INV10116,INV10116,2025-04-13,NEFT/RTGS,25191.6,COMPLETED
TXN-INV10117,INV10117,2025-04-14,Bank Transfer,27024.48,COMPLETED
TXN-INV10118,INV10118,2025-04-15,UPI Business,28633.88,COMPLETED
TXN-INV10119,INV10119,2025-04-16,Corporate Card,31235.84,COMPLETED
TXN-INV10120,INV10120,2025-04-17,NEFT/RTGS,25767,COMPLETED
TXN-INV10121,INV10121,2025-04-18,Bank Transfer,27638.24,COMPLETED
TXN-INV10122,INV10122,2025-04-19,UPI Business,29280.52,COMPLETED
TXN-INV10123,INV10123,2025-04-20,Corporate Card,31937.28,COMPLETED
TXN-INV10124,INV10124,2025-04-21,NEFT/RTGS,26342.4,COMPLETED
TXN-INV10125,INV10125,2025-04-22,Bank Transfer,28252,COMPLETED
TXN-INV10126,INV10126,2025-04-23,UPI Business,29927.16,COMPLETED
TXN-INV10127,INV10127,2025-04-24,Corporate Card,32638.72,COMPLETED
TXN-INV10128,INV10128,2025-04-25,NEFT/RTGS,26917.8,COMPLETED
TXN-INV10129,INV10129,2025-04-26,Bank Transfer,28865.76,COMPLETED
TXN-INV10130,INV10130,2025-04-27,UPI Business,30573.8,COMPLETED
TXN-INV10131,INV10131,2025-04-28,Corporate Card,33340.16,COMPLETED
TXN-INV10132,INV10132,2025-04-01,NEFT/RTGS,27493.2,COMPLETED
TXN-INV10133,INV10133,2025-04-02,Bank Transfer,29479.52,COMPLETED
TXN-INV10134,INV10134,2025-04-03,UPI Business,31220.44,COMPLETED
TXN-INV10135,INV10135,2025-04-04,Corporate Card,34041.6,COMPLETED
TXN-INV10136,INV10136,2025-04-05,NEFT/RTGS,28068.6,COMPLETED
TXN-INV10137,INV10137,2025-04-06,Bank Transfer,30093.28,COMPLETED
TXN-INV10138,INV10138,2025-04-07,UPI Business,31867.08,COMPLETED
TXN-INV10139,INV10139,2025-04-08,Corporate Card,34743.04,COMPLETED
TXN-INV10140,INV10140,2025-04-09,NEFT/RTGS,28644,COMPLETED
TXN-INV10141,INV10141,2025-04-10,Bank Transfer,30707.04,COMPLETED
TXN-INV10142,INV10142,2025-04-11,UPI Business,32513.72,COMPLETED
TXN-INV10143,INV10143,2025-04-12,Corporate Card,35444.48,COMPLETED
TXN-INV10144,INV10144,2025-04-13,NEFT/RTGS,29219.4,COMPLETED
TXN-INV10145,INV10145,2025-04-14,Bank Transfer,31320.8,COMPLETED
TXN-INV10146,INV10146,2025-04-15,UPI Business,33160.36,COMPLETED
TXN-INV10147,INV10147,2025-04-16,Corporate Card,36145.92,COMPLETED
TXN-INV10148,INV10148,2025-04-17,NEFT/RTGS,29794.8,COMPLETED
TXN-INV10149,INV10149,2025-04-18,Bank Transfer,31934.56,COMPLETED
TXN-INV10150,INV10150,2025-04-19,UPI Business,33807,COMPLETED
TXN-INV10151,INV10151,2025-04-20,Corporate Card,36847.36,COMPLETED
TXN-INV10152,INV10152,2025-04-21,NEFT/RTGS,30370.2,COMPLETED
TXN-INV10153,INV10153,2025-04-22,Bank Transfer,32548.32,COMPLETED
TXN-INV10154,INV10154,2025-04-23,UPI Business,34453.64,COMPLETED
TXN-INV10155,INV10155,2025-04-24,Corporate Card,37548.8,COMPLETED
TXN-INV10156,INV10156,2025-04-25,NEFT/RTGS,30945.6,COMPLETED
TXN-INV10157,INV10157,2025-04-26,Bank Transfer,33162.08,COMPLETED
TXN-INV10158,INV10158,2025-04-27,UPI Business,35100.28,COMPLETED
TXN-INV10159,INV10159,2025-04-28,Corporate Card,38250.24,COMPLETED
TXN-INV10160,INV10160,2025-04-01,NEFT/RTGS,31521,COMPLETED
TXN-INV10161,INV10161,2025-04-02,Bank Transfer,33775.84,COMPLETED
TXN-INV10162,INV10162,2025-04-03,UPI Business,35746.92,COMPLETED
TXN-INV10163,INV10163,2025-04-04,Corporate Card,38951.68,COMPLETED
TXN-INV10164,INV10164,2025-04-05,NEFT/RTGS,32096.4,COMPLETED
TXN-INV10165,INV10165,2025-04-06,Bank Transfer,34389.6,COMPLETED
TXN-INV10166,INV10166,2025-04-07,UPI Business,36393.56,COMPLETED
TXN-INV10167,INV10167,2025-04-08,Corporate Card,39653.12,COMPLETED
TXN-INV10168,INV10168,2025-04-09,NEFT/RTGS,32671.8,COMPLETED
TXN-INV10169,INV10169,2025-04-10,Bank Transfer,35003.36,COMPLETED
TXN-INV10170,INV10170,2025-04-11,UPI Business,37040.2,COMPLETED
TXN-INV10171,INV10171,2025-04-12,Corporate Card,40354.56,COMPLETED
TXN-INV10172,INV10172,2025-04-13,NEFT/RTGS,33247.2,COMPLETED
TXN-INV10173,INV10173,2025-04-14,Bank Transfer,35617.12,COMPLETED
TXN-INV10174,INV10174,2025-04-15,UPI Business,37686.84,COMPLETED
TXN-INV10175,INV10175,2025-04-16,Corporate Card,41056,COMPLETED
TXN-INV10176,INV10176,2025-04-17,NEFT/RTGS,33822.6,COMPLETED
TXN-INV10177,INV10177,2025-04-18,Bank Transfer,36230.88,COMPLETED
TXN-INV10178,INV10178,2025-04-19,UPI Business,38333.48,COMPLETED
TXN-INV10179,INV10179,2025-04-20,Corporate Card,41757.44,COMPLETED
TXN-INV10180,INV10180,2025-04-21,NEFT/RTGS,34398,COMPLETED
TXN-INV10181,INV10181,2025-04-22,Bank Transfer,36844.64,COMPLETED
TXN-INV10182,INV10182,2025-04-23,UPI Business,38980.12,COMPLETED
TXN-INV10183,INV10183,2025-04-24,Corporate Card,42458.88,COMPLETED
TXN-INV10184,INV10184,2025-04-25,NEFT/RTGS,34973.4,COMPLETED
TXN-INV10185,INV10185,2025-04-26,Bank Transfer,37458.4,COMPLETED
TXN-INV10186,INV10186,2025-04-27,UPI Business,39626.76,COMPLETED
TXN-INV10187,INV10187,2025-04-28,Corporate Card,43160.32,COMPLETED
TXN-INV10188,INV10188,2025-04-01,NEFT/RTGS,35548.8,COMPLETED
TXN-INV10189,INV10189,2025-04-02,Bank Transfer,38072.16,COMPLETED
TXN-INV10190,INV10190,2025-04-03,UPI Business,40273.4,COMPLETED
TXN-INV10191,INV10191,2025-04-04,Corporate Card,43861.76,COMPLETED
TXN-INV10192,INV10192,2025-04-05,NEFT/RTGS,36124.2,COMPLETED
TXN-INV10193,INV10193,2025-04-06,Bank Transfer,38685.92,COMPLETED
TXN-INV10194,INV10194,2025-04-07,UPI Business,40920.04,COMPLETED
TXN-INV10195,INV10195,2025-04-08,Corporate Card,44563.2,COMPLETED
TXN-INV10196,INV10196,2025-04-09,NEFT/RTGS,36699.6,COMPLETED
TXN-INV10197,INV10197,2025-04-10,Bank Transfer,39299.68,COMPLETED
TXN-INV10198,INV10198,2025-04-11,UPI Business,41566.68,COMPLETED
TXN-INV10199,INV10199,2025-04-12,Corporate Card,45264.64,COMPLETED
TXN-INV10200,INV10200,2025-04-13,NEFT/RTGS,892500,COMPLETED
TXN-INV10201,INV10201,2025-04-14,Bank Transfer,39913.44,COMPLETED
TXN-INV10202,INV10202,2025-04-15,UPI Business,42213.32,COMPLETED
TXN-INV10203,INV10203,2025-04-16,Corporate Card,45966.08,COMPLETED
TXN-INV10204,INV10204,2025-04-17,NEFT/RTGS,37850.4,COMPLETED
TXN-INV10205,INV10205,2025-04-18,Bank Transfer,40527.2,COMPLETED
TXN-INV10206,INV10206,2025-04-19,UPI Business,42859.96,COMPLETED
TXN-INV10207,INV10207,2025-04-20,Corporate Card,46667.52,COMPLETED
TXN-INV10208,INV10208,2025-04-21,NEFT/RTGS,38425.8,COMPLETED
TXN-INV10209,INV10209,2025-04-22,Bank Transfer,41140.96,COMPLETED
TXN-INV10210,INV10210,2025-04-23,UPI Business,43506.6,COMPLETED
TXN-INV10211,INV10211,2025-04-24,Corporate Card,47368.96,COMPLETED
TXN-INV10212,INV10212,2025-04-25,NEFT/RTGS,39001.2,COMPLETED
TXN-INV10213,INV10213,2025-04-26,Bank Transfer,41754.72,COMPLETED
TXN-INV10214,INV10214,2025-04-27,UPI Business,44153.24,COMPLETED
TXN-INV10215,INV10215,2025-04-28,Corporate Card,48070.4,COMPLETED
TXN-INV10216,INV10216,2025-04-01,NEFT/RTGS,39576.6,COMPLETED
TXN-INV10217,INV10217,2025-04-02,Bank Transfer,42368.48,COMPLETED
TXN-INV10218,INV10218,2025-04-03,UPI Business,44799.88,COMPLETED
TXN-INV10219,INV10219,2025-04-04,Corporate Card,48771.84,COMPLETED
TXN-INV10220,INV10220,2025-04-05,NEFT/RTGS,40152,COMPLETED
TXN-INV10221,INV10221,2025-04-06,Bank Transfer,42982.24,COMPLETED
TXN-INV10222,INV10222,2025-04-07,UPI Business,45446.52,COMPLETED
TXN-INV10223,INV10223,2025-04-08,Corporate Card,49473.28,COMPLETED
TXN-INV10224,INV10224,2025-04-09,NEFT/RTGS,40727.4,COMPLETED
TXN-INV10225,INV10225,2025-04-10,Bank Transfer,43596,COMPLETED
TXN-INV10226,INV10226,2025-04-11,UPI Business,46093.16,COMPLETED
TXN-INV10227,INV10227,2025-04-12,Corporate Card,50174.72,COMPLETED
TXN-INV10228,INV10228,2025-04-13,NEFT/RTGS,41302.8,COMPLETED
TXN-INV10229,INV10229,2025-04-14,Bank Transfer,44209.76,COMPLETED
TXN-INV10230,INV10230,2025-04-15,UPI Business,46739.8,COMPLETED
TXN-INV10231,INV10231,2025-04-16,Corporate Card,50876.16,COMPLETED
TXN-INV10232,INV10232,2025-04-17,NEFT/RTGS,41878.2,COMPLETED
TXN-INV10233,INV10233,2025-04-18,Bank Transfer,44823.52,COMPLETED
TXN-INV10234,INV10234,2025-04-19,UPI Business,47386.44,COMPLETED
TXN-INV10235,INV10235,2025-04-20,Corporate Card,51577.6,COMPLETED
TXN-INV10236,INV10236,2025-04-21,NEFT/RTGS,42453.6,COMPLETED
TXN-INV10237,INV10237,2025-04-22,Bank Transfer,45437.28,COMPLETED
TXN-INV10238,INV10238,2025-04-23,UPI Business,48033.08,COMPLETED
TXN-INV10239,INV10239,2025-04-24,Corporate Card,52279.04,COMPLETED
TXN-INV10240,INV10240,2025-04-25,NEFT/RTGS,43029,COMPLETED
TXN-INV10241,INV10241,2025-04-26,Bank Transfer,46051.04,COMPLETED
TXN-INV10242,INV10242,2025-04-27,UPI Business,48679.72,COMPLETED
TXN-INV10243,INV10243,2025-04-28,Corporate Card,52980.48,COMPLETED
TXN-INV10244,INV10244,2025-04-01,NEFT/RTGS,43604.4,COMPLETED
TXN-INV10245,INV10245,2025-04-02,Bank Transfer,46664.8,COMPLETED
TXN-INV10246,INV10246,2025-04-03,UPI Business,49326.36,COMPLETED
TXN-INV10247,INV10247,2025-04-04,Corporate Card,53681.92,COMPLETED
TXN-INV10248,INV10248,2025-04-05,NEFT/RTGS,44179.8,COMPLETED
TXN-INV10249,INV10249,2025-04-06,Bank Transfer,47278.56,COMPLETED
TXN-INV10250,INV10250,2025-04-07,UPI Business,49973,COMPLETED
TXN-INV10251,INV10251,2025-04-08,Corporate Card,54383.36,COMPLETED
TXN-INV10252,INV10252,2025-04-09,NEFT/RTGS,44755.2,COMPLETED
TXN-INV10253,INV10253,2025-04-10,Bank Transfer,47892.32,COMPLETED
TXN-INV10254,INV10254,2025-04-11,UPI Business,50619.64,COMPLETED
TXN-INV10255,INV10255,2025-04-12,Corporate Card,55084.8,COMPLETED
TXN-INV10256,INV10256,2025-04-13,NEFT/RTGS,45330.6,COMPLETED
TXN-INV10257,INV10257,2025-04-14,Bank Transfer,48506.08,COMPLETED
TXN-INV10258,INV10258,2025-04-15,UPI Business,51266.28,COMPLETED
TXN-INV10259,INV10259,2025-04-16,Corporate Card,55786.24,COMPLETED
TXN-INV10260,INV10260,2025-04-17,NEFT/RTGS,45906,COMPLETED
TXN-INV10261,INV10261,2025-04-18,Bank Transfer,49119.84,COMPLETED
TXN-INV10262,INV10262,2025-04-19,UPI Business,51912.92,COMPLETED
TXN-INV10263,INV10263,2025-04-20,Corporate Card,56487.68,COMPLETED
TXN-INV10264,INV10264,2025-04-21,NEFT/RTGS,46481.4,COMPLETED
TXN-INV10265,INV10265,2025-04-22,Bank Transfer,49733.6,COMPLETED
TXN-INV10266,INV10266,2025-04-23,UPI Business,52559.56,COMPLETED
TXN-INV10267,INV10267,2025-04-24,Corporate Card,57189.12,COMPLETED
TXN-INV10268,INV10268,2025-04-25,NEFT/RTGS,47056.8,COMPLETED
TXN-INV10269,INV10269,2025-04-26,Bank Transfer,50347.36,COMPLETED
TXN-INV10270,INV10270,2025-04-27,UPI Business,53206.2,COMPLETED
TXN-INV10271,INV10271,2025-04-28,Corporate Card,57890.56,COMPLETED
TXN-INV10272,INV10272,2025-04-01,NEFT/RTGS,47632.2,COMPLETED
TXN-INV10273,INV10273,2025-04-02,Bank Transfer,50961.12,COMPLETED
TXN-INV10274,INV10274,2025-04-03,UPI Business,53852.84,COMPLETED
TXN-INV10275,INV10275,2025-04-04,Corporate Card,58592,COMPLETED
TXN-INV10276,INV10276,2025-04-05,NEFT/RTGS,48207.6,COMPLETED
TXN-INV10277,INV10277,2025-04-06,Bank Transfer,51574.88,COMPLETED
TXN-INV10278,INV10278,2025-04-07,UPI Business,54499.48,COMPLETED
TXN-INV10279,INV10279,2025-04-08,Corporate Card,59293.44,COMPLETED
TXN-INV10280,INV10280,2025-04-09,NEFT/RTGS,48783,COMPLETED
TXN-INV10281,INV10281,2025-04-10,Bank Transfer,52188.64,COMPLETED
TXN-INV10282,INV10282,2025-04-11,UPI Business,55146.12,COMPLETED
TXN-INV10283,INV10283,2025-04-12,Corporate Card,59994.88,COMPLETED
TXN-INV10284,INV10284,2025-04-13,NEFT/RTGS,49358.4,COMPLETED
TXN-INV10285,INV10285,2025-04-14,Bank Transfer,52802.4,COMPLETED
TXN-INV10286,INV10286,2025-04-15,UPI Business,55792.76,COMPLETED
TXN-INV10287,INV10287,2025-04-16,Corporate Card,60696.32,COMPLETED
TXN-INV10288,INV10288,2025-04-17,NEFT/RTGS,49933.8,COMPLETED
TXN-INV10289,INV10289,2025-04-18,Bank Transfer,53416.16,COMPLETED
TXN-INV10290,INV10290,2025-04-19,UPI Business,56439.4,COMPLETED
TXN-INV10291,INV10291,2025-04-20,Corporate Card,61397.76,COMPLETED
TXN-INV10292,INV10292,2025-04-21,NEFT/RTGS,50509.2,COMPLETED
TXN-INV10293,INV10293,2025-04-22,Bank Transfer,54029.92,COMPLETED
TXN-INV10294,INV10294,2025-04-23,UPI Business,57086.04,COMPLETED
TXN-INV10295,INV10295,2025-04-24,Corporate Card,62099.2,COMPLETED
TXN-INV10296,INV10296,2025-04-25,NEFT/RTGS,51084.6,COMPLETED
TXN-INV10297,INV10297,2025-04-26,Bank Transfer,54643.68,COMPLETED
TXN-INV10298,INV10298,2025-04-27,UPI Business,57732.68,COMPLETED
TXN-INV10299,INV10299,2025-04-28,Corporate Card,62800.64,COMPLETED
TXN-INV10300,INV10300,2025-04-01,NEFT/RTGS,51660,COMPLETED
TXN-INV10301,INV10301,2025-04-02,Bank Transfer,55257.44,COMPLETED
TXN-INV10302,INV10302,2025-04-03,UPI Business,58379.32,COMPLETED
TXN-INV10303,INV10303,2025-04-04,Corporate Card,63502.08,COMPLETED
TXN-INV10304,INV10304,2025-04-05,NEFT/RTGS,52235.4,COMPLETED
TXN-INV10305,INV10305,2025-04-06,Bank Transfer,55871.2,COMPLETED
TXN-INV10306,INV10306,2025-04-07,UPI Business,59025.96,COMPLETED
TXN-INV10307,INV10307,2025-04-08,Corporate Card,64203.52,COMPLETED
TXN-INV10308,INV10308,2025-04-09,NEFT/RTGS,52810.8,COMPLETED
TXN-INV10309,INV10309,2025-04-10,Bank Transfer,56484.96,COMPLETED
TXN-INV10310,INV10310,2025-04-11,UPI Business,59672.6,COMPLETED
TXN-INV10311,INV10311,2025-04-12,Corporate Card,64904.96,COMPLETED
TXN-INV10312,INV10312,2025-04-13,NEFT/RTGS,53386.2,COMPLETED
TXN-INV10313,INV10313,2025-04-14,Bank Transfer,57098.72,COMPLETED
TXN-INV10314,INV10314,2025-04-15,UPI Business,60319.24,COMPLETED
TXN-INV10315,INV10315,2025-04-16,Corporate Card,65606.4,COMPLETED
TXN-INV10316,INV10316,2025-04-17,NEFT/RTGS,53961.6,COMPLETED
TXN-INV10317,INV10317,2025-04-18,Bank Transfer,57712.48,COMPLETED
TXN-INV10318,INV10318,2025-04-19,UPI Business,60965.88,COMPLETED
TXN-INV10319,INV10319,2025-04-20,Corporate Card,66307.84,COMPLETED
TXN-INV10320,INV10320,2025-04-21,NEFT/RTGS,54537,COMPLETED
TXN-INV10321,INV10321,2025-04-22,Bank Transfer,58326.24,COMPLETED
TXN-INV10322,INV10322,2025-04-23,UPI Business,61612.52,COMPLETED
TXN-INV10323,INV10323,2025-04-24,Corporate Card,67009.28,COMPLETED
TXN-INV10324,INV10324,2025-04-25,NEFT/RTGS,55112.4,COMPLETED
TXN-INV10325,INV10325,2025-04-26,Bank Transfer,58940,COMPLETED
TXN-INV10326,INV10326,2025-04-27,UPI Business,62259.16,COMPLETED
TXN-INV10327,INV10327,2025-04-28,Corporate Card,67710.72,COMPLETED
TXN-INV10328,INV10328,2025-04-01,NEFT/RTGS,55687.8,COMPLETED
TXN-INV10329,INV10329,2025-04-02,Bank Transfer,59553.76,COMPLETED
TXN-INV10330,INV10330,2025-04-03,UPI Business,62905.8,COMPLETED
TXN-INV10331,INV10331,2025-04-04,Corporate Card,68412.16,COMPLETED
TXN-INV10332,INV10332,2025-04-05,NEFT/RTGS,56263.2,COMPLETED
TXN-INV10333,INV10333,2025-04-06,Bank Transfer,60167.52,COMPLETED
TXN-INV10334,INV10334,2025-04-07,UPI Business,63552.44,COMPLETED
TXN-INV10335,INV10335,2025-04-08,Corporate Card,69113.6,COMPLETED
TXN-INV10336,INV10336,2025-04-09,NEFT/RTGS,56838.6,COMPLETED
TXN-INV10337,INV10337,2025-04-10,Bank Transfer,60781.28,COMPLETED
TXN-INV10338,INV10338,2025-04-11,UPI Business,64199.08,COMPLETED
TXN-INV10339,INV10339,2025-04-12,Corporate Card,69815.04,COMPLETED
TXN-INV10340,INV10340,2025-04-13,NEFT/RTGS,57414,COMPLETED
TXN-INV10341,INV10341,2025-04-14,Bank Transfer,61395.04,COMPLETED
TXN-INV10342,INV10342,2025-04-15,UPI Business,64845.72,COMPLETED
TXN-INV10343,INV10343,2025-04-16,Corporate Card,70516.48,COMPLETED
TXN-INV10344,INV10344,2025-04-17,NEFT/RTGS,57989.4,COMPLETED
TXN-INV10345,INV10345,2025-04-18,Bank Transfer,62008.8,COMPLETED
TXN-INV10346,INV10346,2025-04-19,UPI Business,65492.36,COMPLETED
TXN-INV10347,INV10347,2025-04-20,Corporate Card,71217.92,COMPLETED
TXN-INV10348,INV10348,2025-04-21,NEFT/RTGS,58564.8,COMPLETED
TXN-INV10349,INV10349,2025-04-22,Bank Transfer,62622.56,COMPLETED
TXN-INV10350,INV10350,2025-04-23,UPI Business,66139,COMPLETED
TXN-INV10351,INV10351,2025-04-24,Corporate Card,71919.36,COMPLETED
TXN-INV10352,INV10352,2025-04-25,NEFT/RTGS,59140.2,COMPLETED
TXN-INV10353,INV10353,2025-04-26,Bank Transfer,63236.32,COMPLETED
TXN-INV10354,INV10354,2025-04-27,UPI Business,66785.64,COMPLETED
TXN-INV10355,INV10355,2025-04-28,Corporate Card,72620.8,COMPLETED
TXN-INV10356,INV10356,2025-04-01,NEFT/RTGS,59715.6,COMPLETED
TXN-INV10357,INV10357,2025-04-02,Bank Transfer,63850.08,COMPLETED
TXN-INV10358,INV10358,2025-04-03,UPI Business,67432.28,COMPLETED
TXN-INV10359,INV10359,2025-04-04,Corporate Card,73322.24,COMPLETED
TXN-INV10360,INV10360,2025-04-05,NEFT/RTGS,60291,COMPLETED
TXN-INV10361,INV10361,2025-04-06,Bank Transfer,64463.84,COMPLETED
TXN-INV10362,INV10362,2025-04-07,UPI Business,68078.92,COMPLETED
TXN-INV10363,INV10363,2025-04-08,Corporate Card,74023.68,COMPLETED
TXN-INV10364,INV10364,2025-04-09,NEFT/RTGS,60866.4,COMPLETED
TXN-INV10365,INV10365,2025-04-10,Bank Transfer,65077.6,COMPLETED
TXN-INV10366,INV10366,2025-04-11,UPI Business,68725.56,COMPLETED
TXN-INV10367,INV10367,2025-04-12,Corporate Card,74725.12,COMPLETED
TXN-INV10368,INV10368,2025-04-13,NEFT/RTGS,61441.8,COMPLETED
TXN-INV10369,INV10369,2025-04-14,Bank Transfer,65691.36,COMPLETED
TXN-INV10370,INV10370,2025-04-15,UPI Business,69372.2,COMPLETED
TXN-INV10371,INV10371,2025-04-16,Corporate Card,75426.56,COMPLETED
TXN-INV10372,INV10372,2025-04-17,NEFT/RTGS,62017.2,COMPLETED
TXN-INV10373,INV10373,2025-04-18,Bank Transfer,66305.12,COMPLETED
TXN-INV10374,INV10374,2025-04-19,UPI Business,70018.84,COMPLETED
TXN-INV10375,INV10375,2025-04-20,Corporate Card,76128,COMPLETED
TXN-INV10376,INV10376,2025-04-21,NEFT/RTGS,62592.6,COMPLETED
TXN-INV10377,INV10377,2025-04-22,Bank Transfer,66918.88,COMPLETED
TXN-INV10378,INV10378,2025-04-23,UPI Business,70665.48,COMPLETED
TXN-INV10379,INV10379,2025-04-24,Corporate Card,76829.44,COMPLETED
TXN-INV10380,INV10380,2025-04-25,NEFT/RTGS,63168,COMPLETED
TXN-INV10381,INV10381,2025-04-26,Bank Transfer,67532.64,COMPLETED
TXN-INV10382,INV10382,2025-04-27,UPI Business,71312.12,COMPLETED
TXN-INV10383,INV10383,2025-04-28,Corporate Card,77530.88,COMPLETED
TXN-INV10384,INV10384,2025-04-01,NEFT/RTGS,63743.4,COMPLETED
TXN-INV10385,INV10385,2025-04-02,Bank Transfer,68146.4,COMPLETED
TXN-INV10386,INV10386,2025-04-03,UPI Business,71958.76,COMPLETED
TXN-INV10387,INV10387,2025-04-04,Corporate Card,78232.32,COMPLETED
TXN-INV10388,INV10388,2025-04-05,NEFT/RTGS,64318.8,COMPLETED
TXN-INV10389,INV10389,2025-04-06,Bank Transfer,68760.16,COMPLETED
TXN-INV10390,INV10390,2025-04-07,UPI Business,72605.4,COMPLETED
TXN-INV10391,INV10391,2025-04-08,Corporate Card,78933.76,COMPLETED
TXN-INV10392,INV10392,2025-04-09,NEFT/RTGS,64894.2,COMPLETED
TXN-INV10393,INV10393,2025-04-10,Bank Transfer,69373.92,COMPLETED
TXN-INV10394,INV10394,2025-04-11,UPI Business,73252.04,COMPLETED
TXN-INV10395,INV10395,2025-04-12,Corporate Card,79635.2,COMPLETED
TXN-INV10396,INV10396,2025-04-13,NEFT/RTGS,65469.6,COMPLETED
TXN-INV10397,INV10397,2025-04-14,Bank Transfer,69987.68,COMPLETED
TXN-INV10398,INV10398,2025-04-15,UPI Business,73898.68,COMPLETED
TXN-INV10399,INV10399,2025-04-16,Corporate Card,80336.64,COMPLETED
TXN-INV10400,INV10400,2025-04-17,NEFT/RTGS,66045,COMPLETED
TXN-INV10401,INV10401,2025-04-18,Bank Transfer,70601.44,COMPLETED
TXN-INV10402,INV10402,2025-04-19,UPI Business,74545.32,COMPLETED
TXN-INV10403,INV10403,2025-04-20,Corporate Card,81038.08,COMPLETED
TXN-INV10404,INV10404,2025-04-21,NEFT/RTGS,66620.4,COMPLETED
TXN-INV10405,INV10405,2025-04-22,Bank Transfer,71215.2,COMPLETED
TXN-INV10406,INV10406,2025-04-23,UPI Business,75191.96,COMPLETED
TXN-INV10407,INV10407,2025-04-24,Corporate Card,81739.52,COMPLETED
TXN-INV10408,INV10408,2025-04-25,NEFT/RTGS,67195.8,COMPLETED
TXN-INV10409,INV10409,2025-04-26,Bank Transfer,71828.96,COMPLETED
TXN-INV10410,INV10410,2025-04-27,UPI Business,75838.6,COMPLETED
TXN-INV10411,INV10411,2025-04-28,Corporate Card,82440.96,COMPLETED
TXN-INV10412,INV10412,2025-04-01,NEFT/RTGS,67771.2,COMPLETED
TXN-INV10413,INV10413,2025-04-02,Bank Transfer,72442.72,COMPLETED
TXN-INV10414,INV10414,2025-04-03,UPI Business,76485.24,COMPLETED
TXN-INV10415,INV10415,2025-04-04,Corporate Card,83142.4,COMPLETED
TXN-INV10416,INV10416,2025-04-05,NEFT/RTGS,68346.6,COMPLETED
TXN-INV10417,INV10417,2025-04-06,Bank Transfer,73056.48,COMPLETED
TXN-INV10418,INV10418,2025-04-07,UPI Business,77131.88,COMPLETED
TXN-INV10419,INV10419,2025-04-08,Corporate Card,83843.84,COMPLETED
TXN-INV10420,INV10420,2025-04-09,NEFT/RTGS,68922,COMPLETED
TXN-INV10421,INV10421,2025-04-10,Bank Transfer,73670.24,COMPLETED
TXN-INV10422,INV10422,2025-04-11,UPI Business,77778.52,COMPLETED
TXN-INV10423,INV10423,2025-04-12,Corporate Card,84545.28,COMPLETED
TXN-INV10424,INV10424,2025-04-13,NEFT/RTGS,69497.4,COMPLETED
TXN-INV10425,INV10425,2025-04-14,Bank Transfer,74284,COMPLETED
TXN-INV10426,INV10426,2025-04-15,UPI Business,78425.16,COMPLETED
TXN-INV10427,INV10427,2025-04-16,Corporate Card,85246.72,COMPLETED
TXN-INV10428,INV10428,2025-04-17,NEFT/RTGS,70072.8,COMPLETED
TXN-INV10429,INV10429,2025-04-18,Bank Transfer,74897.76,COMPLETED
TXN-INV10430,INV10430,2025-04-19,UPI Business,79071.8,COMPLETED
TXN-INV10431,INV10431,2025-04-20,Corporate Card,85948.16,COMPLETED
TXN-INV10432,INV10432,2025-04-21,NEFT/RTGS,70648.2,COMPLETED
TXN-INV10433,INV10433,2025-04-22,Bank Transfer,75511.52,COMPLETED
TXN-INV10434,INV10434,2025-04-23,UPI Business,79718.44,COMPLETED
TXN-INV10435,INV10435,2025-04-24,Corporate Card,86649.6,COMPLETED
TXN-INV10436,INV10436,2025-04-25,NEFT/RTGS,71223.6,COMPLETED
TXN-INV10437,INV10437,2025-04-26,Bank Transfer,76125.28,COMPLETED
TXN-INV10438,INV10438,2025-04-27,UPI Business,80365.08,COMPLETED
TXN-INV10439,INV10439,2025-04-28,Corporate Card,87351.04,COMPLETED
TXN-INV10440,INV10440,2025-04-01,NEFT/RTGS,71799,COMPLETED
TXN-INV10441,INV10441,2025-04-02,Bank Transfer,76739.04,COMPLETED
TXN-INV10442,INV10442,2025-04-03,UPI Business,81011.72,COMPLETED
TXN-INV10443,INV10443,2025-04-04,Corporate Card,88052.48,COMPLETED
TXN-INV10444,INV10444,2025-04-05,NEFT/RTGS,72374.4,COMPLETED
TXN-INV10445,INV10445,2025-04-06,Bank Transfer,77352.8,COMPLETED
TXN-INV10446,INV10446,2025-04-07,UPI Business,81658.36,COMPLETED
TXN-INV10447,INV10447,2025-04-08,Corporate Card,88753.92,COMPLETED
TXN-INV10448,INV10448,2025-04-09,NEFT/RTGS,72949.8,COMPLETED
TXN-INV10449,INV10449,2025-04-10,Bank Transfer,77966.56,COMPLETED
TXN-INV10450,INV10450,2025-04-11,UPI Business,1239000,COMPLETED
TXN-INV10451,INV10451,2025-04-12,Corporate Card,89455.36,COMPLETED
TXN-INV10452,INV10452,2025-04-13,NEFT/RTGS,73525.2,COMPLETED
TXN-INV10453,INV10453,2025-04-14,Bank Transfer,78580.32,COMPLETED
TXN-INV10454,INV10454,2025-04-15,UPI Business,82951.64,COMPLETED
TXN-INV10455,INV10455,2025-04-16,Corporate Card,90156.8,COMPLETED
TXN-INV10456,INV10456,2025-04-17,NEFT/RTGS,74100.6,COMPLETED
TXN-INV10457,INV10457,2025-04-18,Bank Transfer,79194.08,COMPLETED
TXN-INV10458,INV10458,2025-04-19,UPI Business,83598.28,COMPLETED
TXN-INV10459,INV10459,2025-04-20,Corporate Card,90858.24,COMPLETED
TXN-INV10460,INV10460,2025-04-21,NEFT/RTGS,74676,COMPLETED
TXN-INV10461,INV10461,2025-04-22,Bank Transfer,79807.84,COMPLETED
TXN-INV10462,INV10462,2025-04-23,UPI Business,84244.92,COMPLETED
TXN-INV10463,INV10463,2025-04-24,Corporate Card,91559.68,COMPLETED
TXN-INV10464,INV10464,2025-04-25,NEFT/RTGS,75251.4,COMPLETED
TXN-INV10465,INV10465,2025-04-26,Bank Transfer,80421.6,COMPLETED
TXN-INV10466,INV10466,2025-04-27,UPI Business,84891.56,COMPLETED
TXN-INV10467,INV10467,2025-04-28,Corporate Card,92261.12,COMPLETED
TXN-INV10468,INV10468,2025-04-01,NEFT/RTGS,75826.8,COMPLETED
TXN-INV10469,INV10469,2025-04-02,Bank Transfer,81035.36,COMPLETED
TXN-INV10470,INV10470,2025-04-03,UPI Business,85538.2,COMPLETED
TXN-INV10471,INV10471,2025-04-04,Corporate Card,92962.56,COMPLETED
TXN-INV10472,INV10472,2025-04-05,NEFT/RTGS,76402.2,COMPLETED
TXN-INV10473,INV10473,2025-04-06,Bank Transfer,81649.12,COMPLETED
TXN-INV10474,INV10474,2025-04-07,UPI Business,86184.84,COMPLETED
TXN-INV10475,INV10475,2025-04-08,Corporate Card,93664,COMPLETED
TXN-INV10476,INV10476,2025-04-09,NEFT/RTGS,76977.6,COMPLETED
TXN-INV10477,INV10477,2025-04-10,Bank Transfer,82262.88,COMPLETED
TXN-INV10478,INV10478,2025-04-11,UPI Business,86831.48,COMPLETED
TXN-INV10479,INV10479,2025-04-12,Corporate Card,94365.44,COMPLETED
TXN-INV10480,INV10480,2025-04-13,NEFT/RTGS,77553,COMPLETED
TXN-INV10481,INV10481,2025-04-14,Bank Transfer,82876.64,COMPLETED
TXN-INV10482,INV10482,2025-04-15,UPI Business,87478.12,COMPLETED
TXN-INV10483,INV10483,2025-04-16,Corporate Card,95066.88,COMPLETED
TXN-INV10484,INV10484,2025-04-17,NEFT/RTGS,78128.4,COMPLETED
TXN-INV10485,INV10485,2025-04-18,Bank Transfer,83490.4,COMPLETED
TXN-INV10486,INV10486,2025-04-19,UPI Business,88124.76,COMPLETED
TXN-INV10487,INV10487,2025-04-20,Corporate Card,95768.32,COMPLETED
TXN-INV10488,INV10488,2025-04-21,NEFT/RTGS,78703.8,COMPLETED
TXN-INV10489,INV10489,2025-04-22,Bank Transfer,84104.16,COMPLETED
TXN-INV10490,INV10490,2025-04-23,UPI Business,88771.4,COMPLETED
TXN-INV10491,INV10491,2025-04-24,Corporate Card,96469.76,COMPLETED
TXN-INV10492,INV10492,2025-04-25,NEFT/RTGS,79279.2,COMPLETED
TXN-INV10493,INV10493,2025-04-26,Bank Transfer,84717.92,COMPLETED
TXN-INV10494,INV10494,2025-04-27,UPI Business,89418.04,COMPLETED
TXN-INV10495,INV10495,2025-04-28,Corporate Card,97171.2,COMPLETED
TXN-INV10496,INV10496,2025-04-01,NEFT/RTGS,79854.6,COMPLETED
TXN-INV10497,INV10497,2025-04-02,Bank Transfer,85331.68,COMPLETED
TXN-INV10498,INV10498,2025-04-03,UPI Business,90064.68,COMPLETED
TXN-INV10499,INV10499,2025-04-04,Corporate Card,97872.64,COMPLETED
TXN-INV10500,INV10500,2025-04-05,NEFT/RTGS,80430,COMPLETED
TXN-INV10501,INV10501,2025-04-06,Bank Transfer,85945.44,COMPLETED
TXN-INV10502,INV10502,2025-04-07,UPI Business,90711.32,COMPLETED
TXN-INV10503,INV10503,2025-04-08,Corporate Card,98574.08,COMPLETED
TXN-INV10504,INV10504,2025-04-09,NEFT/RTGS,81005.4,COMPLETED
TXN-INV10505,INV10505,2025-04-10,Bank Transfer,86559.2,COMPLETED
TXN-INV10506,INV10506,2025-04-11,UPI Business,91357.96,COMPLETED
TXN-INV10507,INV10507,2025-04-12,Corporate Card,3275.52,COMPLETED
TXN-INV10508,INV10508,2025-04-13,NEFT/RTGS,2830.8,COMPLETED
TXN-INV10509,INV10509,2025-04-14,Bank Transfer,3172.96,COMPLETED
TXN-INV10510,INV10510,2025-04-15,UPI Business,3504.6,COMPLETED
TXN-INV10511,INV10511,2025-04-16,Corporate Card,3976.96,COMPLETED
TXN-INV10512,INV10512,2025-04-17,NEFT/RTGS,3406.2,COMPLETED
TXN-INV10513,INV10513,2025-04-18,Bank Transfer,3786.72,COMPLETED
TXN-INV10514,INV10514,2025-04-19,UPI Business,4151.24,COMPLETED
TXN-INV10515,INV10515,2025-04-20,Corporate Card,4678.4,COMPLETED
TXN-INV10516,INV10516,2025-04-21,NEFT/RTGS,3981.6,COMPLETED
TXN-INV10517,INV10517,2025-04-22,Bank Transfer,4400.48,COMPLETED
TXN-INV10518,INV10518,2025-04-23,UPI Business,4797.88,COMPLETED
TXN-INV10519,INV10519,2025-04-24,Corporate Card,5379.84,COMPLETED
TXN-INV10520,INV10520,2025-04-25,NEFT/RTGS,4557,COMPLETED
TXN-INV10521,INV10521,2025-04-26,Bank Transfer,5014.24,COMPLETED
TXN-INV10522,INV10522,2025-04-27,UPI Business,5444.52,COMPLETED
TXN-INV10523,INV10523,2025-04-28,Corporate Card,6081.28,COMPLETED
TXN-INV10524,INV10524,2025-04-01,NEFT/RTGS,5132.4,COMPLETED
TXN-INV10525,INV10525,2025-04-02,Bank Transfer,5628,COMPLETED
TXN-INV10526,INV10526,2025-04-03,UPI Business,6091.16,COMPLETED
TXN-INV10527,INV10527,2025-04-04,Corporate Card,6782.72,COMPLETED
TXN-INV10528,INV10528,2025-04-05,NEFT/RTGS,5707.8,COMPLETED
TXN-INV10529,INV10529,2025-04-06,Bank Transfer,6241.76,COMPLETED
TXN-INV10530,INV10530,2025-04-07,UPI Business,6737.8,COMPLETED
TXN-INV10531,INV10531,2025-04-08,Corporate Card,7484.16,COMPLETED
TXN-INV10532,INV10532,2025-04-09,NEFT/RTGS,6283.2,COMPLETED
TXN-INV10533,INV10533,2025-04-10,Bank Transfer,6855.52,COMPLETED
TXN-INV10534,INV10534,2025-04-11,UPI Business,7384.44,COMPLETED
TXN-INV10535,INV10535,2025-04-12,Corporate Card,8185.6,COMPLETED
TXN-INV10536,INV10536,2025-04-13,NEFT/RTGS,6858.6,COMPLETED
TXN-INV10537,INV10537,2025-04-14,Bank Transfer,7469.28,COMPLETED
TXN-INV10538,INV10538,2025-04-15,UPI Business,8031.08,COMPLETED
TXN-INV10539,INV10539,2025-04-16,Corporate Card,8887.04,COMPLETED
TXN-INV10540,INV10540,2025-04-17,NEFT/RTGS,7434,COMPLETED
TXN-INV10541,INV10541,2025-04-18,Bank Transfer,8083.04,COMPLETED
TXN-INV10542,INV10542,2025-04-19,UPI Business,8677.72,COMPLETED
TXN-INV10543,INV10543,2025-04-20,Corporate Card,9588.48,COMPLETED
TXN-INV10544,INV10544,2025-04-21,NEFT/RTGS,8009.4,COMPLETED
TXN-INV10545,INV10545,2025-04-22,Bank Transfer,8696.8,COMPLETED
TXN-INV10546,INV10546,2025-04-23,UPI Business,9324.36,COMPLETED
TXN-INV10547,INV10547,2025-04-24,Corporate Card,10289.92,COMPLETED
TXN-INV10548,INV10548,2025-04-25,NEFT/RTGS,8584.8,COMPLETED
TXN-INV10549,INV10549,2025-04-26,Bank Transfer,9310.56,COMPLETED
TXN-INV10550,INV10550,2025-04-27,UPI Business,9971,COMPLETED
TXN-INV10551,INV10551,2025-04-28,Corporate Card,10991.36,COMPLETED
TXN-INV10552,INV10552,2025-04-01,NEFT/RTGS,9160.2,COMPLETED
TXN-INV10553,INV10553,2025-04-02,Bank Transfer,9924.32,COMPLETED
TXN-INV10554,INV10554,2025-04-03,UPI Business,10617.64,COMPLETED
TXN-INV10555,INV10555,2025-04-04,Corporate Card,11692.8,COMPLETED
TXN-INV10556,INV10556,2025-04-05,NEFT/RTGS,9735.6,COMPLETED
TXN-INV10557,INV10557,2025-04-06,Bank Transfer,10538.08,COMPLETED
TXN-INV10558,INV10558,2025-04-07,UPI Business,11264.28,COMPLETED
TXN-INV10559,INV10559,2025-04-08,Corporate Card,12394.24,COMPLETED
TXN-INV10560,INV10560,2025-04-09,NEFT/RTGS,10311,COMPLETED
TXN-INV10561,INV10561,2025-04-10,Bank Transfer,11151.84,COMPLETED
TXN-INV10562,INV10562,2025-04-11,UPI Business,11910.92,COMPLETED
TXN-INV10563,INV10563,2025-04-12,Corporate Card,13095.68,COMPLETED
TXN-INV10564,INV10564,2025-04-13,NEFT/RTGS,10886.4,COMPLETED
TXN-INV10565,INV10565,2025-04-14,Bank Transfer,11765.6,COMPLETED
TXN-INV10566,INV10566,2025-04-15,UPI Business,12557.56,COMPLETED
TXN-INV10567,INV10567,2025-04-16,Corporate Card,13797.12,COMPLETED
TXN-INV10568,INV10568,2025-04-17,NEFT/RTGS,11461.8,COMPLETED
TXN-INV10569,INV10569,2025-04-18,Bank Transfer,12379.36,COMPLETED
TXN-INV10570,INV10570,2025-04-19,UPI Business,13204.2,COMPLETED
TXN-INV10571,INV10571,2025-04-20,Corporate Card,14498.56,COMPLETED
TXN-INV10572,INV10572,2025-04-21,NEFT/RTGS,12037.2,COMPLETED
TXN-INV10573,INV10573,2025-04-22,Bank Transfer,12993.12,COMPLETED
TXN-INV10574,INV10574,2025-04-23,UPI Business,13850.84,COMPLETED
TXN-INV10575,INV10575,2025-04-24,Corporate Card,15200,COMPLETED
TXN-INV10576,INV10576,2025-04-25,NEFT/RTGS,12612.6,COMPLETED
TXN-INV10577,INV10577,2025-04-26,Bank Transfer,13606.88,COMPLETED
TXN-INV10578,INV10578,2025-04-27,UPI Business,14497.48,COMPLETED
TXN-INV10579,INV10579,2025-04-28,Corporate Card,15901.44,COMPLETED
TXN-INV10580,INV10580,2025-04-01,NEFT/RTGS,13188,COMPLETED
TXN-INV10581,INV10581,2025-04-02,Bank Transfer,14220.64,COMPLETED
TXN-INV10582,INV10582,2025-04-03,UPI Business,15144.12,COMPLETED
TXN-INV10583,INV10583,2025-04-04,Corporate Card,16602.88,COMPLETED
TXN-INV10584,INV10584,2025-04-05,NEFT/RTGS,13763.4,COMPLETED
TXN-INV10585,INV10585,2025-04-06,Bank Transfer,14834.4,COMPLETED
TXN-INV10586,INV10586,2025-04-07,UPI Business,15790.76,COMPLETED
TXN-INV10587,INV10587,2025-04-08,Corporate Card,17304.32,COMPLETED
TXN-INV10588,INV10588,2025-04-09,NEFT/RTGS,14338.8,COMPLETED
TXN-INV10589,INV10589,2025-04-10,Bank Transfer,15448.16,COMPLETED
TXN-INV10590,INV10590,2025-04-11,UPI Business,16437.4,COMPLETED
TXN-INV10591,INV10591,2025-04-12,Corporate Card,18005.76,COMPLETED
TXN-INV10592,INV10592,2025-04-13,NEFT/RTGS,14914.2,COMPLETED
TXN-INV10593,INV10593,2025-04-14,Bank Transfer,16061.92,COMPLETED
TXN-INV10594,INV10594,2025-04-15,UPI Business,17084.04,COMPLETED
TXN-INV10595,INV10595,2025-04-16,Corporate Card,18707.2,COMPLETED
TXN-INV10596,INV10596,2025-04-17,NEFT/RTGS,15489.6,COMPLETED
TXN-INV10597,INV10597,2025-04-18,Bank Transfer,16675.68,COMPLETED
TXN-INV10598,INV10598,2025-04-19,UPI Business,17730.68,COMPLETED
TXN-INV10599,INV10599,2025-04-20,Corporate Card,19408.64,COMPLETED
TXN-INV10600,INV10600,2025-04-21,NEFT/RTGS,16065,COMPLETED
TXN-INV10601,INV10601,2025-04-22,Bank Transfer,17289.44,COMPLETED
TXN-INV10602,INV10602,2025-04-23,UPI Business,18377.32,COMPLETED
TXN-INV10603,INV10603,2025-04-24,Corporate Card,20110.08,COMPLETED
TXN-INV10604,INV10604,2025-04-25,NEFT/RTGS,16640.4,COMPLETED
TXN-INV10605,INV10605,2025-04-26,Bank Transfer,17903.2,COMPLETED
TXN-INV10606,INV10606,2025-04-27,UPI Business,19023.96,COMPLETED
TXN-INV10607,INV10607,2025-04-28,Corporate Card,20811.52,COMPLETED
TXN-INV10608,INV10608,2025-04-01,NEFT/RTGS,17215.8,COMPLETED
TXN-INV10609,INV10609,2025-04-02,Bank Transfer,18516.96,COMPLETED
TXN-INV10610,INV10610,2025-04-03,UPI Business,19670.6,COMPLETED
TXN-INV10611,INV10611,2025-04-04,Corporate Card,21512.96,COMPLETED
TXN-INV10612,INV10612,2025-04-05,NEFT/RTGS,17791.2,COMPLETED
TXN-INV10613,INV10613,2025-04-06,Bank Transfer,19130.72,COMPLETED
TXN-INV10614,INV10614,2025-04-07,UPI Business,20317.24,COMPLETED
TXN-INV10615,INV10615,2025-04-08,Corporate Card,22214.4,COMPLETED
TXN-INV10616,INV10616,2025-04-09,NEFT/RTGS,18366.6,COMPLETED
TXN-INV10617,INV10617,2025-04-10,Bank Transfer,19744.48,COMPLETED
TXN-INV10618,INV10618,2025-04-11,UPI Business,20963.88,COMPLETED
TXN-INV10619,INV10619,2025-04-12,Corporate Card,22915.84,COMPLETED
TXN-INV10620,INV10620,2025-04-13,NEFT/RTGS,18942,COMPLETED
TXN-INV10621,INV10621,2025-04-14,Bank Transfer,20358.24,COMPLETED
TXN-INV10622,INV10622,2025-04-15,UPI Business,21610.52,COMPLETED
TXN-INV10623,INV10623,2025-04-16,Corporate Card,23617.28,COMPLETED
TXN-INV10624,INV10624,2025-04-17,NEFT/RTGS,19517.4,COMPLETED
TXN-INV10625,INV10625,2025-04-18,Bank Transfer,20972,COMPLETED
TXN-INV10626,INV10626,2025-04-19,UPI Business,22257.16,COMPLETED
TXN-INV10627,INV10627,2025-04-20,Corporate Card,24318.72,COMPLETED
TXN-INV10628,INV10628,2025-04-21,NEFT/RTGS,20092.8,COMPLETED
TXN-INV10629,INV10629,2025-04-22,Bank Transfer,21585.76,COMPLETED
TXN-INV10630,INV10630,2025-04-23,UPI Business,22903.8,COMPLETED
TXN-INV10631,INV10631,2025-04-24,Corporate Card,25020.16,COMPLETED
TXN-INV10632,INV10632,2025-04-25,NEFT/RTGS,20668.2,COMPLETED
TXN-INV10633,INV10633,2025-04-26,Bank Transfer,22199.52,COMPLETED
TXN-INV10634,INV10634,2025-04-27,UPI Business,23550.44,COMPLETED
TXN-INV10635,INV10635,2025-04-28,Corporate Card,25721.6,COMPLETED
TXN-INV10636,INV10636,2025-04-01,NEFT/RTGS,21243.6,COMPLETED
TXN-INV10637,INV10637,2025-04-02,Bank Transfer,22813.28,COMPLETED
TXN-INV10638,INV10638,2025-04-03,UPI Business,24197.08,COMPLETED
TXN-INV10639,INV10639,2025-04-04,Corporate Card,26423.04,COMPLETED
TXN-INV10640,INV10640,2025-04-05,NEFT/RTGS,21819,COMPLETED
TXN-INV10641,INV10641,2025-04-06,Bank Transfer,23427.04,COMPLETED
TXN-INV10642,INV10642,2025-04-07,UPI Business,24843.72,COMPLETED
TXN-INV10643,INV10643,2025-04-08,Corporate Card,27124.48,COMPLETED
TXN-INV10644,INV10644,2025-04-09,NEFT/RTGS,22394.4,COMPLETED
TXN-INV10645,INV10645,2025-04-10,Bank Transfer,24040.8,COMPLETED
TXN-INV10646,INV10646,2025-04-11,UPI Business,25490.36,COMPLETED
TXN-INV10647,INV10647,2025-04-12,Corporate Card,27825.92,COMPLETED
TXN-INV10648,INV10648,2025-04-13,NEFT/RTGS,22969.8,COMPLETED
TXN-INV10649,INV10649,2025-04-14,Bank Transfer,24654.56,COMPLETED
TXN-INV10650,INV10650,2025-04-15,UPI Business,26137,COMPLETED
TXN-INV10651,INV10651,2025-04-16,Corporate Card,28527.36,COMPLETED
TXN-INV10652,INV10652,2025-04-17,NEFT/RTGS,23545.2,COMPLETED
TXN-INV10653,INV10653,2025-04-18,Bank Transfer,25268.32,COMPLETED
TXN-INV10654,INV10654,2025-04-19,UPI Business,26783.64,COMPLETED
TXN-INV10655,INV10655,2025-04-20,Corporate Card,29228.8,COMPLETED
TXN-INV10656,INV10656,2025-04-21,NEFT/RTGS,24120.6,COMPLETED
TXN-INV10657,INV10657,2025-04-22,Bank Transfer,25882.08,COMPLETED
TXN-INV10658,INV10658,2025-04-23,UPI Business,27430.28,COMPLETED
TXN-INV10659,INV10659,2025-04-24,Corporate Card,29930.24,COMPLETED
TXN-INV10660,INV10660,2025-04-25,NEFT/RTGS,24696,COMPLETED
TXN-INV10661,INV10661,2025-04-26,Bank Transfer,26495.84,COMPLETED
TXN-INV10662,INV10662,2025-04-27,UPI Business,28076.92,COMPLETED
TXN-INV10663,INV10663,2025-04-28,Corporate Card,30631.68,COMPLETED
TXN-INV10664,INV10664,2025-04-01,NEFT/RTGS,25271.4,COMPLETED
TXN-INV10665,INV10665,2025-04-02,Bank Transfer,27109.6,COMPLETED
TXN-INV10666,INV10666,2025-04-03,UPI Business,28723.56,COMPLETED
TXN-INV10667,INV10667,2025-04-04,Corporate Card,31333.12,COMPLETED
TXN-INV10668,INV10668,2025-04-05,NEFT/RTGS,25846.8,COMPLETED
TXN-INV10669,INV10669,2025-04-06,Bank Transfer,27723.36,COMPLETED
TXN-INV10670,INV10670,2025-04-07,UPI Business,29370.2,COMPLETED
TXN-INV10671,INV10671,2025-04-08,Corporate Card,32034.56,COMPLETED
TXN-INV10672,INV10672,2025-04-09,NEFT/RTGS,26422.2,COMPLETED
TXN-INV10673,INV10673,2025-04-10,Bank Transfer,28337.12,COMPLETED
TXN-INV10674,INV10674,2025-04-11,UPI Business,30016.84,COMPLETED
TXN-INV10675,INV10675,2025-04-12,Corporate Card,32736,COMPLETED
TXN-INV10676,INV10676,2025-04-13,NEFT/RTGS,26997.6,COMPLETED
TXN-INV10677,INV10677,2025-04-14,Bank Transfer,28950.88,COMPLETED
TXN-INV10678,INV10678,2025-04-15,UPI Business,30663.48,COMPLETED
TXN-INV10679,INV10679,2025-04-16,Corporate Card,33437.44,COMPLETED
TXN-INV10680,INV10680,2025-04-17,NEFT/RTGS,27573,COMPLETED
TXN-INV10681,INV10681,2025-04-18,Bank Transfer,29564.64,COMPLETED
TXN-INV10682,INV10682,2025-04-19,UPI Business,31310.12,COMPLETED
TXN-INV10683,INV10683,2025-04-20,Corporate Card,34138.88,COMPLETED
TXN-INV10684,INV10684,2025-04-21,NEFT/RTGS,28148.4,COMPLETED
TXN-INV10685,INV10685,2025-04-22,Bank Transfer,30178.4,COMPLETED
TXN-INV10686,INV10686,2025-04-23,UPI Business,31956.76,COMPLETED
TXN-INV10687,INV10687,2025-04-24,Corporate Card,34840.32,COMPLETED
TXN-INV10688,INV10688,2025-04-25,NEFT/RTGS,28723.8,COMPLETED
TXN-INV10689,INV10689,2025-04-26,Bank Transfer,30792.16,COMPLETED
TXN-INV10690,INV10690,2025-04-27,UPI Business,32603.4,COMPLETED
TXN-INV10691,INV10691,2025-04-28,Corporate Card,35541.76,COMPLETED
TXN-INV10692,INV10692,2025-04-01,NEFT/RTGS,29299.2,COMPLETED
TXN-INV10693,INV10693,2025-04-02,Bank Transfer,31405.92,COMPLETED
TXN-INV10694,INV10694,2025-04-03,UPI Business,33250.04,COMPLETED
TXN-INV10695,INV10695,2025-04-04,Corporate Card,36243.2,COMPLETED
TXN-INV10696,INV10696,2025-04-05,NEFT/RTGS,29874.6,COMPLETED
TXN-INV10697,INV10697,2025-04-06,Bank Transfer,32019.68,COMPLETED
TXN-INV10698,INV10698,2025-04-07,UPI Business,33896.68,COMPLETED
TXN-INV10699,INV10699,2025-04-08,Corporate Card,36944.64,COMPLETED
TXN-INV10700,INV10700,2025-04-09,NEFT/RTGS,997500,COMPLETED
TXN-INV10701,INV10701,2025-04-10,Bank Transfer,32633.44,COMPLETED
TXN-INV10702,INV10702,2025-04-11,UPI Business,34543.32,COMPLETED
TXN-INV10703,INV10703,2025-04-12,Corporate Card,37646.08,COMPLETED
TXN-INV10704,INV10704,2025-04-13,NEFT/RTGS,31025.4,COMPLETED
TXN-INV10705,INV10705,2025-04-14,Bank Transfer,33247.2,COMPLETED
TXN-INV10706,INV10706,2025-04-15,UPI Business,35189.96,COMPLETED
TXN-INV10707,INV10707,2025-04-16,Corporate Card,38347.52,COMPLETED
TXN-INV10708,INV10708,2025-04-17,NEFT/RTGS,31600.8,COMPLETED
TXN-INV10709,INV10709,2025-04-18,Bank Transfer,33860.96,COMPLETED
TXN-INV10710,INV10710,2025-04-19,UPI Business,35836.6,COMPLETED
TXN-INV10711,INV10711,2025-04-20,Corporate Card,39048.96,COMPLETED
TXN-INV10712,INV10712,2025-04-21,NEFT/RTGS,32176.2,COMPLETED
TXN-INV10713,INV10713,2025-04-22,Bank Transfer,34474.72,COMPLETED
TXN-INV10714,INV10714,2025-04-23,UPI Business,36483.24,COMPLETED
TXN-INV10715,INV10715,2025-04-24,Corporate Card,39750.4,COMPLETED
TXN-INV10716,INV10716,2025-04-25,NEFT/RTGS,32751.6,COMPLETED
TXN-INV10717,INV10717,2025-04-26,Bank Transfer,35088.48,COMPLETED
TXN-INV10718,INV10718,2025-04-27,UPI Business,37129.88,COMPLETED
TXN-INV10719,INV10719,2025-04-28,Corporate Card,40451.84,COMPLETED
TXN-INV10720,INV10720,2025-04-01,NEFT/RTGS,33327,COMPLETED
TXN-INV10721,INV10721,2025-04-02,Bank Transfer,35702.24,COMPLETED
TXN-INV10722,INV10722,2025-04-03,UPI Business,37776.52,COMPLETED
TXN-INV10723,INV10723,2025-04-04,Corporate Card,41153.28,COMPLETED
TXN-INV10724,INV10724,2025-04-05,NEFT/RTGS,33902.4,COMPLETED
TXN-INV10725,INV10725,2025-04-06,Bank Transfer,36316,COMPLETED
TXN-INV10726,INV10726,2025-04-07,UPI Business,38423.16,COMPLETED
TXN-INV10727,INV10727,2025-04-08,Corporate Card,41854.72,COMPLETED
TXN-INV10728,INV10728,2025-04-09,NEFT/RTGS,34477.8,COMPLETED
TXN-INV10729,INV10729,2025-04-10,Bank Transfer,36929.76,COMPLETED
TXN-INV10730,INV10730,2025-04-11,UPI Business,39069.8,COMPLETED
TXN-INV10731,INV10731,2025-04-12,Corporate Card,42556.16,COMPLETED
TXN-INV10732,INV10732,2025-04-13,NEFT/RTGS,35053.2,COMPLETED
TXN-INV10733,INV10733,2025-04-14,Bank Transfer,37543.52,COMPLETED
TXN-INV10734,INV10734,2025-04-15,UPI Business,39716.44,COMPLETED
TXN-INV10735,INV10735,2025-04-16,Corporate Card,43257.6,COMPLETED
TXN-INV10736,INV10736,2025-04-17,NEFT/RTGS,35628.6,COMPLETED
TXN-INV10737,INV10737,2025-04-18,Bank Transfer,38157.28,COMPLETED
TXN-INV10738,INV10738,2025-04-19,UPI Business,40363.08,COMPLETED
TXN-INV10739,INV10739,2025-04-20,Corporate Card,43959.04,COMPLETED
TXN-INV10740,INV10740,2025-04-21,NEFT/RTGS,36204,COMPLETED
TXN-INV10741,INV10741,2025-04-22,Bank Transfer,38771.04,COMPLETED
TXN-INV10742,INV10742,2025-04-23,UPI Business,41009.72,COMPLETED
TXN-INV10743,INV10743,2025-04-24,Corporate Card,44660.48,COMPLETED
TXN-INV10744,INV10744,2025-04-25,NEFT/RTGS,36779.4,COMPLETED
TXN-INV10745,INV10745,2025-04-26,Bank Transfer,39384.8,COMPLETED
TXN-INV10746,INV10746,2025-04-27,UPI Business,41656.36,COMPLETED
TXN-INV10747,INV10747,2025-04-28,Corporate Card,45361.92,COMPLETED
TXN-INV10748,INV10748,2025-04-01,NEFT/RTGS,37354.8,COMPLETED
TXN-INV10749,INV10749,2025-04-02,Bank Transfer,39998.56,COMPLETED
TXN-INV10750,INV10750,2025-04-03,UPI Business,42303,COMPLETED
TXN-INV10751,INV10751,2025-04-04,Corporate Card,46063.36,COMPLETED
TXN-INV10752,INV10752,2025-04-05,NEFT/RTGS,37930.2,COMPLETED
TXN-INV10753,INV10753,2025-04-06,Bank Transfer,40612.32,COMPLETED
TXN-INV10754,INV10754,2025-04-07,UPI Business,42949.64,COMPLETED
TXN-INV10755,INV10755,2025-04-08,Corporate Card,46764.8,COMPLETED
TXN-INV10756,INV10756,2025-04-09,NEFT/RTGS,38505.6,COMPLETED
TXN-INV10757,INV10757,2025-04-10,Bank Transfer,41226.08,COMPLETED
TXN-INV10758,INV10758,2025-04-11,UPI Business,43596.28,COMPLETED
TXN-INV10759,INV10759,2025-04-12,Corporate Card,47466.24,COMPLETED
TXN-INV10760,INV10760,2025-04-13,NEFT/RTGS,39081,COMPLETED
TXN-INV10761,INV10761,2025-04-14,Bank Transfer,41839.84,COMPLETED
TXN-INV10762,INV10762,2025-04-15,UPI Business,44242.92,COMPLETED
TXN-INV10763,INV10763,2025-04-16,Corporate Card,48167.68,COMPLETED
TXN-INV10764,INV10764,2025-04-17,NEFT/RTGS,39656.4,COMPLETED
TXN-INV10765,INV10765,2025-04-18,Bank Transfer,42453.6,COMPLETED
TXN-INV10766,INV10766,2025-04-19,UPI Business,44889.56,COMPLETED
TXN-INV10767,INV10767,2025-04-20,Corporate Card,48869.12,COMPLETED
TXN-INV10768,INV10768,2025-04-21,NEFT/RTGS,40231.8,COMPLETED
TXN-INV10769,INV10769,2025-04-22,Bank Transfer,43067.36,COMPLETED
TXN-INV10770,INV10770,2025-04-23,UPI Business,45536.2,COMPLETED
TXN-INV10771,INV10771,2025-04-24,Corporate Card,49570.56,COMPLETED
TXN-INV10772,INV10772,2025-04-25,NEFT/RTGS,40807.2,COMPLETED
TXN-INV10773,INV10773,2025-04-26,Bank Transfer,43681.12,COMPLETED
TXN-INV10774,INV10774,2025-04-27,UPI Business,46182.84,COMPLETED
TXN-INV10775,INV10775,2025-04-28,Corporate Card,50272,COMPLETED
TXN-INV10776,INV10776,2025-04-01,NEFT/RTGS,41382.6,COMPLETED
TXN-INV10777,INV10777,2025-04-02,Bank Transfer,44294.88,COMPLETED
TXN-INV10778,INV10778,2025-04-03,UPI Business,46829.48,COMPLETED
TXN-INV10779,INV10779,2025-04-04,Corporate Card,50973.44,COMPLETED
TXN-INV10780,INV10780,2025-04-05,NEFT/RTGS,41958,COMPLETED
TXN-INV10781,INV10781,2025-04-06,Bank Transfer,44908.64,COMPLETED
TXN-INV10782,INV10782,2025-04-07,UPI Business,47476.12,COMPLETED
TXN-INV10783,INV10783,2025-04-08,Corporate Card,51674.88,COMPLETED
TXN-INV10784,INV10784,2025-04-09,NEFT/RTGS,42533.4,COMPLETED
TXN-INV10785,INV10785,2025-04-10,Bank Transfer,45522.4,COMPLETED
TXN-INV10786,INV10786,2025-04-11,UPI Business,48122.76,COMPLETED
TXN-INV10787,INV10787,2025-04-12,Corporate Card,52376.32,COMPLETED
TXN-INV10788,INV10788,2025-04-13,NEFT/RTGS,43108.8,COMPLETED
TXN-INV10789,INV10789,2025-04-14,Bank Transfer,46136.16,COMPLETED
TXN-INV10790,INV10790,2025-04-15,UPI Business,48769.4,COMPLETED
TXN-INV10791,INV10791,2025-04-16,Corporate Card,53077.76,COMPLETED
TXN-INV10792,INV10792,2025-04-17,NEFT/RTGS,43684.2,COMPLETED
TXN-INV10793,INV10793,2025-04-18,Bank Transfer,46749.92,COMPLETED
TXN-INV10794,INV10794,2025-04-19,UPI Business,49416.04,COMPLETED
TXN-INV10795,INV10795,2025-04-20,Corporate Card,53779.2,COMPLETED
TXN-INV10796,INV10796,2025-04-21,NEFT/RTGS,44259.6,COMPLETED
TXN-INV10797,INV10797,2025-04-22,Bank Transfer,47363.68,COMPLETED
TXN-INV10798,INV10798,2025-04-23,UPI Business,50062.68,COMPLETED
TXN-INV10799,INV10799,2025-04-24,Corporate Card,54480.64,COMPLETED
TXN-INV10800,INV10800,2025-04-25,NEFT/RTGS,44835,COMPLETED
TXN-INV10801,INV10801,2025-04-26,Bank Transfer,47977.44,COMPLETED
TXN-INV10802,INV10802,2025-04-27,UPI Business,50709.32,COMPLETED
TXN-INV10803,INV10803,2025-04-28,Corporate Card,55182.08,COMPLETED
TXN-INV10804,INV10804,2025-04-01,NEFT/RTGS,45410.4,COMPLETED
TXN-INV10805,INV10805,2025-04-02,Bank Transfer,48591.2,COMPLETED
TXN-INV10806,INV10806,2025-04-03,UPI Business,51355.96,COMPLETED
TXN-INV10807,INV10807,2025-04-04,Corporate Card,55883.52,COMPLETED
TXN-INV10808,INV10808,2025-04-05,NEFT/RTGS,45985.8,COMPLETED
TXN-INV10809,INV10809,2025-04-06,Bank Transfer,49204.96,COMPLETED
TXN-INV10810,INV10810,2025-04-07,UPI Business,52002.6,COMPLETED
TXN-INV10811,INV10811,2025-04-08,Corporate Card,56584.96,COMPLETED
TXN-INV10812,INV10812,2025-04-09,NEFT/RTGS,46561.2,COMPLETED
TXN-INV10813,INV10813,2025-04-10,Bank Transfer,49818.72,COMPLETED
TXN-INV10814,INV10814,2025-04-11,UPI Business,52649.24,COMPLETED
TXN-INV10815,INV10815,2025-04-12,Corporate Card,57286.4,COMPLETED
TXN-INV10816,INV10816,2025-04-13,NEFT/RTGS,47136.6,COMPLETED
TXN-INV10817,INV10817,2025-04-14,Bank Transfer,50432.48,COMPLETED
TXN-INV10818,INV10818,2025-04-15,UPI Business,53295.88,COMPLETED
TXN-INV10819,INV10819,2025-04-16,Corporate Card,57987.84,COMPLETED
TXN-INV10820,INV10820,2025-04-17,NEFT/RTGS,47712,COMPLETED
TXN-INV10821,INV10821,2025-04-18,Bank Transfer,51046.24,COMPLETED
TXN-INV10822,INV10822,2025-04-19,UPI Business,53942.52,COMPLETED
TXN-INV10823,INV10823,2025-04-20,Corporate Card,58689.28,COMPLETED
TXN-INV10824,INV10824,2025-04-21,NEFT/RTGS,48287.4,COMPLETED
TXN-INV10825,INV10825,2025-04-22,Bank Transfer,51660,COMPLETED
TXN-INV10826,INV10826,2025-04-23,UPI Business,54589.16,COMPLETED
TXN-INV10827,INV10827,2025-04-24,Corporate Card,59390.72,COMPLETED
TXN-INV10828,INV10828,2025-04-25,NEFT/RTGS,48862.8,COMPLETED
TXN-INV10829,INV10829,2025-04-26,Bank Transfer,52273.76,COMPLETED
TXN-INV10830,INV10830,2025-04-27,UPI Business,55235.8,COMPLETED
TXN-INV10831,INV10831,2025-04-28,Corporate Card,60092.16,COMPLETED
TXN-INV10832,INV10832,2025-04-01,NEFT/RTGS,49438.2,COMPLETED
TXN-INV10833,INV10833,2025-04-02,Bank Transfer,52887.52,COMPLETED
TXN-INV10834,INV10834,2025-04-03,UPI Business,55882.44,COMPLETED
TXN-INV10835,INV10835,2025-04-04,Corporate Card,60793.6,COMPLETED
TXN-INV10836,INV10836,2025-04-05,NEFT/RTGS,50013.6,COMPLETED
TXN-INV10837,INV10837,2025-04-06,Bank Transfer,53501.28,COMPLETED
TXN-INV10838,INV10838,2025-04-07,UPI Business,56529.08,COMPLETED
TXN-INV10839,INV10839,2025-04-08,Corporate Card,61495.04,COMPLETED
TXN-INV10840,INV10840,2025-04-09,NEFT/RTGS,50589,COMPLETED
TXN-INV10841,INV10841,2025-04-10,Bank Transfer,54115.04,COMPLETED
TXN-INV10842,INV10842,2025-04-11,UPI Business,57175.72,COMPLETED
TXN-INV10843,INV10843,2025-04-12,Corporate Card,62196.48,COMPLETED
TXN-INV10844,INV10844,2025-04-13,NEFT/RTGS,51164.4,COMPLETED
TXN-INV10845,INV10845,2025-04-14,Bank Transfer,54728.8,COMPLETED
TXN-INV10846,INV10846,2025-04-15,UPI Business,57822.36,COMPLETED
TXN-INV10847,INV10847,2025-04-16,Corporate Card,62897.92,COMPLETED
TXN-INV10848,INV10848,2025-04-17,NEFT/RTGS,51739.8,COMPLETED
TXN-INV10849,INV10849,2025-04-18,Bank Transfer,55342.56,COMPLETED
TXN-INV10850,INV10850,2025-04-19,UPI Business,58469,COMPLETED
TXN-INV10851,INV10851,2025-04-20,Corporate Card,63599.36,COMPLETED
TXN-INV10852,INV10852,2025-04-21,NEFT/RTGS,52315.2,COMPLETED
TXN-INV10853,INV10853,2025-04-22,Bank Transfer,55956.32,COMPLETED
TXN-INV10854,INV10854,2025-04-23,UPI Business,59115.64,COMPLETED
TXN-INV10855,INV10855,2025-04-24,Corporate Card,64300.8,COMPLETED
TXN-INV10856,INV10856,2025-04-25,NEFT/RTGS,52890.6,COMPLETED
TXN-INV10857,INV10857,2025-04-26,Bank Transfer,56570.08,COMPLETED
TXN-INV10858,INV10858,2025-04-27,UPI Business,59762.28,COMPLETED
TXN-INV10859,INV10859,2025-04-28,Corporate Card,65002.24,COMPLETED
TXN-INV10860,INV10860,2025-04-01,NEFT/RTGS,53466,COMPLETED
TXN-INV10861,INV10861,2025-04-02,Bank Transfer,57183.84,COMPLETED
TXN-INV10862,INV10862,2025-04-03,UPI Business,60408.92,COMPLETED
TXN-INV10863,INV10863,2025-04-04,Corporate Card,65703.68,COMPLETED
TXN-INV10864,INV10864,2025-04-05,NEFT/RTGS,54041.4,COMPLETED
TXN-INV10865,INV10865,2025-04-06,Bank Transfer,57797.6,COMPLETED
TXN-INV10866,INV10866,2025-04-07,UPI Business,61055.56,COMPLETED
TXN-INV10867,INV10867,2025-04-08,Corporate Card,66405.12,COMPLETED
TXN-INV10868,INV10868,2025-04-09,NEFT/RTGS,54616.8,COMPLETED
TXN-INV10869,INV10869,2025-04-10,Bank Transfer,58411.36,COMPLETED
TXN-INV10870,INV10870,2025-04-11,UPI Business,61702.2,COMPLETED
TXN-INV10871,INV10871,2025-04-12,Corporate Card,67106.56,COMPLETED
TXN-INV10872,INV10872,2025-04-13,NEFT/RTGS,55192.2,COMPLETED
TXN-INV10873,INV10873,2025-04-14,Bank Transfer,59025.12,COMPLETED
TXN-INV10874,INV10874,2025-04-15,UPI Business,62348.84,COMPLETED
TXN-INV10875,INV10875,2025-04-16,Corporate Card,67808,COMPLETED
TXN-INV10876,INV10876,2025-04-17,NEFT/RTGS,55767.6,COMPLETED
TXN-INV10877,INV10877,2025-04-18,Bank Transfer,59638.88,COMPLETED
TXN-INV10878,INV10878,2025-04-19,UPI Business,62995.48,COMPLETED
TXN-INV10879,INV10879,2025-04-20,Corporate Card,68509.44,COMPLETED
TXN-INV10880,INV10880,2025-04-21,NEFT/RTGS,56343,COMPLETED
TXN-INV10881,INV10881,2025-04-22,Bank Transfer,60252.64,COMPLETED
TXN-INV10882,INV10882,2025-04-23,UPI Business,63642.12,COMPLETED
TXN-INV10883,INV10883,2025-04-24,Corporate Card,69210.88,COMPLETED
TXN-INV10884,INV10884,2025-04-25,NEFT/RTGS,56918.4,COMPLETED
TXN-INV10885,INV10885,2025-04-26,Bank Transfer,60866.4,COMPLETED
TXN-INV10886,INV10886,2025-04-27,UPI Business,64288.76,COMPLETED
TXN-INV10887,INV10887,2025-04-28,Corporate Card,69912.32,COMPLETED
TXN-INV10888,INV10888,2025-04-01,NEFT/RTGS,57493.8,COMPLETED
TXN-INV10889,INV10889,2025-04-02,Bank Transfer,61480.16,COMPLETED
TXN-INV10890,INV10890,2025-04-03,UPI Business,64935.4,COMPLETED
TXN-INV10891,INV10891,2025-04-04,Corporate Card,70613.76,COMPLETED
TXN-INV10892,INV10892,2025-04-05,NEFT/RTGS,58069.2,COMPLETED
TXN-INV10893,INV10893,2025-04-06,Bank Transfer,62093.92,COMPLETED
TXN-INV10894,INV10894,2025-04-07,UPI Business,65582.04,COMPLETED
TXN-INV10895,INV10895,2025-04-08,Corporate Card,71315.2,COMPLETED
TXN-INV10896,INV10896,2025-04-09,NEFT/RTGS,58644.6,COMPLETED
TXN-INV10897,INV10897,2025-04-10,Bank Transfer,62707.68,COMPLETED
TXN-INV10898,INV10898,2025-04-11,UPI Business,66228.68,COMPLETED
TXN-INV10899,INV10899,2025-04-12,Corporate Card,72016.64,COMPLETED
TXN-INV10900,INV10900,2025-04-13,NEFT/RTGS,59220,COMPLETED
TXN-INV10901,INV10901,2025-04-14,Bank Transfer,63321.44,COMPLETED
TXN-INV10902,INV10902,2025-04-15,UPI Business,66875.32,COMPLETED
TXN-INV10903,INV10903,2025-04-16,Corporate Card,72718.08,COMPLETED
TXN-INV10904,INV10904,2025-04-17,NEFT/RTGS,59795.4,COMPLETED
TXN-INV10905,INV10905,2025-04-18,Bank Transfer,63935.2,COMPLETED
TXN-INV10906,INV10906,2025-04-19,UPI Business,67521.96,COMPLETED
TXN-INV10907,INV10907,2025-04-20,Corporate Card,73419.52,COMPLETED
TXN-INV10908,INV10908,2025-04-21,NEFT/RTGS,60370.8,COMPLETED
TXN-INV10909,INV10909,2025-04-22,Bank Transfer,64548.96,COMPLETED
TXN-INV10910,INV10910,2025-04-23,UPI Business,68168.6,COMPLETED
TXN-INV10911,INV10911,2025-04-24,Corporate Card,74120.96,COMPLETED
TXN-INV10912,INV10912,2025-04-25,NEFT/RTGS,60946.2,COMPLETED
TXN-INV10913,INV10913,2025-04-26,Bank Transfer,65162.72,COMPLETED
TXN-INV10914,INV10914,2025-04-27,UPI Business,68815.24,COMPLETED
TXN-INV10915,INV10915,2025-04-28,Corporate Card,74822.4,COMPLETED
TXN-INV10916,INV10916,2025-04-01,NEFT/RTGS,61521.6,COMPLETED
TXN-INV10917,INV10917,2025-04-02,Bank Transfer,65776.48,COMPLETED
TXN-INV10918,INV10918,2025-04-03,UPI Business,69461.88,COMPLETED
TXN-INV10919,INV10919,2025-04-04,Corporate Card,75523.84,COMPLETED
TXN-INV10920,INV10920,2025-04-05,NEFT/RTGS,62097,COMPLETED
TXN-INV10921,INV10921,2025-04-06,Bank Transfer,66390.24,COMPLETED
TXN-INV10922,INV10922,2025-04-07,UPI Business,70108.52,COMPLETED
TXN-INV10923,INV10923,2025-04-08,Corporate Card,76225.28,COMPLETED
TXN-INV10924,INV10924,2025-04-09,NEFT/RTGS,62672.4,COMPLETED
TXN-INV10925,INV10925,2025-04-10,Bank Transfer,67004,COMPLETED
TXN-INV10926,INV10926,2025-04-11,UPI Business,70755.16,COMPLETED
TXN-INV10927,INV10927,2025-04-12,Corporate Card,76926.72,COMPLETED
TXN-INV10928,INV10928,2025-04-13,NEFT/RTGS,63247.8,COMPLETED
TXN-INV10929,INV10929,2025-04-14,Bank Transfer,67617.76,COMPLETED
TXN-INV10930,INV10930,2025-04-15,UPI Business,71401.8,COMPLETED
TXN-INV10931,INV10931,2025-04-16,Corporate Card,77628.16,COMPLETED
TXN-INV10932,INV10932,2025-04-17,NEFT/RTGS,63823.2,COMPLETED
TXN-INV10933,INV10933,2025-04-18,Bank Transfer,68231.52,COMPLETED
TXN-INV10934,INV10934,2025-04-19,UPI Business,72048.44,COMPLETED
TXN-INV10935,INV10935,2025-04-20,Corporate Card,78329.6,COMPLETED
TXN-INV10936,INV10936,2025-04-21,NEFT/RTGS,64398.6,COMPLETED
TXN-INV10937,INV10937,2025-04-22,Bank Transfer,68845.28,COMPLETED
TXN-INV10938,INV10938,2025-04-23,UPI Business,72695.08,COMPLETED
TXN-INV10939,INV10939,2025-04-24,Corporate Card,79031.04,COMPLETED
TXN-INV10940,INV10940,2025-04-25,NEFT/RTGS,64974,COMPLETED
TXN-INV10941,INV10941,2025-04-26,Bank Transfer,69459.04,COMPLETED
TXN-INV10942,INV10942,2025-04-27,UPI Business,73341.72,COMPLETED
TXN-INV10943,INV10943,2025-04-28,Corporate Card,79732.48,COMPLETED
TXN-INV10944,INV10944,2025-04-01,NEFT/RTGS,65549.4,COMPLETED
TXN-INV10945,INV10945,2025-04-02,Bank Transfer,70072.8,COMPLETED
TXN-INV10946,INV10946,2025-04-03,UPI Business,73988.36,COMPLETED
TXN-INV10947,INV10947,2025-04-04,Corporate Card,80433.92,COMPLETED
TXN-INV10948,INV10948,2025-04-05,NEFT/RTGS,66124.8,COMPLETED
TXN-INV10949,INV10949,2025-04-06,Bank Transfer,70686.56,COMPLETED
TXN-INV10950,INV10950,2025-04-07,UPI Business,1003000,COMPLETED
TXN-INV10951,INV10951,2025-04-08,Corporate Card,81135.36,COMPLETED
TXN-INV10952,INV10952,2025-04-09,NEFT/RTGS,66700.2,COMPLETED
TXN-INV10953,INV10953,2025-04-10,Bank Transfer,71300.32,COMPLETED
TXN-INV10954,INV10954,2025-04-11,UPI Business,75281.64,COMPLETED
TXN-INV10955,INV10955,2025-04-12,Corporate Card,81836.8,COMPLETED
TXN-INV10956,INV10956,2025-04-13,NEFT/RTGS,67275.6,COMPLETED
TXN-INV10957,INV10957,2025-04-14,Bank Transfer,71914.08,COMPLETED
TXN-INV10958,INV10958,2025-04-15,UPI Business,75928.28,COMPLETED
TXN-INV10959,INV10959,2025-04-16,Corporate Card,82538.24,COMPLETED
TXN-INV10960,INV10960,2025-04-17,NEFT/RTGS,67851,COMPLETED
TXN-INV10961,INV10961,2025-04-18,Bank Transfer,72527.84,COMPLETED
TXN-INV10962,INV10962,2025-04-19,UPI Business,76574.92,COMPLETED
TXN-INV10963,INV10963,2025-04-20,Corporate Card,83239.68,COMPLETED
TXN-INV10964,INV10964,2025-04-21,NEFT/RTGS,68426.4,COMPLETED
TXN-INV10965,INV10965,2025-04-22,Bank Transfer,73141.6,COMPLETED
TXN-INV10966,INV10966,2025-04-23,UPI Business,77221.56,COMPLETED
TXN-INV10967,INV10967,2025-04-24,Corporate Card,83941.12,COMPLETED
TXN-INV10968,INV10968,2025-04-25,NEFT/RTGS,69001.8,COMPLETED
TXN-INV10969,INV10969,2025-04-26,Bank Transfer,73755.36,COMPLETED
TXN-INV10970,INV10970,2025-04-27,UPI Business,77868.2,COMPLETED
TXN-INV10971,INV10971,2025-04-28,Corporate Card,84642.56,COMPLETED
TXN-INV10972,INV10972,2025-04-01,NEFT/RTGS,69577.2,COMPLETED
TXN-INV10973,INV10973,2025-04-02,Bank Transfer,74369.12,COMPLETED
TXN-INV10974,INV10974,2025-04-03,UPI Business,78514.84,COMPLETED
TXN-INV10975,INV10975,2025-04-04,Corporate Card,85344,COMPLETED
TXN-INV10976,INV10976,2025-04-05,NEFT/RTGS,70152.6,COMPLETED
TXN-INV10977,INV10977,2025-04-06,Bank Transfer,74982.88,COMPLETED
TXN-INV10978,INV10978,2025-04-07,UPI Business,79161.48,COMPLETED
TXN-INV10979,INV10979,2025-04-08,Corporate Card,86045.44,COMPLETED
TXN-INV10980,INV10980,2025-04-09,NEFT/RTGS,70728,COMPLETED
TXN-INV10981,INV10981,2025-04-10,Bank Transfer,75596.64,COMPLETED
TXN-INV10982,INV10982,2025-04-11,UPI Business,79808.12,COMPLETED
TXN-INV10983,INV10983,2025-04-12,Corporate Card,86746.88,COMPLETED
TXN-INV10984,INV10984,2025-04-13,NEFT/RTGS,71303.4,COMPLETED
TXN-INV10985,INV10985,2025-04-14,Bank Transfer,76210.4,COMPLETED
TXN-INV10986,INV10986,2025-04-15,UPI Business,80454.76,COMPLETED
TXN-INV10987,INV10987,2025-04-16,Corporate Card,87448.32,COMPLETED
TXN-INV10988,INV10988,2025-04-17,NEFT/RTGS,71878.8,COMPLETED
TXN-INV10989,INV10989,2025-04-18,Bank Transfer,76824.16,COMPLETED
TXN-INV10990,INV10990,2025-04-19,UPI Business,81101.4,COMPLETED
TXN-INV10991,INV10991,2025-04-20,Corporate Card,88149.76,COMPLETED
TXN-INV10992,INV10992,2025-04-21,NEFT/RTGS,72454.2,COMPLETED
TXN-INV10993,INV10993,2025-04-22,Bank Transfer,77437.92,COMPLETED
TXN-INV10994,INV10994,2025-04-23,UPI Business,81748.04,COMPLETED
TXN-INV10995,INV10995,2025-04-24,Corporate Card,88851.2,COMPLETED
TXN-INV10996,INV10996,2025-04-25,NEFT/RTGS,73029.6,COMPLETED
TXN-INV10997,INV10997,2025-04-26,Bank Transfer,78051.68,COMPLETED
TXN-INV10998,INV10998,2025-04-27,UPI Business,82394.68,COMPLETED
TXN-INV10999,INV10999,2025-04-28,Corporate Card,89552.64,COMPLETED
TXN-INV11000,INV11000,2025-04-01,NEFT/RTGS,73605,COMPLETED
TXN-INV11001,INV11001,2025-04-02,Bank Transfer,78665.44,COMPLETED
TXN-INV11002,INV11002,2025-04-03,UPI Business,83041.32,COMPLETED
TXN-INV11003,INV11003,2025-04-04,Corporate Card,90254.08,COMPLETED
TXN-INV11004,INV11004,2025-04-05,NEFT/RTGS,74180.4,COMPLETED
TXN-INV11005,INV11005,2025-04-06,Bank Transfer,79279.2,COMPLETED
TXN-INV11006,INV11006,2025-04-07,UPI Business,83687.96,COMPLETED
TXN-INV11007,INV11007,2025-04-08,Corporate Card,90955.52,COMPLETED
TXN-INV11008,INV11008,2025-04-09,NEFT/RTGS,74755.8,COMPLETED
TXN-INV11009,INV11009,2025-04-10,Bank Transfer,79892.96,COMPLETED
TXN-INV11010,INV11010,2025-04-11,UPI Business,84334.6,COMPLETED
TXN-INV11011,INV11011,2025-04-12,Corporate Card,91656.96,COMPLETED
TXN-INV11012,INV11012,2025-04-13,NEFT/RTGS,75331.2,COMPLETED
TXN-INV11013,INV11013,2025-04-14,Bank Transfer,80506.72,COMPLETED
TXN-INV11014,INV11014,2025-04-15,UPI Business,84981.24,COMPLETED
TXN-INV11015,INV11015,2025-04-16,Corporate Card,92358.4,COMPLETED
TXN-INV11016,INV11016,2025-04-17,NEFT/RTGS,75906.6,COMPLETED
TXN-INV11017,INV11017,2025-04-18,Bank Transfer,81120.48,COMPLETED
TXN-INV11018,INV11018,2025-04-19,UPI Business,85627.88,COMPLETED
TXN-INV11019,INV11019,2025-04-20,Corporate Card,93059.84,COMPLETED
TXN-INV11020,INV11020,2025-04-21,NEFT/RTGS,76482,COMPLETED
TXN-INV11021,INV11021,2025-04-22,Bank Transfer,81734.24,COMPLETED
TXN-INV11022,INV11022,2025-04-23,UPI Business,86274.52,COMPLETED
TXN-INV11023,INV11023,2025-04-24,Corporate Card,93761.28,COMPLETED
TXN-INV11024,INV11024,2025-04-25,NEFT/RTGS,77057.4,COMPLETED
TXN-INV11025,INV11025,2025-04-26,Bank Transfer,82348,COMPLETED
TXN-INV11026,INV11026,2025-04-27,UPI Business,86921.16,COMPLETED
TXN-INV11027,INV11027,2025-04-28,Corporate Card,94462.72,COMPLETED
TXN-INV11028,INV11028,2025-04-01,NEFT/RTGS,77632.8,COMPLETED
TXN-INV11029,INV11029,2025-04-02,Bank Transfer,82961.76,COMPLETED
TXN-INV11030,INV11030,2025-04-03,UPI Business,87567.8,COMPLETED
TXN-INV11031,INV11031,2025-04-04,Corporate Card,95164.16,COMPLETED
TXN-INV11032,INV11032,2025-04-05,NEFT/RTGS,78208.2,COMPLETED
TXN-INV11033,INV11033,2025-04-06,Bank Transfer,83575.52,COMPLETED
TXN-INV11034,INV11034,2025-04-07,UPI Business,88214.44,COMPLETED
TXN-INV11035,INV11035,2025-04-08,Corporate Card,95865.6,COMPLETED
TXN-INV11036,INV11036,2025-04-09,NEFT/RTGS,78783.6,COMPLETED
TXN-INV11037,INV11037,2025-04-10,Bank Transfer,84189.28,COMPLETED
TXN-INV11038,INV11038,2025-04-11,UPI Business,88861.08,COMPLETED
TXN-INV11039,INV11039,2025-04-12,Corporate Card,96567.04,COMPLETED
TXN-INV11040,INV11040,2025-04-13,NEFT/RTGS,79359,COMPLETED
TXN-INV11041,INV11041,2025-04-14,Bank Transfer,84803.04,COMPLETED
TXN-INV11042,INV11042,2025-04-15,UPI Business,89507.72,COMPLETED
TXN-INV11043,INV11043,2025-04-16,Corporate Card,97268.48,COMPLETED
TXN-INV11044,INV11044,2025-04-17,NEFT/RTGS,79934.4,COMPLETED
TXN-INV11045,INV11045,2025-04-18,Bank Transfer,85416.8,COMPLETED
TXN-INV11046,INV11046,2025-04-19,UPI Business,90154.36,COMPLETED
TXN-INV11047,INV11047,2025-04-20,Corporate Card,97969.92,COMPLETED
TXN-INV11048,INV11048,2025-04-21,NEFT/RTGS,80509.8,COMPLETED
TXN-INV11049,INV11049,2025-04-22,Bank Transfer,86030.56,COMPLETED
TXN-INV11050,INV11050,2025-04-23,UPI Business,90801,COMPLETED
TXN-INV11051,INV11051,2025-04-24,Corporate Card,98671.36,COMPLETED
TXN-INV11052,INV11052,2025-04-25,NEFT/RTGS,81085.2,COMPLETED
TXN-INV11053,INV11053,2025-04-26,Bank Transfer,86644.32,COMPLETED
TXN-INV11054,INV11054,2025-04-27,UPI Business,91447.64,COMPLETED
TXN-INV11055,INV11055,2025-04-28,Corporate Card,3372.8,COMPLETED
TXN-INV11056,INV11056,2025-04-01,NEFT/RTGS,2910.6,COMPLETED
TXN-INV11057,INV11057,2025-04-02,Bank Transfer,3258.08,COMPLETED
TXN-INV11058,INV11058,2025-04-03,UPI Business,3594.28,COMPLETED
TXN-INV11059,INV11059,2025-04-04,Corporate Card,4074.24,COMPLETED
TXN-INV11060,INV11060,2025-04-05,NEFT/RTGS,3486,COMPLETED
TXN-INV11061,INV11061,2025-04-06,Bank Transfer,3871.84,COMPLETED
TXN-INV11062,INV11062,2025-04-07,UPI Business,4240.92,COMPLETED
TXN-INV11063,INV11063,2025-04-08,Corporate Card,4775.68,COMPLETED
TXN-INV11064,INV11064,2025-04-09,NEFT/RTGS,4061.4,COMPLETED
TXN-INV11065,INV11065,2025-04-10,Bank Transfer,4485.6,COMPLETED
TXN-INV11066,INV11066,2025-04-11,UPI Business,4887.56,COMPLETED
TXN-INV11067,INV11067,2025-04-12,Corporate Card,5477.12,COMPLETED
TXN-INV11068,INV11068,2025-04-13,NEFT/RTGS,4636.8,COMPLETED
TXN-INV11069,INV11069,2025-04-14,Bank Transfer,5099.36,COMPLETED
TXN-INV11070,INV11070,2025-04-15,UPI Business,5534.2,COMPLETED
TXN-INV11071,INV11071,2025-04-16,Corporate Card,6178.56,COMPLETED
TXN-INV11072,INV11072,2025-04-17,NEFT/RTGS,5212.2,COMPLETED
TXN-INV11073,INV11073,2025-04-18,Bank Transfer,5713.12,COMPLETED
TXN-INV11074,INV11074,2025-04-19,UPI Business,6180.84,COMPLETED
TXN-INV11075,INV11075,2025-04-20,Corporate Card,6880,COMPLETED
TXN-INV11076,INV11076,2025-04-21,NEFT/RTGS,5787.6,COMPLETED
TXN-INV11077,INV11077,2025-04-22,Bank Transfer,6326.88,COMPLETED
TXN-INV11078,INV11078,2025-04-23,UPI Business,6827.48,COMPLETED
TXN-INV11079,INV11079,2025-04-24,Corporate Card,7581.44,COMPLETED
TXN-INV11080,INV11080,2025-04-25,NEFT/RTGS,6363,COMPLETED
TXN-INV11081,INV11081,2025-04-26,Bank Transfer,6940.64,COMPLETED
TXN-INV11082,INV11082,2025-04-27,UPI Business,7474.12,COMPLETED
TXN-INV11083,INV11083,2025-04-28,Corporate Card,8282.88,COMPLETED
TXN-INV11084,INV11084,2025-04-01,NEFT/RTGS,6938.4,COMPLETED
TXN-INV11085,INV11085,2025-04-02,Bank Transfer,7554.4,COMPLETED
TXN-INV11086,INV11086,2025-04-03,UPI Business,8120.76,COMPLETED
TXN-INV11087,INV11087,2025-04-04,Corporate Card,8984.32,COMPLETED
TXN-INV11088,INV11088,2025-04-05,NEFT/RTGS,7513.8,COMPLETED
TXN-INV11089,INV11089,2025-04-06,Bank Transfer,8168.16,COMPLETED
TXN-INV11090,INV11090,2025-04-07,UPI Business,8767.4,COMPLETED
TXN-INV11091,INV11091,2025-04-08,Corporate Card,9685.76,COMPLETED
TXN-INV11092,INV11092,2025-04-09,NEFT/RTGS,8089.2,COMPLETED
TXN-INV11093,INV11093,2025-04-10,Bank Transfer,8781.92,COMPLETED
TXN-INV11094,INV11094,2025-04-11,UPI Business,9414.04,COMPLETED
TXN-INV11095,INV11095,2025-04-12,Corporate Card,10387.2,COMPLETED
TXN-INV11096,INV11096,2025-04-13,NEFT/RTGS,8664.6,COMPLETED
TXN-INV11097,INV11097,2025-04-14,Bank Transfer,9395.68,COMPLETED
TXN-INV11098,INV11098,2025-04-15,UPI Business,10060.68,COMPLETED
TXN-INV11099,INV11099,2025-04-16,Corporate Card,11088.64,COMPLETED
TXN-INV11100,INV11100,2025-04-17,NEFT/RTGS,9240,COMPLETED
TXN-INV11101,INV11101,2025-04-18,Bank Transfer,10009.44,COMPLETED
TXN-INV11102,INV11102,2025-04-19,UPI Business,10707.32,COMPLETED
TXN-INV11103,INV11103,2025-04-20,Corporate Card,11790.08,COMPLETED
TXN-INV11104,INV11104,2025-04-21,NEFT/RTGS,9815.4,COMPLETED
TXN-INV11105,INV11105,2025-04-22,Bank Transfer,10623.2,COMPLETED
TXN-INV11106,INV11106,2025-04-23,UPI Business,11353.96,COMPLETED
TXN-INV11107,INV11107,2025-04-24,Corporate Card,12491.52,COMPLETED
TXN-INV11108,INV11108,2025-04-25,NEFT/RTGS,10390.8,COMPLETED
TXN-INV11109,INV11109,2025-04-26,Bank Transfer,11236.96,COMPLETED
TXN-INV11110,INV11110,2025-04-27,UPI Business,12000.6,COMPLETED
TXN-INV11111,INV11111,2025-04-28,Corporate Card,13192.96,COMPLETED
TXN-INV11112,INV11112,2025-04-01,NEFT/RTGS,10966.2,COMPLETED
TXN-INV11113,INV11113,2025-04-02,Bank Transfer,11850.72,COMPLETED
TXN-INV11114,INV11114,2025-04-03,UPI Business,12647.24,COMPLETED
TXN-INV11115,INV11115,2025-04-04,Corporate Card,13894.4,COMPLETED
TXN-INV11116,INV11116,2025-04-05,NEFT/RTGS,11541.6,COMPLETED
TXN-INV11117,INV11117,2025-04-06,Bank Transfer,12464.48,COMPLETED
TXN-INV11118,INV11118,2025-04-07,UPI Business,13293.88,COMPLETED
TXN-INV11119,INV11119,2025-04-08,Corporate Card,14595.84,COMPLETED
TXN-INV11120,INV11120,2025-04-09,NEFT/RTGS,12117,COMPLETED
TXN-INV11121,INV11121,2025-04-10,Bank Transfer,13078.24,COMPLETED
TXN-INV11122,INV11122,2025-04-11,UPI Business,13940.52,COMPLETED
TXN-INV11123,INV11123,2025-04-12,Corporate Card,15297.28,COMPLETED
TXN-INV11124,INV11124,2025-04-13,NEFT/RTGS,12692.4,COMPLETED
TXN-INV11125,INV11125,2025-04-14,Bank Transfer,13692,COMPLETED
TXN-INV11126,INV11126,2025-04-15,UPI Business,14587.16,COMPLETED
TXN-INV11127,INV11127,2025-04-16,Corporate Card,15998.72,COMPLETED
TXN-INV11128,INV11128,2025-04-17,NEFT/RTGS,13267.8,COMPLETED
TXN-INV11129,INV11129,2025-04-18,Bank Transfer,14305.76,COMPLETED
TXN-INV11130,INV11130,2025-04-19,UPI Business,15233.8,COMPLETED
TXN-INV11131,INV11131,2025-04-20,Corporate Card,16700.16,COMPLETED
TXN-INV11132,INV11132,2025-04-21,NEFT/RTGS,13843.2,COMPLETED
TXN-INV11133,INV11133,2025-04-22,Bank Transfer,14919.52,COMPLETED
TXN-INV11134,INV11134,2025-04-23,UPI Business,15880.44,COMPLETED
TXN-INV11135,INV11135,2025-04-24,Corporate Card,17401.6,COMPLETED
TXN-INV11136,INV11136,2025-04-25,NEFT/RTGS,14418.6,COMPLETED
TXN-INV11137,INV11137,2025-04-26,Bank Transfer,15533.28,COMPLETED
TXN-INV11138,INV11138,2025-04-27,UPI Business,16527.08,COMPLETED
TXN-INV11139,INV11139,2025-04-28,Corporate Card,18103.04,COMPLETED
TXN-INV11140,INV11140,2025-04-01,NEFT/RTGS,14994,COMPLETED
TXN-INV11141,INV11141,2025-04-02,Bank Transfer,16147.04,COMPLETED
TXN-INV11142,INV11142,2025-04-03,UPI Business,17173.72,COMPLETED
TXN-INV11143,INV11143,2025-04-04,Corporate Card,18804.48,COMPLETED
TXN-INV11144,INV11144,2025-04-05,NEFT/RTGS,15569.4,COMPLETED
TXN-INV11145,INV11145,2025-04-06,Bank Transfer,16760.8,COMPLETED
TXN-INV11146,INV11146,2025-04-07,UPI Business,17820.36,COMPLETED
TXN-INV11147,INV11147,2025-04-08,Corporate Card,19505.92,COMPLETED
TXN-INV11148,INV11148,2025-04-09,NEFT/RTGS,16144.8,COMPLETED
TXN-INV11149,INV11149,2025-04-10,Bank Transfer,17374.56,COMPLETED
TXN-INV11150,INV11150,2025-04-11,UPI Business,18467,COMPLETED
TXN-INV11151,INV11151,2025-04-12,Corporate Card,20207.36,COMPLETED
TXN-INV11152,INV11152,2025-04-13,NEFT/RTGS,16720.2,COMPLETED
TXN-INV11153,INV11153,2025-04-14,Bank Transfer,17988.32,COMPLETED
TXN-INV11154,INV11154,2025-04-15,UPI Business,19113.64,COMPLETED
TXN-INV11155,INV11155,2025-04-16,Corporate Card,20908.8,COMPLETED
TXN-INV11156,INV11156,2025-04-17,NEFT/RTGS,17295.6,COMPLETED
TXN-INV11157,INV11157,2025-04-18,Bank Transfer,18602.08,COMPLETED
TXN-INV11158,INV11158,2025-04-19,UPI Business,19760.28,COMPLETED
TXN-INV11159,INV11159,2025-04-20,Corporate Card,21610.24,COMPLETED
TXN-INV11160,INV11160,2025-04-21,NEFT/RTGS,17871,COMPLETED
TXN-INV11161,INV11161,2025-04-22,Bank Transfer,19215.84,COMPLETED
TXN-INV11162,INV11162,2025-04-23,UPI Business,20406.92,COMPLETED
TXN-INV11163,INV11163,2025-04-24,Corporate Card,22311.68,COMPLETED
TXN-INV11164,INV11164,2025-04-25,NEFT/RTGS,18446.4,COMPLETED
TXN-INV11165,INV11165,2025-04-26,Bank Transfer,19829.6,COMPLETED
TXN-INV11166,INV11166,2025-04-27,UPI Business,21053.56,COMPLETED
TXN-INV11167,INV11167,2025-04-28,Corporate Card,23013.12,COMPLETED
TXN-INV11168,INV11168,2025-04-01,NEFT/RTGS,19021.8,COMPLETED
TXN-INV11169,INV11169,2025-04-02,Bank Transfer,20443.36,COMPLETED
TXN-INV11170,INV11170,2025-04-03,UPI Business,21700.2,COMPLETED
TXN-INV11171,INV11171,2025-04-04,Corporate Card,23714.56,COMPLETED
TXN-INV11172,INV11172,2025-04-05,NEFT/RTGS,19597.2,COMPLETED
TXN-INV11173,INV11173,2025-04-06,Bank Transfer,21057.12,COMPLETED
TXN-INV11174,INV11174,2025-04-07,UPI Business,22346.84,COMPLETED
TXN-INV11175,INV11175,2025-04-08,Corporate Card,24416,COMPLETED
TXN-INV11176,INV11176,2025-04-09,NEFT/RTGS,20172.6,COMPLETED
TXN-INV11177,INV11177,2025-04-10,Bank Transfer,21670.88,COMPLETED
TXN-INV11178,INV11178,2025-04-11,UPI Business,22993.48,COMPLETED
TXN-INV11179,INV11179,2025-04-12,Corporate Card,25117.44,COMPLETED
TXN-INV11180,INV11180,2025-04-13,NEFT/RTGS,20748,COMPLETED
TXN-INV11181,INV11181,2025-04-14,Bank Transfer,22284.64,COMPLETED
TXN-INV11182,INV11182,2025-04-15,UPI Business,23640.12,COMPLETED
TXN-INV11183,INV11183,2025-04-16,Corporate Card,25818.88,COMPLETED
TXN-INV11184,INV11184,2025-04-17,NEFT/RTGS,21323.4,COMPLETED
TXN-INV11185,INV11185,2025-04-18,Bank Transfer,22898.4,COMPLETED
TXN-INV11186,INV11186,2025-04-19,UPI Business,24286.76,COMPLETED
TXN-INV11187,INV11187,2025-04-20,Corporate Card,26520.32,COMPLETED
TXN-INV11188,INV11188,2025-04-21,NEFT/RTGS,21898.8,COMPLETED
TXN-INV11189,INV11189,2025-04-22,Bank Transfer,23512.16,COMPLETED
TXN-INV11190,INV11190,2025-04-23,UPI Business,24933.4,COMPLETED
TXN-INV11191,INV11191,2025-04-24,Corporate Card,27221.76,COMPLETED
TXN-INV11192,INV11192,2025-04-25,NEFT/RTGS,22474.2,COMPLETED